Timing Analyzer report for expanda_stream
Thu Oct  8 20:47:39 2026
Quartus Prime Version 23.1std.1 Build 993 05/14/2024 SC Lite Edition


---------------------
; Table of Contents ;
---------------------
  1. Legal Notice
  2. Timing Analyzer Summary
  3. Parallel Compilation
  4. SDC File List
  5. Clocks
  6. Slow 1100mV 100C Model Fmax Summary
  7. Timing Closure Recommendations
  8. Slow 1100mV 100C Model Setup Summary
  9. Slow 1100mV 100C Model Hold Summary
 10. Slow 1100mV 100C Model Recovery Summary
 11. Slow 1100mV 100C Model Removal Summary
 12. Slow 1100mV 100C Model Minimum Pulse Width Summary
 13. Slow 1100mV 100C Model Metastability Summary
 14. Slow 1100mV -40C Model Fmax Summary
 15. Slow 1100mV -40C Model Setup Summary
 16. Slow 1100mV -40C Model Hold Summary
 17. Slow 1100mV -40C Model Recovery Summary
 18. Slow 1100mV -40C Model Removal Summary
 19. Slow 1100mV -40C Model Minimum Pulse Width Summary
 20. Slow 1100mV -40C Model Metastability Summary
 21. Fast 1100mV 100C Model Setup Summary
 22. Fast 1100mV 100C Model Hold Summary
 23. Fast 1100mV 100C Model Recovery Summary
 24. Fast 1100mV 100C Model Removal Summary
 25. Fast 1100mV 100C Model Minimum Pulse Width Summary
 26. Fast 1100mV 100C Model Metastability Summary
 27. Fast 1100mV -40C Model Setup Summary
 28. Fast 1100mV -40C Model Hold Summary
 29. Fast 1100mV -40C Model Recovery Summary
 30. Fast 1100mV -40C Model Removal Summary
 31. Fast 1100mV -40C Model Minimum Pulse Width Summary
 32. Fast 1100mV -40C Model Metastability Summary
 33. Multicorner Timing Analysis Summary
 34. Board Trace Model Assignments
 35. Input Transition Times
 36. Signal Integrity Metrics (Slow 1100mv n40c Model)
 37. Signal Integrity Metrics (Slow 1100mv 100c Model)
 38. Signal Integrity Metrics (Fast 1100mv n40c Model)
 39. Signal Integrity Metrics (Fast 1100mv 100c Model)
 40. Setup Transfers
 41. Hold Transfers
 42. Report TCCS
 43. Report RSKM
 44. Unconstrained Paths Summary
 45. Clock Status Summary
 46. Unconstrained Input Ports
 47. Unconstrained Output Ports
 48. Unconstrained Input Ports
 49. Unconstrained Output Ports
 50. Timing Analyzer Messages



----------------
; Legal Notice ;
----------------
Copyright (C) 2024  Intel Corporation. All rights reserved.
Your use of Intel Corporation's design tools, logic functions 
and other software and tools, and any partner logic 
functions, and any output files from any of the foregoing 
(including device programming or simulation files), and any 
associated documentation or information are expressly subject 
to the terms and conditions of the Intel Program License 
Subscription Agreement, the Intel Quartus Prime License Agreement,
the Intel FPGA IP License Agreement, or other applicable license
agreement, including, without limitation, that your use is for
the sole purpose of programming logic devices manufactured by
Intel and sold by Intel or its authorized distributors.  Please
refer to the applicable agreement for further details, at
https://fpgasoftware.intel.com/eula.



+--------------------------------------------------------------------------------+
; Timing Analyzer Summary                                                        ;
+-----------------------+--------------------------------------------------------+
; Quartus Prime Version ; Version 23.1std.1 Build 993 05/14/2024 SC Lite Edition ;
; Timing Analyzer       ; Legacy Timing Analyzer                                 ;
; Revision Name         ; expanda_stream                                         ;
; Device Family         ; Cyclone V                                              ;
; Device Name           ; 5CSEBA6U23I7                                           ;
; Timing Models         ; Final                                                  ;
; Delay Model           ; Combined                                               ;
; Rise/Fall Delays      ; Enabled                                                ;
+-----------------------+--------------------------------------------------------+


+------------------------------------------+
; Parallel Compilation                     ;
+----------------------------+-------------+
; Processors                 ; Number      ;
+----------------------------+-------------+
; Number detected on machine ; 8           ;
; Maximum allowed            ; 2           ;
;                            ;             ;
; Average used               ; 1.71        ;
; Maximum used               ; 2           ;
;                            ;             ;
; Usage by Processor         ; % Time Used ;
;     Processor 1            ; 100.0%      ;
;     Processor 2            ;  71.3%      ;
+----------------------------+-------------+


+----------------------------------------------------+
; SDC File List                                      ;
+----------------+--------+--------------------------+
; SDC File Path  ; Status ; Read at                  ;
+----------------+--------+--------------------------+
; ../expanda.sdc ; OK     ; Thu Oct  8 20:47:24 2026 ;
+----------------+--------+--------------------------+


+--------------------------------------------------------------------------------------------------------------------------------------------------------------------------------+
; Clocks                                                                                                                                                                         ;
+------------+------+--------+-----------+-------+-------+------------+-----------+-------------+-------+--------+-----------+------------+----------+--------+--------+---------+
; Clock Name ; Type ; Period ; Frequency ; Rise  ; Fall  ; Duty Cycle ; Divide by ; Multiply by ; Phase ; Offset ; Edge List ; Edge Shift ; Inverted ; Master ; Source ; Targets ;
+------------+------+--------+-----------+-------+-------+------------+-----------+-------------+-------+--------+-----------+------------+----------+--------+--------+---------+
; clk        ; Base ; 10.000 ; 100.0 MHz ; 0.000 ; 5.000 ;            ;           ;             ;       ;        ;           ;            ;          ;        ;        ; { clk } ;
+------------+------+--------+-----------+-------+-------+------------+-----------+-------------+-------+--------+-----------+------------+----------+--------+--------+---------+


+--------------------------------------------------+
; Slow 1100mV 100C Model Fmax Summary              ;
+------------+-----------------+------------+------+
; Fmax       ; Restricted Fmax ; Clock Name ; Note ;
+------------+-----------------+------------+------+
; 105.35 MHz ; 105.35 MHz      ; clk        ;      ;
+------------+-----------------+------------+------+
This panel reports FMAX for every clock in the design, regardless of the user-specified clock periods.  FMAX is only computed for paths where the source and destination registers or ports are driven by the same clock.  Paths of different clocks, including generated clocks, are ignored.  For paths between a clock and its inversion, FMAX is computed as if the rising and falling edges are scaled along with FMAX, such that the duty cycle (in terms of a percentage) is maintained. Altera recommends that you always use clock constraints and other slack reports for sign-off analysis.


----------------------------------
; Timing Closure Recommendations ;
----------------------------------
HTML report is unavailable in plain text report export.


+--------------------------------------+
; Slow 1100mV 100C Model Setup Summary ;
+-------+-------+----------------------+
; Clock ; Slack ; End Point TNS        ;
+-------+-------+----------------------+
; clk   ; 0.508 ; 0.000                ;
+-------+-------+----------------------+


+-------------------------------------+
; Slow 1100mV 100C Model Hold Summary ;
+-------+-------+---------------------+
; Clock ; Slack ; End Point TNS       ;
+-------+-------+---------------------+
; clk   ; 0.363 ; 0.000               ;
+-------+-------+---------------------+


-------------------------------------------
; Slow 1100mV 100C Model Recovery Summary ;
-------------------------------------------
No paths to report.


------------------------------------------
; Slow 1100mV 100C Model Removal Summary ;
------------------------------------------
No paths to report.


+----------------------------------------------------+
; Slow 1100mV 100C Model Minimum Pulse Width Summary ;
+-------+-------+------------------------------------+
; Clock ; Slack ; End Point TNS                      ;
+-------+-------+------------------------------------+
; clk   ; 4.286 ; 0.000                              ;
+-------+-------+------------------------------------+


------------------------------------------------
; Slow 1100mV 100C Model Metastability Summary ;
------------------------------------------------
No synchronizer chains to report.


+--------------------------------------------------+
; Slow 1100mV -40C Model Fmax Summary              ;
+------------+-----------------+------------+------+
; Fmax       ; Restricted Fmax ; Clock Name ; Note ;
+------------+-----------------+------------+------+
; 106.72 MHz ; 106.72 MHz      ; clk        ;      ;
+------------+-----------------+------------+------+
This panel reports FMAX for every clock in the design, regardless of the user-specified clock periods.  FMAX is only computed for paths where the source and destination registers or ports are driven by the same clock.  Paths of different clocks, including generated clocks, are ignored.  For paths between a clock and its inversion, FMAX is computed as if the rising and falling edges are scaled along with FMAX, such that the duty cycle (in terms of a percentage) is maintained. Altera recommends that you always use clock constraints and other slack reports for sign-off analysis.


+--------------------------------------+
; Slow 1100mV -40C Model Setup Summary ;
+-------+-------+----------------------+
; Clock ; Slack ; End Point TNS        ;
+-------+-------+----------------------+
; clk   ; 0.630 ; 0.000                ;
+-------+-------+----------------------+


+-------------------------------------+
; Slow 1100mV -40C Model Hold Summary ;
+-------+-------+---------------------+
; Clock ; Slack ; End Point TNS       ;
+-------+-------+---------------------+
; clk   ; 0.325 ; 0.000               ;
+-------+-------+---------------------+


-------------------------------------------
; Slow 1100mV -40C Model Recovery Summary ;
-------------------------------------------
No paths to report.


------------------------------------------
; Slow 1100mV -40C Model Removal Summary ;
------------------------------------------
No paths to report.


+----------------------------------------------------+
; Slow 1100mV -40C Model Minimum Pulse Width Summary ;
+-------+-------+------------------------------------+
; Clock ; Slack ; End Point TNS                      ;
+-------+-------+------------------------------------+
; clk   ; 4.146 ; 0.000                              ;
+-------+-------+------------------------------------+


------------------------------------------------
; Slow 1100mV -40C Model Metastability Summary ;
------------------------------------------------
No synchronizer chains to report.


+--------------------------------------+
; Fast 1100mV 100C Model Setup Summary ;
+-------+-------+----------------------+
; Clock ; Slack ; End Point TNS        ;
+-------+-------+----------------------+
; clk   ; 4.225 ; 0.000                ;
+-------+-------+----------------------+


+-------------------------------------+
; Fast 1100mV 100C Model Hold Summary ;
+-------+-------+---------------------+
; Clock ; Slack ; End Point TNS       ;
+-------+-------+---------------------+
; clk   ; 0.149 ; 0.000               ;
+-------+-------+---------------------+


-------------------------------------------
; Fast 1100mV 100C Model Recovery Summary ;
-------------------------------------------
No paths to report.


------------------------------------------
; Fast 1100mV 100C Model Removal Summary ;
------------------------------------------
No paths to report.


+----------------------------------------------------+
; Fast 1100mV 100C Model Minimum Pulse Width Summary ;
+-------+-------+------------------------------------+
; Clock ; Slack ; End Point TNS                      ;
+-------+-------+------------------------------------+
; clk   ; 4.411 ; 0.000                              ;
+-------+-------+------------------------------------+


------------------------------------------------
; Fast 1100mV 100C Model Metastability Summary ;
------------------------------------------------
No synchronizer chains to report.


+--------------------------------------+
; Fast 1100mV -40C Model Setup Summary ;
+-------+-------+----------------------+
; Clock ; Slack ; End Point TNS        ;
+-------+-------+----------------------+
; clk   ; 5.278 ; 0.000                ;
+-------+-------+----------------------+


+-------------------------------------+
; Fast 1100mV -40C Model Hold Summary ;
+-------+-------+---------------------+
; Clock ; Slack ; End Point TNS       ;
+-------+-------+---------------------+
; clk   ; 0.135 ; 0.000               ;
+-------+-------+---------------------+


-------------------------------------------
; Fast 1100mV -40C Model Recovery Summary ;
-------------------------------------------
No paths to report.


------------------------------------------
; Fast 1100mV -40C Model Removal Summary ;
------------------------------------------
No paths to report.


+----------------------------------------------------+
; Fast 1100mV -40C Model Minimum Pulse Width Summary ;
+-------+-------+------------------------------------+
; Clock ; Slack ; End Point TNS                      ;
+-------+-------+------------------------------------+
; clk   ; 4.413 ; 0.000                              ;
+-------+-------+------------------------------------+


------------------------------------------------
; Fast 1100mV -40C Model Metastability Summary ;
------------------------------------------------
No synchronizer chains to report.


+-----------------------------------------------------------------------------+
; Multicorner Timing Analysis Summary                                         ;
+------------------+-------+-------+----------+---------+---------------------+
; Clock            ; Setup ; Hold  ; Recovery ; Removal ; Minimum Pulse Width ;
+------------------+-------+-------+----------+---------+---------------------+
; Worst-case Slack ; 0.508 ; 0.135 ; N/A      ; N/A     ; 4.146               ;
;  clk             ; 0.508 ; 0.135 ; N/A      ; N/A     ; 4.146               ;
; Design-wide TNS  ; 0.0   ; 0.0   ; 0.0      ; 0.0     ; 0.0                 ;
;  clk             ; 0.000 ; 0.000 ; N/A      ; N/A     ; 0.000               ;
+------------------+-------+-------+----------+---------+---------------------+


+--------------------------------------------------------------------------------------------------------------------------------------------------------------------------------------------------------------------------------------------------------------------------------------------------------------------------------------------------------------------------------------------------------+
; Board Trace Model Assignments                                                                                                                                                                                                                                                                                                                                                                          ;
+-----+--------------+-------------------+-------------------------+-------------------------+---------------+---------------------+----------------+------------------+--------+------------------+------------------------+------------------------+--------------+---------------+-----------------+-------+---------------------+--------------------+---------------+-----------------+-------------+
; Pin ; I/O Standard ; Near Tline Length ; Near Tline L per Length ; Near Tline C per Length ; Near Series R ; Near Differential R ; Near Pull-up R ; Near Pull-down R ; Near C ; Far Tline Length ; Far Tline L per Length ; Far Tline C per Length ; Far Series R ; Far Pull-up R ; Far Pull-down R ; Far C ; Termination Voltage ; Far Differential R ; EBD File Name ; EBD Signal Name ; EBD Far-end ;
+-----+--------------+-------------------+-------------------------+-------------------------+---------------+---------------------+----------------+------------------+--------+------------------+------------------------+------------------------+--------------+---------------+-----------------+-------+---------------------+--------------------+---------------+-----------------+-------------+


+--------------------------------------------------------+
; Input Transition Times                                 ;
+-----+--------------+-----------------+-----------------+
; Pin ; I/O Standard ; 10-90 Rise Time ; 90-10 Fall Time ;
+-----+--------------+-----------------+-----------------+
; clk ; 2.5 V        ; 2000 ps         ; 2000 ps         ;
+-----+--------------+-----------------+-----------------+


+----------------------------------------------------------------------------------------------------------------------------------------------------------------------------------------------------------------------------------------------------------------------------------------------------------------------------------------------------------------------------------------------------------------------------------------------------------------------------------------------------------------------------------------------------------------------------------------------------------------------------------------------------------------------------------+
; Signal Integrity Metrics (Slow 1100mv n40c Model)                                                                                                                                                                                                                                                                                                                                                                                                                                                                                                                                                                                                                                ;
+-----+--------------+---------------------+---------------------+------------------------------+------------------------------+---------------------+---------------------+--------------------------------------+--------------------------------------+-----------------------------+-----------------------------+----------------------------+----------------------------+-----------------------------+-----------------------------+--------------------+--------------------+-------------------------------------+-------------------------------------+----------------------------+----------------------------+---------------------------+---------------------------+
; Pin ; I/O Standard ; Board Delay on Rise ; Board Delay on Fall ; Steady State Voh at FPGA Pin ; Steady State Vol at FPGA Pin ; Voh Max at FPGA Pin ; Vol Min at FPGA Pin ; Ringback Voltage on Rise at FPGA Pin ; Ringback Voltage on Fall at FPGA Pin ; 10-90 Rise Time at FPGA Pin ; 90-10 Fall Time at FPGA Pin ; Monotonic Rise at FPGA Pin ; Monotonic Fall at FPGA Pin ; Steady State Voh at Far-end ; Steady State Vol at Far-end ; Voh Max at Far-end ; Vol Min at Far-end ; Ringback Voltage on Rise at Far-end ; Ringback Voltage on Fall at Far-end ; 10-90 Rise Time at Far-end ; 90-10 Fall Time at Far-end ; Monotonic Rise at Far-end ; Monotonic Fall at Far-end ;
+-----+--------------+---------------------+---------------------+------------------------------+------------------------------+---------------------+---------------------+--------------------------------------+--------------------------------------+-----------------------------+-----------------------------+----------------------------+----------------------------+-----------------------------+-----------------------------+--------------------+--------------------+-------------------------------------+-------------------------------------+----------------------------+----------------------------+---------------------------+---------------------------+


+----------------------------------------------------------------------------------------------------------------------------------------------------------------------------------------------------------------------------------------------------------------------------------------------------------------------------------------------------------------------------------------------------------------------------------------------------------------------------------------------------------------------------------------------------------------------------------------------------------------------------------------------------------------------------------+
; Signal Integrity Metrics (Slow 1100mv 100c Model)                                                                                                                                                                                                                                                                                                                                                                                                                                                                                                                                                                                                                                ;
+-----+--------------+---------------------+---------------------+------------------------------+------------------------------+---------------------+---------------------+--------------------------------------+--------------------------------------+-----------------------------+-----------------------------+----------------------------+----------------------------+-----------------------------+-----------------------------+--------------------+--------------------+-------------------------------------+-------------------------------------+----------------------------+----------------------------+---------------------------+---------------------------+
; Pin ; I/O Standard ; Board Delay on Rise ; Board Delay on Fall ; Steady State Voh at FPGA Pin ; Steady State Vol at FPGA Pin ; Voh Max at FPGA Pin ; Vol Min at FPGA Pin ; Ringback Voltage on Rise at FPGA Pin ; Ringback Voltage on Fall at FPGA Pin ; 10-90 Rise Time at FPGA Pin ; 90-10 Fall Time at FPGA Pin ; Monotonic Rise at FPGA Pin ; Monotonic Fall at FPGA Pin ; Steady State Voh at Far-end ; Steady State Vol at Far-end ; Voh Max at Far-end ; Vol Min at Far-end ; Ringback Voltage on Rise at Far-end ; Ringback Voltage on Fall at Far-end ; 10-90 Rise Time at Far-end ; 90-10 Fall Time at Far-end ; Monotonic Rise at Far-end ; Monotonic Fall at Far-end ;
+-----+--------------+---------------------+---------------------+------------------------------+------------------------------+---------------------+---------------------+--------------------------------------+--------------------------------------+-----------------------------+-----------------------------+----------------------------+----------------------------+-----------------------------+-----------------------------+--------------------+--------------------+-------------------------------------+-------------------------------------+----------------------------+----------------------------+---------------------------+---------------------------+


+----------------------------------------------------------------------------------------------------------------------------------------------------------------------------------------------------------------------------------------------------------------------------------------------------------------------------------------------------------------------------------------------------------------------------------------------------------------------------------------------------------------------------------------------------------------------------------------------------------------------------------------------------------------------------------+
; Signal Integrity Metrics (Fast 1100mv n40c Model)                                                                                                                                                                                                                                                                                                                                                                                                                                                                                                                                                                                                                                ;
+-----+--------------+---------------------+---------------------+------------------------------+------------------------------+---------------------+---------------------+--------------------------------------+--------------------------------------+-----------------------------+-----------------------------+----------------------------+----------------------------+-----------------------------+-----------------------------+--------------------+--------------------+-------------------------------------+-------------------------------------+----------------------------+----------------------------+---------------------------+---------------------------+
; Pin ; I/O Standard ; Board Delay on Rise ; Board Delay on Fall ; Steady State Voh at FPGA Pin ; Steady State Vol at FPGA Pin ; Voh Max at FPGA Pin ; Vol Min at FPGA Pin ; Ringback Voltage on Rise at FPGA Pin ; Ringback Voltage on Fall at FPGA Pin ; 10-90 Rise Time at FPGA Pin ; 90-10 Fall Time at FPGA Pin ; Monotonic Rise at FPGA Pin ; Monotonic Fall at FPGA Pin ; Steady State Voh at Far-end ; Steady State Vol at Far-end ; Voh Max at Far-end ; Vol Min at Far-end ; Ringback Voltage on Rise at Far-end ; Ringback Voltage on Fall at Far-end ; 10-90 Rise Time at Far-end ; 90-10 Fall Time at Far-end ; Monotonic Rise at Far-end ; Monotonic Fall at Far-end ;
+-----+--------------+---------------------+---------------------+------------------------------+------------------------------+---------------------+---------------------+--------------------------------------+--------------------------------------+-----------------------------+-----------------------------+----------------------------+----------------------------+-----------------------------+-----------------------------+--------------------+--------------------+-------------------------------------+-------------------------------------+----------------------------+----------------------------+---------------------------+---------------------------+


+----------------------------------------------------------------------------------------------------------------------------------------------------------------------------------------------------------------------------------------------------------------------------------------------------------------------------------------------------------------------------------------------------------------------------------------------------------------------------------------------------------------------------------------------------------------------------------------------------------------------------------------------------------------------------------+
; Signal Integrity Metrics (Fast 1100mv 100c Model)                                                                                                                                                                                                                                                                                                                                                                                                                                                                                                                                                                                                                                ;
+-----+--------------+---------------------+---------------------+------------------------------+------------------------------+---------------------+---------------------+--------------------------------------+--------------------------------------+-----------------------------+-----------------------------+----------------------------+----------------------------+-----------------------------+-----------------------------+--------------------+--------------------+-------------------------------------+-------------------------------------+----------------------------+----------------------------+---------------------------+---------------------------+
; Pin ; I/O Standard ; Board Delay on Rise ; Board Delay on Fall ; Steady State Voh at FPGA Pin ; Steady State Vol at FPGA Pin ; Voh Max at FPGA Pin ; Vol Min at FPGA Pin ; Ringback Voltage on Rise at FPGA Pin ; Ringback Voltage on Fall at FPGA Pin ; 10-90 Rise Time at FPGA Pin ; 90-10 Fall Time at FPGA Pin ; Monotonic Rise at FPGA Pin ; Monotonic Fall at FPGA Pin ; Steady State Voh at Far-end ; Steady State Vol at Far-end ; Voh Max at Far-end ; Vol Min at Far-end ; Ringback Voltage on Rise at Far-end ; Ringback Voltage on Fall at Far-end ; 10-90 Rise Time at Far-end ; 90-10 Fall Time at Far-end ; Monotonic Rise at Far-end ; Monotonic Fall at Far-end ;
+-----+--------------+---------------------+---------------------+------------------------------+------------------------------+---------------------+---------------------+--------------------------------------+--------------------------------------+-----------------------------+-----------------------------+----------------------------+----------------------------+-----------------------------+-----------------------------+--------------------+--------------------+-------------------------------------+-------------------------------------+----------------------------+----------------------------+---------------------------+---------------------------+


+-------------------------------------------------------------------+
; Setup Transfers                                                   ;
+------------+----------+----------+----------+----------+----------+
; From Clock ; To Clock ; RR Paths ; FR Paths ; RF Paths ; FF Paths ;
+------------+----------+----------+----------+----------+----------+
; clk        ; clk      ; 865208   ; 0        ; 0        ; 0        ;
+------------+----------+----------+----------+----------+----------+
Entries labeled "false path" only account for clock-to-clock false paths and not path-based false paths. As a result, actual path counts may be lower than reported.


+-------------------------------------------------------------------+
; Hold Transfers                                                    ;
+------------+----------+----------+----------+----------+----------+
; From Clock ; To Clock ; RR Paths ; FR Paths ; RF Paths ; FF Paths ;
+------------+----------+----------+----------+----------+----------+
; clk        ; clk      ; 865208   ; 0        ; 0        ; 0        ;
+------------+----------+----------+----------+----------+----------+
Entries labeled "false path" only account for clock-to-clock false paths and not path-based false paths. As a result, actual path counts may be lower than reported.


---------------
; Report TCCS ;
---------------
No dedicated SERDES Transmitter circuitry present in device or used in design


---------------
; Report RSKM ;
---------------
No non-DPA dedicated SERDES Receiver circuitry present in device or used in design


+------------------------------------------------+
; Unconstrained Paths Summary                    ;
+---------------------------------+-------+------+
; Property                        ; Setup ; Hold ;
+---------------------------------+-------+------+
; Illegal Clocks                  ; 0     ; 0    ;
; Unconstrained Clocks            ; 0     ; 0    ;
; Unconstrained Input Ports       ; 132   ; 132  ;
; Unconstrained Input Port Paths  ; 3704  ; 3704 ;
; Unconstrained Output Ports      ; 146   ; 146  ;
; Unconstrained Output Port Paths ; 170   ; 170  ;
+---------------------------------+-------+------+


+-------------------------------------+
; Clock Status Summary                ;
+--------+-------+------+-------------+
; Target ; Clock ; Type ; Status      ;
+--------+-------+------+-------------+
; clk    ; clk   ; Base ; Constrained ;
+--------+-------+------+-------------+


+-----------------------------------------------------------------------------------------------------------+
; Unconstrained Input Ports                                                                                 ;
+--------------------+--------------------------------------------------------------------------------------+
; Input Port         ; Comment                                                                              ;
+--------------------+--------------------------------------------------------------------------------------+
; expand_a_start     ; No input delay, min/max delays, false-path exceptions, or max skew assignments found ;
; rho_data[0]        ; No input delay, min/max delays, false-path exceptions, or max skew assignments found ;
; rho_data[1]        ; No input delay, min/max delays, false-path exceptions, or max skew assignments found ;
; rho_data[2]        ; No input delay, min/max delays, false-path exceptions, or max skew assignments found ;
; rho_data[3]        ; No input delay, min/max delays, false-path exceptions, or max skew assignments found ;
; rho_data[4]        ; No input delay, min/max delays, false-path exceptions, or max skew assignments found ;
; rho_data[5]        ; No input delay, min/max delays, false-path exceptions, or max skew assignments found ;
; rho_data[6]        ; No input delay, min/max delays, false-path exceptions, or max skew assignments found ;
; rho_data[7]        ; No input delay, min/max delays, false-path exceptions, or max skew assignments found ;
; rho_data[8]        ; No input delay, min/max delays, false-path exceptions, or max skew assignments found ;
; rho_data[9]        ; No input delay, min/max delays, false-path exceptions, or max skew assignments found ;
; rho_data[10]       ; No input delay, min/max delays, false-path exceptions, or max skew assignments found ;
; rho_data[11]       ; No input delay, min/max delays, false-path exceptions, or max skew assignments found ;
; rho_data[12]       ; No input delay, min/max delays, false-path exceptions, or max skew assignments found ;
; rho_data[13]       ; No input delay, min/max delays, false-path exceptions, or max skew assignments found ;
; rho_data[14]       ; No input delay, min/max delays, false-path exceptions, or max skew assignments found ;
; rho_data[15]       ; No input delay, min/max delays, false-path exceptions, or max skew assignments found ;
; rho_data[16]       ; No input delay, min/max delays, false-path exceptions, or max skew assignments found ;
; rho_data[17]       ; No input delay, min/max delays, false-path exceptions, or max skew assignments found ;
; rho_data[18]       ; No input delay, min/max delays, false-path exceptions, or max skew assignments found ;
; rho_data[19]       ; No input delay, min/max delays, false-path exceptions, or max skew assignments found ;
; rho_data[20]       ; No input delay, min/max delays, false-path exceptions, or max skew assignments found ;
; rho_data[21]       ; No input delay, min/max delays, false-path exceptions, or max skew assignments found ;
; rho_data[22]       ; No input delay, min/max delays, false-path exceptions, or max skew assignments found ;
; rho_data[23]       ; No input delay, min/max delays, false-path exceptions, or max skew assignments found ;
; rho_data[24]       ; No input delay, min/max delays, false-path exceptions, or max skew assignments found ;
; rho_data[25]       ; No input delay, min/max delays, false-path exceptions, or max skew assignments found ;
; rho_data[26]       ; No input delay, min/max delays, false-path exceptions, or max skew assignments found ;
; rho_data[27]       ; No input delay, min/max delays, false-path exceptions, or max skew assignments found ;
; rho_data[28]       ; No input delay, min/max delays, false-path exceptions, or max skew assignments found ;
; rho_data[29]       ; No input delay, min/max delays, false-path exceptions, or max skew assignments found ;
; rho_data[30]       ; No input delay, min/max delays, false-path exceptions, or max skew assignments found ;
; rho_data[31]       ; No input delay, min/max delays, false-path exceptions, or max skew assignments found ;
; rho_data[32]       ; No input delay, min/max delays, false-path exceptions, or max skew assignments found ;
; rho_data[33]       ; No input delay, min/max delays, false-path exceptions, or max skew assignments found ;
; rho_data[34]       ; No input delay, min/max delays, false-path exceptions, or max skew assignments found ;
; rho_data[35]       ; No input delay, min/max delays, false-path exceptions, or max skew assignments found ;
; rho_data[36]       ; No input delay, min/max delays, false-path exceptions, or max skew assignments found ;
; rho_data[37]       ; No input delay, min/max delays, false-path exceptions, or max skew assignments found ;
; rho_data[38]       ; No input delay, min/max delays, false-path exceptions, or max skew assignments found ;
; rho_data[39]       ; No input delay, min/max delays, false-path exceptions, or max skew assignments found ;
; rho_data[40]       ; No input delay, min/max delays, false-path exceptions, or max skew assignments found ;
; rho_data[41]       ; No input delay, min/max delays, false-path exceptions, or max skew assignments found ;
; rho_data[42]       ; No input delay, min/max delays, false-path exceptions, or max skew assignments found ;
; rho_data[43]       ; No input delay, min/max delays, false-path exceptions, or max skew assignments found ;
; rho_data[44]       ; No input delay, min/max delays, false-path exceptions, or max skew assignments found ;
; rho_data[45]       ; No input delay, min/max delays, false-path exceptions, or max skew assignments found ;
; rho_data[46]       ; No input delay, min/max delays, false-path exceptions, or max skew assignments found ;
; rho_data[47]       ; No input delay, min/max delays, false-path exceptions, or max skew assignments found ;
; rho_data[48]       ; No input delay, min/max delays, false-path exceptions, or max skew assignments found ;
; rho_data[49]       ; No input delay, min/max delays, false-path exceptions, or max skew assignments found ;
; rho_data[50]       ; No input delay, min/max delays, false-path exceptions, or max skew assignments found ;
; rho_data[51]       ; No input delay, min/max delays, false-path exceptions, or max skew assignments found ;
; rho_data[52]       ; No input delay, min/max delays, false-path exceptions, or max skew assignments found ;
; rho_data[53]       ; No input delay, min/max delays, false-path exceptions, or max skew assignments found ;
; rho_data[54]       ; No input delay, min/max delays, false-path exceptions, or max skew assignments found ;
; rho_data[55]       ; No input delay, min/max delays, false-path exceptions, or max skew assignments found ;
; rho_data[56]       ; No input delay, min/max delays, false-path exceptions, or max skew assignments found ;
; rho_data[57]       ; No input delay, min/max delays, false-path exceptions, or max skew assignments found ;
; rho_data[58]       ; No input delay, min/max delays, false-path exceptions, or max skew assignments found ;
; rho_data[59]       ; No input delay, min/max delays, false-path exceptions, or max skew assignments found ;
; rho_data[60]       ; No input delay, min/max delays, false-path exceptions, or max skew assignments found ;
; rho_data[61]       ; No input delay, min/max delays, false-path exceptions, or max skew assignments found ;
; rho_data[62]       ; No input delay, min/max delays, false-path exceptions, or max skew assignments found ;
; rho_data[63]       ; No input delay, min/max delays, false-path exceptions, or max skew assignments found ;
; rho_data[64]       ; No input delay, min/max delays, false-path exceptions, or max skew assignments found ;
; rho_data[65]       ; No input delay, min/max delays, false-path exceptions, or max skew assignments found ;
; rho_data[66]       ; No input delay, min/max delays, false-path exceptions, or max skew assignments found ;
; rho_data[67]       ; No input delay, min/max delays, false-path exceptions, or max skew assignments found ;
; rho_data[68]       ; No input delay, min/max delays, false-path exceptions, or max skew assignments found ;
; rho_data[69]       ; No input delay, min/max delays, false-path exceptions, or max skew assignments found ;
; rho_data[70]       ; No input delay, min/max delays, false-path exceptions, or max skew assignments found ;
; rho_data[71]       ; No input delay, min/max delays, false-path exceptions, or max skew assignments found ;
; rho_data[72]       ; No input delay, min/max delays, false-path exceptions, or max skew assignments found ;
; rho_data[73]       ; No input delay, min/max delays, false-path exceptions, or max skew assignments found ;
; rho_data[74]       ; No input delay, min/max delays, false-path exceptions, or max skew assignments found ;
; rho_data[75]       ; No input delay, min/max delays, false-path exceptions, or max skew assignments found ;
; rho_data[76]       ; No input delay, min/max delays, false-path exceptions, or max skew assignments found ;
; rho_data[77]       ; No input delay, min/max delays, false-path exceptions, or max skew assignments found ;
; rho_data[78]       ; No input delay, min/max delays, false-path exceptions, or max skew assignments found ;
; rho_data[79]       ; No input delay, min/max delays, false-path exceptions, or max skew assignments found ;
; rho_data[80]       ; No input delay, min/max delays, false-path exceptions, or max skew assignments found ;
; rho_data[81]       ; No input delay, min/max delays, false-path exceptions, or max skew assignments found ;
; rho_data[82]       ; No input delay, min/max delays, false-path exceptions, or max skew assignments found ;
; rho_data[83]       ; No input delay, min/max delays, false-path exceptions, or max skew assignments found ;
; rho_data[84]       ; No input delay, min/max delays, false-path exceptions, or max skew assignments found ;
; rho_data[85]       ; No input delay, min/max delays, false-path exceptions, or max skew assignments found ;
; rho_data[86]       ; No input delay, min/max delays, false-path exceptions, or max skew assignments found ;
; rho_data[87]       ; No input delay, min/max delays, false-path exceptions, or max skew assignments found ;
; rho_data[88]       ; No input delay, min/max delays, false-path exceptions, or max skew assignments found ;
; rho_data[89]       ; No input delay, min/max delays, false-path exceptions, or max skew assignments found ;
; rho_data[90]       ; No input delay, min/max delays, false-path exceptions, or max skew assignments found ;
; rho_data[91]       ; No input delay, min/max delays, false-path exceptions, or max skew assignments found ;
; rho_data[92]       ; No input delay, min/max delays, false-path exceptions, or max skew assignments found ;
; rho_data[93]       ; No input delay, min/max delays, false-path exceptions, or max skew assignments found ;
; rho_data[94]       ; No input delay, min/max delays, false-path exceptions, or max skew assignments found ;
; rho_data[95]       ; No input delay, min/max delays, false-path exceptions, or max skew assignments found ;
; rho_data[96]       ; No input delay, min/max delays, false-path exceptions, or max skew assignments found ;
; rho_data[97]       ; No input delay, min/max delays, false-path exceptions, or max skew assignments found ;
; rho_data[98]       ; No input delay, min/max delays, false-path exceptions, or max skew assignments found ;
; rho_data[99]       ; No input delay, min/max delays, false-path exceptions, or max skew assignments found ;
; rho_data[100]      ; No input delay, min/max delays, false-path exceptions, or max skew assignments found ;
; rho_data[101]      ; No input delay, min/max delays, false-path exceptions, or max skew assignments found ;
; rho_data[102]      ; No input delay, min/max delays, false-path exceptions, or max skew assignments found ;
; rho_data[103]      ; No input delay, min/max delays, false-path exceptions, or max skew assignments found ;
; rho_data[104]      ; No input delay, min/max delays, false-path exceptions, or max skew assignments found ;
; rho_data[105]      ; No input delay, min/max delays, false-path exceptions, or max skew assignments found ;
; rho_data[106]      ; No input delay, min/max delays, false-path exceptions, or max skew assignments found ;
; rho_data[107]      ; No input delay, min/max delays, false-path exceptions, or max skew assignments found ;
; rho_data[108]      ; No input delay, min/max delays, false-path exceptions, or max skew assignments found ;
; rho_data[109]      ; No input delay, min/max delays, false-path exceptions, or max skew assignments found ;
; rho_data[110]      ; No input delay, min/max delays, false-path exceptions, or max skew assignments found ;
; rho_data[111]      ; No input delay, min/max delays, false-path exceptions, or max skew assignments found ;
; rho_data[112]      ; No input delay, min/max delays, false-path exceptions, or max skew assignments found ;
; rho_data[113]      ; No input delay, min/max delays, false-path exceptions, or max skew assignments found ;
; rho_data[114]      ; No input delay, min/max delays, false-path exceptions, or max skew assignments found ;
; rho_data[115]      ; No input delay, min/max delays, false-path exceptions, or max skew assignments found ;
; rho_data[116]      ; No input delay, min/max delays, false-path exceptions, or max skew assignments found ;
; rho_data[117]      ; No input delay, min/max delays, false-path exceptions, or max skew assignments found ;
; rho_data[118]      ; No input delay, min/max delays, false-path exceptions, or max skew assignments found ;
; rho_data[119]      ; No input delay, min/max delays, false-path exceptions, or max skew assignments found ;
; rho_data[120]      ; No input delay, min/max delays, false-path exceptions, or max skew assignments found ;
; rho_data[121]      ; No input delay, min/max delays, false-path exceptions, or max skew assignments found ;
; rho_data[122]      ; No input delay, min/max delays, false-path exceptions, or max skew assignments found ;
; rho_data[123]      ; No input delay, min/max delays, false-path exceptions, or max skew assignments found ;
; rho_data[124]      ; No input delay, min/max delays, false-path exceptions, or max skew assignments found ;
; rho_data[125]      ; No input delay, min/max delays, false-path exceptions, or max skew assignments found ;
; rho_data[126]      ; No input delay, min/max delays, false-path exceptions, or max skew assignments found ;
; rho_data[127]      ; No input delay, min/max delays, false-path exceptions, or max skew assignments found ;
; rho_valid          ; No input delay, min/max delays, false-path exceptions, or max skew assignments found ;
; rst                ; No input delay, min/max delays, false-path exceptions, or max skew assignments found ;
; sampled_poly_ready ; No input delay, min/max delays, false-path exceptions, or max skew assignments found ;
+--------------------+--------------------------------------------------------------------------------------+


+----------------------------------------------------------------------------------------------------------------+
; Unconstrained Output Ports                                                                                     ;
+------------------------+---------------------------------------------------------------------------------------+
; Output Port            ; Comment                                                                               ;
+------------------------+---------------------------------------------------------------------------------------+
; expand_a_busy          ; No output delay, min/max delays, false-path exceptions, or max skew assignments found ;
; expand_a_done          ; No output delay, min/max delays, false-path exceptions, or max skew assignments found ;
; expand_a_error         ; No output delay, min/max delays, false-path exceptions, or max skew assignments found ;
; expand_a_ready         ; No output delay, min/max delays, false-path exceptions, or max skew assignments found ;
; rho_loaded             ; No output delay, min/max delays, false-path exceptions, or max skew assignments found ;
; rho_ready              ; No output delay, min/max delays, false-path exceptions, or max skew assignments found ;
; sampled_poly_data[0]   ; No output delay, min/max delays, false-path exceptions, or max skew assignments found ;
; sampled_poly_data[1]   ; No output delay, min/max delays, false-path exceptions, or max skew assignments found ;
; sampled_poly_data[2]   ; No output delay, min/max delays, false-path exceptions, or max skew assignments found ;
; sampled_poly_data[3]   ; No output delay, min/max delays, false-path exceptions, or max skew assignments found ;
; sampled_poly_data[4]   ; No output delay, min/max delays, false-path exceptions, or max skew assignments found ;
; sampled_poly_data[5]   ; No output delay, min/max delays, false-path exceptions, or max skew assignments found ;
; sampled_poly_data[6]   ; No output delay, min/max delays, false-path exceptions, or max skew assignments found ;
; sampled_poly_data[7]   ; No output delay, min/max delays, false-path exceptions, or max skew assignments found ;
; sampled_poly_data[8]   ; No output delay, min/max delays, false-path exceptions, or max skew assignments found ;
; sampled_poly_data[9]   ; No output delay, min/max delays, false-path exceptions, or max skew assignments found ;
; sampled_poly_data[10]  ; No output delay, min/max delays, false-path exceptions, or max skew assignments found ;
; sampled_poly_data[11]  ; No output delay, min/max delays, false-path exceptions, or max skew assignments found ;
; sampled_poly_data[12]  ; No output delay, min/max delays, false-path exceptions, or max skew assignments found ;
; sampled_poly_data[13]  ; No output delay, min/max delays, false-path exceptions, or max skew assignments found ;
; sampled_poly_data[14]  ; No output delay, min/max delays, false-path exceptions, or max skew assignments found ;
; sampled_poly_data[15]  ; No output delay, min/max delays, false-path exceptions, or max skew assignments found ;
; sampled_poly_data[16]  ; No output delay, min/max delays, false-path exceptions, or max skew assignments found ;
; sampled_poly_data[17]  ; No output delay, min/max delays, false-path exceptions, or max skew assignments found ;
; sampled_poly_data[18]  ; No output delay, min/max delays, false-path exceptions, or max skew assignments found ;
; sampled_poly_data[19]  ; No output delay, min/max delays, false-path exceptions, or max skew assignments found ;
; sampled_poly_data[20]  ; No output delay, min/max delays, false-path exceptions, or max skew assignments found ;
; sampled_poly_data[21]  ; No output delay, min/max delays, false-path exceptions, or max skew assignments found ;
; sampled_poly_data[22]  ; No output delay, min/max delays, false-path exceptions, or max skew assignments found ;
; sampled_poly_data[23]  ; No output delay, min/max delays, false-path exceptions, or max skew assignments found ;
; sampled_poly_data[24]  ; No output delay, min/max delays, false-path exceptions, or max skew assignments found ;
; sampled_poly_data[25]  ; No output delay, min/max delays, false-path exceptions, or max skew assignments found ;
; sampled_poly_data[26]  ; No output delay, min/max delays, false-path exceptions, or max skew assignments found ;
; sampled_poly_data[27]  ; No output delay, min/max delays, false-path exceptions, or max skew assignments found ;
; sampled_poly_data[28]  ; No output delay, min/max delays, false-path exceptions, or max skew assignments found ;
; sampled_poly_data[29]  ; No output delay, min/max delays, false-path exceptions, or max skew assignments found ;
; sampled_poly_data[30]  ; No output delay, min/max delays, false-path exceptions, or max skew assignments found ;
; sampled_poly_data[31]  ; No output delay, min/max delays, false-path exceptions, or max skew assignments found ;
; sampled_poly_data[32]  ; No output delay, min/max delays, false-path exceptions, or max skew assignments found ;
; sampled_poly_data[33]  ; No output delay, min/max delays, false-path exceptions, or max skew assignments found ;
; sampled_poly_data[34]  ; No output delay, min/max delays, false-path exceptions, or max skew assignments found ;
; sampled_poly_data[35]  ; No output delay, min/max delays, false-path exceptions, or max skew assignments found ;
; sampled_poly_data[36]  ; No output delay, min/max delays, false-path exceptions, or max skew assignments found ;
; sampled_poly_data[37]  ; No output delay, min/max delays, false-path exceptions, or max skew assignments found ;
; sampled_poly_data[38]  ; No output delay, min/max delays, false-path exceptions, or max skew assignments found ;
; sampled_poly_data[39]  ; No output delay, min/max delays, false-path exceptions, or max skew assignments found ;
; sampled_poly_data[40]  ; No output delay, min/max delays, false-path exceptions, or max skew assignments found ;
; sampled_poly_data[41]  ; No output delay, min/max delays, false-path exceptions, or max skew assignments found ;
; sampled_poly_data[42]  ; No output delay, min/max delays, false-path exceptions, or max skew assignments found ;
; sampled_poly_data[43]  ; No output delay, min/max delays, false-path exceptions, or max skew assignments found ;
; sampled_poly_data[44]  ; No output delay, min/max delays, false-path exceptions, or max skew assignments found ;
; sampled_poly_data[45]  ; No output delay, min/max delays, false-path exceptions, or max skew assignments found ;
; sampled_poly_data[46]  ; No output delay, min/max delays, false-path exceptions, or max skew assignments found ;
; sampled_poly_data[47]  ; No output delay, min/max delays, false-path exceptions, or max skew assignments found ;
; sampled_poly_data[48]  ; No output delay, min/max delays, false-path exceptions, or max skew assignments found ;
; sampled_poly_data[49]  ; No output delay, min/max delays, false-path exceptions, or max skew assignments found ;
; sampled_poly_data[50]  ; No output delay, min/max delays, false-path exceptions, or max skew assignments found ;
; sampled_poly_data[51]  ; No output delay, min/max delays, false-path exceptions, or max skew assignments found ;
; sampled_poly_data[52]  ; No output delay, min/max delays, false-path exceptions, or max skew assignments found ;
; sampled_poly_data[53]  ; No output delay, min/max delays, false-path exceptions, or max skew assignments found ;
; sampled_poly_data[54]  ; No output delay, min/max delays, false-path exceptions, or max skew assignments found ;
; sampled_poly_data[55]  ; No output delay, min/max delays, false-path exceptions, or max skew assignments found ;
; sampled_poly_data[56]  ; No output delay, min/max delays, false-path exceptions, or max skew assignments found ;
; sampled_poly_data[57]  ; No output delay, min/max delays, false-path exceptions, or max skew assignments found ;
; sampled_poly_data[58]  ; No output delay, min/max delays, false-path exceptions, or max skew assignments found ;
; sampled_poly_data[59]  ; No output delay, min/max delays, false-path exceptions, or max skew assignments found ;
; sampled_poly_data[60]  ; No output delay, min/max delays, false-path exceptions, or max skew assignments found ;
; sampled_poly_data[61]  ; No output delay, min/max delays, false-path exceptions, or max skew assignments found ;
; sampled_poly_data[62]  ; No output delay, min/max delays, false-path exceptions, or max skew assignments found ;
; sampled_poly_data[63]  ; No output delay, min/max delays, false-path exceptions, or max skew assignments found ;
; sampled_poly_data[64]  ; No output delay, min/max delays, false-path exceptions, or max skew assignments found ;
; sampled_poly_data[65]  ; No output delay, min/max delays, false-path exceptions, or max skew assignments found ;
; sampled_poly_data[66]  ; No output delay, min/max delays, false-path exceptions, or max skew assignments found ;
; sampled_poly_data[67]  ; No output delay, min/max delays, false-path exceptions, or max skew assignments found ;
; sampled_poly_data[68]  ; No output delay, min/max delays, false-path exceptions, or max skew assignments found ;
; sampled_poly_data[69]  ; No output delay, min/max delays, false-path exceptions, or max skew assignments found ;
; sampled_poly_data[70]  ; No output delay, min/max delays, false-path exceptions, or max skew assignments found ;
; sampled_poly_data[71]  ; No output delay, min/max delays, false-path exceptions, or max skew assignments found ;
; sampled_poly_data[72]  ; No output delay, min/max delays, false-path exceptions, or max skew assignments found ;
; sampled_poly_data[73]  ; No output delay, min/max delays, false-path exceptions, or max skew assignments found ;
; sampled_poly_data[74]  ; No output delay, min/max delays, false-path exceptions, or max skew assignments found ;
; sampled_poly_data[75]  ; No output delay, min/max delays, false-path exceptions, or max skew assignments found ;
; sampled_poly_data[76]  ; No output delay, min/max delays, false-path exceptions, or max skew assignments found ;
; sampled_poly_data[77]  ; No output delay, min/max delays, false-path exceptions, or max skew assignments found ;
; sampled_poly_data[78]  ; No output delay, min/max delays, false-path exceptions, or max skew assignments found ;
; sampled_poly_data[79]  ; No output delay, min/max delays, false-path exceptions, or max skew assignments found ;
; sampled_poly_data[80]  ; No output delay, min/max delays, false-path exceptions, or max skew assignments found ;
; sampled_poly_data[81]  ; No output delay, min/max delays, false-path exceptions, or max skew assignments found ;
; sampled_poly_data[82]  ; No output delay, min/max delays, false-path exceptions, or max skew assignments found ;
; sampled_poly_data[83]  ; No output delay, min/max delays, false-path exceptions, or max skew assignments found ;
; sampled_poly_data[84]  ; No output delay, min/max delays, false-path exceptions, or max skew assignments found ;
; sampled_poly_data[85]  ; No output delay, min/max delays, false-path exceptions, or max skew assignments found ;
; sampled_poly_data[86]  ; No output delay, min/max delays, false-path exceptions, or max skew assignments found ;
; sampled_poly_data[87]  ; No output delay, min/max delays, false-path exceptions, or max skew assignments found ;
; sampled_poly_data[88]  ; No output delay, min/max delays, false-path exceptions, or max skew assignments found ;
; sampled_poly_data[89]  ; No output delay, min/max delays, false-path exceptions, or max skew assignments found ;
; sampled_poly_data[90]  ; No output delay, min/max delays, false-path exceptions, or max skew assignments found ;
; sampled_poly_data[91]  ; No output delay, min/max delays, false-path exceptions, or max skew assignments found ;
; sampled_poly_data[92]  ; No output delay, min/max delays, false-path exceptions, or max skew assignments found ;
; sampled_poly_data[93]  ; No output delay, min/max delays, false-path exceptions, or max skew assignments found ;
; sampled_poly_data[94]  ; No output delay, min/max delays, false-path exceptions, or max skew assignments found ;
; sampled_poly_data[95]  ; No output delay, min/max delays, false-path exceptions, or max skew assignments found ;
; sampled_poly_data[96]  ; No output delay, min/max delays, false-path exceptions, or max skew assignments found ;
; sampled_poly_data[97]  ; No output delay, min/max delays, false-path exceptions, or max skew assignments found ;
; sampled_poly_data[98]  ; No output delay, min/max delays, false-path exceptions, or max skew assignments found ;
; sampled_poly_data[99]  ; No output delay, min/max delays, false-path exceptions, or max skew assignments found ;
; sampled_poly_data[100] ; No output delay, min/max delays, false-path exceptions, or max skew assignments found ;
; sampled_poly_data[101] ; No output delay, min/max delays, false-path exceptions, or max skew assignments found ;
; sampled_poly_data[102] ; No output delay, min/max delays, false-path exceptions, or max skew assignments found ;
; sampled_poly_data[103] ; No output delay, min/max delays, false-path exceptions, or max skew assignments found ;
; sampled_poly_data[104] ; No output delay, min/max delays, false-path exceptions, or max skew assignments found ;
; sampled_poly_data[105] ; No output delay, min/max delays, false-path exceptions, or max skew assignments found ;
; sampled_poly_data[106] ; No output delay, min/max delays, false-path exceptions, or max skew assignments found ;
; sampled_poly_data[107] ; No output delay, min/max delays, false-path exceptions, or max skew assignments found ;
; sampled_poly_data[108] ; No output delay, min/max delays, false-path exceptions, or max skew assignments found ;
; sampled_poly_data[109] ; No output delay, min/max delays, false-path exceptions, or max skew assignments found ;
; sampled_poly_data[110] ; No output delay, min/max delays, false-path exceptions, or max skew assignments found ;
; sampled_poly_data[111] ; No output delay, min/max delays, false-path exceptions, or max skew assignments found ;
; sampled_poly_data[112] ; No output delay, min/max delays, false-path exceptions, or max skew assignments found ;
; sampled_poly_data[113] ; No output delay, min/max delays, false-path exceptions, or max skew assignments found ;
; sampled_poly_data[114] ; No output delay, min/max delays, false-path exceptions, or max skew assignments found ;
; sampled_poly_data[115] ; No output delay, min/max delays, false-path exceptions, or max skew assignments found ;
; sampled_poly_data[116] ; No output delay, min/max delays, false-path exceptions, or max skew assignments found ;
; sampled_poly_data[117] ; No output delay, min/max delays, false-path exceptions, or max skew assignments found ;
; sampled_poly_data[118] ; No output delay, min/max delays, false-path exceptions, or max skew assignments found ;
; sampled_poly_data[119] ; No output delay, min/max delays, false-path exceptions, or max skew assignments found ;
; sampled_poly_data[120] ; No output delay, min/max delays, false-path exceptions, or max skew assignments found ;
; sampled_poly_data[121] ; No output delay, min/max delays, false-path exceptions, or max skew assignments found ;
; sampled_poly_data[122] ; No output delay, min/max delays, false-path exceptions, or max skew assignments found ;
; sampled_poly_data[123] ; No output delay, min/max delays, false-path exceptions, or max skew assignments found ;
; sampled_poly_data[124] ; No output delay, min/max delays, false-path exceptions, or max skew assignments found ;
; sampled_poly_data[125] ; No output delay, min/max delays, false-path exceptions, or max skew assignments found ;
; sampled_poly_data[126] ; No output delay, min/max delays, false-path exceptions, or max skew assignments found ;
; sampled_poly_data[127] ; No output delay, min/max delays, false-path exceptions, or max skew assignments found ;
; sampled_poly_idx[0]    ; No output delay, min/max delays, false-path exceptions, or max skew assignments found ;
; sampled_poly_idx[1]    ; No output delay, min/max delays, false-path exceptions, or max skew assignments found ;
; sampled_poly_idx[2]    ; No output delay, min/max delays, false-path exceptions, or max skew assignments found ;
; sampled_poly_idx[3]    ; No output delay, min/max delays, false-path exceptions, or max skew assignments found ;
; sampled_poly_last      ; No output delay, min/max delays, false-path exceptions, or max skew assignments found ;
; sampled_poly_valid     ; No output delay, min/max delays, false-path exceptions, or max skew assignments found ;
; sampled_word_idx[0]    ; No output delay, min/max delays, false-path exceptions, or max skew assignments found ;
; sampled_word_idx[1]    ; No output delay, min/max delays, false-path exceptions, or max skew assignments found ;
; sampled_word_idx[2]    ; No output delay, min/max delays, false-path exceptions, or max skew assignments found ;
; sampled_word_idx[3]    ; No output delay, min/max delays, false-path exceptions, or max skew assignments found ;
; sampled_word_idx[4]    ; No output delay, min/max delays, false-path exceptions, or max skew assignments found ;
; sampled_word_idx[5]    ; No output delay, min/max delays, false-path exceptions, or max skew assignments found ;
+------------------------+---------------------------------------------------------------------------------------+


+-----------------------------------------------------------------------------------------------------------+
; Unconstrained Input Ports                                                                                 ;
+--------------------+--------------------------------------------------------------------------------------+
; Input Port         ; Comment                                                                              ;
+--------------------+--------------------------------------------------------------------------------------+
; expand_a_start     ; No input delay, min/max delays, false-path exceptions, or max skew assignments found ;
; rho_data[0]        ; No input delay, min/max delays, false-path exceptions, or max skew assignments found ;
; rho_data[1]        ; No input delay, min/max delays, false-path exceptions, or max skew assignments found ;
; rho_data[2]        ; No input delay, min/max delays, false-path exceptions, or max skew assignments found ;
; rho_data[3]        ; No input delay, min/max delays, false-path exceptions, or max skew assignments found ;
; rho_data[4]        ; No input delay, min/max delays, false-path exceptions, or max skew assignments found ;
; rho_data[5]        ; No input delay, min/max delays, false-path exceptions, or max skew assignments found ;
; rho_data[6]        ; No input delay, min/max delays, false-path exceptions, or max skew assignments found ;
; rho_data[7]        ; No input delay, min/max delays, false-path exceptions, or max skew assignments found ;
; rho_data[8]        ; No input delay, min/max delays, false-path exceptions, or max skew assignments found ;
; rho_data[9]        ; No input delay, min/max delays, false-path exceptions, or max skew assignments found ;
; rho_data[10]       ; No input delay, min/max delays, false-path exceptions, or max skew assignments found ;
; rho_data[11]       ; No input delay, min/max delays, false-path exceptions, or max skew assignments found ;
; rho_data[12]       ; No input delay, min/max delays, false-path exceptions, or max skew assignments found ;
; rho_data[13]       ; No input delay, min/max delays, false-path exceptions, or max skew assignments found ;
; rho_data[14]       ; No input delay, min/max delays, false-path exceptions, or max skew assignments found ;
; rho_data[15]       ; No input delay, min/max delays, false-path exceptions, or max skew assignments found ;
; rho_data[16]       ; No input delay, min/max delays, false-path exceptions, or max skew assignments found ;
; rho_data[17]       ; No input delay, min/max delays, false-path exceptions, or max skew assignments found ;
; rho_data[18]       ; No input delay, min/max delays, false-path exceptions, or max skew assignments found ;
; rho_data[19]       ; No input delay, min/max delays, false-path exceptions, or max skew assignments found ;
; rho_data[20]       ; No input delay, min/max delays, false-path exceptions, or max skew assignments found ;
; rho_data[21]       ; No input delay, min/max delays, false-path exceptions, or max skew assignments found ;
; rho_data[22]       ; No input delay, min/max delays, false-path exceptions, or max skew assignments found ;
; rho_data[23]       ; No input delay, min/max delays, false-path exceptions, or max skew assignments found ;
; rho_data[24]       ; No input delay, min/max delays, false-path exceptions, or max skew assignments found ;
; rho_data[25]       ; No input delay, min/max delays, false-path exceptions, or max skew assignments found ;
; rho_data[26]       ; No input delay, min/max delays, false-path exceptions, or max skew assignments found ;
; rho_data[27]       ; No input delay, min/max delays, false-path exceptions, or max skew assignments found ;
; rho_data[28]       ; No input delay, min/max delays, false-path exceptions, or max skew assignments found ;
; rho_data[29]       ; No input delay, min/max delays, false-path exceptions, or max skew assignments found ;
; rho_data[30]       ; No input delay, min/max delays, false-path exceptions, or max skew assignments found ;
; rho_data[31]       ; No input delay, min/max delays, false-path exceptions, or max skew assignments found ;
; rho_data[32]       ; No input delay, min/max delays, false-path exceptions, or max skew assignments found ;
; rho_data[33]       ; No input delay, min/max delays, false-path exceptions, or max skew assignments found ;
; rho_data[34]       ; No input delay, min/max delays, false-path exceptions, or max skew assignments found ;
; rho_data[35]       ; No input delay, min/max delays, false-path exceptions, or max skew assignments found ;
; rho_data[36]       ; No input delay, min/max delays, false-path exceptions, or max skew assignments found ;
; rho_data[37]       ; No input delay, min/max delays, false-path exceptions, or max skew assignments found ;
; rho_data[38]       ; No input delay, min/max delays, false-path exceptions, or max skew assignments found ;
; rho_data[39]       ; No input delay, min/max delays, false-path exceptions, or max skew assignments found ;
; rho_data[40]       ; No input delay, min/max delays, false-path exceptions, or max skew assignments found ;
; rho_data[41]       ; No input delay, min/max delays, false-path exceptions, or max skew assignments found ;
; rho_data[42]       ; No input delay, min/max delays, false-path exceptions, or max skew assignments found ;
; rho_data[43]       ; No input delay, min/max delays, false-path exceptions, or max skew assignments found ;
; rho_data[44]       ; No input delay, min/max delays, false-path exceptions, or max skew assignments found ;
; rho_data[45]       ; No input delay, min/max delays, false-path exceptions, or max skew assignments found ;
; rho_data[46]       ; No input delay, min/max delays, false-path exceptions, or max skew assignments found ;
; rho_data[47]       ; No input delay, min/max delays, false-path exceptions, or max skew assignments found ;
; rho_data[48]       ; No input delay, min/max delays, false-path exceptions, or max skew assignments found ;
; rho_data[49]       ; No input delay, min/max delays, false-path exceptions, or max skew assignments found ;
; rho_data[50]       ; No input delay, min/max delays, false-path exceptions, or max skew assignments found ;
; rho_data[51]       ; No input delay, min/max delays, false-path exceptions, or max skew assignments found ;
; rho_data[52]       ; No input delay, min/max delays, false-path exceptions, or max skew assignments found ;
; rho_data[53]       ; No input delay, min/max delays, false-path exceptions, or max skew assignments found ;
; rho_data[54]       ; No input delay, min/max delays, false-path exceptions, or max skew assignments found ;
; rho_data[55]       ; No input delay, min/max delays, false-path exceptions, or max skew assignments found ;
; rho_data[56]       ; No input delay, min/max delays, false-path exceptions, or max skew assignments found ;
; rho_data[57]       ; No input delay, min/max delays, false-path exceptions, or max skew assignments found ;
; rho_data[58]       ; No input delay, min/max delays, false-path exceptions, or max skew assignments found ;
; rho_data[59]       ; No input delay, min/max delays, false-path exceptions, or max skew assignments found ;
; rho_data[60]       ; No input delay, min/max delays, false-path exceptions, or max skew assignments found ;
; rho_data[61]       ; No input delay, min/max delays, false-path exceptions, or max skew assignments found ;
; rho_data[62]       ; No input delay, min/max delays, false-path exceptions, or max skew assignments found ;
; rho_data[63]       ; No input delay, min/max delays, false-path exceptions, or max skew assignments found ;
; rho_data[64]       ; No input delay, min/max delays, false-path exceptions, or max skew assignments found ;
; rho_data[65]       ; No input delay, min/max delays, false-path exceptions, or max skew assignments found ;
; rho_data[66]       ; No input delay, min/max delays, false-path exceptions, or max skew assignments found ;
; rho_data[67]       ; No input delay, min/max delays, false-path exceptions, or max skew assignments found ;
; rho_data[68]       ; No input delay, min/max delays, false-path exceptions, or max skew assignments found ;
; rho_data[69]       ; No input delay, min/max delays, false-path exceptions, or max skew assignments found ;
; rho_data[70]       ; No input delay, min/max delays, false-path exceptions, or max skew assignments found ;
; rho_data[71]       ; No input delay, min/max delays, false-path exceptions, or max skew assignments found ;
; rho_data[72]       ; No input delay, min/max delays, false-path exceptions, or max skew assignments found ;
; rho_data[73]       ; No input delay, min/max delays, false-path exceptions, or max skew assignments found ;
; rho_data[74]       ; No input delay, min/max delays, false-path exceptions, or max skew assignments found ;
; rho_data[75]       ; No input delay, min/max delays, false-path exceptions, or max skew assignments found ;
; rho_data[76]       ; No input delay, min/max delays, false-path exceptions, or max skew assignments found ;
; rho_data[77]       ; No input delay, min/max delays, false-path exceptions, or max skew assignments found ;
; rho_data[78]       ; No input delay, min/max delays, false-path exceptions, or max skew assignments found ;
; rho_data[79]       ; No input delay, min/max delays, false-path exceptions, or max skew assignments found ;
; rho_data[80]       ; No input delay, min/max delays, false-path exceptions, or max skew assignments found ;
; rho_data[81]       ; No input delay, min/max delays, false-path exceptions, or max skew assignments found ;
; rho_data[82]       ; No input delay, min/max delays, false-path exceptions, or max skew assignments found ;
; rho_data[83]       ; No input delay, min/max delays, false-path exceptions, or max skew assignments found ;
; rho_data[84]       ; No input delay, min/max delays, false-path exceptions, or max skew assignments found ;
; rho_data[85]       ; No input delay, min/max delays, false-path exceptions, or max skew assignments found ;
; rho_data[86]       ; No input delay, min/max delays, false-path exceptions, or max skew assignments found ;
; rho_data[87]       ; No input delay, min/max delays, false-path exceptions, or max skew assignments found ;
; rho_data[88]       ; No input delay, min/max delays, false-path exceptions, or max skew assignments found ;
; rho_data[89]       ; No input delay, min/max delays, false-path exceptions, or max skew assignments found ;
; rho_data[90]       ; No input delay, min/max delays, false-path exceptions, or max skew assignments found ;
; rho_data[91]       ; No input delay, min/max delays, false-path exceptions, or max skew assignments found ;
; rho_data[92]       ; No input delay, min/max delays, false-path exceptions, or max skew assignments found ;
; rho_data[93]       ; No input delay, min/max delays, false-path exceptions, or max skew assignments found ;
; rho_data[94]       ; No input delay, min/max delays, false-path exceptions, or max skew assignments found ;
; rho_data[95]       ; No input delay, min/max delays, false-path exceptions, or max skew assignments found ;
; rho_data[96]       ; No input delay, min/max delays, false-path exceptions, or max skew assignments found ;
; rho_data[97]       ; No input delay, min/max delays, false-path exceptions, or max skew assignments found ;
; rho_data[98]       ; No input delay, min/max delays, false-path exceptions, or max skew assignments found ;
; rho_data[99]       ; No input delay, min/max delays, false-path exceptions, or max skew assignments found ;
; rho_data[100]      ; No input delay, min/max delays, false-path exceptions, or max skew assignments found ;
; rho_data[101]      ; No input delay, min/max delays, false-path exceptions, or max skew assignments found ;
; rho_data[102]      ; No input delay, min/max delays, false-path exceptions, or max skew assignments found ;
; rho_data[103]      ; No input delay, min/max delays, false-path exceptions, or max skew assignments found ;
; rho_data[104]      ; No input delay, min/max delays, false-path exceptions, or max skew assignments found ;
; rho_data[105]      ; No input delay, min/max delays, false-path exceptions, or max skew assignments found ;
; rho_data[106]      ; No input delay, min/max delays, false-path exceptions, or max skew assignments found ;
; rho_data[107]      ; No input delay, min/max delays, false-path exceptions, or max skew assignments found ;
; rho_data[108]      ; No input delay, min/max delays, false-path exceptions, or max skew assignments found ;
; rho_data[109]      ; No input delay, min/max delays, false-path exceptions, or max skew assignments found ;
; rho_data[110]      ; No input delay, min/max delays, false-path exceptions, or max skew assignments found ;
; rho_data[111]      ; No input delay, min/max delays, false-path exceptions, or max skew assignments found ;
; rho_data[112]      ; No input delay, min/max delays, false-path exceptions, or max skew assignments found ;
; rho_data[113]      ; No input delay, min/max delays, false-path exceptions, or max skew assignments found ;
; rho_data[114]      ; No input delay, min/max delays, false-path exceptions, or max skew assignments found ;
; rho_data[115]      ; No input delay, min/max delays, false-path exceptions, or max skew assignments found ;
; rho_data[116]      ; No input delay, min/max delays, false-path exceptions, or max skew assignments found ;
; rho_data[117]      ; No input delay, min/max delays, false-path exceptions, or max skew assignments found ;
; rho_data[118]      ; No input delay, min/max delays, false-path exceptions, or max skew assignments found ;
; rho_data[119]      ; No input delay, min/max delays, false-path exceptions, or max skew assignments found ;
; rho_data[120]      ; No input delay, min/max delays, false-path exceptions, or max skew assignments found ;
; rho_data[121]      ; No input delay, min/max delays, false-path exceptions, or max skew assignments found ;
; rho_data[122]      ; No input delay, min/max delays, false-path exceptions, or max skew assignments found ;
; rho_data[123]      ; No input delay, min/max delays, false-path exceptions, or max skew assignments found ;
; rho_data[124]      ; No input delay, min/max delays, false-path exceptions, or max skew assignments found ;
; rho_data[125]      ; No input delay, min/max delays, false-path exceptions, or max skew assignments found ;
; rho_data[126]      ; No input delay, min/max delays, false-path exceptions, or max skew assignments found ;
; rho_data[127]      ; No input delay, min/max delays, false-path exceptions, or max skew assignments found ;
; rho_valid          ; No input delay, min/max delays, false-path exceptions, or max skew assignments found ;
; rst                ; No input delay, min/max delays, false-path exceptions, or max skew assignments found ;
; sampled_poly_ready ; No input delay, min/max delays, false-path exceptions, or max skew assignments found ;
+--------------------+--------------------------------------------------------------------------------------+


+----------------------------------------------------------------------------------------------------------------+
; Unconstrained Output Ports                                                                                     ;
+------------------------+---------------------------------------------------------------------------------------+
; Output Port            ; Comment                                                                               ;
+------------------------+---------------------------------------------------------------------------------------+
; expand_a_busy          ; No output delay, min/max delays, false-path exceptions, or max skew assignments found ;
; expand_a_done          ; No output delay, min/max delays, false-path exceptions, or max skew assignments found ;
; expand_a_error         ; No output delay, min/max delays, false-path exceptions, or max skew assignments found ;
; expand_a_ready         ; No output delay, min/max delays, false-path exceptions, or max skew assignments found ;
; rho_loaded             ; No output delay, min/max delays, false-path exceptions, or max skew assignments found ;
; rho_ready              ; No output delay, min/max delays, false-path exceptions, or max skew assignments found ;
; sampled_poly_data[0]   ; No output delay, min/max delays, false-path exceptions, or max skew assignments found ;
; sampled_poly_data[1]   ; No output delay, min/max delays, false-path exceptions, or max skew assignments found ;
; sampled_poly_data[2]   ; No output delay, min/max delays, false-path exceptions, or max skew assignments found ;
; sampled_poly_data[3]   ; No output delay, min/max delays, false-path exceptions, or max skew assignments found ;
; sampled_poly_data[4]   ; No output delay, min/max delays, false-path exceptions, or max skew assignments found ;
; sampled_poly_data[5]   ; No output delay, min/max delays, false-path exceptions, or max skew assignments found ;
; sampled_poly_data[6]   ; No output delay, min/max delays, false-path exceptions, or max skew assignments found ;
; sampled_poly_data[7]   ; No output delay, min/max delays, false-path exceptions, or max skew assignments found ;
; sampled_poly_data[8]   ; No output delay, min/max delays, false-path exceptions, or max skew assignments found ;
; sampled_poly_data[9]   ; No output delay, min/max delays, false-path exceptions, or max skew assignments found ;
; sampled_poly_data[10]  ; No output delay, min/max delays, false-path exceptions, or max skew assignments found ;
; sampled_poly_data[11]  ; No output delay, min/max delays, false-path exceptions, or max skew assignments found ;
; sampled_poly_data[12]  ; No output delay, min/max delays, false-path exceptions, or max skew assignments found ;
; sampled_poly_data[13]  ; No output delay, min/max delays, false-path exceptions, or max skew assignments found ;
; sampled_poly_data[14]  ; No output delay, min/max delays, false-path exceptions, or max skew assignments found ;
; sampled_poly_data[15]  ; No output delay, min/max delays, false-path exceptions, or max skew assignments found ;
; sampled_poly_data[16]  ; No output delay, min/max delays, false-path exceptions, or max skew assignments found ;
; sampled_poly_data[17]  ; No output delay, min/max delays, false-path exceptions, or max skew assignments found ;
; sampled_poly_data[18]  ; No output delay, min/max delays, false-path exceptions, or max skew assignments found ;
; sampled_poly_data[19]  ; No output delay, min/max delays, false-path exceptions, or max skew assignments found ;
; sampled_poly_data[20]  ; No output delay, min/max delays, false-path exceptions, or max skew assignments found ;
; sampled_poly_data[21]  ; No output delay, min/max delays, false-path exceptions, or max skew assignments found ;
; sampled_poly_data[22]  ; No output delay, min/max delays, false-path exceptions, or max skew assignments found ;
; sampled_poly_data[23]  ; No output delay, min/max delays, false-path exceptions, or max skew assignments found ;
; sampled_poly_data[24]  ; No output delay, min/max delays, false-path exceptions, or max skew assignments found ;
; sampled_poly_data[25]  ; No output delay, min/max delays, false-path exceptions, or max skew assignments found ;
; sampled_poly_data[26]  ; No output delay, min/max delays, false-path exceptions, or max skew assignments found ;
; sampled_poly_data[27]  ; No output delay, min/max delays, false-path exceptions, or max skew assignments found ;
; sampled_poly_data[28]  ; No output delay, min/max delays, false-path exceptions, or max skew assignments found ;
; sampled_poly_data[29]  ; No output delay, min/max delays, false-path exceptions, or max skew assignments found ;
; sampled_poly_data[30]  ; No output delay, min/max delays, false-path exceptions, or max skew assignments found ;
; sampled_poly_data[31]  ; No output delay, min/max delays, false-path exceptions, or max skew assignments found ;
; sampled_poly_data[32]  ; No output delay, min/max delays, false-path exceptions, or max skew assignments found ;
; sampled_poly_data[33]  ; No output delay, min/max delays, false-path exceptions, or max skew assignments found ;
; sampled_poly_data[34]  ; No output delay, min/max delays, false-path exceptions, or max skew assignments found ;
; sampled_poly_data[35]  ; No output delay, min/max delays, false-path exceptions, or max skew assignments found ;
; sampled_poly_data[36]  ; No output delay, min/max delays, false-path exceptions, or max skew assignments found ;
; sampled_poly_data[37]  ; No output delay, min/max delays, false-path exceptions, or max skew assignments found ;
; sampled_poly_data[38]  ; No output delay, min/max delays, false-path exceptions, or max skew assignments found ;
; sampled_poly_data[39]  ; No output delay, min/max delays, false-path exceptions, or max skew assignments found ;
; sampled_poly_data[40]  ; No output delay, min/max delays, false-path exceptions, or max skew assignments found ;
; sampled_poly_data[41]  ; No output delay, min/max delays, false-path exceptions, or max skew assignments found ;
; sampled_poly_data[42]  ; No output delay, min/max delays, false-path exceptions, or max skew assignments found ;
; sampled_poly_data[43]  ; No output delay, min/max delays, false-path exceptions, or max skew assignments found ;
; sampled_poly_data[44]  ; No output delay, min/max delays, false-path exceptions, or max skew assignments found ;
; sampled_poly_data[45]  ; No output delay, min/max delays, false-path exceptions, or max skew assignments found ;
; sampled_poly_data[46]  ; No output delay, min/max delays, false-path exceptions, or max skew assignments found ;
; sampled_poly_data[47]  ; No output delay, min/max delays, false-path exceptions, or max skew assignments found ;
; sampled_poly_data[48]  ; No output delay, min/max delays, false-path exceptions, or max skew assignments found ;
; sampled_poly_data[49]  ; No output delay, min/max delays, false-path exceptions, or max skew assignments found ;
; sampled_poly_data[50]  ; No output delay, min/max delays, false-path exceptions, or max skew assignments found ;
; sampled_poly_data[51]  ; No output delay, min/max delays, false-path exceptions, or max skew assignments found ;
; sampled_poly_data[52]  ; No output delay, min/max delays, false-path exceptions, or max skew assignments found ;
; sampled_poly_data[53]  ; No output delay, min/max delays, false-path exceptions, or max skew assignments found ;
; sampled_poly_data[54]  ; No output delay, min/max delays, false-path exceptions, or max skew assignments found ;
; sampled_poly_data[55]  ; No output delay, min/max delays, false-path exceptions, or max skew assignments found ;
; sampled_poly_data[56]  ; No output delay, min/max delays, false-path exceptions, or max skew assignments found ;
; sampled_poly_data[57]  ; No output delay, min/max delays, false-path exceptions, or max skew assignments found ;
; sampled_poly_data[58]  ; No output delay, min/max delays, false-path exceptions, or max skew assignments found ;
; sampled_poly_data[59]  ; No output delay, min/max delays, false-path exceptions, or max skew assignments found ;
; sampled_poly_data[60]  ; No output delay, min/max delays, false-path exceptions, or max skew assignments found ;
; sampled_poly_data[61]  ; No output delay, min/max delays, false-path exceptions, or max skew assignments found ;
; sampled_poly_data[62]  ; No output delay, min/max delays, false-path exceptions, or max skew assignments found ;
; sampled_poly_data[63]  ; No output delay, min/max delays, false-path exceptions, or max skew assignments found ;
; sampled_poly_data[64]  ; No output delay, min/max delays, false-path exceptions, or max skew assignments found ;
; sampled_poly_data[65]  ; No output delay, min/max delays, false-path exceptions, or max skew assignments found ;
; sampled_poly_data[66]  ; No output delay, min/max delays, false-path exceptions, or max skew assignments found ;
; sampled_poly_data[67]  ; No output delay, min/max delays, false-path exceptions, or max skew assignments found ;
; sampled_poly_data[68]  ; No output delay, min/max delays, false-path exceptions, or max skew assignments found ;
; sampled_poly_data[69]  ; No output delay, min/max delays, false-path exceptions, or max skew assignments found ;
; sampled_poly_data[70]  ; No output delay, min/max delays, false-path exceptions, or max skew assignments found ;
; sampled_poly_data[71]  ; No output delay, min/max delays, false-path exceptions, or max skew assignments found ;
; sampled_poly_data[72]  ; No output delay, min/max delays, false-path exceptions, or max skew assignments found ;
; sampled_poly_data[73]  ; No output delay, min/max delays, false-path exceptions, or max skew assignments found ;
; sampled_poly_data[74]  ; No output delay, min/max delays, false-path exceptions, or max skew assignments found ;
; sampled_poly_data[75]  ; No output delay, min/max delays, false-path exceptions, or max skew assignments found ;
; sampled_poly_data[76]  ; No output delay, min/max delays, false-path exceptions, or max skew assignments found ;
; sampled_poly_data[77]  ; No output delay, min/max delays, false-path exceptions, or max skew assignments found ;
; sampled_poly_data[78]  ; No output delay, min/max delays, false-path exceptions, or max skew assignments found ;
; sampled_poly_data[79]  ; No output delay, min/max delays, false-path exceptions, or max skew assignments found ;
; sampled_poly_data[80]  ; No output delay, min/max delays, false-path exceptions, or max skew assignments found ;
; sampled_poly_data[81]  ; No output delay, min/max delays, false-path exceptions, or max skew assignments found ;
; sampled_poly_data[82]  ; No output delay, min/max delays, false-path exceptions, or max skew assignments found ;
; sampled_poly_data[83]  ; No output delay, min/max delays, false-path exceptions, or max skew assignments found ;
; sampled_poly_data[84]  ; No output delay, min/max delays, false-path exceptions, or max skew assignments found ;
; sampled_poly_data[85]  ; No output delay, min/max delays, false-path exceptions, or max skew assignments found ;
; sampled_poly_data[86]  ; No output delay, min/max delays, false-path exceptions, or max skew assignments found ;
; sampled_poly_data[87]  ; No output delay, min/max delays, false-path exceptions, or max skew assignments found ;
; sampled_poly_data[88]  ; No output delay, min/max delays, false-path exceptions, or max skew assignments found ;
; sampled_poly_data[89]  ; No output delay, min/max delays, false-path exceptions, or max skew assignments found ;
; sampled_poly_data[90]  ; No output delay, min/max delays, false-path exceptions, or max skew assignments found ;
; sampled_poly_data[91]  ; No output delay, min/max delays, false-path exceptions, or max skew assignments found ;
; sampled_poly_data[92]  ; No output delay, min/max delays, false-path exceptions, or max skew assignments found ;
; sampled_poly_data[93]  ; No output delay, min/max delays, false-path exceptions, or max skew assignments found ;
; sampled_poly_data[94]  ; No output delay, min/max delays, false-path exceptions, or max skew assignments found ;
; sampled_poly_data[95]  ; No output delay, min/max delays, false-path exceptions, or max skew assignments found ;
; sampled_poly_data[96]  ; No output delay, min/max delays, false-path exceptions, or max skew assignments found ;
; sampled_poly_data[97]  ; No output delay, min/max delays, false-path exceptions, or max skew assignments found ;
; sampled_poly_data[98]  ; No output delay, min/max delays, false-path exceptions, or max skew assignments found ;
; sampled_poly_data[99]  ; No output delay, min/max delays, false-path exceptions, or max skew assignments found ;
; sampled_poly_data[100] ; No output delay, min/max delays, false-path exceptions, or max skew assignments found ;
; sampled_poly_data[101] ; No output delay, min/max delays, false-path exceptions, or max skew assignments found ;
; sampled_poly_data[102] ; No output delay, min/max delays, false-path exceptions, or max skew assignments found ;
; sampled_poly_data[103] ; No output delay, min/max delays, false-path exceptions, or max skew assignments found ;
; sampled_poly_data[104] ; No output delay, min/max delays, false-path exceptions, or max skew assignments found ;
; sampled_poly_data[105] ; No output delay, min/max delays, false-path exceptions, or max skew assignments found ;
; sampled_poly_data[106] ; No output delay, min/max delays, false-path exceptions, or max skew assignments found ;
; sampled_poly_data[107] ; No output delay, min/max delays, false-path exceptions, or max skew assignments found ;
; sampled_poly_data[108] ; No output delay, min/max delays, false-path exceptions, or max skew assignments found ;
; sampled_poly_data[109] ; No output delay, min/max delays, false-path exceptions, or max skew assignments found ;
; sampled_poly_data[110] ; No output delay, min/max delays, false-path exceptions, or max skew assignments found ;
; sampled_poly_data[111] ; No output delay, min/max delays, false-path exceptions, or max skew assignments found ;
; sampled_poly_data[112] ; No output delay, min/max delays, false-path exceptions, or max skew assignments found ;
; sampled_poly_data[113] ; No output delay, min/max delays, false-path exceptions, or max skew assignments found ;
; sampled_poly_data[114] ; No output delay, min/max delays, false-path exceptions, or max skew assignments found ;
; sampled_poly_data[115] ; No output delay, min/max delays, false-path exceptions, or max skew assignments found ;
; sampled_poly_data[116] ; No output delay, min/max delays, false-path exceptions, or max skew assignments found ;
; sampled_poly_data[117] ; No output delay, min/max delays, false-path exceptions, or max skew assignments found ;
; sampled_poly_data[118] ; No output delay, min/max delays, false-path exceptions, or max skew assignments found ;
; sampled_poly_data[119] ; No output delay, min/max delays, false-path exceptions, or max skew assignments found ;
; sampled_poly_data[120] ; No output delay, min/max delays, false-path exceptions, or max skew assignments found ;
; sampled_poly_data[121] ; No output delay, min/max delays, false-path exceptions, or max skew assignments found ;
; sampled_poly_data[122] ; No output delay, min/max delays, false-path exceptions, or max skew assignments found ;
; sampled_poly_data[123] ; No output delay, min/max delays, false-path exceptions, or max skew assignments found ;
; sampled_poly_data[124] ; No output delay, min/max delays, false-path exceptions, or max skew assignments found ;
; sampled_poly_data[125] ; No output delay, min/max delays, false-path exceptions, or max skew assignments found ;
; sampled_poly_data[126] ; No output delay, min/max delays, false-path exceptions, or max skew assignments found ;
; sampled_poly_data[127] ; No output delay, min/max delays, false-path exceptions, or max skew assignments found ;
; sampled_poly_idx[0]    ; No output delay, min/max delays, false-path exceptions, or max skew assignments found ;
; sampled_poly_idx[1]    ; No output delay, min/max delays, false-path exceptions, or max skew assignments found ;
; sampled_poly_idx[2]    ; No output delay, min/max delays, false-path exceptions, or max skew assignments found ;
; sampled_poly_idx[3]    ; No output delay, min/max delays, false-path exceptions, or max skew assignments found ;
; sampled_poly_last      ; No output delay, min/max delays, false-path exceptions, or max skew assignments found ;
; sampled_poly_valid     ; No output delay, min/max delays, false-path exceptions, or max skew assignments found ;
; sampled_word_idx[0]    ; No output delay, min/max delays, false-path exceptions, or max skew assignments found ;
; sampled_word_idx[1]    ; No output delay, min/max delays, false-path exceptions, or max skew assignments found ;
; sampled_word_idx[2]    ; No output delay, min/max delays, false-path exceptions, or max skew assignments found ;
; sampled_word_idx[3]    ; No output delay, min/max delays, false-path exceptions, or max skew assignments found ;
; sampled_word_idx[4]    ; No output delay, min/max delays, false-path exceptions, or max skew assignments found ;
; sampled_word_idx[5]    ; No output delay, min/max delays, false-path exceptions, or max skew assignments found ;
+------------------------+---------------------------------------------------------------------------------------+


+--------------------------+
; Timing Analyzer Messages ;
+--------------------------+
Info: *******************************************************************
Info: Running Quartus Prime Timing Analyzer
    Info: Version 23.1std.1 Build 993 05/14/2024 SC Lite Edition
    Info: Processing started: Thu Oct  8 20:47:22 2026
Info: Command: quartus_sta expanda_stream -c expanda_stream
Info: qsta_default_script.tcl version: #1
Info (20032): Parallel compilation is enabled and will use up to 2 processors
Info (21076): High junction temperature operating condition is not set. Assuming a default value of '100'.
Info (21076): Low junction temperature operating condition is not set. Assuming a default value of '-40'.
Info (332104): Reading SDC File: '../expanda.sdc'
Info (332151): Clock uncertainty is not calculated until you update the timing netlist.
Info (332123): Deriving Clock Uncertainty. Please refer to report_sdc in the Timing Analyzer to see clock uncertainties.
Info: Found TIMING_ANALYZER_REPORT_SCRIPT_INCLUDE_DEFAULT_ANALYSIS = ON
Info: Analyzing Slow 1100mV 100C Model
Info (332146): Worst-case setup slack is 0.508
    Info (332119):     Slack       End Point TNS Clock 
    Info (332119): ========= =================== =====================
    Info (332119):     0.508               0.000 clk 
Info (332146): Worst-case hold slack is 0.363
    Info (332119):     Slack       End Point TNS Clock 
    Info (332119): ========= =================== =====================
    Info (332119):     0.363               0.000 clk 
Info (332140): No Recovery paths to report
Info (332140): No Removal paths to report
Info (332146): Worst-case minimum pulse width slack is 4.286
    Info (332119):     Slack       End Point TNS Clock 
    Info (332119): ========= =================== =====================
    Info (332119):     4.286               0.000 clk 
Info: Analyzing Slow 1100mV -40C Model
Info (334003): Started post-fitting delay annotation
Info (334004): Delay annotation completed successfully
Info (332123): Deriving Clock Uncertainty. Please refer to report_sdc in the Timing Analyzer to see clock uncertainties.
Info (332146): Worst-case setup slack is 0.630
    Info (332119):     Slack       End Point TNS Clock 
    Info (332119): ========= =================== =====================
    Info (332119):     0.630               0.000 clk 
Info (332146): Worst-case hold slack is 0.325
    Info (332119):     Slack       End Point TNS Clock 
    Info (332119): ========= =================== =====================
    Info (332119):     0.325               0.000 clk 
Info (332140): No Recovery paths to report
Info (332140): No Removal paths to report
Info (332146): Worst-case minimum pulse width slack is 4.146
    Info (332119):     Slack       End Point TNS Clock 
    Info (332119): ========= =================== =====================
    Info (332119):     4.146               0.000 clk 
Info: Analyzing Fast 1100mV 100C Model
Info (334003): Started post-fitting delay annotation
Info (334004): Delay annotation completed successfully
Info (332123): Deriving Clock Uncertainty. Please refer to report_sdc in the Timing Analyzer to see clock uncertainties.
Info (332146): Worst-case setup slack is 4.225
    Info (332119):     Slack       End Point TNS Clock 
    Info (332119): ========= =================== =====================
    Info (332119):     4.225               0.000 clk 
Info (332146): Worst-case hold slack is 0.149
    Info (332119):     Slack       End Point TNS Clock 
    Info (332119): ========= =================== =====================
    Info (332119):     0.149               0.000 clk 
Info (332140): No Recovery paths to report
Info (332140): No Removal paths to report
Info (332146): Worst-case minimum pulse width slack is 4.411
    Info (332119):     Slack       End Point TNS Clock 
    Info (332119): ========= =================== =====================
    Info (332119):     4.411               0.000 clk 
Info: Analyzing Fast 1100mV -40C Model
Info (332123): Deriving Clock Uncertainty. Please refer to report_sdc in the Timing Analyzer to see clock uncertainties.
Info (332146): Worst-case setup slack is 5.278
    Info (332119):     Slack       End Point TNS Clock 
    Info (332119): ========= =================== =====================
    Info (332119):     5.278               0.000 clk 
Info (332146): Worst-case hold slack is 0.135
    Info (332119):     Slack       End Point TNS Clock 
    Info (332119): ========= =================== =====================
    Info (332119):     0.135               0.000 clk 
Info (332140): No Recovery paths to report
Info (332140): No Removal paths to report
Info (332146): Worst-case minimum pulse width slack is 4.413
    Info (332119):     Slack       End Point TNS Clock 
    Info (332119): ========= =================== =====================
    Info (332119):     4.413               0.000 clk 
Info (332102): Design is not fully constrained for setup requirements
Info (332102): Design is not fully constrained for hold requirements
Info: Quartus Prime Timing Analyzer was successful. 0 errors, 0 warnings
    Info: Peak virtual memory: 5348 megabytes
    Info: Processing ended: Thu Oct  8 20:47:39 2026
    Info: Elapsed time: 00:00:17
    Info: Total CPU time (on all processors): 00:00:27


