Analysis & Synthesis report for expanda_stream
Thu Oct  8 20:45:13 2026
Quartus Prime Version 23.1std.1 Build 993 05/14/2024 SC Lite Edition


---------------------
; Table of Contents ;
---------------------
  1. Legal Notice
  2. Analysis & Synthesis Summary
  3. Analysis & Synthesis Settings
  4. Analysis & Synthesis Default Parameter Settings
  5. Parallel Compilation
  6. Analysis & Synthesis Source Files Read
  7. Analysis & Synthesis Resource Usage Summary
  8. Analysis & Synthesis Resource Utilization by Entity
  9. State Machine - |expanda_top|expanda_shake128:shake|fsm
 10. State Machine - |expanda_top|expanda_shake128:shake|perm_return
 11. State Machine - |expanda_top|expanda_controller:controller|state
 12. Registers Removed During Synthesis
 13. General Register Statistics
 14. Multiplexer Restructuring Statistics (Restructuring Performed)
 15. Parameter Settings for User Entity Instance: Top-level Entity: |expanda_top
 16. Parameter Settings for User Entity Instance: expanda_shake128:shake
 17. Port Connectivity Checks: "expanda_shake128:shake"
 18. Post-Synthesis Netlist Statistics for Top Partition
 19. Elapsed Time Per Partition
 20. Analysis & Synthesis Messages



----------------
; Legal Notice ;
----------------
Copyright (C) 2024  Intel Corporation. All rights reserved.
Your use of Intel Corporation's design tools, logic functions 
and other software and tools, and any partner logic 
functions, and any output files from any of the foregoing 
(including device programming or simulation files), and any 
associated documentation or information are expressly subject 
to the terms and conditions of the Intel Program License 
Subscription Agreement, the Intel Quartus Prime License Agreement,
the Intel FPGA IP License Agreement, or other applicable license
agreement, including, without limitation, that your use is for
the sole purpose of programming logic devices manufactured by
Intel and sold by Intel or its authorized distributors.  Please
refer to the applicable agreement for further details, at
https://fpgasoftware.intel.com/eula.



+----------------------------------------------------------------------------------+
; Analysis & Synthesis Summary                                                     ;
+---------------------------------+------------------------------------------------+
; Analysis & Synthesis Status     ; Successful - Thu Oct  8 20:45:12 2026          ;
; Quartus Prime Version           ; 23.1std.1 Build 993 05/14/2024 SC Lite Edition ;
; Revision Name                   ; expanda_stream                                 ;
; Top-level Entity Name           ; expanda_top                                    ;
; Family                          ; Cyclone V                                      ;
; Logic utilization (in ALMs)     ; N/A                                            ;
; Total registers                 ; 2815                                           ;
; Total pins                      ; 1                                              ;
; Total virtual pins              ; 278                                            ;
; Total block memory bits         ; 0                                              ;
; Total DSP Blocks                ; 0                                              ;
; Total HSSI RX PCSs              ; 0                                              ;
; Total HSSI PMA RX Deserializers ; 0                                              ;
; Total HSSI TX PCSs              ; 0                                              ;
; Total HSSI PMA TX Serializers   ; 0                                              ;
; Total PLLs                      ; 0                                              ;
; Total DLLs                      ; 0                                              ;
+---------------------------------+------------------------------------------------+


+---------------------------------------------------------------------------------------------------------------------------+
; Analysis & Synthesis Settings                                                                                             ;
+---------------------------------------------------------------------------------+--------------------+--------------------+
; Option                                                                          ; Setting            ; Default Value      ;
+---------------------------------------------------------------------------------+--------------------+--------------------+
; Device                                                                          ; 5CSEBA6U23I7       ;                    ;
; Top-level entity name                                                           ; expanda_top        ; expanda_stream     ;
; Family name                                                                     ; Cyclone V          ; Cyclone V          ;
; Maximum processors allowed for parallel compilation                             ; 2                  ;                    ;
; Use smart compilation                                                           ; Off                ; Off                ;
; Enable parallel Assembler and Timing Analyzer during compilation                ; On                 ; On                 ;
; Enable compact report table                                                     ; Off                ; Off                ;
; Restructure Multiplexers                                                        ; Auto               ; Auto               ;
; MLAB Add Timing Constraints For Mixed-Port Feed-Through Mode Setting Don't Care ; Off                ; Off                ;
; Create Debugging Nodes for IP Cores                                             ; Off                ; Off                ;
; Preserve fewer node names                                                       ; On                 ; On                 ;
; Intel FPGA IP Evaluation Mode                                                   ; Enable             ; Enable             ;
; Verilog Version                                                                 ; Verilog_2001       ; Verilog_2001       ;
; VHDL Version                                                                    ; VHDL_1993          ; VHDL_1993          ;
; State Machine Processing                                                        ; Auto               ; Auto               ;
; Safe State Machine                                                              ; Off                ; Off                ;
; Extract Verilog State Machines                                                  ; On                 ; On                 ;
; Extract VHDL State Machines                                                     ; On                 ; On                 ;
; Ignore Verilog initial constructs                                               ; Off                ; Off                ;
; Iteration limit for constant Verilog loops                                      ; 5000               ; 5000               ;
; Iteration limit for non-constant Verilog loops                                  ; 250                ; 250                ;
; Add Pass-Through Logic to Inferred RAMs                                         ; On                 ; On                 ;
; Infer RAMs from Raw Logic                                                       ; On                 ; On                 ;
; Parallel Synthesis                                                              ; On                 ; On                 ;
; DSP Block Balancing                                                             ; Auto               ; Auto               ;
; NOT Gate Push-Back                                                              ; On                 ; On                 ;
; Power-Up Don't Care                                                             ; On                 ; On                 ;
; Remove Redundant Logic Cells                                                    ; Off                ; Off                ;
; Remove Duplicate Registers                                                      ; On                 ; On                 ;
; Ignore CARRY Buffers                                                            ; Off                ; Off                ;
; Ignore CASCADE Buffers                                                          ; Off                ; Off                ;
; Ignore GLOBAL Buffers                                                           ; Off                ; Off                ;
; Ignore ROW GLOBAL Buffers                                                       ; Off                ; Off                ;
; Ignore LCELL Buffers                                                            ; Off                ; Off                ;
; Ignore SOFT Buffers                                                             ; On                 ; On                 ;
; Limit AHDL Integers to 32 Bits                                                  ; Off                ; Off                ;
; Optimization Technique                                                          ; Balanced           ; Balanced           ;
; Carry Chain Length                                                              ; 70                 ; 70                 ;
; Auto Carry Chains                                                               ; On                 ; On                 ;
; Auto Open-Drain Pins                                                            ; On                 ; On                 ;
; Perform WYSIWYG Primitive Resynthesis                                           ; Off                ; Off                ;
; Auto ROM Replacement                                                            ; On                 ; On                 ;
; Auto RAM Replacement                                                            ; On                 ; On                 ;
; Auto DSP Block Replacement                                                      ; On                 ; On                 ;
; Auto Shift Register Replacement                                                 ; Auto               ; Auto               ;
; Allow Shift Register Merging across Hierarchies                                 ; Auto               ; Auto               ;
; Auto Clock Enable Replacement                                                   ; On                 ; On                 ;
; Strict RAM Replacement                                                          ; Off                ; Off                ;
; Allow Synchronous Control Signals                                               ; On                 ; On                 ;
; Force Use of Synchronous Clear Signals                                          ; Off                ; Off                ;
; Auto Resource Sharing                                                           ; Off                ; Off                ;
; Allow Any RAM Size For Recognition                                              ; Off                ; Off                ;
; Allow Any ROM Size For Recognition                                              ; Off                ; Off                ;
; Allow Any Shift Register Size For Recognition                                   ; Off                ; Off                ;
; Use LogicLock Constraints during Resource Balancing                             ; On                 ; On                 ;
; Ignore translate_off and synthesis_off directives                               ; Off                ; Off                ;
; Timing-Driven Synthesis                                                         ; On                 ; On                 ;
; Report Parameter Settings                                                       ; On                 ; On                 ;
; Report Source Assignments                                                       ; On                 ; On                 ;
; Report Connectivity Checks                                                      ; On                 ; On                 ;
; Ignore Maximum Fan-Out Assignments                                              ; Off                ; Off                ;
; Synchronization Register Chain Length                                           ; 3                  ; 3                  ;
; Power Optimization During Synthesis                                             ; Normal compilation ; Normal compilation ;
; HDL message level                                                               ; Level2             ; Level2             ;
; Suppress Register Optimization Related Messages                                 ; Off                ; Off                ;
; Number of Removed Registers Reported in Synthesis Report                        ; 5000               ; 5000               ;
; Number of Swept Nodes Reported in Synthesis Report                              ; 5000               ; 5000               ;
; Number of Inverted Registers Reported in Synthesis Report                       ; 100                ; 100                ;
; Clock MUX Protection                                                            ; On                 ; On                 ;
; Auto Gated Clock Conversion                                                     ; Off                ; Off                ;
; Block Design Naming                                                             ; Auto               ; Auto               ;
; SDC constraint protection                                                       ; Off                ; Off                ;
; Synthesis Effort                                                                ; Auto               ; Auto               ;
; Shift Register Replacement - Allow Asynchronous Clear Signal                    ; On                 ; On                 ;
; Pre-Mapping Resynthesis Optimization                                            ; Off                ; Off                ;
; Analysis & Synthesis Message Level                                              ; Medium             ; Medium             ;
; Disable Register Merging Across Hierarchies                                     ; Auto               ; Auto               ;
; Resource Aware Inference For Block RAM                                          ; On                 ; On                 ;
; Automatic Parallel Synthesis                                                    ; On                 ; On                 ;
; Partial Reconfiguration Bitstream ID                                            ; Off                ; Off                ;
+---------------------------------------------------------------------------------+--------------------+--------------------+


+-------------------------------------------------+
; Analysis & Synthesis Default Parameter Settings ;
+----------------+--------------------------------+
; Name           ; Setting                        ;
+----------------+--------------------------------+
; PARALLEL_LANES ; 5                              ;
+----------------+--------------------------------+


+------------------------------------------+
; Parallel Compilation                     ;
+----------------------------+-------------+
; Processors                 ; Number      ;
+----------------------------+-------------+
; Number detected on machine ; 8           ;
; Maximum allowed            ; 2           ;
;                            ;             ;
; Average used               ; 1.14        ;
; Maximum used               ; 2           ;
;                            ;             ;
; Usage by Processor         ; % Time Used ;
;     Processor 1            ; 100.0%      ;
;     Processor 2            ;  14.2%      ;
+----------------------------+-------------+


+---------------------------------------------------------------------------------------------------------------------------------------------------------+
; Analysis & Synthesis Source Files Read                                                                                                                  ;
+-----------------------------------+-----------------+------------------------+----------------------------------------------------------------+---------+
; File Name with User-Entered Path  ; Used in Netlist ; File Type              ; File Name with Absolute Path                                   ; Library ;
+-----------------------------------+-----------------+------------------------+----------------------------------------------------------------+---------+
; ../../rtl/expanda_controller.v    ; yes             ; User Verilog HDL File  ; C:/Users/Angelina/Documents/ML_DSA/rtl/expanda_controller.v    ;         ;
; ../../rtl/expanda_seed_absorb.v   ; yes             ; User Verilog HDL File  ; C:/Users/Angelina/Documents/ML_DSA/rtl/expanda_seed_absorb.v   ;         ;
; ../../rtl/expanda_shake128.v      ; yes             ; User Verilog HDL File  ; C:/Users/Angelina/Documents/ML_DSA/rtl/expanda_shake128.v      ;         ;
; ../../rtl/expanda_xof_buffer.v    ; yes             ; User Verilog HDL File  ; C:/Users/Angelina/Documents/ML_DSA/rtl/expanda_xof_buffer.v    ;         ;
; ../../rtl/expanda_rej_ntt_poly.v  ; yes             ; User Verilog HDL File  ; C:/Users/Angelina/Documents/ML_DSA/rtl/expanda_rej_ntt_poly.v  ;         ;
; ../../rtl/expanda_output_packer.v ; yes             ; User Verilog HDL File  ; C:/Users/Angelina/Documents/ML_DSA/rtl/expanda_output_packer.v ;         ;
; ../../rtl/expanda_top.v           ; yes             ; User Verilog HDL File  ; C:/Users/Angelina/Documents/ML_DSA/rtl/expanda_top.v           ;         ;
+-----------------------------------+-----------------+------------------------+----------------------------------------------------------------+---------+


+---------------------------------------------------------+
; Analysis & Synthesis Resource Usage Summary             ;
+---------------------------------------------+-----------+
; Resource                                    ; Usage     ;
+---------------------------------------------+-----------+
; Estimate of Logic utilization (ALMs needed) ; 5622      ;
;                                             ;           ;
; Combinational ALUT usage for logic          ; 7960      ;
;     -- 7 input functions                    ; 100       ;
;     -- 6 input functions                    ; 2760      ;
;     -- 5 input functions                    ; 3486      ;
;     -- 4 input functions                    ; 1222      ;
;     -- <=3 input functions                  ; 392       ;
;                                             ;           ;
; Dedicated logic registers                   ; 2815      ;
;                                             ;           ;
; Virtual pins                                ; 278       ;
; I/O pins                                    ; 1         ;
;                                             ;           ;
; Total DSP Blocks                            ; 0         ;
;                                             ;           ;
; Maximum fan-out node                        ; clk~input ;
; Maximum fan-out                             ; 2815      ;
; Total fan-out                               ; 51635     ;
; Average fan-out                             ; 4.67      ;
+---------------------------------------------+-----------+


+---------------------------------------------------------------------------------------------------------------------------------------------------------------------------------------------------------------------------------------+
; Analysis & Synthesis Resource Utilization by Entity                                                                                                                                                                                   ;
+---------------------------------------+---------------------+---------------------------+-------------------+------------+------+--------------+-----------------------------------------------+-----------------------+--------------+
; Compilation Hierarchy Node            ; Combinational ALUTs ; Dedicated Logic Registers ; Block Memory Bits ; DSP Blocks ; Pins ; Virtual Pins ; Full Hierarchy Name                           ; Entity Name           ; Library Name ;
+---------------------------------------+---------------------+---------------------------+-------------------+------------+------+--------------+-----------------------------------------------+-----------------------+--------------+
; |expanda_top                          ; 7960 (3)            ; 2815 (0)                  ; 0                 ; 0          ; 1    ; 278          ; |expanda_top                                  ; expanda_top           ; work         ;
;    |expanda_controller:controller|    ; 33 (33)             ; 14 (14)                   ; 0                 ; 0          ; 0    ; 0            ; |expanda_top|expanda_controller:controller    ; expanda_controller    ; work         ;
;    |expanda_output_packer:packer|     ; 388 (388)           ; 180 (180)                 ; 0                 ; 0          ; 0    ; 0            ; |expanda_top|expanda_output_packer:packer     ; expanda_output_packer ; work         ;
;    |expanda_rej_ntt_poly:sampler|     ; 24 (24)             ; 43 (43)                   ; 0                 ; 0          ; 0    ; 0            ; |expanda_top|expanda_rej_ntt_poly:sampler     ; expanda_rej_ntt_poly  ; work         ;
;    |expanda_seed_absorb:seed_capture| ; 12 (12)             ; 262 (262)                 ; 0                 ; 0          ; 0    ; 0            ; |expanda_top|expanda_seed_absorb:seed_capture ; expanda_seed_absorb   ; work         ;
;    |expanda_shake128:shake|           ; 7222 (7222)         ; 2173 (2173)               ; 0                 ; 0          ; 0    ; 0            ; |expanda_top|expanda_shake128:shake           ; expanda_shake128      ; work         ;
;    |expanda_xof_buffer:xof_buffer|    ; 278 (278)           ; 143 (143)                 ; 0                 ; 0          ; 0    ; 0            ; |expanda_top|expanda_xof_buffer:xof_buffer    ; expanda_xof_buffer    ; work         ;
+---------------------------------------+---------------------+---------------------------+-------------------+------------+------+--------------+-----------------------------------------------+-----------------------+--------------+
Note: For table entries with two numbers listed, the numbers in parentheses indicate the number of resources of the given type used by the specific entity alone. The numbers listed outside of parentheses indicate the total resources of the given type used by the specific entity and all of its sub-entities in the hierarchy.


Encoding Type:  One-Hot
+--------------------------------------------------------------------------------------------------------------------------------------------------------------------------------------------------------------------------------------------------------------------------------------------------------------+
; State Machine - |expanda_top|expanda_shake128:shake|fsm                                                                                                                                                                                                                                                      ;
+--------------------+--------------+-----------------+----------------+----------------+-------------+------------------+-----------------+-----------------+-----------------+--------------------+------------------+-------------------+-----------------+-------------------+---------------+-------------+
; Name               ; fsm.ST_ERROR ; fsm.ST_SQ_VALID ; fsm.ST_SQ_READ ; fsm.ST_SQ_IDLE ; fsm.ST_IOTA ; fsm.ST_CHI_WRITE ; fsm.ST_CHI_LOAD ; fsm.ST_RPI_MOVE ; fsm.ST_RPI_LOAD ; fsm.ST_THETA_WRITE ; fsm.ST_THETA_ACC ; fsm.ST_PERM_START ; fsm.ST_PAD_LAST ; fsm.ST_PAD_SUFFIX ; fsm.ST_ABSORB ; fsm.ST_IDLE ;
+--------------------+--------------+-----------------+----------------+----------------+-------------+------------------+-----------------+-----------------+-----------------+--------------------+------------------+-------------------+-----------------+-------------------+---------------+-------------+
; fsm.ST_IDLE        ; 0            ; 0               ; 0              ; 0              ; 0           ; 0                ; 0               ; 0               ; 0               ; 0                  ; 0                ; 0                 ; 0               ; 0                 ; 0             ; 0           ;
; fsm.ST_ABSORB      ; 0            ; 0               ; 0              ; 0              ; 0           ; 0                ; 0               ; 0               ; 0               ; 0                  ; 0                ; 0                 ; 0               ; 0                 ; 1             ; 1           ;
; fsm.ST_PAD_SUFFIX  ; 0            ; 0               ; 0              ; 0              ; 0           ; 0                ; 0               ; 0               ; 0               ; 0                  ; 0                ; 0                 ; 0               ; 1                 ; 0             ; 1           ;
; fsm.ST_PAD_LAST    ; 0            ; 0               ; 0              ; 0              ; 0           ; 0                ; 0               ; 0               ; 0               ; 0                  ; 0                ; 0                 ; 1               ; 0                 ; 0             ; 1           ;
; fsm.ST_PERM_START  ; 0            ; 0               ; 0              ; 0              ; 0           ; 0                ; 0               ; 0               ; 0               ; 0                  ; 0                ; 1                 ; 0               ; 0                 ; 0             ; 1           ;
; fsm.ST_THETA_ACC   ; 0            ; 0               ; 0              ; 0              ; 0           ; 0                ; 0               ; 0               ; 0               ; 0                  ; 1                ; 0                 ; 0               ; 0                 ; 0             ; 1           ;
; fsm.ST_THETA_WRITE ; 0            ; 0               ; 0              ; 0              ; 0           ; 0                ; 0               ; 0               ; 0               ; 1                  ; 0                ; 0                 ; 0               ; 0                 ; 0             ; 1           ;
; fsm.ST_RPI_LOAD    ; 0            ; 0               ; 0              ; 0              ; 0           ; 0                ; 0               ; 0               ; 1               ; 0                  ; 0                ; 0                 ; 0               ; 0                 ; 0             ; 1           ;
; fsm.ST_RPI_MOVE    ; 0            ; 0               ; 0              ; 0              ; 0           ; 0                ; 0               ; 1               ; 0               ; 0                  ; 0                ; 0                 ; 0               ; 0                 ; 0             ; 1           ;
; fsm.ST_CHI_LOAD    ; 0            ; 0               ; 0              ; 0              ; 0           ; 0                ; 1               ; 0               ; 0               ; 0                  ; 0                ; 0                 ; 0               ; 0                 ; 0             ; 1           ;
; fsm.ST_CHI_WRITE   ; 0            ; 0               ; 0              ; 0              ; 0           ; 1                ; 0               ; 0               ; 0               ; 0                  ; 0                ; 0                 ; 0               ; 0                 ; 0             ; 1           ;
; fsm.ST_IOTA        ; 0            ; 0               ; 0              ; 0              ; 1           ; 0                ; 0               ; 0               ; 0               ; 0                  ; 0                ; 0                 ; 0               ; 0                 ; 0             ; 1           ;
; fsm.ST_SQ_IDLE     ; 0            ; 0               ; 0              ; 1              ; 0           ; 0                ; 0               ; 0               ; 0               ; 0                  ; 0                ; 0                 ; 0               ; 0                 ; 0             ; 1           ;
; fsm.ST_SQ_READ     ; 0            ; 0               ; 1              ; 0              ; 0           ; 0                ; 0               ; 0               ; 0               ; 0                  ; 0                ; 0                 ; 0               ; 0                 ; 0             ; 1           ;
; fsm.ST_SQ_VALID    ; 0            ; 1               ; 0              ; 0              ; 0           ; 0                ; 0               ; 0               ; 0               ; 0                  ; 0                ; 0                 ; 0               ; 0                 ; 0             ; 1           ;
; fsm.ST_ERROR       ; 1            ; 0               ; 0              ; 0              ; 0           ; 0                ; 0               ; 0               ; 0               ; 0                  ; 0                ; 0                 ; 0               ; 0                 ; 0             ; 1           ;
+--------------------+--------------+-----------------+----------------+----------------+-------------+------------------+-----------------+-----------------+-----------------+--------------------+------------------+-------------------+-----------------+-------------------+---------------+-------------+


Encoding Type:  One-Hot
+----------------------------------------------------------------------------------------------+
; State Machine - |expanda_top|expanda_shake128:shake|perm_return                              ;
+------------------------+------------------------+--------------------+-----------------------+
; Name                   ; perm_return.RET_ABSORB ; perm_return.RET_SQ ; perm_return.RET_FINAL ;
+------------------------+------------------------+--------------------+-----------------------+
; perm_return.RET_ABSORB ; 0                      ; 0                  ; 0                     ;
; perm_return.RET_FINAL  ; 1                      ; 0                  ; 1                     ;
; perm_return.RET_SQ     ; 1                      ; 1                  ; 0                     ;
+------------------------+------------------------+--------------------+-----------------------+


Encoding Type:  One-Hot
+------------------------------------------------------------------------------------------------------------------------------------------------+
; State Machine - |expanda_top|expanda_controller:controller|state                                                                               ;
+------------------+-------------+---------------+------------------+----------------+--------------+------------------+------------+------------+
; Name             ; state.DRAIN ; state.SQUEEZE ; state.WAIT_FINAL ; state.FINALIZE ; state.ABSORB ; state.SEED_START ; state.INIT ; state.IDLE ;
+------------------+-------------+---------------+------------------+----------------+--------------+------------------+------------+------------+
; state.IDLE       ; 0           ; 0             ; 0                ; 0              ; 0            ; 0                ; 0          ; 0          ;
; state.INIT       ; 0           ; 0             ; 0                ; 0              ; 0            ; 0                ; 1          ; 1          ;
; state.SEED_START ; 0           ; 0             ; 0                ; 0              ; 0            ; 1                ; 0          ; 1          ;
; state.ABSORB     ; 0           ; 0             ; 0                ; 0              ; 1            ; 0                ; 0          ; 1          ;
; state.FINALIZE   ; 0           ; 0             ; 0                ; 1              ; 0            ; 0                ; 0          ; 1          ;
; state.WAIT_FINAL ; 0           ; 0             ; 1                ; 0              ; 0            ; 0                ; 0          ; 1          ;
; state.SQUEEZE    ; 0           ; 1             ; 0                ; 0              ; 0            ; 0                ; 0          ; 1          ;
; state.DRAIN      ; 1           ; 0             ; 0                ; 0              ; 0            ; 0                ; 0          ; 1          ;
+------------------+-------------+---------------+------------------+----------------+--------------+------------------+------------+------------+


+------------------------------------------------------------+
; Registers Removed During Synthesis                         ;
+---------------------------------------+--------------------+
; Register name                         ; Reason for Removal ;
+---------------------------------------+--------------------+
; expanda_shake128:shake|fsm~14         ; Lost fanout        ;
; expanda_shake128:shake|fsm~15         ; Lost fanout        ;
; expanda_shake128:shake|fsm~16         ; Lost fanout        ;
; expanda_shake128:shake|fsm~17         ; Lost fanout        ;
; expanda_controller:controller|state~5 ; Lost fanout        ;
; expanda_controller:controller|state~6 ; Lost fanout        ;
; expanda_controller:controller|state~7 ; Lost fanout        ;
; Total Number of Removed Registers = 7 ;                    ;
+---------------------------------------+--------------------+


+------------------------------------------------------+
; General Register Statistics                          ;
+----------------------------------------------+-------+
; Statistic                                    ; Value ;
+----------------------------------------------+-------+
; Total registers                              ; 2815  ;
; Number of registers using Synchronous Clear  ; 2599  ;
; Number of registers using Synchronous Load   ; 72    ;
; Number of registers using Asynchronous Clear ; 0     ;
; Number of registers using Asynchronous Load  ; 0     ;
; Number of registers using Clock Enable       ; 2580  ;
; Number of registers using Preset             ; 0     ;
+----------------------------------------------+-------+


+-----------------------------------------------------------------------------------------------------------------------------------------------------------------------------+
; Multiplexer Restructuring Statistics (Restructuring Performed)                                                                                                              ;
+--------------------+-----------+---------------+----------------------+------------------------+------------+---------------------------------------------------------------+
; Multiplexer Inputs ; Bus Width ; Baseline Area ; Area if Restructured ; Saving if Restructured ; Registered ; Example Multiplexer Output                                    ;
+--------------------+-----------+---------------+----------------------+------------------------+------------+---------------------------------------------------------------+
; 3:1                ; 10 bits   ; 20 LEs        ; 0 LEs                ; 20 LEs                 ; Yes        ; |expanda_top|expanda_shake128:shake|round_index[0]            ;
; 3:1                ; 128 bits  ; 256 LEs       ; 0 LEs                ; 256 LEs                ; Yes        ; |expanda_top|expanda_seed_absorb:seed_capture|seed[208]       ;
; 3:1                ; 4 bits    ; 8 LEs         ; 4 LEs                ; 4 LEs                  ; Yes        ; |expanda_top|expanda_output_packer:packer|sampled_poly_idx[1] ;
; 3:1                ; 150 bits  ; 300 LEs       ; 0 LEs                ; 300 LEs                ; Yes        ; |expanda_top|expanda_output_packer:packer|reservoir[105]      ;
; 3:1                ; 4 bits    ; 8 LEs         ; 4 LEs                ; 4 LEs                  ; Yes        ; |expanda_top|expanda_xof_buffer:xof_buffer|byte_count[1]      ;
; 3:1                ; 31 bits   ; 62 LEs        ; 0 LEs                ; 62 LEs                 ; Yes        ; |expanda_top|expanda_rej_ntt_poly:sampler|coeff_data[13]      ;
; 3:1                ; 128 bits  ; 256 LEs       ; 0 LEs                ; 256 LEs                ; Yes        ; |expanda_top|expanda_seed_absorb:seed_capture|seed[113]       ;
; 4:1                ; 16 bits   ; 32 LEs        ; 0 LEs                ; 32 LEs                 ; Yes        ; |expanda_top|expanda_output_packer:packer|coeff_count[6]      ;
; 4:1                ; 6 bits    ; 12 LEs        ; 12 LEs               ; 0 LEs                  ; Yes        ; |expanda_top|expanda_output_packer:packer|sampled_word_idx[0] ;
; 4:1                ; 9 bits    ; 18 LEs        ; 9 LEs                ; 9 LEs                  ; Yes        ; |expanda_top|expanda_xof_buffer:xof_buffer|reservoir[5]       ;
; 4:1                ; 9 bits    ; 18 LEs        ; 0 LEs                ; 18 LEs                 ; Yes        ; |expanda_top|expanda_rej_ntt_poly:sampler|generated_count[6]  ;
; 4:1                ; 2 bits    ; 4 LEs         ; 4 LEs                ; 0 LEs                  ; Yes        ; |expanda_top|expanda_seed_absorb:seed_capture|input_word[1]   ;
; 5:1                ; 7 bits    ; 21 LEs        ; 14 LEs               ; 7 LEs                  ; Yes        ; |expanda_top|expanda_xof_buffer:xof_buffer|reservoir[139]     ;
; 5:1                ; 3 bits    ; 9 LEs         ; 6 LEs                ; 3 LEs                  ; Yes        ; |expanda_top|expanda_shake128:shake|in_remaining[3]           ;
; 5:1                ; 2 bits    ; 6 LEs         ; 4 LEs                ; 2 LEs                  ; Yes        ; |expanda_top|expanda_shake128:shake|in_remaining[4]           ;
; 7:1                ; 8 bits    ; 32 LEs        ; 0 LEs                ; 32 LEs                 ; Yes        ; |expanda_top|expanda_xof_buffer:xof_buffer|reservoir[133]     ;
; 7:1                ; 8 bits    ; 32 LEs        ; 16 LEs               ; 16 LEs                 ; Yes        ; |expanda_top|expanda_xof_buffer:xof_buffer|reservoir[127]     ;
; 7:1                ; 99 bits   ; 396 LEs       ; 198 LEs              ; 198 LEs                ; Yes        ; |expanda_top|expanda_xof_buffer:xof_buffer|reservoir[30]      ;
; 7:1                ; 4 bits    ; 16 LEs        ; 8 LEs                ; 8 LEs                  ; Yes        ; |expanda_top|expanda_shake128:shake|out_fill[0]               ;
; 7:1                ; 5 bits    ; 20 LEs        ; 10 LEs               ; 10 LEs                 ; Yes        ; |expanda_top|expanda_shake128:shake|row_base[3]               ;
; 10:1               ; 7 bits    ; 42 LEs        ; 35 LEs               ; 7 LEs                  ; Yes        ; |expanda_top|expanda_xof_buffer:xof_buffer|reservoir[14]      ;
; 8:1                ; 8 bits    ; 40 LEs        ; 0 LEs                ; 40 LEs                 ; Yes        ; |expanda_top|expanda_shake128:shake|byte_pos[5]               ;
; 36:1               ; 64 bits   ; 1536 LEs      ; 1024 LEs             ; 512 LEs                ; Yes        ; |expanda_top|expanda_shake128:shake|rpi_carry[36]             ;
; 10:1               ; 5 bits    ; 30 LEs        ; 15 LEs               ; 15 LEs                 ; Yes        ; |expanda_top|expanda_shake128:shake|lane_index[3]             ;
; 12:1               ; 7 bits    ; 56 LEs        ; 28 LEs               ; 28 LEs                 ; Yes        ; |expanda_top|expanda_shake128:shake|io_word[22]               ;
; 12:1               ; 5 bits    ; 40 LEs        ; 20 LEs               ; 20 LEs                 ; Yes        ; |expanda_top|expanda_shake128:shake|io_word[10]               ;
; 12:1               ; 2 bits    ; 16 LEs        ; 8 LEs                ; 8 LEs                  ; Yes        ; |expanda_top|expanda_shake128:shake|io_word[9]                ;
; 12:1               ; 7 bits    ; 56 LEs        ; 28 LEs               ; 28 LEs                 ; Yes        ; |expanda_top|expanda_shake128:shake|io_word[46]               ;
; 12:1               ; 7 bits    ; 56 LEs        ; 28 LEs               ; 28 LEs                 ; Yes        ; |expanda_top|expanda_shake128:shake|io_word[38]               ;
; 12:1               ; 7 bits    ; 56 LEs        ; 28 LEs               ; 28 LEs                 ; Yes        ; |expanda_top|expanda_shake128:shake|io_word[30]               ;
; 12:1               ; 7 bits    ; 56 LEs        ; 28 LEs               ; 28 LEs                 ; Yes        ; |expanda_top|expanda_shake128:shake|io_word[69]               ;
; 12:1               ; 7 bits    ; 56 LEs        ; 28 LEs               ; 28 LEs                 ; Yes        ; |expanda_top|expanda_shake128:shake|io_word[61]               ;
; 12:1               ; 7 bits    ; 56 LEs        ; 28 LEs               ; 28 LEs                 ; Yes        ; |expanda_top|expanda_shake128:shake|io_word[49]               ;
; 12:1               ; 7 bits    ; 56 LEs        ; 28 LEs               ; 28 LEs                 ; Yes        ; |expanda_top|expanda_shake128:shake|io_word[92]               ;
; 12:1               ; 7 bits    ; 56 LEs        ; 28 LEs               ; 28 LEs                 ; Yes        ; |expanda_top|expanda_shake128:shake|io_word[86]               ;
; 12:1               ; 7 bits    ; 56 LEs        ; 28 LEs               ; 28 LEs                 ; Yes        ; |expanda_top|expanda_shake128:shake|io_word[77]               ;
; 12:1               ; 7 bits    ; 56 LEs        ; 28 LEs               ; 28 LEs                 ; Yes        ; |expanda_top|expanda_shake128:shake|io_word[112]              ;
; 12:1               ; 7 bits    ; 56 LEs        ; 28 LEs               ; 28 LEs                 ; Yes        ; |expanda_top|expanda_shake128:shake|io_word[105]              ;
; 12:1               ; 7 bits    ; 56 LEs        ; 28 LEs               ; 28 LEs                 ; Yes        ; |expanda_top|expanda_shake128:shake|io_word[96]               ;
; 12:1               ; 7 bits    ; 56 LEs        ; 28 LEs               ; 28 LEs                 ; Yes        ; |expanda_top|expanda_shake128:shake|io_word[120]              ;
; 12:1               ; 6 bits    ; 48 LEs        ; 24 LEs               ; 24 LEs                 ; Yes        ; |expanda_top|expanda_shake128:shake|io_word[2]                ;
; 14:1               ; 63 bits   ; 567 LEs       ; 252 LEs              ; 315 LEs                ; Yes        ; |expanda_top|expanda_shake128:shake|a[1299]                   ;
; 14:1               ; 63 bits   ; 567 LEs       ; 252 LEs              ; 315 LEs                ; Yes        ; |expanda_top|expanda_shake128:shake|a[1392]                   ;
; 14:1               ; 63 bits   ; 567 LEs       ; 252 LEs              ; 315 LEs                ; Yes        ; |expanda_top|expanda_shake128:shake|a[1456]                   ;
; 14:1               ; 63 bits   ; 567 LEs       ; 252 LEs              ; 315 LEs                ; Yes        ; |expanda_top|expanda_shake128:shake|a[1522]                   ;
; 14:1               ; 63 bits   ; 567 LEs       ; 252 LEs              ; 315 LEs                ; Yes        ; |expanda_top|expanda_shake128:shake|a[1597]                   ;
; 14:1               ; 63 bits   ; 567 LEs       ; 252 LEs              ; 315 LEs                ; Yes        ; |expanda_top|expanda_shake128:shake|a[74]                     ;
; 14:1               ; 63 bits   ; 567 LEs       ; 252 LEs              ; 315 LEs                ; Yes        ; |expanda_top|expanda_shake128:shake|a[146]                    ;
; 14:1               ; 63 bits   ; 567 LEs       ; 252 LEs              ; 315 LEs                ; Yes        ; |expanda_top|expanda_shake128:shake|a[216]                    ;
; 14:1               ; 63 bits   ; 567 LEs       ; 252 LEs              ; 315 LEs                ; Yes        ; |expanda_top|expanda_shake128:shake|a[301]                    ;
; 14:1               ; 63 bits   ; 567 LEs       ; 252 LEs              ; 315 LEs                ; Yes        ; |expanda_top|expanda_shake128:shake|a[367]                    ;
; 14:1               ; 63 bits   ; 567 LEs       ; 252 LEs              ; 315 LEs                ; Yes        ; |expanda_top|expanda_shake128:shake|a[417]                    ;
; 14:1               ; 63 bits   ; 567 LEs       ; 252 LEs              ; 315 LEs                ; Yes        ; |expanda_top|expanda_shake128:shake|a[487]                    ;
; 14:1               ; 63 bits   ; 567 LEs       ; 252 LEs              ; 315 LEs                ; Yes        ; |expanda_top|expanda_shake128:shake|a[573]                    ;
; 14:1               ; 63 bits   ; 567 LEs       ; 252 LEs              ; 315 LEs                ; Yes        ; |expanda_top|expanda_shake128:shake|a[620]                    ;
; 14:1               ; 63 bits   ; 567 LEs       ; 252 LEs              ; 315 LEs                ; Yes        ; |expanda_top|expanda_shake128:shake|a[671]                    ;
; 14:1               ; 63 bits   ; 567 LEs       ; 252 LEs              ; 315 LEs                ; Yes        ; |expanda_top|expanda_shake128:shake|a[715]                    ;
; 14:1               ; 63 bits   ; 567 LEs       ; 252 LEs              ; 315 LEs                ; Yes        ; |expanda_top|expanda_shake128:shake|a[805]                    ;
; 14:1               ; 63 bits   ; 567 LEs       ; 252 LEs              ; 315 LEs                ; Yes        ; |expanda_top|expanda_shake128:shake|a[852]                    ;
; 14:1               ; 63 bits   ; 567 LEs       ; 252 LEs              ; 315 LEs                ; Yes        ; |expanda_top|expanda_shake128:shake|a[897]                    ;
; 14:1               ; 63 bits   ; 567 LEs       ; 252 LEs              ; 315 LEs                ; Yes        ; |expanda_top|expanda_shake128:shake|a[980]                    ;
; 14:1               ; 63 bits   ; 567 LEs       ; 252 LEs              ; 315 LEs                ; Yes        ; |expanda_top|expanda_shake128:shake|a[1070]                   ;
; 14:1               ; 63 bits   ; 567 LEs       ; 252 LEs              ; 315 LEs                ; Yes        ; |expanda_top|expanda_shake128:shake|a[1129]                   ;
; 14:1               ; 63 bits   ; 567 LEs       ; 252 LEs              ; 315 LEs                ; Yes        ; |expanda_top|expanda_shake128:shake|a[1169]                   ;
; 14:1               ; 63 bits   ; 567 LEs       ; 252 LEs              ; 315 LEs                ; Yes        ; |expanda_top|expanda_shake128:shake|a[1219]                   ;
; 15:1               ; 57 bits   ; 570 LEs       ; 228 LEs              ; 342 LEs                ; Yes        ; |expanda_top|expanda_shake128:shake|a[4]                      ;
; 15:1               ; 6 bits    ; 60 LEs        ; 30 LEs               ; 30 LEs                 ; Yes        ; |expanda_top|expanda_shake128:shake|a[15]                     ;
; 18:1               ; 64 bits   ; 768 LEs       ; 512 LEs              ; 256 LEs                ; Yes        ; |expanda_top|expanda_shake128:shake|scratch[61]               ;
; 18:1               ; 64 bits   ; 768 LEs       ; 512 LEs              ; 256 LEs                ; Yes        ; |expanda_top|expanda_shake128:shake|scratch[86]               ;
; 18:1               ; 64 bits   ; 768 LEs       ; 512 LEs              ; 256 LEs                ; Yes        ; |expanda_top|expanda_shake128:shake|scratch[183]              ;
; 18:1               ; 64 bits   ; 768 LEs       ; 512 LEs              ; 256 LEs                ; Yes        ; |expanda_top|expanda_shake128:shake|scratch[212]              ;
; 18:1               ; 64 bits   ; 768 LEs       ; 512 LEs              ; 256 LEs                ; Yes        ; |expanda_top|expanda_shake128:shake|scratch[319]              ;
; 4:1                ; 20 bits   ; 40 LEs        ; 40 LEs               ; 0 LEs                  ; No         ; |expanda_top|expanda_output_packer:packer|ShiftLeft0          ;
; 3:1                ; 4 bits    ; 8 LEs         ; 8 LEs                ; 0 LEs                  ; No         ; |expanda_top|expanda_output_packer:packer|ShiftLeft0          ;
; 3:1                ; 4 bits    ; 8 LEs         ; 8 LEs                ; 0 LEs                  ; No         ; |expanda_top|expanda_output_packer:packer|ShiftLeft0          ;
; 4:1                ; 4 bits    ; 8 LEs         ; 8 LEs                ; 0 LEs                  ; No         ; |expanda_top|expanda_output_packer:packer|ShiftLeft0          ;
; 4:1                ; 4 bits    ; 8 LEs         ; 8 LEs                ; 0 LEs                  ; No         ; |expanda_top|expanda_output_packer:packer|ShiftLeft0          ;
; 4:1                ; 14 bits   ; 28 LEs        ; 28 LEs               ; 0 LEs                  ; No         ; |expanda_top|expanda_output_packer:packer|ShiftLeft0          ;
; 3:1                ; 6 bits    ; 12 LEs        ; 12 LEs               ; 0 LEs                  ; No         ; |expanda_top|expanda_output_packer:packer|ShiftLeft0          ;
; 3:1                ; 6 bits    ; 12 LEs        ; 12 LEs               ; 0 LEs                  ; No         ; |expanda_top|expanda_output_packer:packer|ShiftLeft0          ;
; 4:1                ; 10 bits   ; 20 LEs        ; 20 LEs               ; 0 LEs                  ; No         ; |expanda_top|expanda_output_packer:packer|ShiftLeft0          ;
; 4:1                ; 6 bits    ; 12 LEs        ; 12 LEs               ; 0 LEs                  ; No         ; |expanda_top|expanda_output_packer:packer|ShiftLeft0          ;
; 4:1                ; 6 bits    ; 12 LEs        ; 12 LEs               ; 0 LEs                  ; No         ; |expanda_top|expanda_output_packer:packer|ShiftLeft0          ;
; 4:1                ; 22 bits   ; 44 LEs        ; 44 LEs               ; 0 LEs                  ; No         ; |expanda_top|expanda_output_packer:packer|ShiftLeft0          ;
; 4:1                ; 22 bits   ; 44 LEs        ; 44 LEs               ; 0 LEs                  ; No         ; |expanda_top|expanda_output_packer:packer|ShiftLeft0          ;
; 4:1                ; 57 bits   ; 114 LEs       ; 114 LEs              ; 0 LEs                  ; No         ; |expanda_top|expanda_shake128:shake|ShiftLeft2                ;
; 4:1                ; 57 bits   ; 114 LEs       ; 114 LEs              ; 0 LEs                  ; No         ; |expanda_top|expanda_shake128:shake|ShiftRight0               ;
; 4:1                ; 4 bits    ; 8 LEs         ; 8 LEs                ; 0 LEs                  ; No         ; |expanda_top|expanda_shake128:shake|ShiftLeft2                ;
; 4:1                ; 4 bits    ; 8 LEs         ; 8 LEs                ; 0 LEs                  ; No         ; |expanda_top|expanda_shake128:shake|ShiftLeft2                ;
; 4:1                ; 36 bits   ; 72 LEs        ; 72 LEs               ; 0 LEs                  ; No         ; |expanda_top|expanda_shake128:shake|ShiftLeft2                ;
; 4:1                ; 16 bits   ; 32 LEs        ; 32 LEs               ; 0 LEs                  ; No         ; |expanda_top|expanda_shake128:shake|ShiftLeft2                ;
; 4:1                ; 16 bits   ; 32 LEs        ; 32 LEs               ; 0 LEs                  ; No         ; |expanda_top|expanda_shake128:shake|ShiftLeft2                ;
; 4:1                ; 4 bits    ; 8 LEs         ; 8 LEs                ; 0 LEs                  ; No         ; |expanda_top|expanda_shake128:shake|ShiftRight0               ;
; 4:1                ; 4 bits    ; 8 LEs         ; 8 LEs                ; 0 LEs                  ; No         ; |expanda_top|expanda_shake128:shake|ShiftRight0               ;
; 4:1                ; 36 bits   ; 72 LEs        ; 72 LEs               ; 0 LEs                  ; No         ; |expanda_top|expanda_shake128:shake|ShiftRight0               ;
; 3:1                ; 16 bits   ; 32 LEs        ; 32 LEs               ; 0 LEs                  ; No         ; |expanda_top|expanda_shake128:shake|ShiftRight0               ;
; 4:1                ; 127 bits  ; 254 LEs       ; 254 LEs              ; 0 LEs                  ; No         ; |expanda_top|expanda_xof_buffer:xof_buffer|Selector115        ;
; 5:1                ; 16 bits   ; 48 LEs        ; 32 LEs               ; 16 LEs                 ; No         ; |expanda_top|expanda_shake128:shake|ShiftRight0               ;
; 5:1                ; 16 bits   ; 48 LEs        ; 48 LEs               ; 0 LEs                  ; No         ; |expanda_top|expanda_shake128:shake|ShiftRight0               ;
; 7:1                ; 12 bits   ; 48 LEs        ; 48 LEs               ; 0 LEs                  ; No         ; |expanda_top|expanda_shake128:shake|ShiftLeft2                ;
; 32:1               ; 64 bits   ; 1344 LEs      ; 1152 LEs             ; 192 LEs                ; No         ; |expanda_top|expanda_shake128:shake|Mux110                    ;
; 8:1                ; 8 bits    ; 40 LEs        ; 40 LEs               ; 0 LEs                  ; No         ; |expanda_top|expanda_shake128:shake|ShiftRight1               ;
; 8:1                ; 12 bits   ; 60 LEs        ; 60 LEs               ; 0 LEs                  ; No         ; |expanda_top|expanda_shake128:shake|ShiftRight0               ;
; 10:1               ; 4 bits    ; 24 LEs        ; 24 LEs               ; 0 LEs                  ; No         ; |expanda_top|expanda_shake128:shake|ShiftLeft2                ;
; 11:1               ; 4 bits    ; 28 LEs        ; 28 LEs               ; 0 LEs                  ; No         ; |expanda_top|expanda_shake128:shake|ShiftRight0               ;
; 10:1               ; 3 bits    ; 18 LEs        ; 9 LEs                ; 9 LEs                  ; No         ; |expanda_top|expanda_shake128:shake|perm_return               ;
; 20:1               ; 5 bits    ; 65 LEs        ; 30 LEs               ; 35 LEs                 ; No         ; |expanda_top|expanda_shake128:shake|fsm                       ;
; 21:1               ; 2 bits    ; 28 LEs        ; 12 LEs               ; 16 LEs                 ; No         ; |expanda_top|expanda_shake128:shake|fsm                       ;
; 7:1                ; 2 bits    ; 8 LEs         ; 4 LEs                ; 4 LEs                  ; Yes        ; |expanda_top|expanda_controller:controller|row_idx[0]         ;
; 8:1                ; 2 bits    ; 10 LEs        ; 4 LEs                ; 6 LEs                  ; Yes        ; |expanda_top|expanda_controller:controller|col_idx[0]         ;
; 14:1               ; 3 bits    ; 27 LEs        ; 18 LEs               ; 9 LEs                  ; No         ; |expanda_top|expanda_controller:controller|state              ;
; 14:1               ; 2 bits    ; 18 LEs        ; 10 LEs               ; 8 LEs                  ; No         ; |expanda_top|expanda_controller:controller|state              ;
+--------------------+-----------+---------------+----------------------+------------------------+------------+---------------------------------------------------------------+


+-----------------------------------------------------------------------------+
; Parameter Settings for User Entity Instance: Top-level Entity: |expanda_top ;
+----------------+-------+----------------------------------------------------+
; Parameter Name ; Value ; Type                                               ;
+----------------+-------+----------------------------------------------------+
; PARALLEL_LANES ; 5     ; Signed Integer                                     ;
+----------------+-------+----------------------------------------------------+
Note: In order to hide this table in the UI and the text report file, please set the "Show Parameter Settings in Synthesis Report" option in "Analysis and Synthesis Settings -> More Settings" to "Off".


+---------------------------------------------------------------------+
; Parameter Settings for User Entity Instance: expanda_shake128:shake ;
+----------------+-------+--------------------------------------------+
; Parameter Name ; Value ; Type                                       ;
+----------------+-------+--------------------------------------------+
; PARALLEL_LANES ; 5     ; Signed Integer                             ;
+----------------+-------+--------------------------------------------+
Note: In order to hide this table in the UI and the text report file, please set the "Show Parameter Settings in Synthesis Report" option in "Analysis and Synthesis Settings -> More Settings" to "Off".


+---------------------------------------------------------------------------------------------------------------------------+
; Port Connectivity Checks: "expanda_shake128:shake"                                                                        ;
+-----------------+--------+----------+-------------------------------------------------------------------------------------+
; Port            ; Type   ; Severity ; Details                                                                             ;
+-----------------+--------+----------+-------------------------------------------------------------------------------------+
; shake_absorb_en ; Input  ; Info     ; Stuck at VCC                                                                        ;
; shake_ready     ; Output ; Info     ; Connected to dangling logic. Logic that only feeds a dangling port will be removed. ;
+-----------------+--------+----------+-------------------------------------------------------------------------------------+


+-----------------------------------------------------+
; Post-Synthesis Netlist Statistics for Top Partition ;
+-----------------------+-----------------------------+
; Type                  ; Count                       ;
+-----------------------+-----------------------------+
; arriav_ff             ; 2815                        ;
;     ENA               ; 142                         ;
;     ENA SCLR          ; 2366                        ;
;     ENA SCLR SLD      ; 72                          ;
;     SCLR              ; 161                         ;
;     plain             ; 74                          ;
; arriav_lcell_comb     ; 7962                        ;
;     arith             ; 34                          ;
;         1 data inputs ; 33                          ;
;         3 data inputs ; 1                           ;
;     extend            ; 100                         ;
;         7 data inputs ; 100                         ;
;     normal            ; 7828                        ;
;         1 data inputs ; 2                           ;
;         2 data inputs ; 183                         ;
;         3 data inputs ; 175                         ;
;         4 data inputs ; 1222                        ;
;         5 data inputs ; 3486                        ;
;         6 data inputs ; 2760                        ;
; boundary_port         ; 279                         ;
;                       ;                             ;
; Max LUT depth         ; 6.00                        ;
; Average LUT depth     ; 4.35                        ;
+-----------------------+-----------------------------+


+-------------------------------+
; Elapsed Time Per Partition    ;
+----------------+--------------+
; Partition Name ; Elapsed Time ;
+----------------+--------------+
; Top            ; 00:00:31     ;
+----------------+--------------+


+-------------------------------+
; Analysis & Synthesis Messages ;
+-------------------------------+
Info: *******************************************************************
Info: Running Quartus Prime Analysis & Synthesis
    Info: Version 23.1std.1 Build 993 05/14/2024 SC Lite Edition
    Info: Processing started: Thu Oct  8 20:44:32 2026
Info: Command: quartus_map --read_settings_files=on --write_settings_files=off expanda_stream -c expanda_stream
Info (20032): Parallel compilation is enabled and will use up to 2 processors
Info (12021): Found 1 design units, including 1 entities, in source file /users/angelina/documents/ml_dsa/rtl/expanda_controller.v
    Info (12023): Found entity 1: expanda_controller File: C:/Users/Angelina/Documents/ML_DSA/rtl/expanda_controller.v Line: 2
Info (12021): Found 1 design units, including 1 entities, in source file /users/angelina/documents/ml_dsa/rtl/expanda_seed_absorb.v
    Info (12023): Found entity 1: expanda_seed_absorb File: C:/Users/Angelina/Documents/ML_DSA/rtl/expanda_seed_absorb.v Line: 3
Info (12021): Found 1 design units, including 1 entities, in source file /users/angelina/documents/ml_dsa/rtl/expanda_shake128.v
    Info (12023): Found entity 1: expanda_shake128 File: C:/Users/Angelina/Documents/ML_DSA/rtl/expanda_shake128.v Line: 31
Info (12021): Found 1 design units, including 1 entities, in source file /users/angelina/documents/ml_dsa/rtl/expanda_xof_buffer.v
    Info (12023): Found entity 1: expanda_xof_buffer File: C:/Users/Angelina/Documents/ML_DSA/rtl/expanda_xof_buffer.v Line: 3
Info (12021): Found 1 design units, including 1 entities, in source file /users/angelina/documents/ml_dsa/rtl/expanda_rej_ntt_poly.v
    Info (12023): Found entity 1: expanda_rej_ntt_poly File: C:/Users/Angelina/Documents/ML_DSA/rtl/expanda_rej_ntt_poly.v Line: 3
Info (12021): Found 1 design units, including 1 entities, in source file /users/angelina/documents/ml_dsa/rtl/expanda_output_packer.v
    Info (12023): Found entity 1: expanda_output_packer File: C:/Users/Angelina/Documents/ML_DSA/rtl/expanda_output_packer.v Line: 3
Info (12021): Found 1 design units, including 1 entities, in source file /users/angelina/documents/ml_dsa/rtl/expanda_top.v
    Info (12023): Found entity 1: expanda_top File: C:/Users/Angelina/Documents/ML_DSA/rtl/expanda_top.v Line: 3
Info (12127): Elaborating entity "expanda_top" for the top level hierarchy
Info (12128): Elaborating entity "expanda_controller" for hierarchy "expanda_controller:controller" File: C:/Users/Angelina/Documents/ML_DSA/rtl/expanda_top.v Line: 41
Info (12128): Elaborating entity "expanda_seed_absorb" for hierarchy "expanda_seed_absorb:seed_capture" File: C:/Users/Angelina/Documents/ML_DSA/rtl/expanda_top.v Line: 48
Info (12128): Elaborating entity "expanda_shake128" for hierarchy "expanda_shake128:shake" File: C:/Users/Angelina/Documents/ML_DSA/rtl/expanda_top.v Line: 57
Warning (10230): Verilog HDL assignment warning at expanda_shake128.v(452): truncated value with size 64 to match size of target (8) File: C:/Users/Angelina/Documents/ML_DSA/rtl/expanda_shake128.v Line: 452
Info (12128): Elaborating entity "expanda_xof_buffer" for hierarchy "expanda_xof_buffer:xof_buffer" File: C:/Users/Angelina/Documents/ML_DSA/rtl/expanda_top.v Line: 63
Info (12128): Elaborating entity "expanda_rej_ntt_poly" for hierarchy "expanda_rej_ntt_poly:sampler" File: C:/Users/Angelina/Documents/ML_DSA/rtl/expanda_top.v Line: 68
Info (12128): Elaborating entity "expanda_output_packer" for hierarchy "expanda_output_packer:packer" File: C:/Users/Angelina/Documents/ML_DSA/rtl/expanda_top.v Line: 76
Info (276014): Found 1 instances of uninferred RAM logic
    Info (276004): RAM logic "expanda_shake128:shake|Ram0" is uninferred due to inappropriate RAM size File: C:/Users/Angelina/Documents/ML_DSA/rtl/expanda_shake128.v Line: 169
Info (286030): Timing-Driven Synthesis is running
Info (17049): 7 registers lost all their fanouts during netlist optimizations.
Info (16010): Generating hard_block partition "hard_block:auto_generated_inst"
    Info (16011): Adding 0 node(s), including 0 DDIO, 0 PLL, 0 transceiver and 0 LCELL
Info (15717): Design contains 278 virtual pins; timing numbers associated with paths containing virtual pins are estimates
    Info (15719): Pin "expand_a_done" is virtual output pin File: C:/Users/Angelina/Documents/ML_DSA/rtl/expanda_top.v Line: 9
    Info (15719): Pin "expand_a_error" is virtual output pin File: C:/Users/Angelina/Documents/ML_DSA/rtl/expanda_top.v Line: 9
    Info (15719): Pin "sampled_poly_data[33]" is virtual output pin File: C:/Users/Angelina/Documents/ML_DSA/rtl/expanda_top.v Line: 10
    Info (15719): Pin "sampled_poly_data[34]" is virtual output pin File: C:/Users/Angelina/Documents/ML_DSA/rtl/expanda_top.v Line: 10
    Info (15719): Pin "sampled_poly_data[35]" is virtual output pin File: C:/Users/Angelina/Documents/ML_DSA/rtl/expanda_top.v Line: 10
    Info (15719): Pin "sampled_poly_data[36]" is virtual output pin File: C:/Users/Angelina/Documents/ML_DSA/rtl/expanda_top.v Line: 10
    Info (15719): Pin "sampled_poly_data[37]" is virtual output pin File: C:/Users/Angelina/Documents/ML_DSA/rtl/expanda_top.v Line: 10
    Info (15719): Pin "sampled_poly_data[38]" is virtual output pin File: C:/Users/Angelina/Documents/ML_DSA/rtl/expanda_top.v Line: 10
    Info (15719): Pin "sampled_poly_data[39]" is virtual output pin File: C:/Users/Angelina/Documents/ML_DSA/rtl/expanda_top.v Line: 10
    Info (15719): Pin "sampled_poly_data[40]" is virtual output pin File: C:/Users/Angelina/Documents/ML_DSA/rtl/expanda_top.v Line: 10
    Info (15719): Pin "sampled_poly_data[41]" is virtual output pin File: C:/Users/Angelina/Documents/ML_DSA/rtl/expanda_top.v Line: 10
    Info (15719): Pin "sampled_poly_data[42]" is virtual output pin File: C:/Users/Angelina/Documents/ML_DSA/rtl/expanda_top.v Line: 10
    Info (15719): Pin "sampled_poly_data[43]" is virtual output pin File: C:/Users/Angelina/Documents/ML_DSA/rtl/expanda_top.v Line: 10
    Info (15719): Pin "sampled_poly_data[44]" is virtual output pin File: C:/Users/Angelina/Documents/ML_DSA/rtl/expanda_top.v Line: 10
    Info (15719): Pin "sampled_poly_data[45]" is virtual output pin File: C:/Users/Angelina/Documents/ML_DSA/rtl/expanda_top.v Line: 10
    Info (15719): Pin "sampled_poly_data[46]" is virtual output pin File: C:/Users/Angelina/Documents/ML_DSA/rtl/expanda_top.v Line: 10
    Info (15719): Pin "sampled_poly_data[47]" is virtual output pin File: C:/Users/Angelina/Documents/ML_DSA/rtl/expanda_top.v Line: 10
    Info (15719): Pin "sampled_poly_data[48]" is virtual output pin File: C:/Users/Angelina/Documents/ML_DSA/rtl/expanda_top.v Line: 10
    Info (15719): Pin "sampled_poly_data[49]" is virtual output pin File: C:/Users/Angelina/Documents/ML_DSA/rtl/expanda_top.v Line: 10
    Info (15719): Pin "sampled_poly_data[50]" is virtual output pin File: C:/Users/Angelina/Documents/ML_DSA/rtl/expanda_top.v Line: 10
    Info (15719): Pin "sampled_poly_data[51]" is virtual output pin File: C:/Users/Angelina/Documents/ML_DSA/rtl/expanda_top.v Line: 10
    Info (15719): Pin "sampled_poly_data[52]" is virtual output pin File: C:/Users/Angelina/Documents/ML_DSA/rtl/expanda_top.v Line: 10
    Info (15719): Pin "sampled_poly_data[53]" is virtual output pin File: C:/Users/Angelina/Documents/ML_DSA/rtl/expanda_top.v Line: 10
    Info (15719): Pin "sampled_poly_data[54]" is virtual output pin File: C:/Users/Angelina/Documents/ML_DSA/rtl/expanda_top.v Line: 10
    Info (15719): Pin "sampled_poly_data[55]" is virtual output pin File: C:/Users/Angelina/Documents/ML_DSA/rtl/expanda_top.v Line: 10
    Info (15719): Pin "sampled_poly_data[56]" is virtual output pin File: C:/Users/Angelina/Documents/ML_DSA/rtl/expanda_top.v Line: 10
    Info (15719): Pin "sampled_poly_data[57]" is virtual output pin File: C:/Users/Angelina/Documents/ML_DSA/rtl/expanda_top.v Line: 10
    Info (15719): Pin "sampled_poly_data[58]" is virtual output pin File: C:/Users/Angelina/Documents/ML_DSA/rtl/expanda_top.v Line: 10
    Info (15719): Pin "sampled_poly_data[59]" is virtual output pin File: C:/Users/Angelina/Documents/ML_DSA/rtl/expanda_top.v Line: 10
    Info (15719): Pin "sampled_poly_data[60]" is virtual output pin File: C:/Users/Angelina/Documents/ML_DSA/rtl/expanda_top.v Line: 10
    Info (15719): Pin "sampled_poly_data[61]" is virtual output pin File: C:/Users/Angelina/Documents/ML_DSA/rtl/expanda_top.v Line: 10
    Info (15719): Pin "sampled_poly_data[62]" is virtual output pin File: C:/Users/Angelina/Documents/ML_DSA/rtl/expanda_top.v Line: 10
    Info (15719): Pin "sampled_poly_data[63]" is virtual output pin File: C:/Users/Angelina/Documents/ML_DSA/rtl/expanda_top.v Line: 10
    Info (15719): Pin "sampled_poly_data[64]" is virtual output pin File: C:/Users/Angelina/Documents/ML_DSA/rtl/expanda_top.v Line: 10
    Info (15719): Pin "sampled_poly_data[65]" is virtual output pin File: C:/Users/Angelina/Documents/ML_DSA/rtl/expanda_top.v Line: 10
    Info (15719): Pin "sampled_poly_data[66]" is virtual output pin File: C:/Users/Angelina/Documents/ML_DSA/rtl/expanda_top.v Line: 10
    Info (15719): Pin "sampled_poly_data[67]" is virtual output pin File: C:/Users/Angelina/Documents/ML_DSA/rtl/expanda_top.v Line: 10
    Info (15719): Pin "sampled_poly_data[68]" is virtual output pin File: C:/Users/Angelina/Documents/ML_DSA/rtl/expanda_top.v Line: 10
    Info (15719): Pin "sampled_poly_data[69]" is virtual output pin File: C:/Users/Angelina/Documents/ML_DSA/rtl/expanda_top.v Line: 10
    Info (15719): Pin "sampled_poly_data[70]" is virtual output pin File: C:/Users/Angelina/Documents/ML_DSA/rtl/expanda_top.v Line: 10
    Info (15719): Pin "sampled_poly_data[71]" is virtual output pin File: C:/Users/Angelina/Documents/ML_DSA/rtl/expanda_top.v Line: 10
    Info (15719): Pin "sampled_poly_data[72]" is virtual output pin File: C:/Users/Angelina/Documents/ML_DSA/rtl/expanda_top.v Line: 10
    Info (15719): Pin "sampled_poly_data[73]" is virtual output pin File: C:/Users/Angelina/Documents/ML_DSA/rtl/expanda_top.v Line: 10
    Info (15719): Pin "sampled_poly_data[74]" is virtual output pin File: C:/Users/Angelina/Documents/ML_DSA/rtl/expanda_top.v Line: 10
    Info (15719): Pin "sampled_poly_data[75]" is virtual output pin File: C:/Users/Angelina/Documents/ML_DSA/rtl/expanda_top.v Line: 10
    Info (15719): Pin "sampled_poly_data[76]" is virtual output pin File: C:/Users/Angelina/Documents/ML_DSA/rtl/expanda_top.v Line: 10
    Info (15719): Pin "sampled_poly_data[77]" is virtual output pin File: C:/Users/Angelina/Documents/ML_DSA/rtl/expanda_top.v Line: 10
    Info (15719): Pin "sampled_poly_data[78]" is virtual output pin File: C:/Users/Angelina/Documents/ML_DSA/rtl/expanda_top.v Line: 10
    Info (15719): Pin "sampled_poly_data[79]" is virtual output pin File: C:/Users/Angelina/Documents/ML_DSA/rtl/expanda_top.v Line: 10
    Info (15719): Pin "sampled_poly_data[80]" is virtual output pin File: C:/Users/Angelina/Documents/ML_DSA/rtl/expanda_top.v Line: 10
    Info (15719): Pin "sampled_poly_data[81]" is virtual output pin File: C:/Users/Angelina/Documents/ML_DSA/rtl/expanda_top.v Line: 10
    Info (15719): Pin "sampled_poly_data[82]" is virtual output pin File: C:/Users/Angelina/Documents/ML_DSA/rtl/expanda_top.v Line: 10
    Info (15719): Pin "sampled_poly_data[83]" is virtual output pin File: C:/Users/Angelina/Documents/ML_DSA/rtl/expanda_top.v Line: 10
    Info (15719): Pin "sampled_poly_data[84]" is virtual output pin File: C:/Users/Angelina/Documents/ML_DSA/rtl/expanda_top.v Line: 10
    Info (15719): Pin "sampled_poly_data[85]" is virtual output pin File: C:/Users/Angelina/Documents/ML_DSA/rtl/expanda_top.v Line: 10
    Info (15719): Pin "sampled_poly_data[86]" is virtual output pin File: C:/Users/Angelina/Documents/ML_DSA/rtl/expanda_top.v Line: 10
    Info (15719): Pin "sampled_poly_data[87]" is virtual output pin File: C:/Users/Angelina/Documents/ML_DSA/rtl/expanda_top.v Line: 10
    Info (15719): Pin "sampled_poly_data[88]" is virtual output pin File: C:/Users/Angelina/Documents/ML_DSA/rtl/expanda_top.v Line: 10
    Info (15719): Pin "sampled_poly_data[89]" is virtual output pin File: C:/Users/Angelina/Documents/ML_DSA/rtl/expanda_top.v Line: 10
    Info (15719): Pin "sampled_poly_data[90]" is virtual output pin File: C:/Users/Angelina/Documents/ML_DSA/rtl/expanda_top.v Line: 10
    Info (15719): Pin "sampled_poly_data[91]" is virtual output pin File: C:/Users/Angelina/Documents/ML_DSA/rtl/expanda_top.v Line: 10
    Info (15719): Pin "sampled_poly_data[92]" is virtual output pin File: C:/Users/Angelina/Documents/ML_DSA/rtl/expanda_top.v Line: 10
    Info (15719): Pin "sampled_poly_data[93]" is virtual output pin File: C:/Users/Angelina/Documents/ML_DSA/rtl/expanda_top.v Line: 10
    Info (15719): Pin "sampled_poly_data[94]" is virtual output pin File: C:/Users/Angelina/Documents/ML_DSA/rtl/expanda_top.v Line: 10
    Info (15719): Pin "sampled_poly_data[95]" is virtual output pin File: C:/Users/Angelina/Documents/ML_DSA/rtl/expanda_top.v Line: 10
    Info (15719): Pin "sampled_poly_data[96]" is virtual output pin File: C:/Users/Angelina/Documents/ML_DSA/rtl/expanda_top.v Line: 10
    Info (15719): Pin "sampled_poly_data[97]" is virtual output pin File: C:/Users/Angelina/Documents/ML_DSA/rtl/expanda_top.v Line: 10
    Info (15719): Pin "sampled_poly_data[98]" is virtual output pin File: C:/Users/Angelina/Documents/ML_DSA/rtl/expanda_top.v Line: 10
    Info (15719): Pin "sampled_poly_data[99]" is virtual output pin File: C:/Users/Angelina/Documents/ML_DSA/rtl/expanda_top.v Line: 10
    Info (15719): Pin "sampled_poly_data[100]" is virtual output pin File: C:/Users/Angelina/Documents/ML_DSA/rtl/expanda_top.v Line: 10
    Info (15719): Pin "sampled_poly_data[101]" is virtual output pin File: C:/Users/Angelina/Documents/ML_DSA/rtl/expanda_top.v Line: 10
    Info (15719): Pin "sampled_poly_data[102]" is virtual output pin File: C:/Users/Angelina/Documents/ML_DSA/rtl/expanda_top.v Line: 10
    Info (15719): Pin "sampled_poly_data[103]" is virtual output pin File: C:/Users/Angelina/Documents/ML_DSA/rtl/expanda_top.v Line: 10
    Info (15719): Pin "sampled_poly_data[104]" is virtual output pin File: C:/Users/Angelina/Documents/ML_DSA/rtl/expanda_top.v Line: 10
    Info (15719): Pin "sampled_poly_data[105]" is virtual output pin File: C:/Users/Angelina/Documents/ML_DSA/rtl/expanda_top.v Line: 10
    Info (15719): Pin "sampled_poly_data[106]" is virtual output pin File: C:/Users/Angelina/Documents/ML_DSA/rtl/expanda_top.v Line: 10
    Info (15719): Pin "sampled_poly_data[107]" is virtual output pin File: C:/Users/Angelina/Documents/ML_DSA/rtl/expanda_top.v Line: 10
    Info (15719): Pin "sampled_poly_data[108]" is virtual output pin File: C:/Users/Angelina/Documents/ML_DSA/rtl/expanda_top.v Line: 10
    Info (15719): Pin "sampled_poly_data[109]" is virtual output pin File: C:/Users/Angelina/Documents/ML_DSA/rtl/expanda_top.v Line: 10
    Info (15719): Pin "sampled_poly_data[110]" is virtual output pin File: C:/Users/Angelina/Documents/ML_DSA/rtl/expanda_top.v Line: 10
    Info (15719): Pin "sampled_poly_data[111]" is virtual output pin File: C:/Users/Angelina/Documents/ML_DSA/rtl/expanda_top.v Line: 10
    Info (15719): Pin "sampled_poly_data[112]" is virtual output pin File: C:/Users/Angelina/Documents/ML_DSA/rtl/expanda_top.v Line: 10
    Info (15719): Pin "sampled_poly_data[113]" is virtual output pin File: C:/Users/Angelina/Documents/ML_DSA/rtl/expanda_top.v Line: 10
    Info (15719): Pin "sampled_poly_data[114]" is virtual output pin File: C:/Users/Angelina/Documents/ML_DSA/rtl/expanda_top.v Line: 10
    Info (15719): Pin "sampled_poly_data[115]" is virtual output pin File: C:/Users/Angelina/Documents/ML_DSA/rtl/expanda_top.v Line: 10
    Info (15719): Pin "sampled_poly_data[116]" is virtual output pin File: C:/Users/Angelina/Documents/ML_DSA/rtl/expanda_top.v Line: 10
    Info (15719): Pin "sampled_poly_data[117]" is virtual output pin File: C:/Users/Angelina/Documents/ML_DSA/rtl/expanda_top.v Line: 10
    Info (15719): Pin "sampled_poly_data[118]" is virtual output pin File: C:/Users/Angelina/Documents/ML_DSA/rtl/expanda_top.v Line: 10
    Info (15719): Pin "sampled_poly_data[119]" is virtual output pin File: C:/Users/Angelina/Documents/ML_DSA/rtl/expanda_top.v Line: 10
    Info (15719): Pin "sampled_poly_data[120]" is virtual output pin File: C:/Users/Angelina/Documents/ML_DSA/rtl/expanda_top.v Line: 10
    Info (15719): Pin "sampled_poly_data[121]" is virtual output pin File: C:/Users/Angelina/Documents/ML_DSA/rtl/expanda_top.v Line: 10
    Info (15719): Pin "sampled_poly_data[122]" is virtual output pin File: C:/Users/Angelina/Documents/ML_DSA/rtl/expanda_top.v Line: 10
    Info (15719): Pin "sampled_poly_data[123]" is virtual output pin File: C:/Users/Angelina/Documents/ML_DSA/rtl/expanda_top.v Line: 10
    Info (15719): Pin "sampled_poly_data[124]" is virtual output pin File: C:/Users/Angelina/Documents/ML_DSA/rtl/expanda_top.v Line: 10
    Info (15719): Pin "sampled_poly_data[125]" is virtual output pin File: C:/Users/Angelina/Documents/ML_DSA/rtl/expanda_top.v Line: 10
    Info (15719): Pin "sampled_poly_data[126]" is virtual output pin File: C:/Users/Angelina/Documents/ML_DSA/rtl/expanda_top.v Line: 10
    Info (15719): Pin "sampled_poly_data[127]" is virtual output pin File: C:/Users/Angelina/Documents/ML_DSA/rtl/expanda_top.v Line: 10
    Info (15719): Pin "sampled_poly_valid" is virtual output pin File: C:/Users/Angelina/Documents/ML_DSA/rtl/expanda_top.v Line: 11
    Info (15719): Pin "sampled_poly_idx[0]" is virtual output pin File: C:/Users/Angelina/Documents/ML_DSA/rtl/expanda_top.v Line: 13
    Info (15719): Pin "sampled_poly_idx[1]" is virtual output pin File: C:/Users/Angelina/Documents/ML_DSA/rtl/expanda_top.v Line: 13
    Info (15719): Pin "sampled_poly_idx[2]" is virtual output pin File: C:/Users/Angelina/Documents/ML_DSA/rtl/expanda_top.v Line: 13
    Info (15719): Pin "sampled_poly_idx[3]" is virtual output pin File: C:/Users/Angelina/Documents/ML_DSA/rtl/expanda_top.v Line: 13
    Info (15719): Pin "sampled_word_idx[0]" is virtual output pin File: C:/Users/Angelina/Documents/ML_DSA/rtl/expanda_top.v Line: 14
    Info (15719): Pin "sampled_word_idx[1]" is virtual output pin File: C:/Users/Angelina/Documents/ML_DSA/rtl/expanda_top.v Line: 14
    Info (15719): Pin "sampled_word_idx[2]" is virtual output pin File: C:/Users/Angelina/Documents/ML_DSA/rtl/expanda_top.v Line: 14
    Info (15719): Pin "sampled_word_idx[3]" is virtual output pin File: C:/Users/Angelina/Documents/ML_DSA/rtl/expanda_top.v Line: 14
    Info (15719): Pin "sampled_word_idx[4]" is virtual output pin File: C:/Users/Angelina/Documents/ML_DSA/rtl/expanda_top.v Line: 14
    Info (15719): Pin "sampled_word_idx[5]" is virtual output pin File: C:/Users/Angelina/Documents/ML_DSA/rtl/expanda_top.v Line: 14
    Info (15719): Pin "sampled_poly_last" is virtual output pin File: C:/Users/Angelina/Documents/ML_DSA/rtl/expanda_top.v Line: 16
    Info (15719): Pin "rho_ready" is virtual output pin File: C:/Users/Angelina/Documents/ML_DSA/rtl/expanda_top.v Line: 7
    Info (15719): Pin "rho_loaded" is virtual output pin File: C:/Users/Angelina/Documents/ML_DSA/rtl/expanda_top.v Line: 7
    Info (15719): Pin "expand_a_ready" is virtual output pin File: C:/Users/Angelina/Documents/ML_DSA/rtl/expanda_top.v Line: 9
    Info (15719): Pin "expand_a_busy" is virtual output pin File: C:/Users/Angelina/Documents/ML_DSA/rtl/expanda_top.v Line: 9
    Info (15719): Pin "sampled_poly_data[0]" is virtual output pin File: C:/Users/Angelina/Documents/ML_DSA/rtl/expanda_top.v Line: 10
    Info (15719): Pin "sampled_poly_data[1]" is virtual output pin File: C:/Users/Angelina/Documents/ML_DSA/rtl/expanda_top.v Line: 10
    Info (15719): Pin "sampled_poly_data[2]" is virtual output pin File: C:/Users/Angelina/Documents/ML_DSA/rtl/expanda_top.v Line: 10
    Info (15719): Pin "sampled_poly_data[3]" is virtual output pin File: C:/Users/Angelina/Documents/ML_DSA/rtl/expanda_top.v Line: 10
    Info (15719): Pin "sampled_poly_data[4]" is virtual output pin File: C:/Users/Angelina/Documents/ML_DSA/rtl/expanda_top.v Line: 10
    Info (15719): Pin "sampled_poly_data[5]" is virtual output pin File: C:/Users/Angelina/Documents/ML_DSA/rtl/expanda_top.v Line: 10
    Info (15719): Pin "sampled_poly_data[6]" is virtual output pin File: C:/Users/Angelina/Documents/ML_DSA/rtl/expanda_top.v Line: 10
    Info (15719): Pin "sampled_poly_data[7]" is virtual output pin File: C:/Users/Angelina/Documents/ML_DSA/rtl/expanda_top.v Line: 10
    Info (15719): Pin "sampled_poly_data[8]" is virtual output pin File: C:/Users/Angelina/Documents/ML_DSA/rtl/expanda_top.v Line: 10
    Info (15719): Pin "sampled_poly_data[9]" is virtual output pin File: C:/Users/Angelina/Documents/ML_DSA/rtl/expanda_top.v Line: 10
    Info (15719): Pin "sampled_poly_data[10]" is virtual output pin File: C:/Users/Angelina/Documents/ML_DSA/rtl/expanda_top.v Line: 10
    Info (15719): Pin "sampled_poly_data[11]" is virtual output pin File: C:/Users/Angelina/Documents/ML_DSA/rtl/expanda_top.v Line: 10
    Info (15719): Pin "sampled_poly_data[12]" is virtual output pin File: C:/Users/Angelina/Documents/ML_DSA/rtl/expanda_top.v Line: 10
    Info (15719): Pin "sampled_poly_data[13]" is virtual output pin File: C:/Users/Angelina/Documents/ML_DSA/rtl/expanda_top.v Line: 10
    Info (15719): Pin "sampled_poly_data[14]" is virtual output pin File: C:/Users/Angelina/Documents/ML_DSA/rtl/expanda_top.v Line: 10
    Info (15719): Pin "sampled_poly_data[15]" is virtual output pin File: C:/Users/Angelina/Documents/ML_DSA/rtl/expanda_top.v Line: 10
    Info (15719): Pin "sampled_poly_data[16]" is virtual output pin File: C:/Users/Angelina/Documents/ML_DSA/rtl/expanda_top.v Line: 10
    Info (15719): Pin "sampled_poly_data[17]" is virtual output pin File: C:/Users/Angelina/Documents/ML_DSA/rtl/expanda_top.v Line: 10
    Info (15719): Pin "sampled_poly_data[18]" is virtual output pin File: C:/Users/Angelina/Documents/ML_DSA/rtl/expanda_top.v Line: 10
    Info (15719): Pin "sampled_poly_data[19]" is virtual output pin File: C:/Users/Angelina/Documents/ML_DSA/rtl/expanda_top.v Line: 10
    Info (15719): Pin "sampled_poly_data[20]" is virtual output pin File: C:/Users/Angelina/Documents/ML_DSA/rtl/expanda_top.v Line: 10
    Info (15719): Pin "sampled_poly_data[21]" is virtual output pin File: C:/Users/Angelina/Documents/ML_DSA/rtl/expanda_top.v Line: 10
    Info (15719): Pin "sampled_poly_data[22]" is virtual output pin File: C:/Users/Angelina/Documents/ML_DSA/rtl/expanda_top.v Line: 10
    Info (15719): Pin "sampled_poly_data[23]" is virtual output pin File: C:/Users/Angelina/Documents/ML_DSA/rtl/expanda_top.v Line: 10
    Info (15719): Pin "sampled_poly_data[24]" is virtual output pin File: C:/Users/Angelina/Documents/ML_DSA/rtl/expanda_top.v Line: 10
    Info (15719): Pin "sampled_poly_data[25]" is virtual output pin File: C:/Users/Angelina/Documents/ML_DSA/rtl/expanda_top.v Line: 10
    Info (15719): Pin "sampled_poly_data[26]" is virtual output pin File: C:/Users/Angelina/Documents/ML_DSA/rtl/expanda_top.v Line: 10
    Info (15719): Pin "sampled_poly_data[27]" is virtual output pin File: C:/Users/Angelina/Documents/ML_DSA/rtl/expanda_top.v Line: 10
    Info (15719): Pin "sampled_poly_data[28]" is virtual output pin File: C:/Users/Angelina/Documents/ML_DSA/rtl/expanda_top.v Line: 10
    Info (15719): Pin "sampled_poly_data[29]" is virtual output pin File: C:/Users/Angelina/Documents/ML_DSA/rtl/expanda_top.v Line: 10
    Info (15719): Pin "sampled_poly_data[30]" is virtual output pin File: C:/Users/Angelina/Documents/ML_DSA/rtl/expanda_top.v Line: 10
    Info (15719): Pin "sampled_poly_data[31]" is virtual output pin File: C:/Users/Angelina/Documents/ML_DSA/rtl/expanda_top.v Line: 10
    Info (15719): Pin "sampled_poly_data[32]" is virtual output pin File: C:/Users/Angelina/Documents/ML_DSA/rtl/expanda_top.v Line: 10
    Info (15718): Pin "rst" is virtual input pin File: C:/Users/Angelina/Documents/ML_DSA/rtl/expanda_top.v Line: 4
    Info (15718): Pin "sampled_poly_ready" is virtual input pin File: C:/Users/Angelina/Documents/ML_DSA/rtl/expanda_top.v Line: 12
    Info (15718): Pin "expand_a_start" is virtual input pin File: C:/Users/Angelina/Documents/ML_DSA/rtl/expanda_top.v Line: 8
    Info (15718): Pin "rho_valid" is virtual input pin File: C:/Users/Angelina/Documents/ML_DSA/rtl/expanda_top.v Line: 6
    Info (15718): Pin "rho_data[17]" is virtual input pin File: C:/Users/Angelina/Documents/ML_DSA/rtl/expanda_top.v Line: 5
    Info (15718): Pin "rho_data[9]" is virtual input pin File: C:/Users/Angelina/Documents/ML_DSA/rtl/expanda_top.v Line: 5
    Info (15718): Pin "rho_data[1]" is virtual input pin File: C:/Users/Angelina/Documents/ML_DSA/rtl/expanda_top.v Line: 5
    Info (15718): Pin "rho_data[5]" is virtual input pin File: C:/Users/Angelina/Documents/ML_DSA/rtl/expanda_top.v Line: 5
    Info (15718): Pin "rho_data[2]" is virtual input pin File: C:/Users/Angelina/Documents/ML_DSA/rtl/expanda_top.v Line: 5
    Info (15718): Pin "rho_data[0]" is virtual input pin File: C:/Users/Angelina/Documents/ML_DSA/rtl/expanda_top.v Line: 5
    Info (15718): Pin "rho_data[8]" is virtual input pin File: C:/Users/Angelina/Documents/ML_DSA/rtl/expanda_top.v Line: 5
    Info (15718): Pin "rho_data[10]" is virtual input pin File: C:/Users/Angelina/Documents/ML_DSA/rtl/expanda_top.v Line: 5
    Info (15718): Pin "rho_data[11]" is virtual input pin File: C:/Users/Angelina/Documents/ML_DSA/rtl/expanda_top.v Line: 5
    Info (15718): Pin "rho_data[3]" is virtual input pin File: C:/Users/Angelina/Documents/ML_DSA/rtl/expanda_top.v Line: 5
    Info (15718): Pin "rho_data[12]" is virtual input pin File: C:/Users/Angelina/Documents/ML_DSA/rtl/expanda_top.v Line: 5
    Info (15718): Pin "rho_data[4]" is virtual input pin File: C:/Users/Angelina/Documents/ML_DSA/rtl/expanda_top.v Line: 5
    Info (15718): Pin "rho_data[6]" is virtual input pin File: C:/Users/Angelina/Documents/ML_DSA/rtl/expanda_top.v Line: 5
    Info (15718): Pin "rho_data[7]" is virtual input pin File: C:/Users/Angelina/Documents/ML_DSA/rtl/expanda_top.v Line: 5
    Info (15718): Pin "rho_data[18]" is virtual input pin File: C:/Users/Angelina/Documents/ML_DSA/rtl/expanda_top.v Line: 5
    Info (15718): Pin "rho_data[19]" is virtual input pin File: C:/Users/Angelina/Documents/ML_DSA/rtl/expanda_top.v Line: 5
    Info (15718): Pin "rho_data[13]" is virtual input pin File: C:/Users/Angelina/Documents/ML_DSA/rtl/expanda_top.v Line: 5
    Info (15718): Pin "rho_data[14]" is virtual input pin File: C:/Users/Angelina/Documents/ML_DSA/rtl/expanda_top.v Line: 5
    Info (15718): Pin "rho_data[16]" is virtual input pin File: C:/Users/Angelina/Documents/ML_DSA/rtl/expanda_top.v Line: 5
    Info (15718): Pin "rho_data[20]" is virtual input pin File: C:/Users/Angelina/Documents/ML_DSA/rtl/expanda_top.v Line: 5
    Info (15718): Pin "rho_data[21]" is virtual input pin File: C:/Users/Angelina/Documents/ML_DSA/rtl/expanda_top.v Line: 5
    Info (15718): Pin "rho_data[22]" is virtual input pin File: C:/Users/Angelina/Documents/ML_DSA/rtl/expanda_top.v Line: 5
    Info (15718): Pin "rho_data[15]" is virtual input pin File: C:/Users/Angelina/Documents/ML_DSA/rtl/expanda_top.v Line: 5
    Info (15718): Pin "rho_data[25]" is virtual input pin File: C:/Users/Angelina/Documents/ML_DSA/rtl/expanda_top.v Line: 5
    Info (15718): Pin "rho_data[41]" is virtual input pin File: C:/Users/Angelina/Documents/ML_DSA/rtl/expanda_top.v Line: 5
    Info (15718): Pin "rho_data[33]" is virtual input pin File: C:/Users/Angelina/Documents/ML_DSA/rtl/expanda_top.v Line: 5
    Info (15718): Pin "rho_data[29]" is virtual input pin File: C:/Users/Angelina/Documents/ML_DSA/rtl/expanda_top.v Line: 5
    Info (15718): Pin "rho_data[26]" is virtual input pin File: C:/Users/Angelina/Documents/ML_DSA/rtl/expanda_top.v Line: 5
    Info (15718): Pin "rho_data[24]" is virtual input pin File: C:/Users/Angelina/Documents/ML_DSA/rtl/expanda_top.v Line: 5
    Info (15718): Pin "rho_data[32]" is virtual input pin File: C:/Users/Angelina/Documents/ML_DSA/rtl/expanda_top.v Line: 5
    Info (15718): Pin "rho_data[34]" is virtual input pin File: C:/Users/Angelina/Documents/ML_DSA/rtl/expanda_top.v Line: 5
    Info (15718): Pin "rho_data[35]" is virtual input pin File: C:/Users/Angelina/Documents/ML_DSA/rtl/expanda_top.v Line: 5
    Info (15718): Pin "rho_data[27]" is virtual input pin File: C:/Users/Angelina/Documents/ML_DSA/rtl/expanda_top.v Line: 5
    Info (15718): Pin "rho_data[36]" is virtual input pin File: C:/Users/Angelina/Documents/ML_DSA/rtl/expanda_top.v Line: 5
    Info (15718): Pin "rho_data[28]" is virtual input pin File: C:/Users/Angelina/Documents/ML_DSA/rtl/expanda_top.v Line: 5
    Info (15718): Pin "rho_data[30]" is virtual input pin File: C:/Users/Angelina/Documents/ML_DSA/rtl/expanda_top.v Line: 5
    Info (15718): Pin "rho_data[31]" is virtual input pin File: C:/Users/Angelina/Documents/ML_DSA/rtl/expanda_top.v Line: 5
    Info (15718): Pin "rho_data[23]" is virtual input pin File: C:/Users/Angelina/Documents/ML_DSA/rtl/expanda_top.v Line: 5
    Info (15718): Pin "rho_data[42]" is virtual input pin File: C:/Users/Angelina/Documents/ML_DSA/rtl/expanda_top.v Line: 5
    Info (15718): Pin "rho_data[43]" is virtual input pin File: C:/Users/Angelina/Documents/ML_DSA/rtl/expanda_top.v Line: 5
    Info (15718): Pin "rho_data[37]" is virtual input pin File: C:/Users/Angelina/Documents/ML_DSA/rtl/expanda_top.v Line: 5
    Info (15718): Pin "rho_data[38]" is virtual input pin File: C:/Users/Angelina/Documents/ML_DSA/rtl/expanda_top.v Line: 5
    Info (15718): Pin "rho_data[40]" is virtual input pin File: C:/Users/Angelina/Documents/ML_DSA/rtl/expanda_top.v Line: 5
    Info (15718): Pin "rho_data[44]" is virtual input pin File: C:/Users/Angelina/Documents/ML_DSA/rtl/expanda_top.v Line: 5
    Info (15718): Pin "rho_data[45]" is virtual input pin File: C:/Users/Angelina/Documents/ML_DSA/rtl/expanda_top.v Line: 5
    Info (15718): Pin "rho_data[46]" is virtual input pin File: C:/Users/Angelina/Documents/ML_DSA/rtl/expanda_top.v Line: 5
    Info (15718): Pin "rho_data[39]" is virtual input pin File: C:/Users/Angelina/Documents/ML_DSA/rtl/expanda_top.v Line: 5
    Info (15718): Pin "rho_data[49]" is virtual input pin File: C:/Users/Angelina/Documents/ML_DSA/rtl/expanda_top.v Line: 5
    Info (15718): Pin "rho_data[65]" is virtual input pin File: C:/Users/Angelina/Documents/ML_DSA/rtl/expanda_top.v Line: 5
    Info (15718): Pin "rho_data[57]" is virtual input pin File: C:/Users/Angelina/Documents/ML_DSA/rtl/expanda_top.v Line: 5
    Info (15718): Pin "rho_data[53]" is virtual input pin File: C:/Users/Angelina/Documents/ML_DSA/rtl/expanda_top.v Line: 5
    Info (15718): Pin "rho_data[50]" is virtual input pin File: C:/Users/Angelina/Documents/ML_DSA/rtl/expanda_top.v Line: 5
    Info (15718): Pin "rho_data[48]" is virtual input pin File: C:/Users/Angelina/Documents/ML_DSA/rtl/expanda_top.v Line: 5
    Info (15718): Pin "rho_data[56]" is virtual input pin File: C:/Users/Angelina/Documents/ML_DSA/rtl/expanda_top.v Line: 5
    Info (15718): Pin "rho_data[58]" is virtual input pin File: C:/Users/Angelina/Documents/ML_DSA/rtl/expanda_top.v Line: 5
    Info (15718): Pin "rho_data[59]" is virtual input pin File: C:/Users/Angelina/Documents/ML_DSA/rtl/expanda_top.v Line: 5
    Info (15718): Pin "rho_data[51]" is virtual input pin File: C:/Users/Angelina/Documents/ML_DSA/rtl/expanda_top.v Line: 5
    Info (15718): Pin "rho_data[60]" is virtual input pin File: C:/Users/Angelina/Documents/ML_DSA/rtl/expanda_top.v Line: 5
    Info (15718): Pin "rho_data[52]" is virtual input pin File: C:/Users/Angelina/Documents/ML_DSA/rtl/expanda_top.v Line: 5
    Info (15718): Pin "rho_data[54]" is virtual input pin File: C:/Users/Angelina/Documents/ML_DSA/rtl/expanda_top.v Line: 5
    Info (15718): Pin "rho_data[55]" is virtual input pin File: C:/Users/Angelina/Documents/ML_DSA/rtl/expanda_top.v Line: 5
    Info (15718): Pin "rho_data[47]" is virtual input pin File: C:/Users/Angelina/Documents/ML_DSA/rtl/expanda_top.v Line: 5
    Info (15718): Pin "rho_data[66]" is virtual input pin File: C:/Users/Angelina/Documents/ML_DSA/rtl/expanda_top.v Line: 5
    Info (15718): Pin "rho_data[67]" is virtual input pin File: C:/Users/Angelina/Documents/ML_DSA/rtl/expanda_top.v Line: 5
    Info (15718): Pin "rho_data[61]" is virtual input pin File: C:/Users/Angelina/Documents/ML_DSA/rtl/expanda_top.v Line: 5
    Info (15718): Pin "rho_data[62]" is virtual input pin File: C:/Users/Angelina/Documents/ML_DSA/rtl/expanda_top.v Line: 5
    Info (15718): Pin "rho_data[64]" is virtual input pin File: C:/Users/Angelina/Documents/ML_DSA/rtl/expanda_top.v Line: 5
    Info (15718): Pin "rho_data[68]" is virtual input pin File: C:/Users/Angelina/Documents/ML_DSA/rtl/expanda_top.v Line: 5
    Info (15718): Pin "rho_data[69]" is virtual input pin File: C:/Users/Angelina/Documents/ML_DSA/rtl/expanda_top.v Line: 5
    Info (15718): Pin "rho_data[70]" is virtual input pin File: C:/Users/Angelina/Documents/ML_DSA/rtl/expanda_top.v Line: 5
    Info (15718): Pin "rho_data[63]" is virtual input pin File: C:/Users/Angelina/Documents/ML_DSA/rtl/expanda_top.v Line: 5
    Info (15718): Pin "rho_data[73]" is virtual input pin File: C:/Users/Angelina/Documents/ML_DSA/rtl/expanda_top.v Line: 5
    Info (15718): Pin "rho_data[89]" is virtual input pin File: C:/Users/Angelina/Documents/ML_DSA/rtl/expanda_top.v Line: 5
    Info (15718): Pin "rho_data[81]" is virtual input pin File: C:/Users/Angelina/Documents/ML_DSA/rtl/expanda_top.v Line: 5
    Info (15718): Pin "rho_data[77]" is virtual input pin File: C:/Users/Angelina/Documents/ML_DSA/rtl/expanda_top.v Line: 5
    Info (15718): Pin "rho_data[74]" is virtual input pin File: C:/Users/Angelina/Documents/ML_DSA/rtl/expanda_top.v Line: 5
    Info (15718): Pin "rho_data[72]" is virtual input pin File: C:/Users/Angelina/Documents/ML_DSA/rtl/expanda_top.v Line: 5
    Info (15718): Pin "rho_data[80]" is virtual input pin File: C:/Users/Angelina/Documents/ML_DSA/rtl/expanda_top.v Line: 5
    Info (15718): Pin "rho_data[82]" is virtual input pin File: C:/Users/Angelina/Documents/ML_DSA/rtl/expanda_top.v Line: 5
    Info (15718): Pin "rho_data[83]" is virtual input pin File: C:/Users/Angelina/Documents/ML_DSA/rtl/expanda_top.v Line: 5
    Info (15718): Pin "rho_data[75]" is virtual input pin File: C:/Users/Angelina/Documents/ML_DSA/rtl/expanda_top.v Line: 5
    Info (15718): Pin "rho_data[84]" is virtual input pin File: C:/Users/Angelina/Documents/ML_DSA/rtl/expanda_top.v Line: 5
    Info (15718): Pin "rho_data[76]" is virtual input pin File: C:/Users/Angelina/Documents/ML_DSA/rtl/expanda_top.v Line: 5
    Info (15718): Pin "rho_data[78]" is virtual input pin File: C:/Users/Angelina/Documents/ML_DSA/rtl/expanda_top.v Line: 5
    Info (15718): Pin "rho_data[79]" is virtual input pin File: C:/Users/Angelina/Documents/ML_DSA/rtl/expanda_top.v Line: 5
    Info (15718): Pin "rho_data[71]" is virtual input pin File: C:/Users/Angelina/Documents/ML_DSA/rtl/expanda_top.v Line: 5
    Info (15718): Pin "rho_data[90]" is virtual input pin File: C:/Users/Angelina/Documents/ML_DSA/rtl/expanda_top.v Line: 5
    Info (15718): Pin "rho_data[91]" is virtual input pin File: C:/Users/Angelina/Documents/ML_DSA/rtl/expanda_top.v Line: 5
    Info (15718): Pin "rho_data[85]" is virtual input pin File: C:/Users/Angelina/Documents/ML_DSA/rtl/expanda_top.v Line: 5
    Info (15718): Pin "rho_data[86]" is virtual input pin File: C:/Users/Angelina/Documents/ML_DSA/rtl/expanda_top.v Line: 5
    Info (15718): Pin "rho_data[88]" is virtual input pin File: C:/Users/Angelina/Documents/ML_DSA/rtl/expanda_top.v Line: 5
    Info (15718): Pin "rho_data[92]" is virtual input pin File: C:/Users/Angelina/Documents/ML_DSA/rtl/expanda_top.v Line: 5
    Info (15718): Pin "rho_data[93]" is virtual input pin File: C:/Users/Angelina/Documents/ML_DSA/rtl/expanda_top.v Line: 5
    Info (15718): Pin "rho_data[94]" is virtual input pin File: C:/Users/Angelina/Documents/ML_DSA/rtl/expanda_top.v Line: 5
    Info (15718): Pin "rho_data[87]" is virtual input pin File: C:/Users/Angelina/Documents/ML_DSA/rtl/expanda_top.v Line: 5
    Info (15718): Pin "rho_data[97]" is virtual input pin File: C:/Users/Angelina/Documents/ML_DSA/rtl/expanda_top.v Line: 5
    Info (15718): Pin "rho_data[113]" is virtual input pin File: C:/Users/Angelina/Documents/ML_DSA/rtl/expanda_top.v Line: 5
    Info (15718): Pin "rho_data[105]" is virtual input pin File: C:/Users/Angelina/Documents/ML_DSA/rtl/expanda_top.v Line: 5
    Info (15718): Pin "rho_data[101]" is virtual input pin File: C:/Users/Angelina/Documents/ML_DSA/rtl/expanda_top.v Line: 5
    Info (15718): Pin "rho_data[98]" is virtual input pin File: C:/Users/Angelina/Documents/ML_DSA/rtl/expanda_top.v Line: 5
    Info (15718): Pin "rho_data[96]" is virtual input pin File: C:/Users/Angelina/Documents/ML_DSA/rtl/expanda_top.v Line: 5
    Info (15718): Pin "rho_data[104]" is virtual input pin File: C:/Users/Angelina/Documents/ML_DSA/rtl/expanda_top.v Line: 5
    Info (15718): Pin "rho_data[106]" is virtual input pin File: C:/Users/Angelina/Documents/ML_DSA/rtl/expanda_top.v Line: 5
    Info (15718): Pin "rho_data[107]" is virtual input pin File: C:/Users/Angelina/Documents/ML_DSA/rtl/expanda_top.v Line: 5
    Info (15718): Pin "rho_data[99]" is virtual input pin File: C:/Users/Angelina/Documents/ML_DSA/rtl/expanda_top.v Line: 5
    Info (15718): Pin "rho_data[108]" is virtual input pin File: C:/Users/Angelina/Documents/ML_DSA/rtl/expanda_top.v Line: 5
    Info (15718): Pin "rho_data[100]" is virtual input pin File: C:/Users/Angelina/Documents/ML_DSA/rtl/expanda_top.v Line: 5
    Info (15718): Pin "rho_data[102]" is virtual input pin File: C:/Users/Angelina/Documents/ML_DSA/rtl/expanda_top.v Line: 5
    Info (15718): Pin "rho_data[103]" is virtual input pin File: C:/Users/Angelina/Documents/ML_DSA/rtl/expanda_top.v Line: 5
    Info (15718): Pin "rho_data[95]" is virtual input pin File: C:/Users/Angelina/Documents/ML_DSA/rtl/expanda_top.v Line: 5
    Info (15718): Pin "rho_data[114]" is virtual input pin File: C:/Users/Angelina/Documents/ML_DSA/rtl/expanda_top.v Line: 5
    Info (15718): Pin "rho_data[115]" is virtual input pin File: C:/Users/Angelina/Documents/ML_DSA/rtl/expanda_top.v Line: 5
    Info (15718): Pin "rho_data[109]" is virtual input pin File: C:/Users/Angelina/Documents/ML_DSA/rtl/expanda_top.v Line: 5
    Info (15718): Pin "rho_data[110]" is virtual input pin File: C:/Users/Angelina/Documents/ML_DSA/rtl/expanda_top.v Line: 5
    Info (15718): Pin "rho_data[112]" is virtual input pin File: C:/Users/Angelina/Documents/ML_DSA/rtl/expanda_top.v Line: 5
    Info (15718): Pin "rho_data[116]" is virtual input pin File: C:/Users/Angelina/Documents/ML_DSA/rtl/expanda_top.v Line: 5
    Info (15718): Pin "rho_data[117]" is virtual input pin File: C:/Users/Angelina/Documents/ML_DSA/rtl/expanda_top.v Line: 5
    Info (15718): Pin "rho_data[118]" is virtual input pin File: C:/Users/Angelina/Documents/ML_DSA/rtl/expanda_top.v Line: 5
    Info (15718): Pin "rho_data[111]" is virtual input pin File: C:/Users/Angelina/Documents/ML_DSA/rtl/expanda_top.v Line: 5
    Info (15718): Pin "rho_data[121]" is virtual input pin File: C:/Users/Angelina/Documents/ML_DSA/rtl/expanda_top.v Line: 5
    Info (15718): Pin "rho_data[125]" is virtual input pin File: C:/Users/Angelina/Documents/ML_DSA/rtl/expanda_top.v Line: 5
    Info (15718): Pin "rho_data[122]" is virtual input pin File: C:/Users/Angelina/Documents/ML_DSA/rtl/expanda_top.v Line: 5
    Info (15718): Pin "rho_data[120]" is virtual input pin File: C:/Users/Angelina/Documents/ML_DSA/rtl/expanda_top.v Line: 5
    Info (15718): Pin "rho_data[123]" is virtual input pin File: C:/Users/Angelina/Documents/ML_DSA/rtl/expanda_top.v Line: 5
    Info (15718): Pin "rho_data[124]" is virtual input pin File: C:/Users/Angelina/Documents/ML_DSA/rtl/expanda_top.v Line: 5
    Info (15718): Pin "rho_data[126]" is virtual input pin File: C:/Users/Angelina/Documents/ML_DSA/rtl/expanda_top.v Line: 5
    Info (15718): Pin "rho_data[119]" is virtual input pin File: C:/Users/Angelina/Documents/ML_DSA/rtl/expanda_top.v Line: 5
    Info (15718): Pin "rho_data[127]" is virtual input pin File: C:/Users/Angelina/Documents/ML_DSA/rtl/expanda_top.v Line: 5
Info (21057): Implemented 8534 device resources after synthesis - the final resource count might be different
    Info (21058): Implemented 1 input pins
    Info (21059): Implemented 0 output pins
    Info (21061): Implemented 8533 logic cells
Info: Quartus Prime Analysis & Synthesis was successful. 0 errors, 1 warning
    Info: Peak virtual memory: 4945 megabytes
    Info: Processing ended: Thu Oct  8 20:45:13 2026
    Info: Elapsed time: 00:00:41
    Info: Total CPU time (on all processors): 00:00:46


