job,poly,word,expected_hex,actual_hex,match
0,0,0,944f7cbb985428e4dd66bbff5578a1e1,944f7cbb985428e4dd66bbff5578a1e1,1
0,0,1,77e84b6891b0642d908f9f12a56e6e06,77e84b6891b0642d908f9f12a56e6e06,1
0,0,2,3bdfca2bdd48255da483dbcaf62406e5,3bdfca2bdd48255da483dbcaf62406e5,1
0,0,3,cfcd3dbec565cab2fcf143f65440ffd0,cfcd3dbec565cab2fcf143f65440ffd0,1
0,0,4,3495eadd831776646fa89b34047fd91a,3495eadd831776646fa89b34047fd91a,1
0,0,5,95a76d983627ac76ccf64f3ba1c8cfe1,95a76d983627ac76ccf64f3ba1c8cfe1,1
0,0,6,ee46d391adec7c46f9b08276a13e70fc,ee46d391adec7c46f9b08276a13e70fc,1
0,0,7,f1f39b83c479059b391c944f3767ac53,f1f39b83c479059b391c944f3767ac53,1
0,0,8,456e3989c6755beb028c9ab561fb70db,456e3989c6755beb028c9ab561fb70db,1
0,0,9,fce85bd829db83baf6a9ebf391676ef8,fce85bd829db83baf6a9ebf391676ef8,1
0,0,10,c526eceae382436b47f7abbbdf44286f,c526eceae382436b47f7abbbdf44286f,1
0,0,11,46d64e229de943972868c158f74ba603,46d64e229de943972868c158f74ba603,1
0,0,12,37c0fb4bfcc2289e61b2de21babd506f,37c0fb4bfcc2289e61b2de21babd506f,1
0,0,13,dc31be1b9ea25937c08aefbc2d769998,dc31be1b9ea25937c08aefbc2d769998,1
0,0,14,8e1d914d397b3ae7d74c3b9f30580161,8e1d914d397b3ae7d74c3b9f30580161,1
0,0,15,d9782b24f350094e2bc9354053a0f7d1,d9782b24f350094e2bc9354053a0f7d1,1
0,0,16,94bf302af57b8a23eca0e32bdde0a94e,94bf302af57b8a23eca0e32bdde0a94e,1
0,0,17,829add7ba0ca9e05c9722fed4a393d56,829add7ba0ca9e05c9722fed4a393d56,1
0,0,18,417ad15cb78a9c0ff8c29b53acd8ff7a,417ad15cb78a9c0ff8c29b53acd8ff7a,1
0,0,19,edcdd96a5491c888a28d4394bfaf0cee,edcdd96a5491c888a28d4394bfaf0cee,1
0,0,20,6751d6827cf1700b47a6109b97666f50,6751d6827cf1700b47a6109b97666f50,1
0,0,21,3eb8ba0b2fa91f4a1f6e7e5011704083,3eb8ba0b2fa91f4a1f6e7e5011704083,1
0,0,22,59a14a27da7db8820c03a32340dc4fdc,59a14a27da7db8820c03a32340dc4fdc,1
0,0,23,34aab8d63b3bb253643356fda9263371,34aab8d63b3bb253643356fda9263371,1
0,0,24,64d1b1d33352b49e81a1bbff1eb9ceb6,64d1b1d33352b49e81a1bbff1eb9ceb6,1
0,0,25,96ef1d64a16ff8b956563fd0d169eda7,96ef1d64a16ff8b956563fd0d169eda7,1
0,0,26,a628117f4d4c8ff38ce2f152809a52a1,a628117f4d4c8ff38ce2f152809a52a1,1
0,0,27,b57872ff9fb821d1c980b1725ff56199,b57872ff9fb821d1c980b1725ff56199,1
0,0,28,4b3644b3dfad9abf5f324849f9d1786a,4b3644b3dfad9abf5f324849f9d1786a,1
0,0,29,b6e2277c5204c26daa45179e81cb244b,b6e2277c5204c26daa45179e81cb244b,1
0,0,30,34fc203d5a265e24bf78aa473d6cfead,34fc203d5a265e24bf78aa473d6cfead,1
0,0,31,a98125402dab382232fe56f142c94707,a98125402dab382232fe56f142c94707,1
0,0,32,1f17034fcf2acafaa00ee6909d8e79ee,1f17034fcf2acafaa00ee6909d8e79ee,1
0,0,33,616d2401a5ccaed2a4e6916136096a98,616d2401a5ccaed2a4e6916136096a98,1
0,0,34,a2e30af02bc3e507d6b335a94c060a71,a2e30af02bc3e507d6b335a94c060a71,1
0,0,35,09740ec8fad58db5d688a7f36cced6d5,09740ec8fad58db5d688a7f36cced6d5,1
0,0,36,67dda408b9ce52716187ed83039c48e8,67dda408b9ce52716187ed83039c48e8,1
0,0,37,797bede44e974f99c0b8732d0f712288,797bede44e974f99c0b8732d0f712288,1
0,0,38,1bb60f6c9415add5b0619cb9e799b15d,1bb60f6c9415add5b0619cb9e799b15d,1
0,0,39,e4314ac957fa0c23da777f75a3d02c1d,e4314ac957fa0c23da777f75a3d02c1d,1
0,0,40,78663af471067b764e3c41ee8e95af3e,78663af471067b764e3c41ee8e95af3e,1
0,0,41,cc410ddb5a8212eccd5a93a24a48c981,cc410ddb5a8212eccd5a93a24a48c981,1
0,0,42,de5152d2e73e1a3cfbcc453381ccdbb0,de5152d2e73e1a3cfbcc453381ccdbb0,1
0,0,43,cd3c22b3520dda048e58660f3139c9af,cd3c22b3520dda048e58660f3139c9af,1
0,0,44,cbbe906ef5539ecab4b2adea77097479,cbbe906ef5539ecab4b2adea77097479,1
0,0,45,d440bd844f86fcf0425ae218a7e5edf8,d440bd844f86fcf0425ae218a7e5edf8,1
0,1,0,b46265830d152a28c001b94050be131d,b46265830d152a28c001b94050be131d,1
0,1,1,1130ab1ed5906220c24f42ac6203de84,1130ab1ed5906220c24f42ac6203de84,1
0,1,2,ffbcbe21555c8990780affe2f5eed191,ffbcbe21555c8990780affe2f5eed191,1
0,1,3,b3613c706c199daac1a0b4953d381d42,b3613c706c199daac1a0b4953d381d42,1
0,1,4,ffa22fec18b8a44d6b71a2bfe37c6114,ffa22fec18b8a44d6b71a2bfe37c6114,1
0,1,5,7b3531922236117cc0714586b6ef941e,7b3531922236117cc0714586b6ef941e,1
0,1,6,56cd59da81615dc04163528d7d420690,56cd59da81615dc04163528d7d420690,1
0,1,7,a5f13d42bb8401c7f2eee519c624877b,a5f13d42bb8401c7f2eee519c624877b,1
0,1,8,7bdf29beeba908759ccc24da7d13acbb,7bdf29beeba908759ccc24da7d13acbb,1
0,1,9,a431a15d8d61c94d620018f1448d6260,a431a15d8d61c94d620018f1448d6260,1
0,1,10,3253905a6ced38c050a4c03c1cf2c698,3253905a6ced38c050a4c03c1cf2c698,1
0,1,11,63a7777ff3f8b5746c056fce0c8649dc,63a7777ff3f8b5746c056fce0c8649dc,1
0,1,12,3fd2ff808dd05efc87eb397123966fad,3fd2ff808dd05efc87eb397123966fad,1
0,1,13,46039f91caeff25e3d7f187aa9e2d863,46039f91caeff25e3d7f187aa9e2d863,1
0,1,14,e83f134b33b639e83655ad244292ae27,e83f134b33b639e83655ad244292ae27,1
0,1,15,8b453330ffcb08baf1c1261cd7200de0,8b453330ffcb08baf1c1261cd7200de0,1
0,1,16,88f52434e9de296138600d365b125630,88f52434e9de296138600d365b125630,1
0,1,17,4b8d0f3e1ea37b633f96c3c915ad0e60,4b8d0f3e1ea37b633f96c3c915ad0e60,1
0,1,18,ef134599e2c2f2ff750b42df9f432ddb,ef134599e2c2f2ff750b42df9f432ddb,1
0,1,19,6cf30bff13b5594901a29f49483da6d6,6cf30bff13b5594901a29f49483da6d6,1
0,1,20,4e02cc912abe3b40517e444721aa3ec7,4e02cc912abe3b40517e444721aa3ec7,1
0,1,21,eb90973ff63e67d4215a0c4dac8f2b85,eb90973ff63e67d4215a0c4dac8f2b85,1
0,1,22,9a821f9ef34b325cefa6b2591a79dc64,9a821f9ef34b325cefa6b2591a79dc64,1
0,1,23,3ae6b79d6d821e418184950eb58b668d,3ae6b79d6d821e418184950eb58b668d,1
0,1,24,c1a26be3e0e464afc7e1e73959811c70,c1a26be3e0e464afc7e1e73959811c70,1
0,1,25,1c7686c5eb2b125f4d164919d941401d,1c7686c5eb2b125f4d164919d941401d,1
0,1,26,6e4cf8fed7d1e135dd3d37dba1696246,6e4cf8fed7d1e135dd3d37dba1696246,1
0,1,27,defba01413ff7ac5c51b1a02e135553a,defba01413ff7ac5c51b1a02e135553a,1
0,1,28,1ba746e7f8646ab39953d49e95df5b5a,1ba746e7f8646ab39953d49e95df5b5a,1
0,1,29,7329a924296da28902f16421da1b79d9,7329a924296da28902f16421da1b79d9,1
0,1,30,a30e02eb576cf071b973ce452ce32a37,a30e02eb576cf071b973ce452ce32a37,1
0,1,31,4839afe4b205b1832056c937f68b8fac,4839afe4b205b1832056c937f68b8fac,1
0,1,32,bcda75260522498f55a0cb316eafb24f,bcda75260522498f55a0cb316eafb24f,1
0,1,33,e935dc453394e306bf5b07ff0a76815d,e935dc453394e306bf5b07ff0a76815d,1
0,1,34,dd8efc1055b0f5c2c08d6e70f3742d8d,dd8efc1055b0f5c2c08d6e70f3742d8d,1
0,1,35,b14588c82318223214343c8aa8fc02e1,b14588c82318223214343c8aa8fc02e1,1
0,1,36,a4f72b76cda30d433368beaefc2bc624,a4f72b76cda30d433368beaefc2bc624,1
0,1,37,fef54f2fdd49df447c5c01ec34e3d3f7,fef54f2fdd49df447c5c01ec34e3d3f7,1
0,1,38,d4ee8c43e88ae5c4c9741fd55b08d10e,d4ee8c43e88ae5c4c9741fd55b08d10e,1
0,1,39,5a220e283331ce146d6a248efc254256,5a220e283331ce146d6a248efc254256,1
0,1,40,e2d720ceac8392a47fe8e77b40494109,e2d720ceac8392a47fe8e77b40494109,1
0,1,41,515bb72167812cb4afa26edeb7d0aafc,515bb72167812cb4afa26edeb7d0aafc,1
0,1,42,14e2b892a90164518095490ec4d84ea9,14e2b892a90164518095490ec4d84ea9,1
0,1,43,8866aef8c56787f2871e71ccce5ea2c7,8866aef8c56787f2871e71ccce5ea2c7,1
0,1,44,120c28e5d0f6285008d5cb389e8c5edf,120c28e5d0f6285008d5cb389e8c5edf,1
0,1,45,17d835a9797f08456d80361155a263e7,17d835a9797f08456d80361155a263e7,1
0,2,0,1bd26d0016dad9360ac9727beb6f215a,1bd26d0016dad9360ac9727beb6f215a,1
0,2,1,36a7eafa6acc5bf5aa89c83ff45190a3,36a7eafa6acc5bf5aa89c83ff45190a3,1
0,2,2,8bc21d5f351e5eca19863e582ea41b38,8bc21d5f351e5eca19863e582ea41b38,1
0,2,3,b59a5cabc3f56032fc3a8126bdb6eee5,b59a5cabc3f56032fc3a8126bdb6eee5,1
0,2,4,1e911d14c408cda11d7edefc1dfbb2aa,1e911d14c408cda11d7edefc1dfbb2aa,1
0,2,5,e040674207ffeaae01b2dbc1cd0e2a5a,e040674207ffeaae01b2dbc1cd0e2a5a,1
0,2,6,98914561ba78c4c5fb9b2b342e76fb22,98914561ba78c4c5fb9b2b342e76fb22,1
0,2,7,550c74b4a351f4ddf803854c0bb05d05,550c74b4a351f4ddf803854c0bb05d05,1
0,2,8,b57d657a54322597cd08802e1487513e,b57d657a54322597cd08802e1487513e,1
0,2,9,3756b8fa3ca3f681942f1c00ea4f2886,3756b8fa3ca3f681942f1c00ea4f2886,1
0,2,10,1f5cb30dac63ab20a59e34f590133175,1f5cb30dac63ab20a59e34f590133175,1
0,2,11,7f41fe240a5331756349c79f65c9a273,7f41fe240a5331756349c79f65c9a273,1
0,2,12,6e9c0be30110dfd23eb125e75e19d273,6e9c0be30110dfd23eb125e75e19d273,1
0,2,13,a0a0266a67f0e3271abf4c707e9a6433,a0a0266a67f0e3271abf4c707e9a6433,1
0,2,14,8315893d24eaf47179a03e499e54bc24,8315893d24eaf47179a03e499e54bc24,1
0,2,15,9a4f5449e8e0dde0a9c8f8841bf18676,9a4f5449e8e0dde0a9c8f8841bf18676,1
0,2,16,4581079cfd67ed49e61d8d16f3e99fa2,4581079cfd67ed49e61d8d16f3e99fa2,1
0,2,17,343d38ff9e67bf7dddd341c5fcfc9b3d,343d38ff9e67bf7dddd341c5fcfc9b3d,1
0,2,18,acf09a1625dff8f1a5b9efd2cf226384,acf09a1625dff8f1a5b9efd2cf226384,1
0,2,19,9a35ef7c0c3d7a6494d0fd771c635fe8,9a35ef7c0c3d7a6494d0fd771c635fe8,1
0,2,20,513fd987c9b7b10b449ed64c76f63956,513fd987c9b7b10b449ed64c76f63956,1
0,2,21,e34b38f885e0ccdd558b4165c5be040b,e34b38f885e0ccdd558b4165c5be040b,1
0,2,22,873d3a9838378334b021054016610499,873d3a9838378334b021054016610499,1
0,2,23,e51ca9da4cc1a85ee56ee44e298562d7,e51ca9da4cc1a85ee56ee44e298562d7,1
0,2,24,5f799b8c4bbc5bbd07b10231d8d4e758,5f799b8c4bbc5bbd07b10231d8d4e758,1
0,2,25,9581839249f226f74d49f092b77b6d3d,9581839249f226f74d49f092b77b6d3d,1
0,2,26,cde0b003cd61493d97807b555683b204,cde0b003cd61493d97807b555683b204,1
0,2,27,9d62d4fd420167af0e29a138d7668af9,9d62d4fd420167af0e29a138d7668af9,1
0,2,28,1b84ef4a83188f27e460233f3ce7b315,1b84ef4a83188f27e460233f3ce7b315,1
0,2,29,a4cfdff6fa06c44537fc33e3f6b55b20,a4cfdff6fa06c44537fc33e3f6b55b20,1
0,2,30,8ba6b99d5ff13d805cc33fc81d3b6e69,8ba6b99d5ff13d805cc33fc81d3b6e69,1
0,2,31,5c572332f53314f969c0a59d32468d68,5c572332f53314f969c0a59d32468d68,1
0,2,32,4ad083e9a704e7d01032ab1550852f39,4ad083e9a704e7d01032ab1550852f39,1
0,2,33,afeae316444a9fa86ad67a1b74e030e7,afeae316444a9fa86ad67a1b74e030e7,1
0,2,34,bc3e8f811c0b8b059bbd715a47eb4c78,bc3e8f811c0b8b059bbd715a47eb4c78,1
0,2,35,2157008555aced1f87e8ebf80424db19,2157008555aced1f87e8ebf80424db19,1
0,2,36,4ee6b71bddd9631610b8c01cd1a03bca,4ee6b71bddd9631610b8c01cd1a03bca,1
0,2,37,68af9cb6ae04f5ae42a1e406e5a1f6aa,68af9cb6ae04f5ae42a1e406e5a1f6aa,1
0,2,38,35ee3a52482ca758c0c4461165979413,35ee3a52482ca758c0c4461165979413,1
0,2,39,12f1e4f29bcdbb39dcc225c52eeae3e7,12f1e4f29bcdbb39dcc225c52eeae3e7,1
0,2,40,ab451f255303d0bb549d4f5d76decfea,ab451f255303d0bb549d4f5d76decfea,1
0,2,41,fe85d40719be271cdae7091f643a616a,fe85d40719be271cdae7091f643a616a,1
0,2,42,49f5d00ba310d78fc1c394be659bc792,49f5d00ba310d78fc1c394be659bc792,1
0,2,43,96656dd5e519db971442138bac0c87e4,96656dd5e519db971442138bac0c87e4,1
0,2,44,3594bc9b239e9578fd24c379ac21e176,3594bc9b239e9578fd24c379ac21e176,1
0,2,45,d2cfa1011aea5d155257898568193d27,d2cfa1011aea5d155257898568193d27,1
0,3,0,0c6eb7a8096a7ce5895f33f722c79404,0c6eb7a8096a7ce5895f33f722c79404,1
0,3,1,eae6d8e7f58aeabada9c836bbb68ce28,eae6d8e7f58aeabada9c836bbb68ce28,1
0,3,2,8f0dc84f527c98ad8c1cc1b13a4428c2,8f0dc84f527c98ad8c1cc1b13a4428c2,1
0,3,3,19bd8afee555658fbf13ad68672687c3,19bd8afee555658fbf13ad68672687c3,1
0,3,4,98289e6c9fbe03280c2cbf45bb2c16dc,98289e6c9fbe03280c2cbf45bb2c16dc,1
0,3,5,47c9987cbd5386e79dfb144c8541d223,47c9987cbd5386e79dfb144c8541d223,1
0,3,6,6e1f99c3afa314c7f405db64c04807d9,6e1f99c3afa314c7f405db64c04807d9,1
0,3,7,be1bc8be3e645150df2cbda9bdd747a5,be1bc8be3e645150df2cbda9bdd747a5,1
0,3,8,41e445cd82cdfe9db0673cf72dc8903c,41e445cd82cdfe9db0673cf72dc8903c,1
0,3,9,a97e595ac7cdf2f3abfcb02dac79ebc1,a97e595ac7cdf2f3abfcb02dac79ebc1,1
0,3,10,25f8e6bd02528ccd8341551d396244af,25f8e6bd02528ccd8341551d396244af,1
0,3,11,fc10cd952da0bfd49f850240e8e13d93,fc10cd952da0bfd49f850240e8e13d93,1
0,3,12,cb374ee21f5bc9fb0995a3c8c21ce195,cb374ee21f5bc9fb0995a3c8c21ce195,1
0,3,13,abbccff775729dab05ce26717dde23ad,abbccff775729dab05ce26717dde23ad,1
0,3,14,32fe1b2cb3c1e16cd2c63658aef2ad5e,32fe1b2cb3c1e16cd2c63658aef2ad5e,1
0,3,15,8fb8440903fbbfb8e31e6d50bdf9e730,8fb8440903fbbfb8e31e6d50bdf9e730,1
0,3,16,08c7bef630008e6f54eff8a600bd06d6,08c7bef630008e6f54eff8a600bd06d6,1
0,3,17,b9faf7485daf21d1ec11f85c1dad7199,b9faf7485daf21d1ec11f85c1dad7199,1
0,3,18,1b037f20b0ede4adb14fffea5e7a186b,1b037f20b0ede4adb14fffea5e7a186b,1
0,3,19,f82065dcaa00f435da591fb82bfd54de,f82065dcaa00f435da591fb82bfd54de,1
0,3,20,a1ee7f5ce2f184457ae8475d0b604dcf,a1ee7f5ce2f184457ae8475d0b604dcf,1
0,3,21,755ffcc5a5e3fdbdf51a030b8f1dc4a1,755ffcc5a5e3fdbdf51a030b8f1dc4a1,1
0,3,22,8ce7298b3fbab012bfc15578ba4d2fff,8ce7298b3fbab012bfc15578ba4d2fff,1
0,3,23,7b91e508cb6b45be43c6416f9e2e3aa3,7b91e508cb6b45be43c6416f9e2e3aa3,1
0,3,24,37aed05f7605f791f70c64b6227dcc80,37aed05f7605f791f70c64b6227dcc80,1
0,3,25,c2c211d06dcd2d35c74a5c2842415e48,c2c211d06dcd2d35c74a5c2842415e48,1
0,3,26,9436a4133417819b336f675d6b676446,9436a4133417819b336f675d6b676446,1
0,3,27,fdc959751b3ab65dcaa8af753dab0424,fdc959751b3ab65dcaa8af753dab0424,1
0,3,28,bdccba009b71a9537100d02bdb54b4e7,bdccba009b71a9537100d02bdb54b4e7,1
0,3,29,6158ee65afe8595cfada1b456275bb1d,6158ee65afe8595cfada1b456275bb1d,1
0,3,30,63c5b9ee203b4ca6f17c75a7077b480c,63c5b9ee203b4ca6f17c75a7077b480c,1
0,3,31,5f7eef3f7c33cde964bf3627525c311d,5f7eef3f7c33cde964bf3627525c311d,1
0,3,32,e30b5d023ba1c345a40536512007c161,e30b5d023ba1c345a40536512007c161,1
0,3,33,b36b03937289239b23f613383810c09a,b36b03937289239b23f613383810c09a,1
0,3,34,44bef99550316ed279c070d50ef5edfb,44bef99550316ed279c070d50ef5edfb,1
0,3,35,4419ff5e57dc758eb8e1fe1b82fea1f2,4419ff5e57dc758eb8e1fe1b82fea1f2,1
0,3,36,6cb23510aa05186dd692299ec38f69c1,6cb23510aa05186dd692299ec38f69c1,1
0,3,37,3c6acedf503e0a2e92c5c9f03e32cb39,3c6acedf503e0a2e92c5c9f03e32cb39,1
0,3,38,c044eb3b70c8a994d4d1fd32895df63f,c044eb3b70c8a994d4d1fd32895df63f,1
0,3,39,03ba8eff22349f55c7d9316e9ae18cb9,03ba8eff22349f55c7d9316e9ae18cb9,1
0,3,40,6cc2aad9c25434ca065f4b54c82f2018,6cc2aad9c25434ca065f4b54c82f2018,1
0,3,41,e2f927407b33fc515a5f7001749ff1ae,e2f927407b33fc515a5f7001749ff1ae,1
0,3,42,732b8c35330ef6cba10ad1d1d2abfbd2,732b8c35330ef6cba10ad1d1d2abfbd2,1
0,3,43,7d564f3ce554ab3d1281cbe5d3b2064a,7d564f3ce554ab3d1281cbe5d3b2064a,1
0,3,44,44a7adcec225a07529b1c3ad26e97f83,44a7adcec225a07529b1c3ad26e97f83,1
0,3,45,37e54ec56683161e2074bbc9acfb41dc,37e54ec56683161e2074bbc9acfb41dc,1
0,4,0,94d69501575075949614c69825ca39d0,94d69501575075949614c69825ca39d0,1
0,4,1,34d9a535c5f29ace495b9589f2adae3b,34d9a535c5f29ace495b9589f2adae3b,1
0,4,2,ad955771a1123f22a922c94533e981ba,ad955771a1123f22a922c94533e981ba,1
0,4,3,95be031a856f8272cf8bb13e153475f9,95be031a856f8272cf8bb13e153475f9,1
0,4,4,6588b3140468e5f6dffb861fba7a9426,6588b3140468e5f6dffb861fba7a9426,1
0,4,5,a2ebd90ff7a6bea657605aee8092fee7,a2ebd90ff7a6bea657605aee8092fee7,1
0,4,6,b590f6579e27f53f8375c032b7cae32e,b590f6579e27f53f8375c032b7cae32e,1
0,4,7,d64c471709a55cd17c9d091d0a24725f,d64c471709a55cd17c9d091d0a24725f,1
0,4,8,12b2dc88c5c3dc848aa65250de8b9b54,12b2dc88c5c3dc848aa65250de8b9b54,1
0,4,9,fa092cbcbf54b970a2ea7e8ad357af7f,fa092cbcbf54b970a2ea7e8ad357af7f,1
0,4,10,3c85d840a6e380374aca3c26fd27f056,3c85d840a6e380374aca3c26fd27f056,1
0,4,11,43cfe77c330efe348c2ea668c1d98ee8,43cfe77c330efe348c2ea668c1d98ee8,1
0,4,12,6e48f49dcd8114a1efaf9f899c9faef6,6e48f49dcd8114a1efaf9f899c9faef6,1
0,4,13,e9a6df1c2239c944abb4768a2b6f93a9,e9a6df1c2239c944abb4768a2b6f93a9,1
0,4,14,9b7606b6bc68f6817f78ac6305a94559,9b7606b6bc68f6817f78ac6305a94559,1
0,4,15,7f4370f5376757aa9673e247926752d1,7f4370f5376757aa9673e247926752d1,1
0,4,16,0fe34232d5e005dff58cc8b2c3c63c8a,0fe34232d5e005dff58cc8b2c3c63c8a,1
0,4,17,40d98ba11eac999a62f399d7b70e1a51,40d98ba11eac999a62f399d7b70e1a51,1
0,4,18,f5193f8a88c8c18dda05bc319201e39c,f5193f8a88c8c18dda05bc319201e39c,1
0,4,19,dfc82a12572b643734dd83f73a7ed35d,dfc82a12572b643734dd83f73a7ed35d,1
0,4,20,c4c23637b977ac286054dbbc80d5ce2b,c4c23637b977ac286054dbbc80d5ce2b,1
0,4,21,48114b21930e9938219ea64e1b84bb07,48114b21930e9938219ea64e1b84bb07,1
0,4,22,8dbb97e2e5174534fe0add0036961d69,8dbb97e2e5174534fe0add0036961d69,1
0,4,23,96e7a9216475b953ff3a81e27a75b1ef,96e7a9216475b953ff3a81e27a75b1ef,1
0,4,24,82fc5896ba7f76895f1fff92e23ddce7,82fc5896ba7f76895f1fff92e23ddce7,1
0,4,25,dc32426acd74a99194111a3a4525c176,dc32426acd74a99194111a3a4525c176,1
0,4,26,737f75d4e41ec077c3454d72d7784f80,737f75d4e41ec077c3454d72d7784f80,1
0,4,27,432204fc7d93e984cd5f1068acd925ab,432204fc7d93e984cd5f1068acd925ab,1
0,4,28,a8de8eb5624cc386cd5e7ae834a4b229,a8de8eb5624cc386cd5e7ae834a4b229,1
0,4,29,14c2f0333c97527aad80266b3d38e3cb,14c2f0333c97527aad80266b3d38e3cb,1
0,4,30,1f9e3c34b2979fb153b4b0a2944e4ad9,1f9e3c34b2979fb153b4b0a2944e4ad9,1
0,4,31,d0fc9d62fbedeb9d69b37f463df06860,d0fc9d62fbedeb9d69b37f463df06860,1
0,4,32,439945648f626e5d4729bdff2b60d276,439945648f626e5d4729bdff2b60d276,1
0,4,33,1bc7c60595ef3449d393ccc9c4bce02d,1bc7c60595ef3449d393ccc9c4bce02d,1
0,4,34,117ae850c65405c3f85c0bb70bdd11ff,117ae850c65405c3f85c0bb70bdd11ff,1
0,4,35,6f77a411e3774a6b8c877d62d549ec7f,6f77a411e3774a6b8c877d62d549ec7f,1
0,4,36,76155dd5b6aea8eb125c5995eed7ff01,76155dd5b6aea8eb125c5995eed7ff01,1
0,4,37,d9e56c4e0462e6a0fdef40cf0396277d,d9e56c4e0462e6a0fdef40cf0396277d,1
0,4,38,d7f8eaad014318e3de0ea1dfee61778e,d7f8eaad014318e3de0ea1dfee61778e,1
0,4,39,c6b514ebbdef164089a4216c36118106,c6b514ebbdef164089a4216c36118106,1
0,4,40,3d553d7a8ecb9d785d1be20c295ea630,3d553d7a8ecb9d785d1be20c295ea630,1
0,4,41,1d9f230b7fd4b9121d095c45779dd1fd,1d9f230b7fd4b9121d095c45779dd1fd,1
0,4,42,360a7555ea415a9a20cf38b1a253aae8,360a7555ea415a9a20cf38b1a253aae8,1
0,4,43,06d9c47c2c561f1a9eda3f7b56a49691,06d9c47c2c561f1a9eda3f7b56a49691,1
0,4,44,0ac20aa2d462de7f2f717d18c8939b8b,0ac20aa2d462de7f2f717d18c8939b8b,1
0,4,45,e8d3e51f5c68c9157fce1923fc8da8cf,e8d3e51f5c68c9157fce1923fc8da8cf,1
0,5,0,4074e319da62f10745d90f5b60ab29df,4074e319da62f10745d90f5b60ab29df,1
0,5,1,839821b289920456379e20fe0d3591f3,839821b289920456379e20fe0d3591f3,1
0,5,2,17630f3821e62052ea9d06fd327465a3,17630f3821e62052ea9d06fd327465a3,1
0,5,3,ef3ffd61f973ea7ea1ecf5412ee364c7,ef3ffd61f973ea7ea1ecf5412ee364c7,1
0,5,4,69d6c48f780d63ce98f301d32b5b0766,69d6c48f780d63ce98f301d32b5b0766,1
0,5,5,566c22ca45e4f0d87d8f7a3c4c995567,566c22ca45e4f0d87d8f7a3c4c995567,1
0,5,6,218b09b6cdb0be6fd4d96fe75c5ea15d,218b09b6cdb0be6fd4d96fe75c5ea15d,1
0,5,7,a2309a3d943f7151612587a771d72d72,a2309a3d943f7151612587a771d72d72,1
0,5,8,b4674f725978040c205db6116fc0347e,b4674f725978040c205db6116fc0347e,1
0,5,9,13a98e64449775c543745819c2da8a74,13a98e64449775c543745819c2da8a74,1
0,5,10,bf9238c0872274c824fa33baf77a8456,bf9238c0872274c824fa33baf77a8456,1
0,5,11,a3a1c1e41b26bb12791ed5e7b3c54de5,a3a1c1e41b26bb12791ed5e7b3c54de5,1
0,5,12,5e9f403ff1989de91cc47b54e1527f6c,5e9f403ff1989de91cc47b54e1527f6c,1
0,5,13,05bde1b133b2c6e7262f41d69c3bcc30,05bde1b133b2c6e7262f41d69c3bcc30,1
0,5,14,cb2f1163ac39ed15e75cb1818a78d243,cb2f1163ac39ed15e75cb1818a78d243,1
0,5,15,e3ebab1a4cced27d822351925108af03,e3ebab1a4cced27d822351925108af03,1
0,5,16,a52ae419c75013437466db8412e1de96,a52ae419c75013437466db8412e1de96,1
0,5,17,84619f80b308ebbf205bd8549025b106,84619f80b308ebbf205bd8549025b106,1
0,5,18,486856528ea205f7c3c25334616ad83a,486856528ea205f7c3c25334616ad83a,1
0,5,19,ced8f8a9e84b89d171ad26a533747f21,ced8f8a9e84b89d171ad26a533747f21,1
0,5,20,ba8ca285538fb478260fb7d3d061be76,ba8ca285538fb478260fb7d3d061be76,1
0,5,21,e5b55ba31aa3443f6cc6c2f0770d5b83,e5b55ba31aa3443f6cc6c2f0770d5b83,1
0,5,22,7fb04d3a6ca422cde351fd3297d95fb9,7fb04d3a6ca422cde351fd3297d95fb9,1
0,5,23,06926388a6fc5a65c48a51144f288cf6,06926388a6fc5a65c48a51144f288cf6,1
0,5,24,e8be37ee9ff0a043d0512c244488aca6,e8be37ee9ff0a043d0512c244488aca6,1
0,5,25,22483ab920cab5578e65350574a0524c,22483ab920cab5578e65350574a0524c,1
0,5,26,e57d10b83ba4eb991338edc2bbe9236a,e57d10b83ba4eb991338edc2bbe9236a,1
0,5,27,b17d09f29e1184adc33819f2900420f6,b17d09f29e1184adc33819f2900420f6,1
0,5,28,0ac082570af97a85047a9b25ef3a0f59,0ac082570af97a85047a9b25ef3a0f59,1
0,5,29,dfed94e6db0acb834fa59dd41643181a,dfed94e6db0acb834fa59dd41643181a,1
0,5,30,7f8948c785f18b8a4d4bbe3582c4345c,7f8948c785f18b8a4d4bbe3582c4345c,1
0,5,31,647c42bab8c1afb87c2a565b23ba65af,647c42bab8c1afb87c2a565b23ba65af,1
0,5,32,87151c9c3946873fe52f9651a791153b,87151c9c3946873fe52f9651a791153b,1
0,5,33,ace02defcd64d02c096ec0af86aad139,ace02defcd64d02c096ec0af86aad139,1
0,5,34,13d5c9660471a082e0d3645134ee5c52,13d5c9660471a082e0d3645134ee5c52,1
0,5,35,9e96669d1af026a5dbc280f99f3d39eb,9e96669d1af026a5dbc280f99f3d39eb,1
0,5,36,476339024efc8b083bfea6dda672cad9,476339024efc8b083bfea6dda672cad9,1
0,5,37,e460498ce136c010615ea5cb2b88d2df,e460498ce136c010615ea5cb2b88d2df,1
0,5,38,3f2edb83b0e9776da6fd91be74a8c60c,3f2edb83b0e9776da6fd91be74a8c60c,1
0,5,39,65f6e97508bd983da0f2f35dd189f342,65f6e97508bd983da0f2f35dd189f342,1
0,5,40,ae9fa44ff80ad89e67fdc2580b468eaf,ae9fa44ff80ad89e67fdc2580b468eaf,1
0,5,41,e95b9855932be2d1abff5be94e28e48c,e95b9855932be2d1abff5be94e28e48c,1
0,5,42,088623511483b8876ed2b2f6e0d323b4,088623511483b8876ed2b2f6e0d323b4,1
0,5,43,a4a98bc85416f5135c34510d1eaf3991,a4a98bc85416f5135c34510d1eaf3991,1
0,5,44,4fb3d6efaa12972de7c707183914ca2c,4fb3d6efaa12972de7c707183914ca2c,1
0,5,45,0fd5b2613c5324fb9e137cd96d614240,0fd5b2613c5324fb9e137cd96d614240,1
0,6,0,fbfed88f163621e36ffb52bbbb226870,fbfed88f163621e36ffb52bbbb226870,1
0,6,1,d60064012f6e41b81f6f0ed61ce079a0,d60064012f6e41b81f6f0ed61ce079a0,1
0,6,2,834c22989496affcc8ae0646fa76269d,834c22989496affcc8ae0646fa76269d,1
0,6,3,aeb2edbd9c25d7462104c667a675aaf9,aeb2edbd9c25d7462104c667a675aaf9,1
0,6,4,d1f7d5de54b43fe468c90891859a1607,d1f7d5de54b43fe468c90891859a1607,1
0,6,5,90538aed649662f3001f668044cc8458,90538aed649662f3001f668044cc8458,1
0,6,6,159004f813a11ce97d3e4195997681b0,159004f813a11ce97d3e4195997681b0,1
0,6,7,f32fefcd573eadd388abc82971d63e12,f32fefcd573eadd388abc82971d63e12,1
0,6,8,23192acb743b45ebc0b8b07be41f830e,23192acb743b45ebc0b8b07be41f830e,1
0,6,9,57a0360bcab7ec5a1df001e517d8ee6e,57a0360bcab7ec5a1df001e517d8ee6e,1
0,6,10,7d9bb7c2b04de41187127667c641f72a,7d9bb7c2b04de41187127667c641f72a,1
0,6,11,787fddea3085e2fa9465575098942196,787fddea3085e2fa9465575098942196,1
0,6,12,b43fe6f5f8815bb7d22fdc201f763c9c,b43fe6f5f8815bb7d22fdc201f763c9c,1
0,6,13,ef8c69c6cf0d6e536e83cc6c8e7a4068,ef8c69c6cf0d6e536e83cc6c8e7a4068,1
0,6,14,6a71a0e92a9e6ddda59562f4515fb5d0,6a71a0e92a9e6ddda59562f4515fb5d0,1
0,6,15,d9bc130ef47b6e4a37d6a5b390acbedc,d9bc130ef47b6e4a37d6a5b390acbedc,1
0,6,16,d775087fc02d8711f299dc1f7557ec36,d775087fc02d8711f299dc1f7557ec36,1
0,6,17,8f41b95631ac32e1debeea423aab6a0d,8f41b95631ac32e1debeea423aab6a0d,1
0,6,18,5d5d74c274bd0790cdfb6ac29346fa6c,5d5d74c274bd0790cdfb6ac29346fa6c,1
0,6,19,8cd6e0f3dcd384aa028200e7e95e8dea,8cd6e0f3dcd384aa028200e7e95e8dea,1
0,6,20,e67b51465f28b28a3c2ebccacea08696,e67b51465f28b28a3c2ebccacea08696,1
0,6,21,773260ca35ce068eb7dc6117c5e4bd00,773260ca35ce068eb7dc6117c5e4bd00,1
0,6,22,c3dfbeffd7619d3cca26bbc1071613de,c3dfbeffd7619d3cca26bbc1071613de,1
0,6,23,f7216248914bf802aff2a49a9ec863c4,f7216248914bf802aff2a49a9ec863c4,1
0,6,24,505d630922e1e87283faf177d29b3c6e,505d630922e1e87283faf177d29b3c6e,1
0,6,25,b13ff7400461336c1ad5dae588999f6e,b13ff7400461336c1ad5dae588999f6e,1
0,6,26,122463298ce70e41fd5867cea015854b,122463298ce70e41fd5867cea015854b,1
0,6,27,35c639acfca8db51b00e9b4a772d980f,35c639acfca8db51b00e9b4a772d980f,1
0,6,28,1871b629e28759040483e37d15078c09,1871b629e28759040483e37d15078c09,1
0,6,29,baeea7016aa1957fd4ad8b5525e769ad,baeea7016aa1957fd4ad8b5525e769ad,1
0,6,30,9b1eaf7e400acb19c3edce8a823f13c8,9b1eaf7e400acb19c3edce8a823f13c8,1
0,6,31,b0ed57bab5dc7c41827540772117bc20,b0ed57bab5dc7c41827540772117bc20,1
0,6,32,2a2d96c14ce15f445658531f44468d7b,2a2d96c14ce15f445658531f44468d7b,1
0,6,33,eb99b7b942a251f67d06244d05fde246,eb99b7b942a251f67d06244d05fde246,1
0,6,34,c6f8112b737dffc5b6aaaf4ae6e5b010,c6f8112b737dffc5b6aaaf4ae6e5b010,1
0,6,35,9385636ccb746525379c0220e8218bfe,9385636ccb746525379c0220e8218bfe,1
0,6,36,95d853407127f56244ff79e278404bb2,95d853407127f56244ff79e278404bb2,1
0,6,37,ae810a5c927a32c8d0f0373fb9b67244,ae810a5c927a32c8d0f0373fb9b67244,1
0,6,38,f9ea3975163fc2a0b7c11e474f2cd350,f9ea3975163fc2a0b7c11e474f2cd350,1
0,6,39,2689067cdd288189144fcbc7d593c4d1,2689067cdd288189144fcbc7d593c4d1,1
0,6,40,66ec54eca2d8c1a5c677fd3533bc7e0c,66ec54eca2d8c1a5c677fd3533bc7e0c,1
0,6,41,e5097a887d302ee26b05a5c06f1d72e6,e5097a887d302ee26b05a5c06f1d72e6,1
0,6,42,430870727ed44f75554f12a6bc1b13d2,430870727ed44f75554f12a6bc1b13d2,1
0,6,43,c1072f846bc08c9710502ceec51d1d28,c1072f846bc08c9710502ceec51d1d28,1
0,6,44,030a6c22c076e2c5adeee07283134ce6,030a6c22c076e2c5adeee07283134ce6,1
0,6,45,3bac925b4beeffc1228afd7d84272ca4,3bac925b4beeffc1228afd7d84272ca4,1
0,7,0,84a566a9a0dd7f29894d178d07e2076b,84a566a9a0dd7f29894d178d07e2076b,1
0,7,1,9bcb7b6a5830f494bcd95dbe44466090,9bcb7b6a5830f494bcd95dbe44466090,1
0,7,2,890cf0aead6b5535f54e7c86ed385db0,890cf0aead6b5535f54e7c86ed385db0,1
0,7,3,707206bbb0f323d0a3300a29623c3174,707206bbb0f323d0a3300a29623c3174,1
0,7,4,076f06263dc750ef343d43f5c588afb8,076f06263dc750ef343d43f5c588afb8,1
0,7,5,c5044860d65143fadd5f73b5ec045bdd,c5044860d65143fadd5f73b5ec045bdd,1
0,7,6,0e9b4ab906d17ba9e529261d1402e5bb,0e9b4ab906d17ba9e529261d1402e5bb,1
0,7,7,e18f88d189edeaec17d205d079ae1430,e18f88d189edeaec17d205d079ae1430,1
0,7,8,a370b0a86e579974db1bb4a85efc2bb8,a370b0a86e579974db1bb4a85efc2bb8,1
0,7,9,968de25da5717d646956347503b46843,968de25da5717d646956347503b46843,1
0,7,10,438c155f6d0c53915ad8e1908b8af6bc,438c155f6d0c53915ad8e1908b8af6bc,1
0,7,11,6058cd7ef045530095f72db6e81b0f59,6058cd7ef045530095f72db6e81b0f59,1
0,7,12,41a9d5f23ecbd538850c6fe2ebdd1141,41a9d5f23ecbd538850c6fe2ebdd1141,1
0,7,13,4a7918005d353032b9ecf2054c17c98a,4a7918005d353032b9ecf2054c17c98a,1
0,7,14,bd7b6a0be1155076e538e2175a2e8121,bd7b6a0be1155076e538e2175a2e8121,1
0,7,15,7c244c166e839ec7cd7cb6104911ba6d,7c244c166e839ec7cd7cb6104911ba6d,1
0,7,16,346fa9815f4ce2c2f6fcba2f5cbd5257,346fa9815f4ce2c2f6fcba2f5cbd5257,1
0,7,17,fde9baf811db1759b8dad05a4423bf17,fde9baf811db1759b8dad05a4423bf17,1
0,7,18,f82ced66c483322261b8d41f3a309bdf,f82ced66c483322261b8d41f3a309bdf,1
0,7,19,1d6b5be8d92c306d16f505d11264662f,1d6b5be8d92c306d16f505d11264662f,1
0,7,20,209b64ad529c11038b7c1ea1e10b0565,209b64ad529c11038b7c1ea1e10b0565,1
0,7,21,544b06271aaf5f868ffde68d9a22a649,544b06271aaf5f868ffde68d9a22a649,1
0,7,22,1bbec8e36476381ef8ed81e1d1768425,1bbec8e36476381ef8ed81e1d1768425,1
0,7,23,c6be32bd875c76ad48d914159e46aed7,c6be32bd875c76ad48d914159e46aed7,1
0,7,24,37ea5a719c43809be928dad49b26d8d4,37ea5a719c43809be928dad49b26d8d4,1
0,7,25,8c3f0b5eb4237c031c85162d1edf957e,8c3f0b5eb4237c031c85162d1edf957e,1
0,7,26,45ee3d6ba7c896ea415f528939d9eab2,45ee3d6ba7c896ea415f528939d9eab2,1
0,7,27,407d271cc1c3089846494f1bf9ba3b30,407d271cc1c3089846494f1bf9ba3b30,1
0,7,28,379aa7448629b95d733c047ecd60db71,379aa7448629b95d733c047ecd60db71,1
0,7,29,eff7d245e4d6a761f5d91cc15cb3e14b,eff7d245e4d6a761f5d91cc15cb3e14b,1
0,7,30,ace6e665138099c407a1c0d93db42ecc,ace6e665138099c407a1c0d93db42ecc,1
0,7,31,62440997a8de3c5ac51dbdc29908c226,62440997a8de3c5ac51dbdc29908c226,1
0,7,32,489f9e39608c1c799ddf1f92841528ee,489f9e39608c1c799ddf1f92841528ee,1
0,7,33,98f0cc7f9d32b133f10ad3968dd3ccf4,98f0cc7f9d32b133f10ad3968dd3ccf4,1
0,7,34,b6090ef3caade4f8140c6ffc474df4a1,b6090ef3caade4f8140c6ffc474df4a1,1
0,7,35,69ba87c33736af7f9601c5e1efa0c277,69ba87c33736af7f9601c5e1efa0c277,1
0,7,36,265b3415fe704643c862248bb68e9a26,265b3415fe704643c862248bb68e9a26,1
0,7,37,f8775c7dce7c4aa7b87ac14e2d148e58,f8775c7dce7c4aa7b87ac14e2d148e58,1
0,7,38,85ab8a4f4231d53b700f0a1eb4050d55,85ab8a4f4231d53b700f0a1eb4050d55,1
0,7,39,84f4bad4f8c398ed22a0c39494a2ab97,84f4bad4f8c398ed22a0c39494a2ab97,1
0,7,40,393c34bb1bff85956985e82be18ace75,393c34bb1bff85956985e82be18ace75,1
0,7,41,16a40411d8f39b7a6c2fedfdfd5e3a96,16a40411d8f39b7a6c2fedfdfd5e3a96,1
0,7,42,884e4900d7c8038abf4baabd879d281f,884e4900d7c8038abf4baabd879d281f,1
0,7,43,9b85b614e70ad531f3ee24766a5ae66f,9b85b614e70ad531f3ee24766a5ae66f,1
0,7,44,2efa5f7e563703493e897789bd7c1717,2efa5f7e563703493e897789bd7c1717,1
0,7,45,7c101c574da61910dbfb3274ac6c44e3,7c101c574da61910dbfb3274ac6c44e3,1
0,8,0,f39fde2f0fde383b7228715c1c604dab,f39fde2f0fde383b7228715c1c604dab,1
0,8,1,8d67174cf053378cef3a2f05036a3ce7,8d67174cf053378cef3a2f05036a3ce7,1
0,8,2,a8ab205e57b7e63928a6945acec38491,a8ab205e57b7e63928a6945acec38491,1
0,8,3,717cd43324ba440c0a5db980beb4d4ec,717cd43324ba440c0a5db980beb4d4ec,1
0,8,4,b728003818e21c1ac3e222d6df16efae,b728003818e21c1ac3e222d6df16efae,1
0,8,5,850ab720c057aec9e0114d763443421d,850ab720c057aec9e0114d763443421d,1
0,8,6,0e2e11ad32f78f52140579f523fee1d7,0e2e11ad32f78f52140579f523fee1d7,1
0,8,7,bfa2b31a28e6fb507421ac67a2d15db7,bfa2b31a28e6fb507421ac67a2d15db7,1
0,8,8,cd8b9c793b762d9fec931b04c2193219,cd8b9c793b762d9fec931b04c2193219,1
0,8,9,05c7eeaba8f32a72d3176b2aba06de55,05c7eeaba8f32a72d3176b2aba06de55,1
0,8,10,6a9164deed12d980d33996aa007cf751,6a9164deed12d980d33996aa007cf751,1
0,8,11,5e84410668a29285cafe6fa1ef824a35,5e84410668a29285cafe6fa1ef824a35,1
0,8,12,9bd4430fde550d66da1b175b7b4e917a,9bd4430fde550d66da1b175b7b4e917a,1
0,8,13,839a03c809fbb1ba4eeeb01f220ad345,839a03c809fbb1ba4eeeb01f220ad345,1
0,8,14,e33b14d330c4ef1c14decdc63ecd0007,e33b14d330c4ef1c14decdc63ecd0007,1
0,8,15,e1111b2787f31d2a6d7874199e9ca0bd,e1111b2787f31d2a6d7874199e9ca0bd,1
0,8,16,d79c3a333734c076700f0a1e59512cc3,d79c3a333734c076700f0a1e59512cc3,1
0,8,17,823818f82b873dcca9c262465b989adb,823818f82b873dcca9c262465b989adb,1
0,8,18,ec8f38ec12551ee32012312aab669b34,ec8f38ec12551ee32012312aab669b34,1
0,8,19,1cabc03770d92a9d340195b60798b35a,1cabc03770d92a9d340195b60798b35a,1
0,8,20,89417810929c56ff5438993a8a9d4c54,89417810929c56ff5438993a8a9d4c54,1
0,8,21,6fd9127226bffcdc152e3bc8e83b3861,6fd9127226bffcdc152e3bc8e83b3861,1
0,8,22,72b66d6c331c98765d9a75b8b27aceda,72b66d6c331c98765d9a75b8b27aceda,1
0,8,23,739a7e4ca78ec5bb4afb97963f8287d6,739a7e4ca78ec5bb4afb97963f8287d6,1
0,8,24,7e629a6f94518b187e035285ae9fb239,7e629a6f94518b187e035285ae9fb239,1
0,8,25,aea02613821daf7d5c2b7dbbfe02114e,aea02613821daf7d5c2b7dbbfe02114e,1
0,8,26,45566ac71fa597e02f0af360160f0775,45566ac71fa597e02f0af360160f0775,1
0,8,27,4ec08143f1cfd47560b7e15d75f49b0a,4ec08143f1cfd47560b7e15d75f49b0a,1
0,8,28,613786f981cbb95229f347ee2b758b4f,613786f981cbb95229f347ee2b758b4f,1
0,8,29,d04feddf7bad5f3dbd0acbb5eaf656ef,d04feddf7bad5f3dbd0acbb5eaf656ef,1
0,8,30,4bc79df6c61142d4e6f1b2d3f1b070ae,4bc79df6c61142d4e6f1b2d3f1b070ae,1
0,8,31,26e09f9139958fd15849f36b678de67d,26e09f9139958fd15849f36b678de67d,1
0,8,32,59b9b15424bb6f11c0e7daf603aa6f5f,59b9b15424bb6f11c0e7daf603aa6f5f,1
0,8,33,aaf36d5ae6933137197e148ba8762e8e,aaf36d5ae6933137197e148ba8762e8e,1
0,8,34,4f1101a6ca7c3217fb11c5d3622f4c97,4f1101a6ca7c3217fb11c5d3622f4c97,1
0,8,35,834cecb125714e3e414d3498679e79f9,834cecb125714e3e414d3498679e79f9,1
0,8,36,57b0d29c3f680425bb4c07c0ec38cad6,57b0d29c3f680425bb4c07c0ec38cad6,1
0,8,37,4dec8ddf82477e5ac73d650eabc931d8,4dec8ddf82477e5ac73d650eabc931d8,1
0,8,38,3d87d50aa906161640a01883310220de,3d87d50aa906161640a01883310220de,1
0,8,39,53295298d138ddd7cf40fbf930b16a9d,53295298d138ddd7cf40fbf930b16a9d,1
0,8,40,7b7b10e68cd951f17dfc42ed7aea540a,7b7b10e68cd951f17dfc42ed7aea540a,1
0,8,41,f468becf7142147e558165e26e397dec,f468becf7142147e558165e26e397dec,1
0,8,42,b0dcfc260c9cfdee8965ba7267a48af3,b0dcfc260c9cfdee8965ba7267a48af3,1
0,8,43,cd76f996e5db22a19fe6431aef564bbe,cd76f996e5db22a19fe6431aef564bbe,1
0,8,44,a75ad963c2226125e748c7e4275a7d57,a75ad963c2226125e748c7e4275a7d57,1
0,8,45,bd6ffc2ef31fd32c6cd7c7694895580b,bd6ffc2ef31fd32c6cd7c7694895580b,1
0,9,0,bfd113693f7824367321276a9266ae02,bfd113693f7824367321276a9266ae02,1
0,9,1,cc92c8f06329cbfdcc7868ed70882860,cc92c8f06329cbfdcc7868ed70882860,1
0,9,2,9f67a3823d231abcf94bc86990ca2672,9f67a3823d231abcf94bc86990ca2672,1
0,9,3,1723f16b0b40b4c200329b665b88b949,1723f16b0b40b4c200329b665b88b949,1
0,9,4,bf3c2b023c11b36e4e8e0a631fb72b90,bf3c2b023c11b36e4e8e0a631fb72b90,1
0,9,5,c9961a4b720a731afe80739795a77399,c9961a4b720a731afe80739795a77399,1
0,9,6,648b615149b733f7ea1f600fd8695925,648b615149b733f7ea1f600fd8695925,1
0,9,7,b53a40a984c682e9003da071c6fbe970,b53a40a984c682e9003da071c6fbe970,1
0,9,8,3c67cab595597ca27e2e2342f5e2b789,3c67cab595597ca27e2e2342f5e2b789,1
0,9,9,84a0fb40b7603f471dccf2a28083c3d2,84a0fb40b7603f471dccf2a28083c3d2,1
0,9,10,115823c17cb4f2f739059846103f4daf,115823c17cb4f2f739059846103f4daf,1
0,9,11,6139ecd167248c448e52f56c1a66ec15,6139ecd167248c448e52f56c1a66ec15,1
0,9,12,30b707d5565869d9c94247d49f1ad6bc,30b707d5565869d9c94247d49f1ad6bc,1
0,9,13,b5edac327e99369468f9c8380ce1824a,b5edac327e99369468f9c8380ce1824a,1
0,9,14,ccc5a8abcb3e1a5af047e7e7f65c595c,ccc5a8abcb3e1a5af047e7e7f65c595c,1
0,9,15,57ab5cc19269953124f7df15484ae518,57ab5cc19269953124f7df15484ae518,1
0,9,16,89498b57ac8e039f900a399bcd94c15f,89498b57ac8e039f900a399bcd94c15f,1
0,9,17,ff9dd89a568533391b4b6afcb93f8f94,ff9dd89a568533391b4b6afcb93f8f94,1
0,9,18,3e4e6fd304343e1353f959ca893a58c7,3e4e6fd304343e1353f959ca893a58c7,1
0,9,19,d763493def8846650a008916c6b1df50,d763493def8846650a008916c6b1df50,1
0,9,20,0d78d15ec3966ea37ea83098d07655d6,0d78d15ec3966ea37ea83098d07655d6,1
0,9,21,d85cf53da6a9951ca01e334940754b1e,d85cf53da6a9951ca01e334940754b1e,1
0,9,22,6293978eb0b8ef98e8cc35198e94bd58,6293978eb0b8ef98e8cc35198e94bd58,1
0,9,23,c7f1397dddfc968eb6f7db7684fdeac1,c7f1397dddfc968eb6f7db7684fdeac1,1
0,9,24,8bd8ae0c8c211c7167eef87e7d96856a,8bd8ae0c8c211c7167eef87e7d96856a,1
0,9,25,2df2ba44c1f2ad081583e84a917810f5,2df2ba44c1f2ad081583e84a917810f5,1
0,9,26,7fdaf6a49d9b323ea58d8debf1aac699,7fdaf6a49d9b323ea58d8debf1aac699,1
0,9,27,d73ddb2ee7c6b2ba8831dcdd3e5d6bac,d73ddb2ee7c6b2ba8831dcdd3e5d6bac,1
0,9,28,13983dc16ef80e5da5383dbd4b4ecd84,13983dc16ef80e5da5383dbd4b4ecd84,1
0,9,29,3d57ff250beb6e82044dc84fc832aa01,3d57ff250beb6e82044dc84fc832aa01,1
0,9,30,cce0b3f954d4b97669890194ad92206d,cce0b3f954d4b97669890194ad92206d,1
0,9,31,801ed479f0b7ea37d1028dc277fd50fd,801ed479f0b7ea37d1028dc277fd50fd,1
0,9,32,f6d7b76dbc1d22cb3185f083c778c4a9,f6d7b76dbc1d22cb3185f083c778c4a9,1
0,9,33,af98a0d8e400bf8e42e514c41a7f5610,af98a0d8e400bf8e42e514c41a7f5610,1
0,9,34,3a463992e330baa192bbce19264080fe,3a463992e330baa192bbce19264080fe,1
0,9,35,b98855971415d765c594af9a08e403ce,b98855971415d765c594af9a08e403ce,1
0,9,36,2ca91e19faf3dd7b0f1348531aac920b,2ca91e19faf3dd7b0f1348531aac920b,1
0,9,37,d8180d33a5200f3c3b812446e306ed5b,d8180d33a5200f3c3b812446e306ed5b,1
0,9,38,bec14c80b51fa7e110d08cab31377ca9,bec14c80b51fa7e110d08cab31377ca9,1
0,9,39,3979b4e7f6939c51abbc07ecb2eebf19,3979b4e7f6939c51abbc07ecb2eebf19,1
0,9,40,2ede3e32eecf8e196b56512937d0c686,2ede3e32eecf8e196b56512937d0c686,1
0,9,41,ea2d419816e989b83c00cb7e588cfe64,ea2d419816e989b83c00cb7e588cfe64,1
0,9,42,795af5bf0b140e901259f82ee15686f0,795af5bf0b140e901259f82ee15686f0,1
0,9,43,38f312534f01de4e1655b4452ab2cb76,38f312534f01de4e1655b4452ab2cb76,1
0,9,44,e9e9806381078e199b40322a8b84a121,e9e9806381078e199b40322a8b84a121,1
0,9,45,9036f4d63af99e819b21e0fd534d5818,9036f4d63af99e819b21e0fd534d5818,1
0,10,0,2d4c142e9cd8e8600d8fc9b47e593de8,2d4c142e9cd8e8600d8fc9b47e593de8,1
0,10,1,c2aff359165a16be27d7eead03178597,c2aff359165a16be27d7eead03178597,1
0,10,2,b763eafae8f9b4aa2010f5faaa74cead,b763eafae8f9b4aa2010f5faaa74cead,1
0,10,3,491b1aff4d920262457dc63e2fdbf3ae,491b1aff4d920262457dc63e2fdbf3ae,1
0,10,4,4bcb24b4bac6b8d21c3d0ff7ca497d57,4bcb24b4bac6b8d21c3d0ff7ca497d57,1
0,10,5,c8f91b2de0310a22bba2b61f835ffbb4,c8f91b2de0310a22bba2b61f835ffbb4,1
0,10,6,10ac8898389d9319ce5ac3bbf116c790,10ac8898389d9319ce5ac3bbf116c790,1
0,10,7,acff2e43803066a21e8f5829004247e4,acff2e43803066a21e8f5829004247e4,1
0,10,8,23be4c674f867ee33f34c1c177471baf,23be4c674f867ee33f34c1c177471baf,1
0,10,9,fde30ee07dfc04badabeef753e56acc5,fde30ee07dfc04badabeef753e56acc5,1
0,10,10,103be80f1eaac9ed6368007e62707f3c,103be80f1eaac9ed6368007e62707f3c,1
0,10,11,86c894d36f094df6ff0014e6480d55b8,86c894d36f094df6ff0014e6480d55b8,1
0,10,12,3547d4f81670664497b96f0327864eb5,3547d4f81670664497b96f0327864eb5,1
0,10,13,e4a888a8c0d1270c4fb8f767f4324f2f,e4a888a8c0d1270c4fb8f767f4324f2f,1
0,10,14,99f4f91695c9c9060cbe615dda2cedcd,99f4f91695c9c9060cbe615dda2cedcd,1
0,10,15,facad217bcbfa803a8601e6e05f2ce90,facad217bcbfa803a8601e6e05f2ce90,1
0,10,16,09b42cf266092b33464267369a1830db,09b42cf266092b33464267369a1830db,1
0,10,17,dda8c35918b242e912837bcde7032281,dda8c35918b242e912837bcde7032281,1
0,10,18,fa994b4a213863534eadbcad1fb5c057,fa994b4a213863534eadbcad1fb5c057,1
0,10,19,a172ae106ad35c6870e7c7b9a6b32cc2,a172ae106ad35c6870e7c7b9a6b32cc2,1
0,10,20,9b39669b664f2fdc673772790cf70e44,9b39669b664f2fdc673772790cf70e44,1
0,10,21,318a31e0880f824246964c0bbcc24e38,318a31e0880f824246964c0bbcc24e38,1
0,10,22,19516145788aa6d9d98ac040becbce3d,19516145788aa6d9d98ac040becbce3d,1
0,10,23,42296a0c2bd5c19e438b0c3d407dbefa,42296a0c2bd5c19e438b0c3d407dbefa,1
0,10,24,abcfd86eeb01fe246a0484a8b9b6f0d6,abcfd86eeb01fe246a0484a8b9b6f0d6,1
0,10,25,58d0b71e680ed2a71236629811acd7dc,58d0b71e680ed2a71236629811acd7dc,1
0,10,26,351b8f150a7166cc41e40221b5da2c2b,351b8f150a7166cc41e40221b5da2c2b,1
0,10,27,948d850da5c8f7424a118637401e08a7,948d850da5c8f7424a118637401e08a7,1
0,10,28,77256197e3ee9f90ba9680a2c2186a29,77256197e3ee9f90ba9680a2c2186a29,1
0,10,29,de96bef5bef68c48c2231254a816a725,de96bef5bef68c48c2231254a816a725,1
0,10,30,ef2b6f24c9b4d32b4705659dcc867451,ef2b6f24c9b4d32b4705659dcc867451,1
0,10,31,c7b0576cf3c974de2b035b7ec989f7a5,c7b0576cf3c974de2b035b7ec989f7a5,1
0,10,32,11df6f5f83115e2af407eba8225f0bb2,11df6f5f83115e2af407eba8225f0bb2,1
0,10,33,ced8ee7e60d4c4735b70adae0ed87168,ced8ee7e60d4c4735b70adae0ed87168,1
0,10,34,0e1f474841862dbc5e17349c3be56023,0e1f474841862dbc5e17349c3be56023,1
0,10,35,b5229686c51ca4f1b753a28bdf760b74,b5229686c51ca4f1b753a28bdf760b74,1
0,10,36,cad4a49632862ab4ef91100375d5f0e3,cad4a49632862ab4ef91100375d5f0e3,1
0,10,37,bf57a018579caf2e93fb1bd238bc861f,bf57a018579caf2e93fb1bd238bc861f,1
0,10,38,c191a1c92781c14113bf678eb59bc50b,c191a1c92781c14113bf678eb59bc50b,1
0,10,39,49a3d40be87b0eb232af877e4c993e90,49a3d40be87b0eb232af877e4c993e90,1
0,10,40,7968c5295e0831f800bb095ea2dcbfec,7968c5295e0831f800bb095ea2dcbfec,1
0,10,41,df0fb27f6b87b09b94e5becdd1299796,df0fb27f6b87b09b94e5becdd1299796,1
0,10,42,bd26eacadf08bb9ac945c24a4a920471,bd26eacadf08bb9ac945c24a4a920471,1
0,10,43,d956f341fb74486a31e36105b438c372,d956f341fb74486a31e36105b438c372,1
0,10,44,ff3ca32e45e57f1b1ce53cbe2b357ed6,ff3ca32e45e57f1b1ce53cbe2b357ed6,1
0,10,45,d482ee2a11ddd9b4a7cd0bacd73b43ab,d482ee2a11ddd9b4a7cd0bacd73b43ab,1
0,11,0,ed77b07112e401104e6dd16fe640c2f9,ed77b07112e401104e6dd16fe640c2f9,1
0,11,1,910d3833c99c01c3016a671be84d9eb6,910d3833c99c01c3016a671be84d9eb6,1
0,11,2,bd3b81be462a3b303603cef43d11578a,bd3b81be462a3b303603cef43d11578a,1
0,11,3,a126a63b0f61746737bf31a4b0a9fd0a,a126a63b0f61746737bf31a4b0a9fd0a,1
0,11,4,cbc65c3f97474ad55f9756748f883815,cbc65c3f97474ad55f9756748f883815,1
0,11,5,0ed4afafdf5429fcebce0220b8c51ecc,0ed4afafdf5429fcebce0220b8c51ecc,1
0,11,6,4dad75d3b0115d60f4ad5a349acf68d3,4dad75d3b0115d60f4ad5a349acf68d3,1
0,11,7,dd8b5842715b984719e0943eddfb9832,dd8b5842715b984719e0943eddfb9832,1
0,11,8,4fe2198d19b38a3c46de459ccb621946,4fe2198d19b38a3c46de459ccb621946,1
0,11,9,054fb4f7f520c5e160f01632407762ee,054fb4f7f520c5e160f01632407762ee,1
0,11,10,13e95298e22db9f0c34c3a2abec8ecfe,13e95298e22db9f0c34c3a2abec8ecfe,1
0,11,11,f561a6fec81cc2b9fdcc6c8a361a591a,f561a6fec81cc2b9fdcc6c8a361a591a,1
0,11,12,e8f023ea7375b85625adc05c7ce42ad9,e8f023ea7375b85625adc05c7ce42ad9,1
0,11,13,350829201d773b03a4659ef47e58f116,350829201d773b03a4659ef47e58f116,1
0,11,14,ae0ce34e77aefccde792bb4cd6361992,ae0ce34e77aefccde792bb4cd6361992,1
0,11,15,49b69e40664ee8fd94eb92e01f372e57,49b69e40664ee8fd94eb92e01f372e57,1
0,11,16,4f3b1bbe858620bbe5edc63b2c474460,4f3b1bbe858620bbe5edc63b2c474460,1
0,11,17,2081e66e76179d8199f526e2bf36483c,2081e66e76179d8199f526e2bf36483c,1
0,11,18,4e6425de12847e73cf6c8175a00f5ad4,4e6425de12847e73cf6c8175a00f5ad4,1
0,11,19,02ae80e4c2e3093212460191eb208cd5,02ae80e4c2e3093212460191eb208cd5,1
0,11,20,88a374b5ffcc0735a24b32638187cd7c,88a374b5ffcc0735a24b32638187cd7c,1
0,11,21,ff50e8f2ca06dd5eca64fe2147cba211,ff50e8f2ca06dd5eca64fe2147cba211,1
0,11,22,f545dc3ff72aa6b4813d008fdd03fce9,f545dc3ff72aa6b4813d008fdd03fce9,1
0,11,23,89a8753dbbb492daadf5bccd9ce37968,89a8753dbbb492daadf5bccd9ce37968,1
0,11,24,7d680915f1fdfe8b6d0a9c10ba3735e6,7d680915f1fdfe8b6d0a9c10ba3735e6,1
0,11,25,fdcfd6e5141131af54c23bbfbc883d16,fdcfd6e5141131af54c23bbfbc883d16,1
0,11,26,8f04f107dd3c8cc282c92ec6e4ec3d88,8f04f107dd3c8cc282c92ec6e4ec3d88,1
0,11,27,0e7d90788e2425f8ad6a43c0bc535695,0e7d90788e2425f8ad6a43c0bc535695,1
0,11,28,b54f60343add58ee4cafeb5db7eb046c,b54f60343add58ee4cafeb5db7eb046c,1
0,11,29,191ed45ed77b50b7ca2d3ee003b4d5f8,191ed45ed77b50b7ca2d3ee003b4d5f8,1
0,11,30,34dbd4c41eaa5913b8a1d4cab21e0d7a,34dbd4c41eaa5913b8a1d4cab21e0d7a,1
0,11,31,f9a61bc9dd7c28066fb667c0e0a525e6,f9a61bc9dd7c28066fb667c0e0a525e6,1
0,11,32,b371f569c4563137b7da8f26d1d8d8d8,b371f569c4563137b7da8f26d1d8d8d8,1
0,11,33,cbf0870824bc11c38510366c38a3494b,cbf0870824bc11c38510366c38a3494b,1
0,11,34,b0b6d23228ec330b3573f374c2ed00a8,b0b6d23228ec330b3573f374c2ed00a8,1
0,11,35,a2898af17bc4fae2c37f682e86fc1749,a2898af17bc4fae2c37f682e86fc1749,1
0,11,36,9cc97fa4853069b2556d09eda7a2b76b,9cc97fa4853069b2556d09eda7a2b76b,1
0,11,37,73a87b03bd615e064e47f33ad8f25326,73a87b03bd615e064e47f33ad8f25326,1
0,11,38,908c87bcf6144d2340c0879d84d922cd,908c87bcf6144d2340c0879d84d922cd,1
0,11,39,20c29b2d8996412cae6a3c0ae8ea5933,20c29b2d8996412cae6a3c0ae8ea5933,1
0,11,40,e462184ac27a82c383dbf646a348d655,e462184ac27a82c383dbf646a348d655,1
0,11,41,6b8d4e738823a4031fcc1db20f0d6835,6b8d4e738823a4031fcc1db20f0d6835,1
0,11,42,46e5ad91c0418c9b44c5eaceb3ad4ec3,46e5ad91c0418c9b44c5eaceb3ad4ec3,1
0,11,43,025684e0008091759ef33312cdc7783b,025684e0008091759ef33312cdc7783b,1
0,11,44,91a509fdc60a4482992cbbbc9beea3b1,91a509fdc60a4482992cbbbc9beea3b1,1
0,11,45,cc0ee14bca3022184845f80e73884320,cc0ee14bca3022184845f80e73884320,1
0,12,0,98319521cbfe76b87a3203a899f5434d,98319521cbfe76b87a3203a899f5434d,1
0,12,1,0f77d88957445735ec9ff9f93d69a74d,0f77d88957445735ec9ff9f93d69a74d,1
0,12,2,51f81e76fdf3cfcd7143d3ba46ffbf92,51f81e76fdf3cfcd7143d3ba46ffbf92,1
0,12,3,a464d2d36bbddbb24062b2e277e7a537,a464d2d36bbddbb24062b2e277e7a537,1
0,12,4,1b0b6ed57d9f13174e3c588d1450a33e,1b0b6ed57d9f13174e3c588d1450a33e,1
0,12,5,f2c3b733e82c6886723d1551fc7d910e,f2c3b733e82c6886723d1551fc7d910e,1
0,12,6,807f045a431380a5bd77816aa4e820e5,807f045a431380a5bd77816aa4e820e5,1
0,12,7,cd02180e8a7535cc5170c094a01e816d,cd02180e8a7535cc5170c094a01e816d,1
0,12,8,7fa6cb0ade0ca61584fb7d6903ed2cde,7fa6cb0ade0ca61584fb7d6903ed2cde,1
0,12,9,026bee77a929f952c62cf70def3cb553,026bee77a929f952c62cf70def3cb553,1
0,12,10,3d24bb5904ab6ab3be7f4576c28bf744,3d24bb5904ab6ab3be7f4576c28bf744,1
0,12,11,9d18239476d1f9b60d725442a12217ea,9d18239476d1f9b60d725442a12217ea,1
0,12,12,e56d5184fae691a316528a4f4d029a6c,e56d5184fae691a316528a4f4d029a6c,1
0,12,13,f12e46ccfa992f8146262a094012fed5,f12e46ccfa992f8146262a094012fed5,1
0,12,14,b358b9a173172f55209220a58b3813fd,b358b9a173172f55209220a58b3813fd,1
0,12,15,7c840d20856e5fe3ac7797d2a1d0d659,7c840d20856e5fe3ac7797d2a1d0d659,1
0,12,16,41cefbd19eaf1ff673e348497292e59b,41cefbd19eaf1ff673e348497292e59b,1
0,12,17,22b32797dc37c1311a7f83958a48c4fe,22b32797dc37c1311a7f83958a48c4fe,1
0,12,18,3349831b8dc970832850c845ed2d4893,3349831b8dc970832850c845ed2d4893,1
0,12,19,b2271097f3ded3e13158eb6942eec538,b2271097f3ded3e13158eb6942eec538,1
0,12,20,83dd97706a5f73061707f102fda97a9d,83dd97706a5f73061707f102fda97a9d,1
0,12,21,f778fbade6c3a453ecf3f859ee753a14,f778fbade6c3a453ecf3f859ee753a14,1
0,12,22,bb3d1f22083fc858d937cfa6abbb16eb,bb3d1f22083fc858d937cfa6abbb16eb,1
0,12,23,fb7cb3db5e54f199578a9d752040b779,fb7cb3db5e54f199578a9d752040b779,1
0,12,24,2f23cc22411b8dcac4a257b426f41941,2f23cc22411b8dcac4a257b426f41941,1
0,12,25,0d8d97c53a27e0d62f6099c5858c1281,0d8d97c53a27e0d62f6099c5858c1281,1
0,12,26,a70357668197e945339d0e01ccad8021,a70357668197e945339d0e01ccad8021,1
0,12,27,7c61622e49c7fd154b41602f4f03eb63,7c61622e49c7fd154b41602f4f03eb63,1
0,12,28,2f4ad7781ac6425e001fb1e04b456fa2,2f4ad7781ac6425e001fb1e04b456fa2,1
0,12,29,f45843a65ad51b8c0b4ac7ba1fbf5249,f45843a65ad51b8c0b4ac7ba1fbf5249,1
0,12,30,f47e296a639a648b3244579b1561dd8c,f47e296a639a648b3244579b1561dd8c,1
0,12,31,8b598a691c958705f59ea2a2bd5514e5,8b598a691c958705f59ea2a2bd5514e5,1
0,12,32,91e05eebe8ea40306c1f80ddc9089d38,91e05eebe8ea40306c1f80ddc9089d38,1
0,12,33,b5c9eb04d8060ad9385b9b0e78809bab,b5c9eb04d8060ad9385b9b0e78809bab,1
0,12,34,cd0e43a61ed4b1de8829128bbabef436,cd0e43a61ed4b1de8829128bbabef436,1
0,12,35,e568c8b31c726ea6cd058e1903b7e204,e568c8b31c726ea6cd058e1903b7e204,1
0,12,36,44ed7f41c6c33ff920830b003306a26e,44ed7f41c6c33ff920830b003306a26e,1
0,12,37,2bce331acb9efbd97cb22c924fc10c70,2bce331acb9efbd97cb22c924fc10c70,1
0,12,38,090078f4ff46a77a76a42fcfaa15a6cf,090078f4ff46a77a76a42fcfaa15a6cf,1
0,12,39,36453ea30c30328fbc1c42a8d96fca70,36453ea30c30328fbc1c42a8d96fca70,1
0,12,40,7d35aa52c73bd9992005ec39970d1ead,7d35aa52c73bd9992005ec39970d1ead,1
0,12,41,d49b38d7070ef554b9c1d8985f8c57e4,d49b38d7070ef554b9c1d8985f8c57e4,1
0,12,42,496a70c063d21d233fb6d90c90cc18bc,496a70c063d21d233fb6d90c90cc18bc,1
0,12,43,64dabb02f83d533474143b95b3f654bf,64dabb02f83d533474143b95b3f654bf,1
0,12,44,9eec7f005a254c585ae6b0ba02a05159,9eec7f005a254c585ae6b0ba02a05159,1
0,12,45,942b398aad718247933253b0a33fa87c,942b398aad718247933253b0a33fa87c,1
0,13,0,2649b81fad44a5ddcb7be4f73dfd8d2c,2649b81fad44a5ddcb7be4f73dfd8d2c,1
0,13,1,a5e66a688469d2a48f1f39bca6ebcd51,a5e66a688469d2a48f1f39bca6ebcd51,1
0,13,2,2a7bf015f2e1b0c5b101d78c605a7a43,2a7bf015f2e1b0c5b101d78c605a7a43,1
0,13,3,bb3da2e8418342817373b5be859274a5,bb3da2e8418342817373b5be859274a5,1
0,13,4,769da165a931ae9d982b99dec818a461,769da165a931ae9d982b99dec818a461,1
0,13,5,d415b7ba83f718251498996973818d9d,d415b7ba83f718251498996973818d9d,1
0,13,6,6268398797ede528ea9aa64455e4ac4c,6268398797ede528ea9aa64455e4ac4c,1
0,13,7,a7adef500bc6dbe495ad444566154cb8,a7adef500bc6dbe495ad444566154cb8,1
0,13,8,94aab79b655b950f2fbcf3c3987f50df,94aab79b655b950f2fbcf3c3987f50df,1
0,13,9,b489ce495ba9317c78dc04955d14fe32,b489ce495ba9317c78dc04955d14fe32,1
0,13,10,188fd77e3785b03c669f0d08a91a1bcc,188fd77e3785b03c669f0d08a91a1bcc,1
0,13,11,2e0505c36a55bddfc5279b528532127f,2e0505c36a55bddfc5279b528532127f,1
0,13,12,3f4548cde66091bcd57a1d2c1d5db05c,3f4548cde66091bcd57a1d2c1d5db05c,1
0,13,13,36fb967ff90674a1e3ef9c158b0f2ffc,36fb967ff90674a1e3ef9c158b0f2ffc,1
0,13,14,c7a1f6077b68a12c8abd952bfa1ef79c,c7a1f6077b68a12c8abd952bfa1ef79c,1
0,13,15,cd3714393db311ca4a29b3b710d8c536,cd3714393db311ca4a29b3b710d8c536,1
0,13,16,f2d5fe297976785537619d3167778d38,f2d5fe297976785537619d3167778d38,1
0,13,17,6f595c80104f30b515cf81fcdb753d78,6f595c80104f30b515cf81fcdb753d78,1
0,13,18,ac0a9bedcad66d365df6b0ef65ff0a78,ac0a9bedcad66d365df6b0ef65ff0a78,1
0,13,19,5dcc3fe47b105dd0ef510f9af84942c1,5dcc3fe47b105dd0ef510f9af84942c1,1
0,13,20,50ec6a6b9359d5efef69c4186392a064,50ec6a6b9359d5efef69c4186392a064,1
0,13,21,d493161fae147bd755f1f5a5cd8f4eb6,d493161fae147bd755f1f5a5cd8f4eb6,1
0,13,22,230337a8f1c109230cc8517069ffb586,230337a8f1c109230cc8517069ffb586,1
0,13,23,945eb7379ab92512386dcf625b78bd97,945eb7379ab92512386dcf625b78bd97,1
0,13,24,d1add6862235530b470b5d7c0405a7b2,d1add6862235530b470b5d7c0405a7b2,1
0,13,25,2ca7660fe114877a90a23b32c6803514,2ca7660fe114877a90a23b32c6803514,1
0,13,26,52310f7ca2907970961705626327f5c2,52310f7ca2907970961705626327f5c2,1
0,13,27,b319f3b8239a2e69574bb16ccd7ff82d,b319f3b8239a2e69574bb16ccd7ff82d,1
0,13,28,6bf7c95541f63321b2acd3a2c393de0f,6bf7c95541f63321b2acd3a2c393de0f,1
0,13,29,5218a70a0d71d7a661ed934bfc783ec6,5218a70a0d71d7a661ed934bfc783ec6,1
0,13,30,a73d9db9ab97de9a1cf21ed32e5937b5,a73d9db9ab97de9a1cf21ed32e5937b5,1
0,13,31,684acf850da422472540977b5619898e,684acf850da422472540977b5619898e,1
0,13,32,418c222ea05fa93593c890ef8af97f7c,418c222ea05fa93593c890ef8af97f7c,1
0,13,33,08ea07f51e872ac0ccdf3af8047093cc,08ea07f51e872ac0ccdf3af8047093cc,1
0,13,34,de93020ee0637c64e80323069a4ada1c,de93020ee0637c64e80323069a4ada1c,1
0,13,35,97dbf0d45a2f746ef73719347c057620,97dbf0d45a2f746ef73719347c057620,1
0,13,36,475e2d921d81837ca204934b16f6eeac,475e2d921d81837ca204934b16f6eeac,1
0,13,37,30c0d62f2ec776c4739e3309190e08fb,30c0d62f2ec776c4739e3309190e08fb,1
0,13,38,982c8296ae66e3f1bbc2edf794d39c6a,982c8296ae66e3f1bbc2edf794d39c6a,1
0,13,39,a9a4a8ca7556b41240e94f4f230bff31,a9a4a8ca7556b41240e94f4f230bff31,1
0,13,40,c3587089226c31fae54048421d234447,c3587089226c31fae54048421d234447,1
0,13,41,cb78e927292265a73c967147841bb64b,cb78e927292265a73c967147841bb64b,1
0,13,42,887af6f3ba07b9f26d3a9c693db1ebad,887af6f3ba07b9f26d3a9c693db1ebad,1
0,13,43,067604a7e6c47a7929f7efbd8e13ebf8,067604a7e6c47a7929f7efbd8e13ebf8,1
0,13,44,55d0e9eadcdbf7a0eb9c7822b0a7d5f1,55d0e9eadcdbf7a0eb9c7822b0a7d5f1,1
0,13,45,baa4f2a056714c3cce97b9acfb637903,baa4f2a056714c3cce97b9acfb637903,1
0,14,0,6d3d8b6b091aa2e8ec450eeb72e93249,6d3d8b6b091aa2e8ec450eeb72e93249,1
0,14,1,9bea6e011b94ff924c63c9c1a466ac7b,9bea6e011b94ff924c63c9c1a466ac7b,1
0,14,2,9ec108390dd6b95f458486f7517f8f19,9ec108390dd6b95f458486f7517f8f19,1
0,14,3,922dff0077def8864cdde04d4ebc76e1,922dff0077def8864cdde04d4ebc76e1,1
0,14,4,e1637145b29d3efb7b90964fafbf1b91,e1637145b29d3efb7b90964fafbf1b91,1
0,14,5,4e795e308bfb6f90a362562517cf96b0,4e795e308bfb6f90a362562517cf96b0,1
0,14,6,cdc4f9eed4f1949574c61c5ddea21fa5,cdc4f9eed4f1949574c61c5ddea21fa5,1
0,14,7,6100c2b743402471afe5b1b1761f0861,6100c2b743402471afe5b1b1761f0861,1
0,14,8,be01410ee0142702d60c46d731f48aea,be01410ee0142702d60c46d731f48aea,1
0,14,9,0d31cfa45ff8d13e6e26338b761b2fb2,0d31cfa45ff8d13e6e26338b761b2fb2,1
0,14,10,637f8e9756a7f42664e7bbd478dd14a5,637f8e9756a7f42664e7bbd478dd14a5,1
0,14,11,e4ed6921954651177b345d59bb7eb0e0,e4ed6921954651177b345d59bb7eb0e0,1
0,14,12,b37950664c954eccd2714b21008320f6,b37950664c954eccd2714b21008320f6,1
0,14,13,d3bde841e242f9f686885aaf5b2f7bff,d3bde841e242f9f686885aaf5b2f7bff,1
0,14,14,3e99a8497439e2909bbaa08d6226f728,3e99a8497439e2909bbaa08d6226f728,1
0,14,15,6a4eac7245aafae7f568dbbdd7230f18,6a4eac7245aafae7f568dbbdd7230f18,1
0,14,16,31e6acf3ed5c4ab0adff66147867ce34,31e6acf3ed5c4ab0adff66147867ce34,1
0,14,17,c4a387fb1b6eadedb04f14ec77a026c4,c4a387fb1b6eadedb04f14ec77a026c4,1
0,14,18,b9ee99d624687331c916cb38dc617805,b9ee99d624687331c916cb38dc617805,1
0,14,19,a36e6fd1c88c98bbaf9ae7c5b7b903b3,a36e6fd1c88c98bbaf9ae7c5b7b903b3,1
0,14,20,2e0b796b59bd7c603962bdbc8ecbadd3,2e0b796b59bd7c603962bdbc8ecbadd3,1
0,14,21,bcb5a7b4972a5427f9858dd771e6eb8b,bcb5a7b4972a5427f9858dd771e6eb8b,1
0,14,22,8dda47cb0262f16b1aec5817d1f37f3e,8dda47cb0262f16b1aec5817d1f37f3e,1
0,14,23,f49453b7e4e4370a9749999b5d88866b,f49453b7e4e4370a9749999b5d88866b,1
0,14,24,d1863f167ab6be730f78a634dad2ea51,d1863f167ab6be730f78a634dad2ea51,1
0,14,25,138ac8fdfc5f1e44d8bfed8cc8d9a908,138ac8fdfc5f1e44d8bfed8cc8d9a908,1
0,14,26,58b5e8fd773561209c9cc5b7ae720db4,58b5e8fd773561209c9cc5b7ae720db4,1
0,14,27,6bb2ea4bfd7f2c280199c12c3cf0719a,6bb2ea4bfd7f2c280199c12c3cf0719a,1
0,14,28,3b383b74b3dd462835faee3558ccc2bd,3b383b74b3dd462835faee3558ccc2bd,1
0,14,29,e6fadd08c92418f1a6010de3f654df52,e6fadd08c92418f1a6010de3f654df52,1
0,14,30,1b1a36900a847a4e5c9758f071cef722,1b1a36900a847a4e5c9758f071cef722,1
0,14,31,456c0f9b54d8de49daae97501b55ffcc,456c0f9b54d8de49daae97501b55ffcc,1
0,14,32,08973419cfbbcd9b9a649fda1e230ba1,08973419cfbbcd9b9a649fda1e230ba1,1
0,14,33,6ebddf879f1276650e88ef0af4ac4993,6ebddf879f1276650e88ef0af4ac4993,1
0,14,34,ada04b1203bb8fa1da921fb0dda64b76,ada04b1203bb8fa1da921fb0dda64b76,1
0,14,35,54254442b19ef9411d3ab5ed32ffd8ca,54254442b19ef9411d3ab5ed32ffd8ca,1
0,14,36,3dd0ea323b6c2d1c56128e01f3dfae01,3dd0ea323b6c2d1c56128e01f3dfae01,1
0,14,37,cce437374dee018ea18bc0b2200fea14,cce437374dee018ea18bc0b2200fea14,1
0,14,38,13dfde3bbec0710ad2e5f4f6a151ed02,13dfde3bbec0710ad2e5f4f6a151ed02,1
0,14,39,02a806d70d0814b825b48eb17e18d76e,02a806d70d0814b825b48eb17e18d76e,1
0,14,40,27be17b7762df6882e0c9141058e35a3,27be17b7762df6882e0c9141058e35a3,1
0,14,41,f1333996334199625b951013e2259ea0,f1333996334199625b951013e2259ea0,1
0,14,42,ef908b429ce7524270e650dd5a2dbd52,ef908b429ce7524270e650dd5a2dbd52,1
0,14,43,0e12ca59eb289f2387d8bc01a9042449,0e12ca59eb289f2387d8bc01a9042449,1
0,14,44,203f92b0b9953baab947f301096398f3,203f92b0b9953baab947f301096398f3,1
0,14,45,e3f4b934d2ce7e72669544f0c26df27f,e3f4b934d2ce7e72669544f0c26df27f,1
0,15,0,a7ee966518104c67e7e5b26a8c221eec,a7ee966518104c67e7e5b26a8c221eec,1
0,15,1,9a27e0510cab271f8cd20227155b0d15,9a27e0510cab271f8cd20227155b0d15,1
0,15,2,d3c1f365395ea04f6dea39923e268e9f,d3c1f365395ea04f6dea39923e268e9f,1
0,15,3,e3d5f0e5df990c334e34bf988f3e2a2e,e3d5f0e5df990c334e34bf988f3e2a2e,1
0,15,4,b8219fd6b0521dca694994c1d7b4b1ef,b8219fd6b0521dca694994c1d7b4b1ef,1
0,15,5,06d329c75c80c5ede831f90f23e38bd9,06d329c75c80c5ede831f90f23e38bd9,1
0,15,6,2669d455309a817c8d0e27d82e72d656,2669d455309a817c8d0e27d82e72d656,1
0,15,7,f74a1ef13e20724f6c8d9adc2823cd6e,f74a1ef13e20724f6c8d9adc2823cd6e,1
0,15,8,10b5c5d4b8441c2e90bff16475378452,10b5c5d4b8441c2e90bff16475378452,1
0,15,9,6553a7198487a4700dd51cb7a54ea1b4,6553a7198487a4700dd51cb7a54ea1b4,1
0,15,10,1463e4c6509083f4cf978c69325011b0,1463e4c6509083f4cf978c69325011b0,1
0,15,11,b2351a2975e1d6ed60bb2bd64f1785cf,b2351a2975e1d6ed60bb2bd64f1785cf,1
0,15,12,2bbb40d40f5ed8100f1b88e62675e012,2bbb40d40f5ed8100f1b88e62675e012,1
0,15,13,744ca82cc530ec796261d44a5bd5bc98,744ca82cc530ec796261d44a5bd5bc98,1
0,15,14,2eb00f5ea034cf1e49f26a6439d6141e,2eb00f5ea034cf1e49f26a6439d6141e,1
0,15,15,0c5287cebdc2d8b832f4a7b81cdee0d4,0c5287cebdc2d8b832f4a7b81cdee0d4,1
0,15,16,f61df42d060e0817399bdad4b6370ffc,f61df42d060e0817399bdad4b6370ffc,1
0,15,17,7a823cf4014f0989c1ba1af0d6bf8637,7a823cf4014f0989c1ba1af0d6bf8637,1
0,15,18,f1822132c43557baf5f6e309e6224a12,f1822132c43557baf5f6e309e6224a12,1
0,15,19,26651617d480176e52fa9f2f72d0044e,26651617d480176e52fa9f2f72d0044e,1
0,15,20,8a79bcc0fa47dcd57be317d2d9a3483c,8a79bcc0fa47dcd57be317d2d9a3483c,1
0,15,21,e952343af741aff8b522162d27005c9d,e952343af741aff8b522162d27005c9d,1
0,15,22,af8d7e037d10b09e40df52da47ab4d8b,af8d7e037d10b09e40df52da47ab4d8b,1
0,15,23,27f47e891b99c73934b51eb52289e0cb,27f47e891b99c73934b51eb52289e0cb,1
0,15,24,bbd673f409b79766d9dc5f6129f0f14d,bbd673f409b79766d9dc5f6129f0f14d,1
0,15,25,a5d2c9f38aacff9282df26a53467623c,a5d2c9f38aacff9282df26a53467623c,1
0,15,26,1ecddec499d285e6f08715c3a5439c71,1ecddec499d285e6f08715c3a5439c71,1
0,15,27,c694d2f42463278052453a4e6d3e580a,c694d2f42463278052453a4e6d3e580a,1
0,15,28,7781f5dec353223c4e67688ec1b90fbd,7781f5dec353223c4e67688ec1b90fbd,1
0,15,29,1ca190098d987dc931c98ddb21d727fd,1ca190098d987dc931c98ddb21d727fd,1
0,15,30,0b4fc31b7f3d53e45596d1a6d6f5d579,0b4fc31b7f3d53e45596d1a6d6f5d579,1
0,15,31,a4d30cb984807d2f58eaac87db1c8913,a4d30cb984807d2f58eaac87db1c8913,1
0,15,32,75975589de59f4f30a64c07db387b1fe,75975589de59f4f30a64c07db387b1fe,1
0,15,33,02b300fbfab9b70c2c80b2cf69dd437b,02b300fbfab9b70c2c80b2cf69dd437b,1
0,15,34,ab5721bf3ed61713568ec18634801260,ab5721bf3ed61713568ec18634801260,1
0,15,35,a679e1fd52eb74a2fe9e0c4cd2d5962b,a679e1fd52eb74a2fe9e0c4cd2d5962b,1
0,15,36,5e7015aee4bd2579d5088fdc83782d2e,5e7015aee4bd2579d5088fdc83782d2e,1
0,15,37,d6f8b5a42674805740cc9ff5df30d9a1,d6f8b5a42674805740cc9ff5df30d9a1,1
0,15,38,65bc92d63a8e1028ca0ca29a4cd7dc78,65bc92d63a8e1028ca0ca29a4cd7dc78,1
0,15,39,1588d1c49d7c758a4688ed36d9540cae,1588d1c49d7c758a4688ed36d9540cae,1
0,15,40,672873fc3174a3713766f550b86cd28f,672873fc3174a3713766f550b86cd28f,1
0,15,41,2fda01e52467c7f78c7aa386f980f4e5,2fda01e52467c7f78c7aa386f980f4e5,1
0,15,42,18b52272aefa90c41d175f94f0544365,18b52272aefa90c41d175f94f0544365,1
0,15,43,4c5b4646543ebd8b43b0cd9899872315,4c5b4646543ebd8b43b0cd9899872315,1
0,15,44,4d88ec7ec2fc3d13a598cb95fbb034df,4d88ec7ec2fc3d13a598cb95fbb034df,1
0,15,45,34d71553b96ca9772eb2dbbd764595ec,34d71553b96ca9772eb2dbbd764595ec,1
1,0,0,476f5199ad59957280551e4dc059df49,476f5199ad59957280551e4dc059df49,1
1,0,1,3b57b1e3153c09b601e5220467655d6a,3b57b1e3153c09b601e5220467655d6a,1
1,0,2,75bc7391715590666afe3ae342e21555,75bc7391715590666afe3ae342e21555,1
1,0,3,f64f78ac7c0bc14352fa9a85acfbccdf,f64f78ac7c0bc14352fa9a85acfbccdf,1
1,0,4,5552b5681d5bb03591e0568cd3174a78,5552b5681d5bb03591e0568cd3174a78,1
1,0,5,62d209f4590d8d16860b297b4fa95416,62d209f4590d8d16860b297b4fa95416,1
1,0,6,0b656c49cd2245b5504be3fd77215881,0b656c49cd2245b5504be3fd77215881,1
1,0,7,50894be75dfe434923f9c6c6177a8e8e,50894be75dfe434923f9c6c6177a8e8e,1
1,0,8,a5f16a116b7c259a746d45f04cfccd05,a5f16a116b7c259a746d45f04cfccd05,1
1,0,9,4c87f880561078348def08a1b0a76f7a,4c87f880561078348def08a1b0a76f7a,1
1,0,10,487fb5dce27d53042a4fdfbb250348c2,487fb5dce27d53042a4fdfbb250348c2,1
1,0,11,57372ba4dd64351fe071584e3fd39e98,57372ba4dd64351fe071584e3fd39e98,1
1,0,12,a2d0e1914d8a77f0e00d97363098342b,a2d0e1914d8a77f0e00d97363098342b,1
1,0,13,c78d7d7210590455b7edabb97d11d2cd,c78d7d7210590455b7edabb97d11d2cd,1
1,0,14,fb2ed0de803a1669017636c2256a3e95,fb2ed0de803a1669017636c2256a3e95,1
1,0,15,cce295fa82d05c1effb892e1410bcb28,cce295fa82d05c1effb892e1410bcb28,1
1,0,16,b8e983bd8afdfad4a97545384f4c0583,b8e983bd8afdfad4a97545384f4c0583,1
1,0,17,010b826586e7dd850ad9814b48920742,010b826586e7dd850ad9814b48920742,1
1,0,18,a5e3ec921ae25d7b998e625db8e3dfda,a5e3ec921ae25d7b998e625db8e3dfda,1
1,0,19,a95788a7fd9ee9f3480581459aaa4a41,a95788a7fd9ee9f3480581459aaa4a41,1
1,0,20,cd2336d5b2ffd431ff7cea179f342758,cd2336d5b2ffd431ff7cea179f342758,1
1,0,21,3f4ac451d753c78ab236c365cc4fd476,3f4ac451d753c78ab236c365cc4fd476,1
1,0,22,4c9c3be742f0332f62c1d79bd2afde18,4c9c3be742f0332f62c1d79bd2afde18,1
1,0,23,748fee4f2903275d569b8c7c04543f36,748fee4f2903275d569b8c7c04543f36,1
1,0,24,8fca5a080f9ed4c8266076954fc04a87,8fca5a080f9ed4c8266076954fc04a87,1
1,0,25,0df79b5e9a77b4b0673128e218850fac,0df79b5e9a77b4b0673128e218850fac,1
1,0,26,7b36cd0d3bd2e6a18f61e2e4f066c504,7b36cd0d3bd2e6a18f61e2e4f066c504,1
1,0,27,547bfc0b82f5ceb2b4771df66f8e65b1,547bfc0b82f5ceb2b4771df66f8e65b1,1
1,0,28,9c3e743a6c77d372604cb1d60c977bdf,9c3e743a6c77d372604cb1d60c977bdf,1
1,0,29,4a4514e7a83f892cec61d99031cf2594,4a4514e7a83f892cec61d99031cf2594,1
1,0,30,9096ed41d92756675830024d11a55082,9096ed41d92756675830024d11a55082,1
1,0,31,19c6692f360ff69bdcb41d0dc2c2485f,19c6692f360ff69bdcb41d0dc2c2485f,1
1,0,32,a8008b044bf45e8c53823add9871fef5,a8008b044bf45e8c53823add9871fef5,1
1,0,33,73f688f122af60aa171d63eaf0ab20f7,73f688f122af60aa171d63eaf0ab20f7,1
1,0,34,c21e2b39c3dff4ee1d0ecd371ab17207,c21e2b39c3dff4ee1d0ecd371ab17207,1
1,0,35,54e97fde7cc95ad4f9f6da88c680dddb,54e97fde7cc95ad4f9f6da88c680dddb,1
1,0,36,62522f5be58277c02614688b8c793a7d,62522f5be58277c02614688b8c793a7d,1
1,0,37,e7ccd1be73d27eccc3e9b8641998e39b,e7ccd1be73d27eccc3e9b8641998e39b,1
1,0,38,8af8d88381a0e151508e4ae464a5b585,8af8d88381a0e151508e4ae464a5b585,1
1,0,39,7f9fb9c6ebabfa4b28fe060ffccfac8a,7f9fb9c6ebabfa4b28fe060ffccfac8a,1
1,0,40,20e7422e087dfe47bb3cd6a7e1f94bb8,20e7422e087dfe47bb3cd6a7e1f94bb8,1
1,0,41,3cc06d2757c9a5d454c5d0598409ece9,3cc06d2757c9a5d454c5d0598409ece9,1
1,0,42,98cb2a4d07aba2fc56f88930ceee7816,98cb2a4d07aba2fc56f88930ceee7816,1
1,0,43,78ceab7978a6a3f64f1068d1d0cf5927,78ceab7978a6a3f64f1068d1d0cf5927,1
1,0,44,7e2f9fa16cf1d0a60f90c40626009b6b,7e2f9fa16cf1d0a60f90c40626009b6b,1
1,0,45,071dc841e3651a21092734182ee6ef9e,071dc841e3651a21092734182ee6ef9e,1
1,1,0,cf9f26640958c82a9e6c2d063154b56d,cf9f26640958c82a9e6c2d063154b56d,1
1,1,1,983c2cb04e74d6b14e356985f69d99a7,983c2cb04e74d6b14e356985f69d99a7,1
1,1,2,a7b3922d88e2a60ff6ba470c96501f6b,a7b3922d88e2a60ff6ba470c96501f6b,1
1,1,3,0cbc66d10351ffd08aaffc7a82376c29,0cbc66d10351ffd08aaffc7a82376c29,1
1,1,4,c41086686d570677b55240f2433f8c13,c41086686d570677b55240f2433f8c13,1
1,1,5,201178eb1f71cb67c952ac27bfeebc0b,201178eb1f71cb67c952ac27bfeebc0b,1
1,1,6,80a817074559840694553d0d4faef836,80a817074559840694553d0d4faef836,1
1,1,7,2f7925aa211295148322144423bd2a72,2f7925aa211295148322144423bd2a72,1
1,1,8,3a27c96ac603867b22e54fd01f655bff,3a27c96ac603867b22e54fd01f655bff,1
1,1,9,db405006f07ee69a9a223211b95c1958,db405006f07ee69a9a223211b95c1958,1
1,1,10,9a2ca225f2adaa0e8c9654cede32feac,9a2ca225f2adaa0e8c9654cede32feac,1
1,1,11,d4cd8bb1ee48fe05d62f2bfef3562d80,d4cd8bb1ee48fe05d62f2bfef3562d80,1
1,1,12,077ccf8fc5f1217498b60f611b70708d,077ccf8fc5f1217498b60f611b70708d,1
1,1,13,3786f2bf4fe129e9d99e7c56eae0f42d,3786f2bf4fe129e9d99e7c56eae0f42d,1
1,1,14,b2bfb3f3f0d21c3d60dcb553cc006ae6,b2bfb3f3f0d21c3d60dcb553cc006ae6,1
1,1,15,1504168f11279d62305ecd9734de8c15,1504168f11279d62305ecd9734de8c15,1
1,1,16,28421229a10fa852eaaea94e9697cbca,28421229a10fa852eaaea94e9697cbca,1
1,1,17,2fdcb804ead8d737adbfcd6c08ba6811,2fdcb804ead8d737adbfcd6c08ba6811,1
1,1,18,d4981c2d5a4a185affa92f816d59835b,d4981c2d5a4a185affa92f816d59835b,1
1,1,19,754d2be83d85958026a7074b5c6828e5,754d2be83d85958026a7074b5c6828e5,1
1,1,20,1f8429fc417af665a7fb85ddf26434e4,1f8429fc417af665a7fb85ddf26434e4,1
1,1,21,46f8e1e3bfa3b4600bffaece8beebda5,46f8e1e3bfa3b4600bffaece8beebda5,1
1,1,22,28254f4d06b53319df4f81ff6034050f,28254f4d06b53319df4f81ff6034050f,1
1,1,23,238b48bcf932261d86a8a777d7f651e4,238b48bcf932261d86a8a777d7f651e4,1
1,1,24,52282898f7e29754c22ff5b698d820c8,52282898f7e29754c22ff5b698d820c8,1
1,1,25,9c2459000bf5e137a23b110e45ecbf52,9c2459000bf5e137a23b110e45ecbf52,1
1,1,26,acda8b018b95f500cfe7f9d635ca50e8,acda8b018b95f500cfe7f9d635ca50e8,1
1,1,27,5d8e76bf8c58c5cd83d3f3c5e9680971,5d8e76bf8c58c5cd83d3f3c5e9680971,1
1,1,28,1ef9e8bb4a0ad615b64bc8471c1a9147,1ef9e8bb4a0ad615b64bc8471c1a9147,1
1,1,29,b010c3e58de41ec1b0078bbb8555910b,b010c3e58de41ec1b0078bbb8555910b,1
1,1,30,e2036c0fa4e84717e41c8d129d3e68a3,e2036c0fa4e84717e41c8d129d3e68a3,1
1,1,31,ecae6113eff67092ce4d2e37c829571f,ecae6113eff67092ce4d2e37c829571f,1
1,1,32,32a73ccb5e2497dd16e1ba91d47a7a9d,32a73ccb5e2497dd16e1ba91d47a7a9d,1
1,1,33,eca23564f9a7049b9c6b5c07fa628fc9,eca23564f9a7049b9c6b5c07fa628fc9,1
1,1,34,7f26014a89c38ed8448c64ac0cc9b7cd,7f26014a89c38ed8448c64ac0cc9b7cd,1
1,1,35,0e2059d9650dea1e867ff041031275b9,0e2059d9650dea1e867ff041031275b9,1
1,1,36,623c60b841ac8b1ab591b4329cb3f1fd,623c60b841ac8b1ab591b4329cb3f1fd,1
1,1,37,00100dbc7ec92fa960531afc0bc0835d,00100dbc7ec92fa960531afc0bc0835d,1
1,1,38,40eaa52d7e713682a30170be5c8f8f46,40eaa52d7e713682a30170be5c8f8f46,1
1,1,39,2936548df90aad11f33bf0e41a9fc0d7,2936548df90aad11f33bf0e41a9fc0d7,1
1,1,40,5c79d5ed014dba950b4970b55d994c49,5c79d5ed014dba950b4970b55d994c49,1
1,1,41,16736fcc69e14fb48ea4ec9a07de8fb1,16736fcc69e14fb48ea4ec9a07de8fb1,1
1,1,42,4ba29eb53be1a8fca0594d0765b0424c,4ba29eb53be1a8fca0594d0765b0424c,1
1,1,43,7c8a73997c8915a0a5982d311969bc26,7c8a73997c8915a0a5982d311969bc26,1
1,1,44,25f682bed9ad40e12526cedde80d9e21,25f682bed9ad40e12526cedde80d9e21,1
1,1,45,5753187b45a90e2b815dc737494b8e85,5753187b45a90e2b815dc737494b8e85,1
1,2,0,bb9ba169478430bf1a930115b0c2f7ef,bb9ba169478430bf1a930115b0c2f7ef,1
1,2,1,e426c92158fed8090712b6d00aa52b3a,e426c92158fed8090712b6d00aa52b3a,1
1,2,2,f4910d4a5a64eb610d925e9e48ad2106,f4910d4a5a64eb610d925e9e48ad2106,1
1,2,3,46f69b19ecd3bc1c17c3870a178e9b8b,46f69b19ecd3bc1c17c3870a178e9b8b,1
1,2,4,5d8f102854fa41cd8b4ecc17e176c939,5d8f102854fa41cd8b4ecc17e176c939,1
1,2,5,c373af9d78000f33ed1539b26198a1b6,c373af9d78000f33ed1539b26198a1b6,1
1,2,6,5dcebfe706a18691b442b428d90d7b2f,5dcebfe706a18691b442b428d90d7b2f,1
1,2,7,bf452a5047cdd62808fe464f757cf490,bf452a5047cdd62808fe464f757cf490,1
1,2,8,bb51f15825759e3ccfa05dadd6799394,bb51f15825759e3ccfa05dadd6799394,1
1,2,9,2f7ca7bec89289912246a03c38a9c81b,2f7ca7bec89289912246a03c38a9c81b,1
1,2,10,126bfa5273a7498b8fa2dd5547fbbd23,126bfa5273a7498b8fa2dd5547fbbd23,1
1,2,11,cfc01078587a0dcafeb542ec95fbc0cf,cfc01078587a0dcafeb542ec95fbc0cf,1
1,2,12,210c86c1d28a0b3bb75b709e65c7b83d,210c86c1d28a0b3bb75b709e65c7b83d,1
1,2,13,ba69df6e0ccf2fc09f1828f24073376c,ba69df6e0ccf2fc09f1828f24073376c,1
1,2,14,c09c73be642f84ef73f67e556794f213,c09c73be642f84ef73f67e556794f213,1
1,2,15,3c504b4a055149f79115bc41841f942e,3c504b4a055149f79115bc41841f942e,1
1,2,16,af77edd3ce1fe6875b06e0639bc93dd5,af77edd3ce1fe6875b06e0639bc93dd5,1
1,2,17,473fe6a7ff71cf90394c8a5fc570880b,473fe6a7ff71cf90394c8a5fc570880b,1
1,2,18,5e131652df06913fcd388a0559d7ebca,5e131652df06913fcd388a0559d7ebca,1
1,2,19,298054b7f7bc6327f3690a49d51bc179,298054b7f7bc6327f3690a49d51bc179,1
1,2,20,fccc63e4dc0f0172eb4584b813ce4434,fccc63e4dc0f0172eb4584b813ce4434,1
1,2,21,56ae2d6e440d5f8e1cf6b8f7c8b4904d,56ae2d6e440d5f8e1cf6b8f7c8b4904d,1
1,2,22,5c928f638d039d1b8653fb85afb063cd,5c928f638d039d1b8653fb85afb063cd,1
1,2,23,c58295c82a25049e3cfc9c8051f8838f,c58295c82a25049e3cfc9c8051f8838f,1
1,2,24,0f3740e673d51eca8191395dc9a07799,0f3740e673d51eca8191395dc9a07799,1
1,2,25,a9356dfeaa79c27a547d7a6a0c135c97,a9356dfeaa79c27a547d7a6a0c135c97,1
1,2,26,7ef0891930d25d78f00daf430bbfc101,7ef0891930d25d78f00daf430bbfc101,1
1,2,27,da40da5b14f967b280ef102dc9c2dd70,da40da5b14f967b280ef102dc9c2dd70,1
1,2,28,80d50ae5b4d0f8bcabb9e418ff075f46,80d50ae5b4d0f8bcabb9e418ff075f46,1
1,2,29,6b0d9e481e6eaeccb2b5b58c68dfda7b,6b0d9e481e6eaeccb2b5b58c68dfda7b,1
1,2,30,9fcfb0477d106bb6d367ded6b55ceda2,9fcfb0477d106bb6d367ded6b55ceda2,1
1,2,31,a068b54873c260dc1ea88562d43e6d7d,a068b54873c260dc1ea88562d43e6d7d,1
1,2,32,ecac03cf446891f7f867d56095cdb0b4,ecac03cf446891f7f867d56095cdb0b4,1
1,2,33,0afe1eac5c561b91a54c77c7819e9e0d,0afe1eac5c561b91a54c77c7819e9e0d,1
1,2,34,6340fe71b04b99619dac862cf623e289,6340fe71b04b99619dac862cf623e289,1
1,2,35,a8e0c0bdf70ae6c7835fe3b42d0e9b6f,a8e0c0bdf70ae6c7835fe3b42d0e9b6f,1
1,2,36,714f40219340f8f1bdb0ff0fbafa49ad,714f40219340f8f1bdb0ff0fbafa49ad,1
1,2,37,3f15b35529ace156ad7006d3998a4003,3f15b35529ace156ad7006d3998a4003,1
1,2,38,8c53ae8f50439eab10e2f5fd580ce70d,8c53ae8f50439eab10e2f5fd580ce70d,1
1,2,39,55e66f37693a4b13c7ed036e7b0adf5b,55e66f37693a4b13c7ed036e7b0adf5b,1
1,2,40,bdee5706879d4caa7d98b1e1e153cff9,bdee5706879d4caa7d98b1e1e153cff9,1
1,2,41,e30dd41c1ae23077e4049c27829a7199,e30dd41c1ae23077e4049c27829a7199,1
1,2,42,2dac4487feb453a759cdb6d98ff72db3,2dac4487feb453a759cdb6d98ff72db3,1
1,2,43,78b641db86a4b7b37a51e70b81799049,78b641db86a4b7b37a51e70b81799049,1
1,2,44,72873dbfb5fd4272bec30776d076159d,72873dbfb5fd4272bec30776d076159d,1
1,2,45,c2e7921cda10cbe29f20a7540358a7a0,c2e7921cda10cbe29f20a7540358a7a0,1
1,3,0,db184546f96a8879bd994ce6819a9753,db184546f96a8879bd994ce6819a9753,1
1,3,1,c5b15611dca6b939056a331a192aea5e,c5b15611dca6b939056a331a192aea5e,1
1,3,2,b17b457f61a87861023bf5a0699b343f,b17b457f61a87861023bf5a0699b343f,1
1,3,3,c05b2efa6c1cae04b3497de3581a726a,c05b2efa6c1cae04b3497de3581a726a,1
1,3,4,809aec5dd3189f2e35f735c8033e3178,809aec5dd3189f2e35f735c8033e3178,1
1,3,5,bb1ddabe47ee681fab705c15509dd6fa,bb1ddabe47ee681fab705c15509dd6fa,1
1,3,6,3cc7dba9253af2c6b1a5ae2af11ad45c,3cc7dba9253af2c6b1a5ae2af11ad45c,1
1,3,7,28fc559c2993f841310b28f0b65b6e6a,28fc559c2993f841310b28f0b65b6e6a,1
1,3,8,517043427b33622c126a7e3d906fd163,517043427b33622c126a7e3d906fd163,1
1,3,9,684976eb56e50c4ca21ef8017f9e9748,684976eb56e50c4ca21ef8017f9e9748,1
1,3,10,85c7008c3df2d0c76edb96ad787a1ab3,85c7008c3df2d0c76edb96ad787a1ab3,1
1,3,11,46fd03c5b7bc212df80f21fa8c1f2f27,46fd03c5b7bc212df80f21fa8c1f2f27,1
1,3,12,4e3d2c07fd48fd5e19853eae87c31865,4e3d2c07fd48fd5e19853eae87c31865,1
1,3,13,58e520bc6f872c2d0dc59e639d149fdf,58e520bc6f872c2d0dc59e639d149fdf,1
1,3,14,a8106dcfa74cc1f6fd7e6a479410aaab,a8106dcfa74cc1f6fd7e6a479410aaab,1
1,3,15,b66fe962e7d3aab6b0cbc5f2dc0cce05,b66fe962e7d3aab6b0cbc5f2dc0cce05,1
1,3,16,e1576b297dea8e4673822836e9b271b8,e1576b297dea8e4673822836e9b271b8,1
1,3,17,5c51371360cf99526bdd5f14d91c022a,5c51371360cf99526bdd5f14d91c022a,1
1,3,18,cfea734442996a90912b70fed527a82e,cfea734442996a90912b70fed527a82e,1
1,3,19,df2a6b8dbcea002182002fb8752a5393,df2a6b8dbcea002182002fb8752a5393,1
1,3,20,97197838deef2fd9985725c547c9e2b2,97197838deef2fd9985725c547c9e2b2,1
1,3,21,d46da92af0966ce78b7fbf91746bba23,d46da92af0966ce78b7fbf91746bba23,1
1,3,22,738d1a5365833b787eb6a3b8f17a9557,738d1a5365833b787eb6a3b8f17a9557,1
1,3,23,7ec76526be58cceb78ba54bb03040d27,7ec76526be58cceb78ba54bb03040d27,1
1,3,24,702465cbd13b998f7dee96f1da60a611,702465cbd13b998f7dee96f1da60a611,1
1,3,25,08f9e0249cdcafbf475f59b74db8dd52,08f9e0249cdcafbf475f59b74db8dd52,1
1,3,26,25e2a4166503138a8606b57816f0a3f7,25e2a4166503138a8606b57816f0a3f7,1
1,3,27,772ecd11ff177b800e80ab981d3e5987,772ecd11ff177b800e80ab981d3e5987,1
1,3,28,7f142878e5090a755722e7972a447bc6,7f142878e5090a755722e7972a447bc6,1
1,3,29,b3200c98893e10ed98bf01ed03048f45,b3200c98893e10ed98bf01ed03048f45,1
1,3,30,d39fce3adc4498dea727bf87ca418d03,d39fce3adc4498dea727bf87ca418d03,1
1,3,31,1b3187e4a538cda2a6900f09a3e72f33,1b3187e4a538cda2a6900f09a3e72f33,1
1,3,32,9f48d4884d323a26ea2f53782704eae9,9f48d4884d323a26ea2f53782704eae9,1
1,3,33,e8dfeda9cd829754c37a5304bcf25d68,e8dfeda9cd829754c37a5304bcf25d68,1
1,3,34,ca9de8bc59f7ba7b57cb6592074bd5bf,ca9de8bc59f7ba7b57cb6592074bd5bf,1
1,3,35,9fb2a7d210555aaf476da5dcd00fba6a,9fb2a7d210555aaf476da5dcd00fba6a,1
1,3,36,6ed43d6cc82494e364bea9538e97262b,6ed43d6cc82494e364bea9538e97262b,1
1,3,37,fcdab04b2baf995da3a77355bb96a1da,fcdab04b2baf995da3a77355bb96a1da,1
1,3,38,521223067524f4290f30dbcf7a63e20e,521223067524f4290f30dbcf7a63e20e,1
1,3,39,5fe73d611b07b4649d8d2b96f8e923f6,5fe73d611b07b4649d8d2b96f8e923f6,1
1,3,40,b0fbb067ba9dc50291abaffc754dd339,b0fbb067ba9dc50291abaffc754dd339,1
1,3,41,c3cd1a63ebcdc48095261544a734fe3b,c3cd1a63ebcdc48095261544a734fe3b,1
1,3,42,6c33ccb3d546549d64bebc09ad8cec47,6c33ccb3d546549d64bebc09ad8cec47,1
1,3,43,16c9644c08a81a737960b27668f686a5,16c9644c08a81a737960b27668f686a5,1
1,3,44,1a392ddcb1a5eb0025e5eadc9bd6eaea,1a392ddcb1a5eb0025e5eadc9bd6eaea,1
1,3,45,83b0b9fd89c56567e550dc96aef020ca,83b0b9fd89c56567e550dc96aef020ca,1
1,4,0,296a675bf7f1dae5fcf7ca06f804dca4,296a675bf7f1dae5fcf7ca06f804dca4,1
1,4,1,5fa72b984b287273ce3a4b37e8609c06,5fa72b984b287273ce3a4b37e8609c06,1
1,4,2,ccc63481ee24c3ba3fc14ad55904fff9,ccc63481ee24c3ba3fc14ad55904fff9,1
1,4,3,ca230e1d0d5ccf8a248f60db6c4a238c,ca230e1d0d5ccf8a248f60db6c4a238c,1
1,4,4,a97c62f47ca92fa24b7f5c39544b3174,a97c62f47ca92fa24b7f5c39544b3174,1
1,4,5,bbe041656b2a304e91a945fd90c40e90,bbe041656b2a304e91a945fd90c40e90,1
1,4,6,7db8f574a5aa34897f5aefa657a5c8d6,7db8f574a5aa34897f5aefa657a5c8d6,1
1,4,7,a43d1701de71efa30311bb7929d2d9dc,a43d1701de71efa30311bb7929d2d9dc,1
1,4,8,5585b3bc25f5f2d423ddac0a4382317f,5585b3bc25f5f2d423ddac0a4382317f,1
1,4,9,a7123152e02a280b19216d3dcbc5a67f,a7123152e02a280b19216d3dcbc5a67f,1
1,4,10,913d13ee72b6cb876290acc38dfccad9,913d13ee72b6cb876290acc38dfccad9,1
1,4,11,614be9d613cb71d76791f1b6c6dd5197,614be9d613cb71d76791f1b6c6dd5197,1
1,4,12,369932cbbacaf2ba1f46105035c0a74c,369932cbbacaf2ba1f46105035c0a74c,1
1,4,13,b1b1fc19dc0cb9d8d337de1b853f0cb1,b1b1fc19dc0cb9d8d337de1b853f0cb1,1
1,4,14,e95a81c983191d5ae4334dce71855b2c,e95a81c983191d5ae4334dce71855b2c,1
1,4,15,d328fd9b17c611b48444db503dc09b38,d328fd9b17c611b48444db503dc09b38,1
1,4,16,8e2b5d72d1236d4792fdf4436a3e4833,8e2b5d72d1236d4792fdf4436a3e4833,1
1,4,17,47a078581e5398d73dc904d1291638a4,47a078581e5398d73dc904d1291638a4,1
1,4,18,3fb0af57a09c3f95783246d369862d2e,3fb0af57a09c3f95783246d369862d2e,1
1,4,19,892b496510e30b16db68e4ac9352aa30,892b496510e30b16db68e4ac9352aa30,1
1,4,20,6d29882e42b099aef0bd914902c12462,6d29882e42b099aef0bd914902c12462,1
1,4,21,f2ecc1dc194f49c8cdadc5e326909365,f2ecc1dc194f49c8cdadc5e326909365,1
1,4,22,2db2e0fec67eb22b82f91e12270b561c,2db2e0fec67eb22b82f91e12270b561c,1
1,4,23,a56acb274fb84d25216ed698db85ae4d,a56acb274fb84d25216ed698db85ae4d,1
1,4,24,19c528b49eb3c2932a4d7f1bc8bfc1fb,19c528b49eb3c2932a4d7f1bc8bfc1fb,1
1,4,25,2b600cf4008f73b1e8015cfde3b48f37,2b600cf4008f73b1e8015cfde3b48f37,1
1,4,26,e83889bf55e32571c8ad52fa5f0cfa17,e83889bf55e32571c8ad52fa5f0cfa17,1
1,4,27,83cc6d8f716b38cdeb1cd9d2fd106516,83cc6d8f716b38cdeb1cd9d2fd106516,1
1,4,28,97aecf36f45917f93bac5f0804ecfc3a,97aecf36f45917f93bac5f0804ecfc3a,1
1,4,29,617dc3189839b2f9038019903a235f75,617dc3189839b2f9038019903a235f75,1
1,4,30,6d574bac0c7be092855024e725ad3478,6d574bac0c7be092855024e725ad3478,1
1,4,31,45588f61c57b62c91a275a7bc82154c5,45588f61c57b62c91a275a7bc82154c5,1
1,4,32,cc860d49113db84da5cff5eb357b8f60,cc860d49113db84da5cff5eb357b8f60,1
1,4,33,1b574bc3e4c7f85317fadac0dc41ca9e,1b574bc3e4c7f85317fadac0dc41ca9e,1
1,4,34,2a236c5e945a478e93b365b505e99c76,2a236c5e945a478e93b365b505e99c76,1
1,4,35,3ae09d566f6e86c0d830cd9dfc686890,3ae09d566f6e86c0d830cd9dfc686890,1
1,4,36,60fb6f8286d0f9000291a0dd25c04b58,60fb6f8286d0f9000291a0dd25c04b58,1
1,4,37,d9c9aeb6833c53288a30ff2b04d95d1d,d9c9aeb6833c53288a30ff2b04d95d1d,1
1,4,38,327c55e71768aa310a257444fdeef691,327c55e71768aa310a257444fdeef691,1
1,4,39,2f83044a2524cd512da464fc1c2b52b8,2f83044a2524cd512da464fc1c2b52b8,1
1,4,40,ddf0659881a96ee7ab6668893513397b,ddf0659881a96ee7ab6668893513397b,1
1,4,41,e455a343e65cbd55da1189813f53af4c,e455a343e65cbd55da1189813f53af4c,1
1,4,42,bac727c063c1d9702b0ace2ddca002e3,bac727c063c1d9702b0ace2ddca002e3,1
1,4,43,5e492a970cb7be44262033460a5826e1,5e492a970cb7be44262033460a5826e1,1
1,4,44,1acf341f8aa532697f043319b36a44c1,1acf341f8aa532697f043319b36a44c1,1
1,4,45,ccf184ccf2e3b00226e1742912c4d928,ccf184ccf2e3b00226e1742912c4d928,1
1,5,0,863938523c8f281fe4f0279893a4be50,863938523c8f281fe4f0279893a4be50,1
1,5,1,770b5d9c368a3d7437e873ea73d49fd7,770b5d9c368a3d7437e873ea73d49fd7,1
1,5,2,c447a2be1f7afcface8981acfa532df4,c447a2be1f7afcface8981acfa532df4,1
1,5,3,04dbdc5c38c0cace3234c1b38f11c531,04dbdc5c38c0cace3234c1b38f11c531,1
1,5,4,81f42cb6404138b4ff7ce696aa1fbee5,81f42cb6404138b4ff7ce696aa1fbee5,1
1,5,5,36485e6dc848ef83f2bada5d7ee16502,36485e6dc848ef83f2bada5d7ee16502,1
1,5,6,cbd75e8cfd567a14d3e3ab81e954f07a,cbd75e8cfd567a14d3e3ab81e954f07a,1
1,5,7,25f5f440104f061687ca141a312bfb2b,25f5f440104f061687ca141a312bfb2b,1
1,5,8,f1b1db53b53b60c2ee26692cbaf8fd40,f1b1db53b53b60c2ee26692cbaf8fd40,1
1,5,9,d1c28a908f7987aec02288619d6a6b3a,d1c28a908f7987aec02288619d6a6b3a,1
1,5,10,4a1d31212a0069447e8c40cc4c7abf2e,4a1d31212a0069447e8c40cc4c7abf2e,1
1,5,11,53d23f77cf0b48043e59ef82d58e95ed,53d23f77cf0b48043e59ef82d58e95ed,1
1,5,12,8259abac0e0b84820a2c8f6544b50218,8259abac0e0b84820a2c8f6544b50218,1
1,5,13,c849095a4ad3049b4b7a5a59966273b7,c849095a4ad3049b4b7a5a59966273b7,1
1,5,14,2f1d3f6450792f551e2acc20ae03559e,2f1d3f6450792f551e2acc20ae03559e,1
1,5,15,667008898927dd0d038508fb0953dc73,667008898927dd0d038508fb0953dc73,1
1,5,16,9ea532bef1ad1668b76b7cefbe13deee,9ea532bef1ad1668b76b7cefbe13deee,1
1,5,17,185a0ab02ea21500b8f024a32fef2234,185a0ab02ea21500b8f024a32fef2234,1
1,5,18,30cb3f38e961da2bdb60b3cc8434b61c,30cb3f38e961da2bdb60b3cc8434b61c,1
1,5,19,aca1ecdb153744057b6e56de3f26c3f0,aca1ecdb153744057b6e56de3f26c3f0,1
1,5,20,6ad1784496a791eac102d707970248e7,6ad1784496a791eac102d707970248e7,1
1,5,21,3d12f5bd5025ce9ef2f3dd2907a52806,3d12f5bd5025ce9ef2f3dd2907a52806,1
1,5,22,730cf5a328e2df518942a40aad2c50c5,730cf5a328e2df518942a40aad2c50c5,1
1,5,23,0f7d22001affef2d5b28ef53db003f76,0f7d22001affef2d5b28ef53db003f76,1
1,5,24,b1f9fc86f63766f69f0dd953b7f347fe,b1f9fc86f63766f69f0dd953b7f347fe,1
1,5,25,28c228011a3b03b6ed689f4d7a51ce74,28c228011a3b03b6ed689f4d7a51ce74,1
1,5,26,5fd028d95ea8b6a375e4fed688879284,5fd028d95ea8b6a375e4fed688879284,1
1,5,27,69d8202cf03870e449eb0289b0f104b6,69d8202cf03870e449eb0289b0f104b6,1
1,5,28,9af51ecc8a50dc936cbd96d95178239e,9af51ecc8a50dc936cbd96d95178239e,1
1,5,29,1e90e2eec0973bc7d65be3ea38557005,1e90e2eec0973bc7d65be3ea38557005,1
1,5,30,c3726b3fbf5fee374221c49e2f313a85,c3726b3fbf5fee374221c49e2f313a85,1
1,5,31,f5d0f8b7316af8ac234af4efe4d9082f,f5d0f8b7316af8ac234af4efe4d9082f,1
1,5,32,f633b7de54af780fc9a81711ef968846,f633b7de54af780fc9a81711ef968846,1
1,5,33,68aabe8896bdbdee9da60dd075739312,68aabe8896bdbdee9da60dd075739312,1
1,5,34,c3559474e2aec8dd614bc505d7ff110c,c3559474e2aec8dd614bc505d7ff110c,1
1,5,35,33a08434b81ac910d1272999de78cb77,33a08434b81ac910d1272999de78cb77,1
1,5,36,c20e6824415deb760e190d2b993493e0,c20e6824415deb760e190d2b993493e0,1
1,5,37,b4b7bf98a74e4decb90652b20d7a1742,b4b7bf98a74e4decb90652b20d7a1742,1
1,5,38,40f1f4a7e2c6cfaaf50c21e04a5d23d8,40f1f4a7e2c6cfaaf50c21e04a5d23d8,1
1,5,39,5617792557e936fc93b5dcc3ca417592,5617792557e936fc93b5dcc3ca417592,1
1,5,40,3e165de52a4042781862aa114cae85c3,3e165de52a4042781862aa114cae85c3,1
1,5,41,58092818d90892cebb76f355623e6024,58092818d90892cebb76f355623e6024,1
1,5,42,74fdc2db66aebfe4d97d9e9e6a7921eb,74fdc2db66aebfe4d97d9e9e6a7921eb,1
1,5,43,c6b6319df4c25cf646ab395f7a419033,c6b6319df4c25cf646ab395f7a419033,1
1,5,44,c27642181f1702b8496318662b4e1195,c27642181f1702b8496318662b4e1195,1
1,5,45,7c27dd4991f3c3d554628c2dd6f8673e,7c27dd4991f3c3d554628c2dd6f8673e,1
1,6,0,480f0c8628cffa30c5702eb1b8a918a7,480f0c8628cffa30c5702eb1b8a918a7,1
1,6,1,158b2b12f5fa621560739f698d33f1ae,158b2b12f5fa621560739f698d33f1ae,1
1,6,2,26dc7ac2408c34f2ae3674909cc6faf3,26dc7ac2408c34f2ae3674909cc6faf3,1
1,6,3,03e9fb13f076c463da1a2a5387c64f62,03e9fb13f076c463da1a2a5387c64f62,1
1,6,4,f8193fc6a2d3926e26bbb2ed2a2756e8,f8193fc6a2d3926e26bbb2ed2a2756e8,1
1,6,5,017e31a2c16da3cc7c388cc81147f38d,017e31a2c16da3cc7c388cc81147f38d,1
1,6,6,e3a06c4620bdf8220ba59d4266c7f41a,e3a06c4620bdf8220ba59d4266c7f41a,1
1,6,7,7f05906718fe8bf36c09b5f25a370fdd,7f05906718fe8bf36c09b5f25a370fdd,1
1,6,8,bbc41984664422c2625340c2ffcb9948,bbc41984664422c2625340c2ffcb9948,1
1,6,9,2b759d756689363c876ff2bd7726f30b,2b759d756689363c876ff2bd7726f30b,1
1,6,10,bc2ee5d76846d331fbea26e4e61cb2e4,bc2ee5d76846d331fbea26e4e61cb2e4,1
1,6,11,96b4b3054547503eb316f8e9f1495ba8,96b4b3054547503eb316f8e9f1495ba8,1
1,6,12,8f0c9bd79598963cdb86a65910008174,8f0c9bd79598963cdb86a65910008174,1
1,6,13,7fc52c9887ea89798a1262fd1a5ab26c,7fc52c9887ea89798a1262fd1a5ab26c,1
1,6,14,bf88f1f1aac0aa18aeb4979b07eaa982,bf88f1f1aac0aa18aeb4979b07eaa982,1
1,6,15,9239ae997fdcf669f4774e4144973f33,9239ae997fdcf669f4774e4144973f33,1
1,6,16,bcae349e2ba860d25874745b3363601e,bcae349e2ba860d25874745b3363601e,1
1,6,17,e0b799b224bb497d9cf04e8500bb2342,e0b799b224bb497d9cf04e8500bb2342,1
1,6,18,3ceff743790acdb8dfce78dc81861767,3ceff743790acdb8dfce78dc81861767,1
1,6,19,94597b8c3cc6616a832aee9991c9ae8e,94597b8c3cc6616a832aee9991c9ae8e,1
1,6,20,355ffdf800ade6420c5e30e51b6c545a,355ffdf800ade6420c5e30e51b6c545a,1
1,6,21,a3377be3fc5c57cde5bac6a74153bc28,a3377be3fc5c57cde5bac6a74153bc28,1
1,6,22,3ea681840831614a18f6c211492a8e72,3ea681840831614a18f6c211492a8e72,1
1,6,23,fecf7f9c47133a11a3ce25d5afaca15e,fecf7f9c47133a11a3ce25d5afaca15e,1
1,6,24,afde0423114d4f7d42bdc3c79e0d0bd9,afde0423114d4f7d42bdc3c79e0d0bd9,1
1,6,25,a1530f23b7af9687af116a8e81909f43,a1530f23b7af9687af116a8e81909f43,1
1,6,26,a8d17d9edf9501eb27afce6768935806,a8d17d9edf9501eb27afce6768935806,1
1,6,27,fa426906288c8a32646ae20abef73f86,fa426906288c8a32646ae20abef73f86,1
1,6,28,b34cc858c1790a5f782cab31247edec9,b34cc858c1790a5f782cab31247edec9,1
1,6,29,a3ae1b778e2fa25268d678f7330afabd,a3ae1b778e2fa25268d678f7330afabd,1
1,6,30,8023bc7467e5e1cb35735ea93a036728,8023bc7467e5e1cb35735ea93a036728,1
1,6,31,91e35789b62538af0fa23d5e83bcac74,91e35789b62538af0fa23d5e83bcac74,1
1,6,32,0078d396fe2091af33efe54c19782db6,0078d396fe2091af33efe54c19782db6,1
1,6,33,7697145a732b9e19536d9fe3744fd842,7697145a732b9e19536d9fe3744fd842,1
1,6,34,f5f86d237bf9a6d7237f1fdd2810cd1c,f5f86d237bf9a6d7237f1fdd2810cd1c,1
1,6,35,2824cb09cb5047bbf69cc43b8247f64a,2824cb09cb5047bbf69cc43b8247f64a,1
1,6,36,dddf020405db66e255840c9b244777a6,dddf020405db66e255840c9b244777a6,1
1,6,37,fb39567129d8b414cc953c1688b07f48,fb39567129d8b414cc953c1688b07f48,1
1,6,38,0a34e187e442a7a720f5e281f9429969,0a34e187e442a7a720f5e281f9429969,1
1,6,39,bb1404dff99161506b00ec44b7edf4a8,bb1404dff99161506b00ec44b7edf4a8,1
1,6,40,d48c834edb9da3ca8001e68a82dc433c,d48c834edb9da3ca8001e68a82dc433c,1
1,6,41,620dcc0d434d94b5444d398165a6b6e4,620dcc0d434d94b5444d398165a6b6e4,1
1,6,42,cb4fd810873ef4340b1d79df83dff55c,cb4fd810873ef4340b1d79df83dff55c,1
1,6,43,2a463ca19917e3ee5665f746f6a4f34e,2a463ca19917e3ee5665f746f6a4f34e,1
1,6,44,eac037e154a2552493f0185ca5672ba8,eac037e154a2552493f0185ca5672ba8,1
1,6,45,d78746c1b82640a04aa2dba8079aeebc,d78746c1b82640a04aa2dba8079aeebc,1
1,7,0,1a9ee6657f7c633a20f1dd1a8fea90ea,1a9ee6657f7c633a20f1dd1a8fea90ea,1
1,7,1,5733ba1d00e17c85f13bb6c21ac91174,5733ba1d00e17c85f13bb6c21ac91174,1
1,7,2,9216521173cedf553dc3a7bb5453ffd1,9216521173cedf553dc3a7bb5453ffd1,1
1,7,3,6e63269db33f23f4f5f87f687b8c8f41,6e63269db33f23f4f5f87f687b8c8f41,1
1,7,4,c4f6e0e7d2f68de6bf814bdbc205a86e,c4f6e0e7d2f68de6bf814bdbc205a86e,1
1,7,5,210b1d1f6db4b1278ef08d221de847f4,210b1d1f6db4b1278ef08d221de847f4,1
1,7,6,9100edb9574f0f1fc8ec8bf25bcccf9b,9100edb9574f0f1fc8ec8bf25bcccf9b,1
1,7,7,baf0519031cf5c11c54508feac0f23c2,baf0519031cf5c11c54508feac0f23c2,1
1,7,8,5b0ba7a8b9c3062e17ee991a0e26c370,5b0ba7a8b9c3062e17ee991a0e26c370,1
1,7,9,03bd31e09ece00e6ddd9711459821f9c,03bd31e09ece00e6ddd9711459821f9c,1
1,7,10,7c5bb9ef447e9e37c20de08b7f19566f,7c5bb9ef447e9e37c20de08b7f19566f,1
1,7,11,d8101b3cba0aa11f1076f0ed87db6530,d8101b3cba0aa11f1076f0ed87db6530,1
1,7,12,c626640264399b8316bdda745a241a12,c626640264399b8316bdda745a241a12,1
1,7,13,59848391d3c3e96a78c87e58528ff650,59848391d3c3e96a78c87e58528ff650,1
1,7,14,ff5637bf6edb4cf331e12a830e90be55,ff5637bf6edb4cf331e12a830e90be55,1
1,7,15,73fe5db9bc57a316f85311e865266d73,73fe5db9bc57a316f85311e865266d73,1
1,7,16,2943ad51c1b09bde7e87436ca2a20339,2943ad51c1b09bde7e87436ca2a20339,1
1,7,17,36de1137e92c47aa7ea7e8d3c938f416,36de1137e92c47aa7ea7e8d3c938f416,1
1,7,18,c14eb897c4af476b351e6c2a172552c3,c14eb897c4af476b351e6c2a172552c3,1
1,7,19,4cb380dc526772d0c13dea7f50d48bbe,4cb380dc526772d0c13dea7f50d48bbe,1
1,7,20,06d128a30061bb59ec01ce334c2702b5,06d128a30061bb59ec01ce334c2702b5,1
1,7,21,4bbf80ae12877ec53614be0f0ef9ca91,4bbf80ae12877ec53614be0f0ef9ca91,1
1,7,22,d5a108b12d1bb6d5e4376a9522acaa56,d5a108b12d1bb6d5e4376a9522acaa56,1
1,7,23,a4e6496c8c6d43be16cb7603757c767d,a4e6496c8c6d43be16cb7603757c767d,1
1,7,24,1938767fa63e02f926752c3089a02b68,1938767fa63e02f926752c3089a02b68,1
1,7,25,f6f3366aefbecdcdec6f7d3f58c02a39,f6f3366aefbecdcdec6f7d3f58c02a39,1
1,7,26,5dc3d3b67ff95e09000c61f884d21811,5dc3d3b67ff95e09000c61f884d21811,1
1,7,27,64bf037428bbce33eee9f32a73c94af8,64bf037428bbce33eee9f32a73c94af8,1
1,7,28,29e3188e929a02c1cd73f7bf52dfd46c,29e3188e929a02c1cd73f7bf52dfd46c,1
1,7,29,e133c67d62e15544f09c438abc3ca93d,e133c67d62e15544f09c438abc3ca93d,1
1,7,30,e071785fb0b938ada970b9010c58ef7d,e071785fb0b938ada970b9010c58ef7d,1
1,7,31,b8c782c95b12c29a9bf929af73a33033,b8c782c95b12c29a9bf929af73a33033,1
1,7,32,1ce95737311da62ae59617abaa17da1a,1ce95737311da62ae59617abaa17da1a,1
1,7,33,4a8b1539eeec06ec7f3fbe537bc1f654,4a8b1539eeec06ec7f3fbe537bc1f654,1
1,7,34,c9922558bdd5a11ddd0e6ca0569fad01,c9922558bdd5a11ddd0e6ca0569fad01,1
1,7,35,2b69a0db85b16b3cc6a79f15f3d6855f,2b69a0db85b16b3cc6a79f15f3d6855f,1
1,7,36,ff229951393714fd6e54f0ec81687a77,ff229951393714fd6e54f0ec81687a77,1
1,7,37,997c779be2ed4de674e7d46ac79be624,997c779be2ed4de674e7d46ac79be624,1
1,7,38,44b995a38d4991cc638e9e12d319e36c,44b995a38d4991cc638e9e12d319e36c,1
1,7,39,1dca94a743de41ec74e3f5b3e861caa9,1dca94a743de41ec74e3f5b3e861caa9,1
1,7,40,7fbd537cab49998d3310124049c57216,7fbd537cab49998d3310124049c57216,1
1,7,41,59484658e47f8ada8c52c2369a71cc08,59484658e47f8ada8c52c2369a71cc08,1
1,7,42,e4c34de62b78168a93e44a20bee95c99,e4c34de62b78168a93e44a20bee95c99,1
1,7,43,0fa984a5508356ea9b813045471d3b37,0fa984a5508356ea9b813045471d3b37,1
1,7,44,a2d3c39d7d2b0fd58668f5effb9fdd9f,a2d3c39d7d2b0fd58668f5effb9fdd9f,1
1,7,45,b876904d2df419a855f1e05bfed29bb9,b876904d2df419a855f1e05bfed29bb9,1
1,8,0,3e87c4bc26a81dafa5e3aeeba13ce9c4,3e87c4bc26a81dafa5e3aeeba13ce9c4,1
1,8,1,6dcd6488d16617962fb35ab1e1a6254e,6dcd6488d16617962fb35ab1e1a6254e,1
1,8,2,6876e23ab99ce8e14d7b91a918e95c99,6876e23ab99ce8e14d7b91a918e95c99,1
1,8,3,c711b48b5601e19b6f3c3c7dc1b39e27,c711b48b5601e19b6f3c3c7dc1b39e27,1
1,8,4,0a4db7930c40477d5cb5a0fe8013ad55,0a4db7930c40477d5cb5a0fe8013ad55,1
1,8,5,140445d84ccd58170c4a992807e1a1e2,140445d84ccd58170c4a992807e1a1e2,1
1,8,6,ff48f3bbde6c5e065dc7afab5fa6aed2,ff48f3bbde6c5e065dc7afab5fa6aed2,1
1,8,7,3249862c416fe1cbae2fd6cf20b130c1,3249862c416fe1cbae2fd6cf20b130c1,1
1,8,8,4ef8d35df9631851dcb50a7a921796b0,4ef8d35df9631851dcb50a7a921796b0,1
1,8,9,7505023c7591d75b19e5bf7edbbc3328,7505023c7591d75b19e5bf7edbbc3328,1
1,8,10,f3d590ecdd79513461da0cf7d3b4e4f5,f3d590ecdd79513461da0cf7d3b4e4f5,1
1,8,11,cdf31f954ca7f2faea08f00852ff1340,cdf31f954ca7f2faea08f00852ff1340,1
1,8,12,f9deb7bf16a0023ff690e61275a7129b,f9deb7bf16a0023ff690e61275a7129b,1
1,8,13,87a4ff8dfaa3ab0b48b9728a5ce4211b,87a4ff8dfaa3ab0b48b9728a5ce4211b,1
1,8,14,c91c7366bbd6d343451eb058de524713,c91c7366bbd6d343451eb058de524713,1
1,8,15,dfb41ac4dd1768a2320d46417c0d2408,dfb41ac4dd1768a2320d46417c0d2408,1
1,8,16,598bb6318ec06e67bd8e4f688c56d9a4,598bb6318ec06e67bd8e4f688c56d9a4,1
1,8,17,8af30bcfbddcde5d1b549c19ce3c1363,8af30bcfbddcde5d1b549c19ce3c1363,1
1,8,18,77f1963b1bb08b082d8e5d0c4771c189,77f1963b1bb08b082d8e5d0c4771c189,1
1,8,19,d428d4d62d85aacf97dd03985dfe1a2b,d428d4d62d85aacf97dd03985dfe1a2b,1
1,8,20,30316cb324f774aab1056c045250779a,30316cb324f774aab1056c045250779a,1
1,8,21,b4fb860f58ab2f9c07e3dedb22528a08,b4fb860f58ab2f9c07e3dedb22528a08,1
1,8,22,2ec2c55d8a86887328349fa5388bb356,2ec2c55d8a86887328349fa5388bb356,1
1,8,23,dc2a54b83086db45eda5e407ca663130,dc2a54b83086db45eda5e407ca663130,1
1,8,24,16b8fd4cb4914f5f700e8d88b6162fdf,16b8fd4cb4914f5f700e8d88b6162fdf,1
1,8,25,f7a8842950afa2aa995308316f9a6ed0,f7a8842950afa2aa995308316f9a6ed0,1
1,8,26,107c215e183e7e7cae39acb05e51edee,107c215e183e7e7cae39acb05e51edee,1
1,8,27,0ff75cd119edb74378daaec6f00a6068,0ff75cd119edb74378daaec6f00a6068,1
1,8,28,dbb88b37d95856853050fe2fd607d698,dbb88b37d95856853050fe2fd607d698,1
1,8,29,4fea1a6287105cafc27fc5cebea482bd,4fea1a6287105cafc27fc5cebea482bd,1
1,8,30,e62c078970ceb57d997a457e513451b5,e62c078970ceb57d997a457e513451b5,1
1,8,31,e4e91da477a79b9c760865d11cba0fed,e4e91da477a79b9c760865d11cba0fed,1
1,8,32,d756a4e59dfa92442c1e85a5f027f113,d756a4e59dfa92442c1e85a5f027f113,1
1,8,33,0a818e041fb54c71360518e3b4bf245a,0a818e041fb54c71360518e3b4bf245a,1
1,8,34,384a15cd29168d3d55286b03036a902d,384a15cd29168d3d55286b03036a902d,1
1,8,35,f3d6129ada2886e30e6eb56398e780b3,f3d6129ada2886e30e6eb56398e780b3,1
1,8,36,57c6cb489a89fb5098f4884690406824,57c6cb489a89fb5098f4884690406824,1
1,8,37,626a66feb2454e9be7382d5da03a5fbd,626a66feb2454e9be7382d5da03a5fbd,1
1,8,38,de772b930da96149104f11e34c6eba04,de772b930da96149104f11e34c6eba04,1
1,8,39,4a53f89c981fad89cd718a38290c74b1,4a53f89c981fad89cd718a38290c74b1,1
1,8,40,fa6e204638ea1aa8e725bcfbc505d812,fa6e204638ea1aa8e725bcfbc505d812,1
1,8,41,3c315e3474a82b59e6fa6d1ec898ae71,3c315e3474a82b59e6fa6d1ec898ae71,1
1,8,42,aa54a14a3a87c1120bff1cc7aa531b03,aa54a14a3a87c1120bff1cc7aa531b03,1
1,8,43,9382dfad065fab2df98564932fa9b4ff,9382dfad065fab2df98564932fa9b4ff,1
1,8,44,ca5f455a593725d15c075fd131af6fc7,ca5f455a593725d15c075fd131af6fc7,1
1,8,45,391f30dbd6cc6793bd6f5443eea86da0,391f30dbd6cc6793bd6f5443eea86da0,1
1,9,0,833d581e4f7cd4a002229c0483e6408a,833d581e4f7cd4a002229c0483e6408a,1
1,9,1,96b5713dadbbc896da646fb2a33849b0,96b5713dadbbc896da646fb2a33849b0,1
1,9,2,4d84e26174cf56fa3f37c6d2d4fc6d6d,4d84e26174cf56fa3f37c6d2d4fc6d6d,1
1,9,3,d91324453c7f3c260c1cc46de7b2232b,d91324453c7f3c260c1cc46de7b2232b,1
1,9,4,47822e3758387de44aebb81a0a2e71eb,47822e3758387de44aebb81a0a2e71eb,1
1,9,5,535702eb2f038c0898b1a6624230967d,535702eb2f038c0898b1a6624230967d,1
1,9,6,a058c558e96df0da3b1c95703027793e,a058c558e96df0da3b1c95703027793e,1
1,9,7,6c9741630a9bf6a3b1f387f63158bbf5,6c9741630a9bf6a3b1f387f63158bbf5,1
1,9,8,e2acd13f2b769c81f4faa79064dea9ef,e2acd13f2b769c81f4faa79064dea9ef,1
1,9,9,59434a9ea58388963f9c57d4202ed19b,59434a9ea58388963f9c57d4202ed19b,1
1,9,10,f6335a9a48a99bac1fb75ca3d212f5b8,f6335a9a48a99bac1fb75ca3d212f5b8,1
1,9,11,bae959ae7258aec225bc879c3db91bd7,bae959ae7258aec225bc879c3db91bd7,1
1,9,12,b8d16789de32e1e2cbecd2467390e4ba,b8d16789de32e1e2cbecd2467390e4ba,1
1,9,13,3d6f7294186f68d625ee75a5ec8da515,3d6f7294186f68d625ee75a5ec8da515,1
1,9,14,452531b4a52eebd609010e38b154a721,452531b4a52eebd609010e38b154a721,1
1,9,15,c52da46b7ef3b2ee03fd7bdff405fabc,c52da46b7ef3b2ee03fd7bdff405fabc,1
1,9,16,e5cd1b9bdbada065b8baf6d94edd3d17,e5cd1b9bdbada065b8baf6d94edd3d17,1
1,9,17,d558eb12bd2888fa389c8ce822172434,d558eb12bd2888fa389c8ce822172434,1
1,9,18,693fdf32bc8da62a7d4afdb527f0ff8f,693fdf32bc8da62a7d4afdb527f0ff8f,1
1,9,19,04ee541540d557e7f157748b3233f28d,04ee541540d557e7f157748b3233f28d,1
1,9,20,771f5588346b76d068c872466b2eb6ef,771f5588346b76d068c872466b2eb6ef,1
1,9,21,004197c65c91b39e809cae284bb07b64,004197c65c91b39e809cae284bb07b64,1
1,9,22,9fc1dfff6368761de60b9229622d5c00,9fc1dfff6368761de60b9229622d5c00,1
1,9,23,46dd0348b13e87a4791429032c5d6759,46dd0348b13e87a4791429032c5d6759,1
1,9,24,6975603ee9316f957cc2fdf0e9430301,6975603ee9316f957cc2fdf0e9430301,1
1,9,25,c7eacd50da0fa4e1b0a10893c53f935d,c7eacd50da0fa4e1b0a10893c53f935d,1
1,9,26,6bd98c09014d1d7fa6d62a3d8a3ee52d,6bd98c09014d1d7fa6d62a3d8a3ee52d,1
1,9,27,75b8667e0b0b1f2f04376d2081f29bc8,75b8667e0b0b1f2f04376d2081f29bc8,1
1,9,28,458cfdeeebbc0996c05c2348a3d9cb29,458cfdeeebbc0996c05c2348a3d9cb29,1
1,9,29,15779c8e2277999290e96fd884f701d4,15779c8e2277999290e96fd884f701d4,1
1,9,30,288ecce428e50203afc58fc2198e7f6d,288ecce428e50203afc58fc2198e7f6d,1
1,9,31,b7c0d7a4f0b372c915be5bef067094a7,b7c0d7a4f0b372c915be5bef067094a7,1
1,9,32,3ff7cde272ba0ea50e4d1b0598680f71,3ff7cde272ba0ea50e4d1b0598680f71,1
1,9,33,5f8c861e809a830dbd4e61fac3847edd,5f8c861e809a830dbd4e61fac3847edd,1
1,9,34,58f2f46f7816ed5f0abb00aa3dfa9a9b,58f2f46f7816ed5f0abb00aa3dfa9a9b,1
1,9,35,8d75d1f677004a27322106debcfd00f4,8d75d1f677004a27322106debcfd00f4,1
1,9,36,10361b45e5f70fa51705e1d8d8fd3f92,10361b45e5f70fa51705e1d8d8fd3f92,1
1,9,37,e5b8159b8c6bc07d369241b0b916184d,e5b8159b8c6bc07d369241b0b916184d,1
1,9,38,57e8da52e1dcc96dab53fd756a16dc44,57e8da52e1dcc96dab53fd756a16dc44,1
1,9,39,19f9a20803a3100bb4628debd6c20802,19f9a20803a3100bb4628debd6c20802,1
1,9,40,c32a40dc7e45bb971b10cc4b4ae0d713,c32a40dc7e45bb971b10cc4b4ae0d713,1
1,9,41,35c4fa4cae1886d19f0b7a60a9c62a2a,35c4fa4cae1886d19f0b7a60a9c62a2a,1
1,9,42,983558739cb60c1fda29ae8fd082d5d7,983558739cb60c1fda29ae8fd082d5d7,1
1,9,43,67eb8c870715ca856b987465f45a37dc,67eb8c870715ca856b987465f45a37dc,1
1,9,44,18f3de22e113619796ae8cede0670e9b,18f3de22e113619796ae8cede0670e9b,1
1,9,45,e8b008572c949a6da9065ae6fc713601,e8b008572c949a6da9065ae6fc713601,1
1,10,0,aea4d3d3adc88578b7a3a4293d7f0cea,aea4d3d3adc88578b7a3a4293d7f0cea,1
1,10,1,f0496fa02c89a1b7599a2753534b529e,f0496fa02c89a1b7599a2753534b529e,1
1,10,2,8169b44ae37631290d4cae3c95396cbc,8169b44ae37631290d4cae3c95396cbc,1
1,10,3,ea4f9f24191443ed87855485c2b45b0d,ea4f9f24191443ed87855485c2b45b0d,1
1,10,4,6b9bdeefe3e6f3e7cdaeb6fd56370f59,6b9bdeefe3e6f3e7cdaeb6fd56370f59,1
1,10,5,9d697caac1fa75d3cd12aecb32311a23,9d697caac1fa75d3cd12aecb32311a23,1
1,10,6,1ba898b72691d5173d02dce3c19588c6,1ba898b72691d5173d02dce3c19588c6,1
1,10,7,162564af7ae5ff365f9ace63c680a985,162564af7ae5ff365f9ace63c680a985,1
1,10,8,acd332edc394d919e733b6d92ed9c4a3,acd332edc394d919e733b6d92ed9c4a3,1
1,10,9,366f89f2e4f19cb59d57a7d16d2fd642,366f89f2e4f19cb59d57a7d16d2fd642,1
1,10,10,dead745709d1526b40f27f4de73a9964,dead745709d1526b40f27f4de73a9964,1
1,10,11,ef69120776bb168e76cbbc457480b32b,ef69120776bb168e76cbbc457480b32b,1
1,10,12,58ef880d550e6087135cca400d777313,58ef880d550e6087135cca400d777313,1
1,10,13,d572073c8e1fb10fa1013664eca5081a,d572073c8e1fb10fa1013664eca5081a,1
1,10,14,342fad39c1123a3b0fda1960a6a1d533,342fad39c1123a3b0fda1960a6a1d533,1
1,10,15,a69e2939b1780fdada6d13c2634f0db9,a69e2939b1780fdada6d13c2634f0db9,1
1,10,16,6147b22927a6194449fde578484ffacf,6147b22927a6194449fde578484ffacf,1
1,10,17,dafeb7a74c2db735164ecf82b4272a48,dafeb7a74c2db735164ecf82b4272a48,1
1,10,18,80d87ca6e927853d7de8ff7a5e1d77ff,80d87ca6e927853d7de8ff7a5e1d77ff,1
1,10,19,a7f578d8b3a72b0f7f5f7058918e624d,a7f578d8b3a72b0f7f5f7058918e624d,1
1,10,20,7071f702466cbd49062e633738bef4b6,7071f702466cbd49062e633738bef4b6,1
1,10,21,bd760ab4f59b09923a9df58aac598e29,bd760ab4f59b09923a9df58aac598e29,1
1,10,22,620027b8e10136664d3c7e89f793399b,620027b8e10136664d3c7e89f793399b,1
1,10,23,96e37556e9e5d9a22a16cd0de73c71e7,96e37556e9e5d9a22a16cd0de73c71e7,1
1,10,24,170319437b7f98cb9c7b7818dee257a4,170319437b7f98cb9c7b7818dee257a4,1
1,10,25,9fe8f1d8abd2bb9309240f07fcadbc5c,9fe8f1d8abd2bb9309240f07fcadbc5c,1
1,10,26,0b1c66b44b5ea9cc3c2d13e2ea3592cd,0b1c66b44b5ea9cc3c2d13e2ea3592cd,1
1,10,27,ba1890d2010c69424729f3a939d0e8d5,ba1890d2010c69424729f3a939d0e8d5,1
1,10,28,b323e717ec822196f804854a44346147,b323e717ec822196f804854a44346147,1
1,10,29,aa57ac7281d2cf88584880c7faafd661,aa57ac7281d2cf88584880c7faafd661,1
1,10,30,9b0773d3ea792ba4261feba3560f2d6a,9b0773d3ea792ba4261feba3560f2d6a,1
1,10,31,2c06d4bb6dc89a45b1a7e955e3b4d107,2c06d4bb6dc89a45b1a7e955e3b4d107,1
1,10,32,aa35a1a8ed2c8cf9c4ddf07f28c5f859,aa35a1a8ed2c8cf9c4ddf07f28c5f859,1
1,10,33,c4d30d712ce5e40ead22b28d9fa304c4,c4d30d712ce5e40ead22b28d9fa304c4,1
1,10,34,12e4106cb3abdb60e37fe8c614120b9d,12e4106cb3abdb60e37fe8c614120b9d,1
1,10,35,b3641bdaa5d950cb18bddcd55d8ffda6,b3641bdaa5d950cb18bddcd55d8ffda6,1
1,10,36,ea467b2fb87277d409a631d69cf261b4,ea467b2fb87277d409a631d69cf261b4,1
1,10,37,9d01f92578e5f623d269010615c57719,9d01f92578e5f623d269010615c57719,1
1,10,38,047511aadd78d9a7f2d5ce10993b88c6,047511aadd78d9a7f2d5ce10993b88c6,1
1,10,39,4d0c9270424cb08b66796c57f78408d1,4d0c9270424cb08b66796c57f78408d1,1
1,10,40,47e5b17b40b46eff8d6e72b24c0451c1,47e5b17b40b46eff8d6e72b24c0451c1,1
1,10,41,f113827f9732278c5548c54f3dd77185,f113827f9732278c5548c54f3dd77185,1
1,10,42,1f8eec75578eb2d40b55df9e599f554a,1f8eec75578eb2d40b55df9e599f554a,1
1,10,43,19bfbcda7bf722f6d17d0255e10ae8f1,19bfbcda7bf722f6d17d0255e10ae8f1,1
1,10,44,7ca3bdca2384cf5f13cde4da2de54cfe,7ca3bdca2384cf5f13cde4da2de54cfe,1
1,10,45,88b8a7aba7ef783ae2c09cee5839571d,88b8a7aba7ef783ae2c09cee5839571d,1
1,11,0,0ad88465d58c32bc5c1788da473c7b7c,0ad88465d58c32bc5c1788da473c7b7c,1
1,11,1,931054e393d822485427f47b7b842dac,931054e393d822485427f47b7b842dac,1
1,11,2,ed392137ed6563ae9af4c46a65378ac9,ed392137ed6563ae9af4c46a65378ac9,1
1,11,3,5233ae372e6b2be8260ea58afc57d2f5,5233ae372e6b2be8260ea58afc57d2f5,1
1,11,4,5b49389b7491e7f0e419aedc6f83bb76,5b49389b7491e7f0e419aedc6f83bb76,1
1,11,5,cc8df72ac588d7334f027c4e178688fb,cc8df72ac588d7334f027c4e178688fb,1
1,11,6,f7e1796140781e335c6dfa7bbda318cc,f7e1796140781e335c6dfa7bbda318cc,1
1,11,7,608649d1f3f706ac145fa2a7afa99dc0,608649d1f3f706ac145fa2a7afa99dc0,1
1,11,8,42a9ae033bb90aacb342cf370891d69a,42a9ae033bb90aacb342cf370891d69a,1
1,11,9,5ba2d489e2902f2bcd9afc44d5322d26,5ba2d489e2902f2bcd9afc44d5322d26,1
1,11,10,057466a25f251dcd5acb183a9163959b,057466a25f251dcd5acb183a9163959b,1
1,11,11,bfce6dd1d1fe3e200d61910580d39d9c,bfce6dd1d1fe3e200d61910580d39d9c,1
1,11,12,eeaed17d30e0e21c0d68a16fdb0956f1,eeaed17d30e0e21c0d68a16fdb0956f1,1
1,11,13,37a2b320d3115ecebab3cb5b7852b4ac,37a2b320d3115ecebab3cb5b7852b4ac,1
1,11,14,501adf4bbd47c16fc9e672e51a794457,501adf4bbd47c16fc9e672e51a794457,1
1,11,15,8be42164da3cc17aa2da34424eb473b4,8be42164da3cc17aa2da34424eb473b4,1
1,11,16,22017005d6e7966086d47a2bd85b1512,22017005d6e7966086d47a2bd85b1512,1
1,11,17,f249c8f47b9c9aa288fb0a3eaad2a93b,f249c8f47b9c9aa288fb0a3eaad2a93b,1
1,11,18,6ef4c0770c515aa5de48e213ea442c9c,6ef4c0770c515aa5de48e213ea442c9c,1
1,11,19,a3f15b10509b49aa4e6bf376f9c112ed,a3f15b10509b49aa4e6bf376f9c112ed,1
1,11,20,e576e035cc84be4075ed50f122fc7dd7,e576e035cc84be4075ed50f122fc7dd7,1
1,11,21,645050d030bc49df7d5612ecf4a279d8,645050d030bc49df7d5612ecf4a279d8,1
1,11,22,b47dd57057fde2bca2acee434df51c9c,b47dd57057fde2bca2acee434df51c9c,1
1,11,23,0396170b8e6b5dc5cf2e85ad8c7ed306,0396170b8e6b5dc5cf2e85ad8c7ed306,1
1,11,24,cf1075e50eb490824f108c0c6a3012bb,cf1075e50eb490824f108c0c6a3012bb,1
1,11,25,ad8cffa69186cb36d3938f91e8543f41,ad8cffa69186cb36d3938f91e8543f41,1
1,11,26,7a3a96294d613a996ac8088629b336cf,7a3a96294d613a996ac8088629b336cf,1
1,11,27,be7e0c0eee8857b0d134188d498e90b6,be7e0c0eee8857b0d134188d498e90b6,1
1,11,28,f6782010bafc93f18e24d9fcbcc1f8bf,f6782010bafc93f18e24d9fcbcc1f8bf,1
1,11,29,c081bb94b8eafaf5562e036e5f6dcb71,c081bb94b8eafaf5562e036e5f6dcb71,1
1,11,30,877b0d12c9da73d8e2316d7ec1b4748e,877b0d12c9da73d8e2316d7ec1b4748e,1
1,11,31,1929abfdb23a4a658e293ceea3e7a07a,1929abfdb23a4a658e293ceea3e7a07a,1
1,11,32,1757e1b985bf5e04efe660a715cf61de,1757e1b985bf5e04efe660a715cf61de,1
1,11,33,870d1969c85a2b4ec382d4aa66e25d89,870d1969c85a2b4ec382d4aa66e25d89,1
1,11,34,eda5e94ec12275fe05cd5b5c26cbefb9,eda5e94ec12275fe05cd5b5c26cbefb9,1
1,11,35,f22b27c162241df179329c28dd184736,f22b27c162241df179329c28dd184736,1
1,11,36,5e678f22e38c39f1805a341958512499,5e678f22e38c39f1805a341958512499,1
1,11,37,6265fa2933bb2a53569a4e914e19311f,6265fa2933bb2a53569a4e914e19311f,1
1,11,38,5bfbf64e9eca75445f979e34c5de60f6,5bfbf64e9eca75445f979e34c5de60f6,1
1,11,39,e63321a03220aa78a662a10a0386326d,e63321a03220aa78a662a10a0386326d,1
1,11,40,38afbdd92a66e27b3203cf196d905901,38afbdd92a66e27b3203cf196d905901,1
1,11,41,86da29c27e6da5724f53c0cc44efd346,86da29c27e6da5724f53c0cc44efd346,1
1,11,42,49e83296b97a46af9104f511dde528ed,49e83296b97a46af9104f511dde528ed,1
1,11,43,d4a381f06502229c4cba7deaf832649a,d4a381f06502229c4cba7deaf832649a,1
1,11,44,f3260f72d1d920d9b92e823775cf1a42,f3260f72d1d920d9b92e823775cf1a42,1
1,11,45,ed48f74c75244df8780d147160d04877,ed48f74c75244df8780d147160d04877,1
1,12,0,e72ad1c44ce79ed3953950ba992ccc9f,e72ad1c44ce79ed3953950ba992ccc9f,1
1,12,1,c7ff6188266b71aa82c85336f4766919,c7ff6188266b71aa82c85336f4766919,1
1,12,2,3cc89aefd03c179e2ddf435d44a90952,3cc89aefd03c179e2ddf435d44a90952,1
1,12,3,b5b8574e614c2dc3eb365ef180aabaea,b5b8574e614c2dc3eb365ef180aabaea,1
1,12,4,c6b62846f930263e2543a50f459f5d3c,c6b62846f930263e2543a50f459f5d3c,1
1,12,5,9a691d0fe8e98b5d925be7f4c0fe249c,9a691d0fe8e98b5d925be7f4c0fe249c,1
1,12,6,8b53f26d6abe15ca8b9444111a138345,8b53f26d6abe15ca8b9444111a138345,1
1,12,7,59c2d6e12f676fcbef06e04e710a51af,59c2d6e12f676fcbef06e04e710a51af,1
1,12,8,8ae8365a2a166cca2753f7c8a49a0333,8ae8365a2a166cca2753f7c8a49a0333,1
1,12,9,33b8dc69f230f04e6be86c9c3f0b0470,33b8dc69f230f04e6be86c9c3f0b0470,1
1,12,10,b8a72992839839befa29778f439a2d28,b8a72992839839befa29778f439a2d28,1
1,12,11,f48601517d2ca486caf4428193d77a56,f48601517d2ca486caf4428193d77a56,1
1,12,12,976d8696c1882f0b92c102309b02c2a8,976d8696c1882f0b92c102309b02c2a8,1
1,12,13,c8adccda6d546f8339b236f900df5e8b,c8adccda6d546f8339b236f900df5e8b,1
1,12,14,c569c95e383cdf501da26ddb7e94518f,c569c95e383cdf501da26ddb7e94518f,1
1,12,15,e52a5df50290ca14566fb7b439382a1e,e52a5df50290ca14566fb7b439382a1e,1
1,12,16,09e88c06f87e26730f3ab38b17361c94,09e88c06f87e26730f3ab38b17361c94,1
1,12,17,4da18643cfd2409fd76c0a793620f5b0,4da18643cfd2409fd76c0a793620f5b0,1
1,12,18,5948bc48b7710c91e040c3f3d4e32543,5948bc48b7710c91e040c3f3d4e32543,1
1,12,19,1b2490926b609ff063fe1be978cd0f0d,1b2490926b609ff063fe1be978cd0f0d,1
1,12,20,beb5fc45f247baded889af57bfee7ffc,beb5fc45f247baded889af57bfee7ffc,1
1,12,21,97956469111e2ec454008fba7136a9cb,97956469111e2ec454008fba7136a9cb,1
1,12,22,f4ae38757a03f9468c157bb0cfbeee29,f4ae38757a03f9468c157bb0cfbeee29,1
1,12,23,5e54e34e702e7727fcdccdbbe603cd36,5e54e34e702e7727fcdccdbbe603cd36,1
1,12,24,06c8007cf989329ace96a5199b86a32b,06c8007cf989329ace96a5199b86a32b,1
1,12,25,76b99010de50d293fc6f8b156abd26c4,76b99010de50d293fc6f8b156abd26c4,1
1,12,26,bfd95139e10846ffe20a909fd77af9c1,bfd95139e10846ffe20a909fd77af9c1,1
1,12,27,edb9fb79bfa4ad0cb2f38411824c2015,edb9fb79bfa4ad0cb2f38411824c2015,1
1,12,28,83b44d5c5889fc915350ad11e7212c66,83b44d5c5889fc915350ad11e7212c66,1
1,12,29,908e757a099d47df9c85817e4fa77620,908e757a099d47df9c85817e4fa77620,1
1,12,30,9bc01c3c2744e71d7562038236e0586a,9bc01c3c2744e71d7562038236e0586a,1
1,12,31,c2c08e81ecfafe6d49e69af5abd3d63e,c2c08e81ecfafe6d49e69af5abd3d63e,1
1,12,32,0726b5abcfa0e9b8eeba3a1c18de65d3,0726b5abcfa0e9b8eeba3a1c18de65d3,1
1,12,33,7de6da128bee1ff04241063818615d6b,7de6da128bee1ff04241063818615d6b,1
1,12,34,409087417415f2947ab7890adb056ace,409087417415f2947ab7890adb056ace,1
1,12,35,905e3e254051400eaeb2c4cb00fde015,905e3e254051400eaeb2c4cb00fde015,1
1,12,36,c39034e9409f52fc45e1efed72d2fbb7,c39034e9409f52fc45e1efed72d2fbb7,1
1,12,37,9c0201a799949292d30100c22dfb9d8b,9c0201a799949292d30100c22dfb9d8b,1
1,12,38,f1722925b92821fc411301341685a408,f1722925b92821fc411301341685a408,1
1,12,39,4ac1a35142e75f8e2c3e0dc06db6bc2d,4ac1a35142e75f8e2c3e0dc06db6bc2d,1
1,12,40,1a47061257eb61b7020d3321edd7df34,1a47061257eb61b7020d3321edd7df34,1
1,12,41,d350b8b802a9dd3ac150cf2463b9490f,d350b8b802a9dd3ac150cf2463b9490f,1
1,12,42,42786ff22a6bd1017c8e7dc90890c38e,42786ff22a6bd1017c8e7dc90890c38e,1
1,12,43,e92de0cec1319ccd8ffa62ffa8b59277,e92de0cec1319ccd8ffa62ffa8b59277,1
1,12,44,eb87eb1af1130c945ac8e603159cc449,eb87eb1af1130c945ac8e603159cc449,1
1,12,45,a13617809aac63b571f5db34ed131c39,a13617809aac63b571f5db34ed131c39,1
1,13,0,d01696e22e0d175f4d0cfc9bfa8cd5e8,d01696e22e0d175f4d0cfc9bfa8cd5e8,1
1,13,1,b9c90c8f9189f4b1fb0abc44ded4ffba,b9c90c8f9189f4b1fb0abc44ded4ffba,1
1,13,2,dd5c47b9ec3f49172a2a9d8ef39cb1a2,dd5c47b9ec3f49172a2a9d8ef39cb1a2,1
1,13,3,e7ab76ced6dbffefb8b381077804a6dc,e7ab76ced6dbffefb8b381077804a6dc,1
1,13,4,337aa189d383ef8c8ae1f16036532d28,337aa189d383ef8c8ae1f16036532d28,1
1,13,5,ecd3821fececb613fc5a779911fc5983,ecd3821fececb613fc5a779911fc5983,1
1,13,6,47acbe3d9f88339ad00959eafae769ec,47acbe3d9f88339ad00959eafae769ec,1
1,13,7,2cb9a2aef60f8d04d788c4781f8b7c1e,2cb9a2aef60f8d04d788c4781f8b7c1e,1
1,13,8,fcc62d4a09f0ea5632909b6371fcec4a,fcc62d4a09f0ea5632909b6371fcec4a,1
1,13,9,74a0da867ea68306d7a31f183f30671d,74a0da867ea68306d7a31f183f30671d,1
1,13,10,8039f2545fd39d7e42db471ae7db23f8,8039f2545fd39d7e42db471ae7db23f8,1
1,13,11,8da294d437fced5dcf44fcaa7bd89225,8da294d437fced5dcf44fcaa7bd89225,1
1,13,12,831e95547a098b0a04642aaa87009be5,831e95547a098b0a04642aaa87009be5,1
1,13,13,83efe73ff14fd15061579b8221871bfc,83efe73ff14fd15061579b8221871bfc,1
1,13,14,98107ca0598e0fe50fe769ff1c77a79a,98107ca0598e0fe50fe769ff1c77a79a,1
1,13,15,d30084a0ff5f1b70685913176a3f14f0,d30084a0ff5f1b70685913176a3f14f0,1
1,13,16,d377d538916c4c11960a60d1cfbfe4de,d377d538916c4c11960a60d1cfbfe4de,1
1,13,17,42dc78afc44e8daff903db1a3c858784,42dc78afc44e8daff903db1a3c858784,1
1,13,18,94b989af20303a77374c32f807bb5986,94b989af20303a77374c32f807bb5986,1
1,13,19,d3a8ddf97bccef9ed98a8349c669959e,d3a8ddf97bccef9ed98a8349c669959e,1
1,13,20,5e91dc61b8eabff9845af804f6110434,5e91dc61b8eabff9845af804f6110434,1
1,13,21,6b132e7db61143078fd6cfed6ad1f519,6b132e7db61143078fd6cfed6ad1f519,1
1,13,22,5667fa10aeac3aa2012161f79bd3ae40,5667fa10aeac3aa2012161f79bd3ae40,1
1,13,23,c6cdc1f5a669ce4272f47cfa2af5dc5d,c6cdc1f5a669ce4272f47cfa2af5dc5d,1
1,13,24,655048306cc7a2c8b599ce53ff687a76,655048306cc7a2c8b599ce53ff687a76,1
1,13,25,e1eb5cae487915528446635c6d451a84,e1eb5cae487915528446635c6d451a84,1
1,13,26,c71ae9fb5cc944a5173d77c424c35fdb,c71ae9fb5cc944a5173d77c424c35fdb,1
1,13,27,bb9a60b00725749f579108d5efb1dd78,bb9a60b00725749f579108d5efb1dd78,1
1,13,28,a09aae707560e416022dd23809988cf4,a09aae707560e416022dd23809988cf4,1
1,13,29,77d0f7742932dd2a95788144a83e4cd1,77d0f7742932dd2a95788144a83e4cd1,1
1,13,30,00948816e514d7378b123e28cbcfe1ef,00948816e514d7378b123e28cbcfe1ef,1
1,13,31,5b7a118e141b27dc03dae6922feb6d0b,5b7a118e141b27dc03dae6922feb6d0b,1
1,13,32,22eca23ec9cbb3e1fcdd74119fff63a5,22eca23ec9cbb3e1fcdd74119fff63a5,1
1,13,33,f171e3cc088c2fdbf44483226e87c89b,f171e3cc088c2fdbf44483226e87c89b,1
1,13,34,0f4de71d2496585c1045343f0fe5384b,0f4de71d2496585c1045343f0fe5384b,1
1,13,35,27c2992732bc59cac40d4843458d9857,27c2992732bc59cac40d4843458d9857,1
1,13,36,ba408f5befc4886f34396e1d8733d0db,ba408f5befc4886f34396e1d8733d0db,1
1,13,37,0adebbcfd7112fddcf6010724ad4e286,0adebbcfd7112fddcf6010724ad4e286,1
1,13,38,7ba2604249765f152512e7cc1ae66be7,7ba2604249765f152512e7cc1ae66be7,1
1,13,39,d3e2fda2d3c1bcb4a17c077b19598304,d3e2fda2d3c1bcb4a17c077b19598304,1
1,13,40,b8979dd82d538202af1c2df88b967011,b8979dd82d538202af1c2df88b967011,1
1,13,41,4f6db440b3803c75328b213964fe30c8,4f6db440b3803c75328b213964fe30c8,1
1,13,42,a736130ec91e99c1525c6fbc7d4483fb,a736130ec91e99c1525c6fbc7d4483fb,1
1,13,43,8e458048a87bcd8ba37941253d20a8ea,8e458048a87bcd8ba37941253d20a8ea,1
1,13,44,49bc0d425a8e47c78566b78c07e73f8b,49bc0d425a8e47c78566b78c07e73f8b,1
1,13,45,ac29ade6a8e8b63bd24df4651b55ce61,ac29ade6a8e8b63bd24df4651b55ce61,1
1,14,0,87982c9963b0b1b2f426e525f8f5d2ef,87982c9963b0b1b2f426e525f8f5d2ef,1
1,14,1,dd099d94b269ab9b18dce9e86b4cab5b,dd099d94b269ab9b18dce9e86b4cab5b,1
1,14,2,376b094ce00bacd2c8af19453bb999c1,376b094ce00bacd2c8af19453bb999c1,1
1,14,3,8a2d7a7161a1cfdf37bb457087cd85a7,8a2d7a7161a1cfdf37bb457087cd85a7,1
1,14,4,b2c1882d8d7a95a0ea57973653421ef0,b2c1882d8d7a95a0ea57973653421ef0,1
1,14,5,89c75f84d8904d7c9d8a405491918330,89c75f84d8904d7c9d8a405491918330,1
1,14,6,fd282ca468856e3f4fd686aecf3f818e,fd282ca468856e3f4fd686aecf3f818e,1
1,14,7,785f32031d451751b3564a14be2604f4,785f32031d451751b3564a14be2604f4,1
1,14,8,9b00688e38bcb7ee5b04b2cc5563f697,9b00688e38bcb7ee5b04b2cc5563f697,1
1,14,9,78100303bd6977c4aa084633af61b058,78100303bd6977c4aa084633af61b058,1
1,14,10,7829afaf70a002415cf82919cdf95cda,7829afaf70a002415cf82919cdf95cda,1
1,14,11,34c96d3bd1646e0b5579ed55a8c87868,34c96d3bd1646e0b5579ed55a8c87868,1
1,14,12,3462c5c45b564d0c519b9c265735de96,3462c5c45b564d0c519b9c265735de96,1
1,14,13,120970f017dba76caea87de49a219fd1,120970f017dba76caea87de49a219fd1,1
1,14,14,d0edaa394051f5c8dbb543f947089fdb,d0edaa394051f5c8dbb543f947089fdb,1
1,14,15,e7e1a37c7d39e20b23a2a114e7415e8a,e7e1a37c7d39e20b23a2a114e7415e8a,1
1,14,16,b7e0ac8cc9657cb38cf3c419609e76e5,b7e0ac8cc9657cb38cf3c419609e76e5,1
1,14,17,008f2cc6363067b38f95eea16ab30f62,008f2cc6363067b38f95eea16ab30f62,1
1,14,18,0e9dadc101600aa8654959e979c8ea7b,0e9dadc101600aa8654959e979c8ea7b,1
1,14,19,336b0f7d50cbc575477ab7ea549ae9ec,336b0f7d50cbc575477ab7ea549ae9ec,1
1,14,20,3d9aad3f25c7aa92498007c858a5889a,3d9aad3f25c7aa92498007c858a5889a,1
1,14,21,2b1470f56269265854c52e25f1a5023c,2b1470f56269265854c52e25f1a5023c,1
1,14,22,45d1457cd12aa2bffd7e222b72a132b3,45d1457cd12aa2bffd7e222b72a132b3,1
1,14,23,ec56cb94376a17f42e78ed629d4f1d09,ec56cb94376a17f42e78ed629d4f1d09,1
1,14,24,c136ffab18d67d979f45d84f1fb411d1,c136ffab18d67d979f45d84f1fb411d1,1
1,14,25,60deb784b6c61fa50f439db9497bc4cf,60deb784b6c61fa50f439db9497bc4cf,1
1,14,26,a6ed076e2ff9f12002f09e2289ac1bdd,a6ed076e2ff9f12002f09e2289ac1bdd,1
1,14,27,c75c81331fe9312823176c61a46d170f,c75c81331fe9312823176c61a46d170f,1
1,14,28,b2f43e8f510dc82d6f80f370b7863744,b2f43e8f510dc82d6f80f370b7863744,1
1,14,29,3bf30bf242aed250ac3fd9785c3af929,3bf30bf242aed250ac3fd9785c3af929,1
1,14,30,ca7e29594eabaa87995d4dd8377d75cd,ca7e29594eabaa87995d4dd8377d75cd,1
1,14,31,f4bd3369d22825495098e3d7b2d758d0,f4bd3369d22825495098e3d7b2d758d0,1
1,14,32,7d718f19a8369fd83b677d89ab7f71e6,7d718f19a8369fd83b677d89ab7f71e6,1
1,14,33,03bc1959162b424454cf0a1321627772,03bc1959162b424454cf0a1321627772,1
1,14,34,94b3bbe02ef3931c0e1a68a6b47c84f4,94b3bbe02ef3931c0e1a68a6b47c84f4,1
1,14,35,839cbe748d4d6d5cb132ba79c5130dbf,839cbe748d4d6d5cb132ba79c5130dbf,1
1,14,36,d2a44b768a0e94dbfb82929d8e6b7ba3,d2a44b768a0e94dbfb82929d8e6b7ba3,1
1,14,37,bf3974b7033c6b2e4ff677c6704135c0,bf3974b7033c6b2e4ff677c6704135c0,1
1,14,38,2e39d66e310e6d5a59bce0c3f7780340,2e39d66e310e6d5a59bce0c3f7780340,1
1,14,39,b2b18c98495707870fdca7f9248479cf,b2b18c98495707870fdca7f9248479cf,1
1,14,40,0fa73d2b9ebd8a96e3fe28667edd4075,0fa73d2b9ebd8a96e3fe28667edd4075,1
1,14,41,00282dd38068f9fc12da28ed11a6dc3c,00282dd38068f9fc12da28ed11a6dc3c,1
1,14,42,3092b7f20cd01945a79aca85b62c203c,3092b7f20cd01945a79aca85b62c203c,1
1,14,43,306027f5ed92bcc686f5713236468a65,306027f5ed92bcc686f5713236468a65,1
1,14,44,b045d0fc08e4f7af2af090d9bf844bab,b045d0fc08e4f7af2af090d9bf844bab,1
1,14,45,84cc13a6672e914e86d819f03e76da15,84cc13a6672e914e86d819f03e76da15,1
1,15,0,4ef1fb03b543bd4a0d45d910ec0b1b09,4ef1fb03b543bd4a0d45d910ec0b1b09,1
1,15,1,64b8b0c6c9981e82b3cd47efe9682f1d,64b8b0c6c9981e82b3cd47efe9682f1d,1
1,15,2,0cb4668bf79ebd2ecfc1ccac0aab6c40,0cb4668bf79ebd2ecfc1ccac0aab6c40,1
1,15,3,4d3cc895229077fe39ce912f7fda840d,4d3cc895229077fe39ce912f7fda840d,1
1,15,4,b8b60872d947fdac4ce865375b1e2b03,b8b60872d947fdac4ce865375b1e2b03,1
1,15,5,73b35e5278850ac90625b55273ebac57,73b35e5278850ac90625b55273ebac57,1
1,15,6,4f705eafec23a620c08b32513bc4f44c,4f705eafec23a620c08b32513bc4f44c,1
1,15,7,05d58fc8a3ba6c56063773cf248f4c14,05d58fc8a3ba6c56063773cf248f4c14,1
1,15,8,02d1b8eca7f4649121b30949cc6512a8,02d1b8eca7f4649121b30949cc6512a8,1
1,15,9,1f9848ead7b8fed8f2f8aa60f86310e0,1f9848ead7b8fed8f2f8aa60f86310e0,1
1,15,10,b6bc56e0c2606247bcf19800e1cf9933,b6bc56e0c2606247bcf19800e1cf9933,1
1,15,11,e2c85ffcd4e6b0fd07a735722bebed67,e2c85ffcd4e6b0fd07a735722bebed67,1
1,15,12,36656d2ad36481f1a87b630c8d5d57cd,36656d2ad36481f1a87b630c8d5d57cd,1
1,15,13,a9c7ce651cba6dd46e4996e33b106397,a9c7ce651cba6dd46e4996e33b106397,1
1,15,14,d1c4be6d8283648812eed074835aa645,d1c4be6d8283648812eed074835aa645,1
1,15,15,83ebe92ef5fe7eeddd301b305cdd1d23,83ebe92ef5fe7eeddd301b305cdd1d23,1
1,15,16,34dab38298265e0b2bb1268a52aab378,34dab38298265e0b2bb1268a52aab378,1
1,15,17,de538f3ae4a9c719ee144407071233b4,de538f3ae4a9c719ee144407071233b4,1
1,15,18,1fe29b1b38fd4c13aa0b31815c88fb4a,1fe29b1b38fd4c13aa0b31815c88fb4a,1
1,15,19,59a994692a5cfcbc0815d46a8b493756,59a994692a5cfcbc0815d46a8b493756,1
1,15,20,0c6fd3e2d17e0f38e6ece94ef80f5011,0c6fd3e2d17e0f38e6ece94ef80f5011,1
1,15,21,5c7a40a424597e443170fa9c57fef40d,5c7a40a424597e443170fa9c57fef40d,1
1,15,22,ef43dacd402d923035a6dcacd4b78099,ef43dacd402d923035a6dcacd4b78099,1
1,15,23,4a57a706f11e3fc91030e1e1ecac8e44,4a57a706f11e3fc91030e1e1ecac8e44,1
1,15,24,f98e4f8cd4fb64660ca0a341392acf40,f98e4f8cd4fb64660ca0a341392acf40,1
1,15,25,a65f7ee9bafe40ab77b6abf4fe9c459c,a65f7ee9bafe40ab77b6abf4fe9c459c,1
1,15,26,dfdad27f84404c204c4f6f57d57d9fb7,dfdad27f84404c204c4f6f57d57d9fb7,1
1,15,27,394da3ef3c74779a8a77ab60c8265e86,394da3ef3c74779a8a77ab60c8265e86,1
1,15,28,28cd43b6398807aec6166b9b850cf989,28cd43b6398807aec6166b9b850cf989,1
1,15,29,3726a2c6f2f71719467b576bb47dbf19,3726a2c6f2f71719467b576bb47dbf19,1
1,15,30,5607293c58722a64801e1b78eb2c4751,5607293c58722a64801e1b78eb2c4751,1
1,15,31,953d49ded2c1074e0c4a471894e4153b,953d49ded2c1074e0c4a471894e4153b,1
1,15,32,feea15a20bba60d50def46dd931caccb,feea15a20bba60d50def46dd931caccb,1
1,15,33,e45d7286573a7b5d7e6ecd4493ea1c64,e45d7286573a7b5d7e6ecd4493ea1c64,1
1,15,34,ee4c0a73b9a22ceb594e8e855d516096,ee4c0a73b9a22ceb594e8e855d516096,1
1,15,35,28a2921c25ebe448756d6f3d3ae33459,28a2921c25ebe448756d6f3d3ae33459,1
1,15,36,80b80972b32a7b0ac033114b19eee154,80b80972b32a7b0ac033114b19eee154,1
1,15,37,e10e19a49b2b9ed7dcab7de04044da45,e10e19a49b2b9ed7dcab7de04044da45,1
1,15,38,ba6fda3b4987e0e370d07d376914009e,ba6fda3b4987e0e370d07d376914009e,1
1,15,39,c0110feab939ec418067ccb620486217,c0110feab939ec418067ccb620486217,1
1,15,40,67a299edcb09c1141730511d26ae63af,67a299edcb09c1141730511d26ae63af,1
1,15,41,205625b622847cb73fd763616cf16c2a,205625b622847cb73fd763616cf16c2a,1
1,15,42,e95f68668ad90de0d3599cb42fdb32e5,e95f68668ad90de0d3599cb42fdb32e5,1
1,15,43,bcbccfc4a1acae5d4cea2edd66f5c973,bcbccfc4a1acae5d4cea2edd66f5c973,1
1,15,44,5bde814c0aabee426ce4f94093ba98d4,5bde814c0aabee426ce4f94093ba98d4,1
1,15,45,e737b1970215cc728f62b26cf5f00aba,e737b1970215cc728f62b26cf5f00aba,1
2,0,0,8e4ab9d96cde1a29bc3003eadc6f3bf8,8e4ab9d96cde1a29bc3003eadc6f3bf8,1
2,0,1,b115c61e36511a3727e1d2d8e4af230e,b115c61e36511a3727e1d2d8e4af230e,1
2,0,2,a6f4f1fa96cdb234d9a8b82fa4bc0dc7,a6f4f1fa96cdb234d9a8b82fa4bc0dc7,1
2,0,3,aa7d4229de8f6ad5ad8958df518f4d3f,aa7d4229de8f6ad5ad8958df518f4d3f,1
2,0,4,dadb50c977267b60cda0fe28ee25d0a4,dadb50c977267b60cda0fe28ee25d0a4,1
2,0,5,7f73dfc256429381a411892ad91c90c7,7f73dfc256429381a411892ad91c90c7,1
2,0,6,601e5dc8b7952dcbc28d21e7f801248a,601e5dc8b7952dcbc28d21e7f801248a,1
2,0,7,7e2819d04dc597bcd02916cc86092fa9,7e2819d04dc597bcd02916cc86092fa9,1
2,0,8,9d9c77b01ba44775f11eb01649b2103b,9d9c77b01ba44775f11eb01649b2103b,1
2,0,9,d33925346a7427f0d1f16a21f949902f,d33925346a7427f0d1f16a21f949902f,1
2,0,10,ef2bcaf7b70cf44e0be589b9d79ec44e,ef2bcaf7b70cf44e0be589b9d79ec44e,1
2,0,11,a19d1596ddb332289121a9509a23632d,a19d1596ddb332289121a9509a23632d,1
2,0,12,e610f68254c08ec0e92624752335829e,e610f68254c08ec0e92624752335829e,1
2,0,13,5ff914158dd7c3c3d69f1f2abbbf63fb,5ff914158dd7c3c3d69f1f2abbbf63fb,1
2,0,14,d7a0f9ff32ca3f51d9441a132deaa266,d7a0f9ff32ca3f51d9441a132deaa266,1
2,0,15,9eb2f0fdaecbc0a5e02220ea58dc84a2,9eb2f0fdaecbc0a5e02220ea58dc84a2,1
2,0,16,6c4ec5ad899e41d3ffb1926395e3775d,6c4ec5ad899e41d3ffb1926395e3775d,1
2,0,17,3389b9a8ec6df9583768b629a69f29e4,3389b9a8ec6df9583768b629a69f29e4,1
2,0,18,ebf06b650f0556da13d1205cfd4d78b0,ebf06b650f0556da13d1205cfd4d78b0,1
2,0,19,87e504be71cddfa4b31c0b69ffd1f73a,87e504be71cddfa4b31c0b69ffd1f73a,1
2,0,20,0a925bab5454ade94678772b90c9d8e1,0a925bab5454ade94678772b90c9d8e1,1
2,0,21,b8618c08877b453a9f0aa673858179fe,b8618c08877b453a9f0aa673858179fe,1
2,0,22,428bc8edda4cbd7e4b278dcdf1129dd1,428bc8edda4cbd7e4b278dcdf1129dd1,1
2,0,23,1ec109dd06a022a2c0b8acd80276121c,1ec109dd06a022a2c0b8acd80276121c,1
2,0,24,ed1e30b9168b74be1a85e15aaf864f42,ed1e30b9168b74be1a85e15aaf864f42,1
2,0,25,bb9b40dc68baf6d467727f9424d0119f,bb9b40dc68baf6d467727f9424d0119f,1
2,0,26,f1513b6fd988acd9d6f0b004031b4bc4,f1513b6fd988acd9d6f0b004031b4bc4,1
2,0,27,629e38f8a1869b4fac8c216713a7090b,629e38f8a1869b4fac8c216713a7090b,1
2,0,28,3b4aed6b660bdd7fc98246b523dde4b1,3b4aed6b660bdd7fc98246b523dde4b1,1
2,0,29,9c3cbbb3e9adb1894020796f09b8d250,9c3cbbb3e9adb1894020796f09b8d250,1
2,0,30,05e15731f6ec9b394c54848eddd8130b,05e15731f6ec9b394c54848eddd8130b,1
2,0,31,5b8748bed09e9d56a41ed08e9338d21b,5b8748bed09e9d56a41ed08e9338d21b,1
2,0,32,cd3027ebf42ca0e6ae9c0db153b266e4,cd3027ebf42ca0e6ae9c0db153b266e4,1
2,0,33,a8afa4524ac6bf395b87eb22cb24007c,a8afa4524ac6bf395b87eb22cb24007c,1
2,0,34,719fa01a1548afc69cbebc73f0319685,719fa01a1548afc69cbebc73f0319685,1
2,0,35,9b1a581033aaf9c00d4c6b14d2558c04,9b1a581033aaf9c00d4c6b14d2558c04,1
2,0,36,a41085869b88797ce884c07b87b83baf,a41085869b88797ce884c07b87b83baf,1
2,0,37,25e45a606f748f1fcf081953c82816a3,25e45a606f748f1fcf081953c82816a3,1
2,0,38,a2b7dbab400049ad684b1efae41234d3,a2b7dbab400049ad684b1efae41234d3,1
2,0,39,d202d1a719db2709d853f2a0fb5bf68f,d202d1a719db2709d853f2a0fb5bf68f,1
2,0,40,618fcaa8fc62e9a0a86b14e5b7d48997,618fcaa8fc62e9a0a86b14e5b7d48997,1
2,0,41,a7df30db5171fa3c6c8d38a34a72d71b,a7df30db5171fa3c6c8d38a34a72d71b,1
2,0,42,58af0c1865dae9de0345549be6cc246c,58af0c1865dae9de0345549be6cc246c,1
2,0,43,cdbe6e8e52e0d219eaefcb87b4ac60aa,cdbe6e8e52e0d219eaefcb87b4ac60aa,1
2,0,44,579c29111ff072f154cb1ede8e0999eb,579c29111ff072f154cb1ede8e0999eb,1
2,0,45,3743bb5680b37634a169941a75dc6e53,3743bb5680b37634a169941a75dc6e53,1
2,1,0,d2ec3a742525d67208d2a287a616f615,d2ec3a742525d67208d2a287a616f615,1
2,1,1,a45f29fafcbdbef2b10137775dfc22fe,a45f29fafcbdbef2b10137775dfc22fe,1
2,1,2,3976d674789cc5deeaddab3d5c3372f5,3976d674789cc5deeaddab3d5c3372f5,1
2,1,3,6cd94c2f9a4188853aa88a627c5f81e9,6cd94c2f9a4188853aa88a627c5f81e9,1
2,1,4,c5688b588c79827440e851f61bcb79f3,c5688b588c79827440e851f61bcb79f3,1
2,1,5,1479fcecd545ae9732e27fd462ca1119,1479fcecd545ae9732e27fd462ca1119,1
2,1,6,a4d3a58824e72dc5c67dcf09799537d2,a4d3a58824e72dc5c67dcf09799537d2,1
2,1,7,f8f1e694e548d5eadf3a26bec8670e96,f8f1e694e548d5eadf3a26bec8670e96,1
2,1,8,76cb078d2769e28fed13b5030567356b,76cb078d2769e28fed13b5030567356b,1
2,1,9,e8511e70f4f64070cc268201b3b7b804,e8511e70f4f64070cc268201b3b7b804,1
2,1,10,ad0765e39585493c8240a434a9c13e17,ad0765e39585493c8240a434a9c13e17,1
2,1,11,7c0b0941bd5f707aba04c267fc55448c,7c0b0941bd5f707aba04c267fc55448c,1
2,1,12,89c319ee93c730f7701583376f14bd68,89c319ee93c730f7701583376f14bd68,1
2,1,13,6700fcf6bb52aa6a5e8e4191906a71e5,6700fcf6bb52aa6a5e8e4191906a71e5,1
2,1,14,0cacd3b0d94782d94dcf7733bf15a0cf,0cacd3b0d94782d94dcf7733bf15a0cf,1
2,1,15,f3aecafef277fe56442de8f96fe76eef,f3aecafef277fe56442de8f96fe76eef,1
2,1,16,13d728e3d9e404e429941c6a1b8437e0,13d728e3d9e404e429941c6a1b8437e0,1
2,1,17,2ea73ff0f6f265968cdb0a87765c5fea,2ea73ff0f6f265968cdb0a87765c5fea,1
2,1,18,3c2f61ef243b1cb7d32822804ab7f817,3c2f61ef243b1cb7d32822804ab7f817,1
2,1,19,508132a30eb87a91b5398495af5bd537,508132a30eb87a91b5398495af5bd537,1
2,1,20,4ef7cd8f5538d8096a15656cce88e7b0,4ef7cd8f5538d8096a15656cce88e7b0,1
2,1,21,c18e9d474c37f8e4b5a7348fdc4b43ea,c18e9d474c37f8e4b5a7348fdc4b43ea,1
2,1,22,5fd6b690bb6171898a34a12188c64e97,5fd6b690bb6171898a34a12188c64e97,1
2,1,23,decadcb6b872f45718f462285d3c6a3a,decadcb6b872f45718f462285d3c6a3a,1
2,1,24,351f5e0e7c60ff5daf7b5d206638da34,351f5e0e7c60ff5daf7b5d206638da34,1
2,1,25,7516f93c79b56645751ddf672e79c4f7,7516f93c79b56645751ddf672e79c4f7,1
2,1,26,5577dfe4c07d8b7da913be8f570bde0c,5577dfe4c07d8b7da913be8f570bde0c,1
2,1,27,5fd0977d5e73d473f37b038b91b2853e,5fd0977d5e73d473f37b038b91b2853e,1
2,1,28,927f6a34f949193270e9b18fc2d2f132,927f6a34f949193270e9b18fc2d2f132,1
2,1,29,349b5ec6a08fe4148fa8e1b7ee2039cf,349b5ec6a08fe4148fa8e1b7ee2039cf,1
2,1,30,61625f7e7152ea59169ef6216d16e2d5,61625f7e7152ea59169ef6216d16e2d5,1
2,1,31,d41266a5c92061791a91202e8d8af342,d41266a5c92061791a91202e8d8af342,1
2,1,32,038ce258fcaf1062a23cd072c830a330,038ce258fcaf1062a23cd072c830a330,1
2,1,33,31a123bc6c08f815b3994e7d40a27c21,31a123bc6c08f815b3994e7d40a27c21,1
2,1,34,397ff637516bcc2c1c6ddaec25709bd0,397ff637516bcc2c1c6ddaec25709bd0,1
2,1,35,353a483054cf9fc288f120966b1e65f4,353a483054cf9fc288f120966b1e65f4,1
2,1,36,f9486da2ee4d19ee9959e4a6306feaed,f9486da2ee4d19ee9959e4a6306feaed,1
2,1,37,4842c38b1efc9f6647de970ac2cd1639,4842c38b1efc9f6647de970ac2cd1639,1
2,1,38,ac38b3b5b7a1273ef46c23592f6d92df,ac38b3b5b7a1273ef46c23592f6d92df,1
2,1,39,d996a6e44f8133016192d7f053c61eb2,d996a6e44f8133016192d7f053c61eb2,1
2,1,40,2a574621012d3959b4491264f9fc666f,2a574621012d3959b4491264f9fc666f,1
2,1,41,f87d16e5288eb19daad60a424461c957,f87d16e5288eb19daad60a424461c957,1
2,1,42,8eba1d6fcfed6147678201b2b2578088,8eba1d6fcfed6147678201b2b2578088,1
2,1,43,78eec888c1cb0596fad0e4a57ceb7c68,78eec888c1cb0596fad0e4a57ceb7c68,1
2,1,44,de6ad20873339758b670cd2d8785201c,de6ad20873339758b670cd2d8785201c,1
2,1,45,818f3dc0cdca1e8b2ecea680edb79c73,818f3dc0cdca1e8b2ecea680edb79c73,1
2,2,0,c46b977739daef570bb69fa705b6cab3,c46b977739daef570bb69fa705b6cab3,1
2,2,1,7229070fabf4194acce4c25ffce50132,7229070fabf4194acce4c25ffce50132,1
2,2,2,214eaf39f5acef1738991bf8dd753bf1,214eaf39f5acef1738991bf8dd753bf1,1
2,2,3,99dca02396f43378b0b1fe8c422ebdb1,99dca02396f43378b0b1fe8c422ebdb1,1
2,2,4,31fde4e554dab4ed73d0c2932da184e0,31fde4e554dab4ed73d0c2932da184e0,1
2,2,5,8309e8bd7aaf7927136af1253a5d213f,8309e8bd7aaf7927136af1253a5d213f,1
2,2,6,e5e73d3ea51dd0eeb1f1666b73e24ccb,e5e73d3ea51dd0eeb1f1666b73e24ccb,1
2,2,7,e5db479e317082991c1a2dc2b1174572,e5db479e317082991c1a2dc2b1174572,1
2,2,8,783681f5ea7c990b5b560d398175b34e,783681f5ea7c990b5b560d398175b34e,1
2,2,9,bea98d53a165da6a09138ad95bb7dd61,bea98d53a165da6a09138ad95bb7dd61,1
2,2,10,ab7aa6eb06b3ad1d1ee322ec05ac59d6,ab7aa6eb06b3ad1d1ee322ec05ac59d6,1
2,2,11,abbdd1ccc8242c7535ba59d925ff66cc,abbdd1ccc8242c7535ba59d925ff66cc,1
2,2,12,c80e161fe4ab23f44c8d54b9accc55ea,c80e161fe4ab23f44c8d54b9accc55ea,1
2,2,13,d0460219d2e66188095bd0cb32fd8b7e,d0460219d2e66188095bd0cb32fd8b7e,1
2,2,14,c0964b1b4451111697276df2ec86b5cc,c0964b1b4451111697276df2ec86b5cc,1
2,2,15,253a5c5574bd642c313b44930ce24e18,253a5c5574bd642c313b44930ce24e18,1
2,2,16,ac17d7b99a87c89f968332a0bd911d2a,ac17d7b99a87c89f968332a0bd911d2a,1
2,2,17,0fe1ab74151eb24d556c640ebacaad16,0fe1ab74151eb24d556c640ebacaad16,1
2,2,18,6d9a2e32784f63634bf13f5577b2bc91,6d9a2e32784f63634bf13f5577b2bc91,1
2,2,19,bb63ea1c0f0636d11a6bd6a5b48643a4,bb63ea1c0f0636d11a6bd6a5b48643a4,1
2,2,20,099f4400d6a844808e04f83069f5d3c8,099f4400d6a844808e04f83069f5d3c8,1
2,2,21,f588dc0ec05eaf4aa090357c9eaba680,f588dc0ec05eaf4aa090357c9eaba680,1
2,2,22,dd0e5901026f7836bf01b9a9ca9965f0,dd0e5901026f7836bf01b9a9ca9965f0,1
2,2,23,8706c2f7af632a96a8da41fc98a7cd42,8706c2f7af632a96a8da41fc98a7cd42,1
2,2,24,e6af8ee0bb507c5e8b9ca07a0f07871f,e6af8ee0bb507c5e8b9ca07a0f07871f,1
2,2,25,23145f22147fdbf0f1eb19577a4451d0,23145f22147fdbf0f1eb19577a4451d0,1
2,2,26,720fe10add26f38b8e04fc52b0e96cf8,720fe10add26f38b8e04fc52b0e96cf8,1
2,2,27,2642201d0e7828eddc778788d0bfc3ae,2642201d0e7828eddc778788d0bfc3ae,1
2,2,28,fe6222fe3cafa3b0d94e6f0f4e6226dc,fe6222fe3cafa3b0d94e6f0f4e6226dc,1
2,2,29,4b17102ee84acb9cc3bc78de07efd202,4b17102ee84acb9cc3bc78de07efd202,1
2,2,30,fd8f07c7b446a972f17bc3fddfb8caae,fd8f07c7b446a972f17bc3fddfb8caae,1
2,2,31,7c2f1204153a251265933e73a613ec71,7c2f1204153a251265933e73a613ec71,1
2,2,32,815a08639844a2567d927a44eaa96b96,815a08639844a2567d927a44eaa96b96,1
2,2,33,55bb52157457cd959c7bd29b9efb1dfd,55bb52157457cd959c7bd29b9efb1dfd,1
2,2,34,eeab792cccbab553e5fa85e9c7aa0f4b,eeab792cccbab553e5fa85e9c7aa0f4b,1
2,2,35,0342561f851ae524fd04d4efa1ecea0a,0342561f851ae524fd04d4efa1ecea0a,1
2,2,36,ca716444fd79ad2514dbc547d30d326c,ca716444fd79ad2514dbc547d30d326c,1
2,2,37,ab59d31cc35110fac00be73f381a4800,ab59d31cc35110fac00be73f381a4800,1
2,2,38,cecdcbc3964c3761d7aeabdb45940114,cecdcbc3964c3761d7aeabdb45940114,1
2,2,39,748e2a361fe6619f8c7aacfff0e7fadc,748e2a361fe6619f8c7aacfff0e7fadc,1
2,2,40,1962f94e2895a6a41aa81d0567ccba68,1962f94e2895a6a41aa81d0567ccba68,1
2,2,41,3dcddb7538a4d15bc25ed627d1e34ba7,3dcddb7538a4d15bc25ed627d1e34ba7,1
2,2,42,7bf7a64400a46916e8f7d2f68d963737,7bf7a64400a46916e8f7d2f68d963737,1
2,2,43,57a1cc51122e0e66474ead578e5ad322,57a1cc51122e0e66474ead578e5ad322,1
2,2,44,a5b0aaec40b45e6945c5c4c321a96422,a5b0aaec40b45e6945c5c4c321a96422,1
2,2,45,a6e691cb52c90ebafec4f33eb6def144,a6e691cb52c90ebafec4f33eb6def144,1
2,3,0,f6e5a5047acbb45ef63db2bbcf0ed0a6,f6e5a5047acbb45ef63db2bbcf0ed0a6,1
2,3,1,8d59916c32b472113b22e1f420dd5d02,8d59916c32b472113b22e1f420dd5d02,1
2,3,2,b7e4e78510a595f67eaa5f8054e4a06d,b7e4e78510a595f67eaa5f8054e4a06d,1
2,3,3,32f864837d5ba0900218f779729ac4f8,32f864837d5ba0900218f779729ac4f8,1
2,3,4,37cdc91ab5488383b91001c6cfa4386a,37cdc91ab5488383b91001c6cfa4386a,1
2,3,5,449f6f4cf8a3c9b465d41132cba6834c,449f6f4cf8a3c9b465d41132cba6834c,1
2,3,6,e25ddc62396828ad1fde2ebb469da31f,e25ddc62396828ad1fde2ebb469da31f,1
2,3,7,d3f27c5bf33d05780bf11ed1da938fdd,d3f27c5bf33d05780bf11ed1da938fdd,1
2,3,8,e47f3ac926b2087c8263b1af7246a9ac,e47f3ac926b2087c8263b1af7246a9ac,1
2,3,9,b95258794d9e6464242d7ac2fff580d4,b95258794d9e6464242d7ac2fff580d4,1
2,3,10,d04be7ce7d36080e434039cee1e29494,d04be7ce7d36080e434039cee1e29494,1
2,3,11,3e8c995a1f962c3fb487bba7c4a5d87c,3e8c995a1f962c3fb487bba7c4a5d87c,1
2,3,12,9f45801e66b7cd62e42689f4119c381d,9f45801e66b7cd62e42689f4119c381d,1
2,3,13,1be37266624251aa8e0caffc75eae603,1be37266624251aa8e0caffc75eae603,1
2,3,14,69de267db1d1632b822642e018bf2d79,69de267db1d1632b822642e018bf2d79,1
2,3,15,9cb159af55fb7e6f1ae71f71f52897d3,9cb159af55fb7e6f1ae71f71f52897d3,1
2,3,16,e9a7fa760419b66c22af83c8334a0542,e9a7fa760419b66c22af83c8334a0542,1
2,3,17,ab5f94c8f579ddbb4c75876c310b32e7,ab5f94c8f579ddbb4c75876c310b32e7,1
2,3,18,43942780094333b636bb87c0ca1d7d89,43942780094333b636bb87c0ca1d7d89,1
2,3,19,bb8960a244f7e5dfc4c5bfac4315a793,bb8960a244f7e5dfc4c5bfac4315a793,1
2,3,20,7c4f87e496adaa1cadbddeb2b8f6da29,7c4f87e496adaa1cadbddeb2b8f6da29,1
2,3,21,dfad17f66eb74f2bd659224689c11332,dfad17f66eb74f2bd659224689c11332,1
2,3,22,eca14d38a86ef4f3212dafd7372b88a0,eca14d38a86ef4f3212dafd7372b88a0,1
2,3,23,9ecc5fe701b9198e17c55ca16c1b3f46,9ecc5fe701b9198e17c55ca16c1b3f46,1
2,3,24,210bb6b1ea7c94821c51abb8a7514434,210bb6b1ea7c94821c51abb8a7514434,1
2,3,25,e96a7a1ecf0fc46ccbcae512d06c5f03,e96a7a1ecf0fc46ccbcae512d06c5f03,1
2,3,26,84be40585fd22276843fdc3c205134f9,84be40585fd22276843fdc3c205134f9,1
2,3,27,0dfd8f2c1427e313bd4c9a588c801e21,0dfd8f2c1427e313bd4c9a588c801e21,1
2,3,28,2161f6fad35806d63f943a1c54c4657c,2161f6fad35806d63f943a1c54c4657c,1
2,3,29,cd4225e150a7111139a101a0a95a9cb1,cd4225e150a7111139a101a0a95a9cb1,1
2,3,30,2587fd3e422aff6ae2fc9b0c623543a5,2587fd3e422aff6ae2fc9b0c623543a5,1
2,3,31,5878444eb44dbd4b46e881b4a9baed8c,5878444eb44dbd4b46e881b4a9baed8c,1
2,3,32,1fb38054bd1a6afd1273f099c94cd8b1,1fb38054bd1a6afd1273f099c94cd8b1,1
2,3,33,a3ce28acf0dc0316727f1ad6cf8436b7,a3ce28acf0dc0316727f1ad6cf8436b7,1
2,3,34,895b0b9106327231393e1324b72b1aa0,895b0b9106327231393e1324b72b1aa0,1
2,3,35,560a8330c453975eb5ac28d76d743af7,560a8330c453975eb5ac28d76d743af7,1
2,3,36,dc991608c7e66fca1eaded4de26a21ec,dc991608c7e66fca1eaded4de26a21ec,1
2,3,37,e893ad7b957f224f4a6618304b0c1318,e893ad7b957f224f4a6618304b0c1318,1
2,3,38,afbd51e19058be727281d2730be63e73,afbd51e19058be727281d2730be63e73,1
2,3,39,23bc6a6de126f049c34c402dbc911a0e,23bc6a6de126f049c34c402dbc911a0e,1
2,3,40,ad3e60a43e71df54c12ae4f056473f20,ad3e60a43e71df54c12ae4f056473f20,1
2,3,41,c6f4f5a4bab9dae1d3595a783663dbca,c6f4f5a4bab9dae1d3595a783663dbca,1
2,3,42,696c6311e93f40d30b3925e4220a150b,696c6311e93f40d30b3925e4220a150b,1
2,3,43,66be313e1e6f039989f99c8e12a11522,66be313e1e6f039989f99c8e12a11522,1
2,3,44,c4f73559a04cc5c9606b2f70d46823ef,c4f73559a04cc5c9606b2f70d46823ef,1
2,3,45,9313977e4be4438f7a57056bf31b05d4,9313977e4be4438f7a57056bf31b05d4,1
2,4,0,6bb165061aaeacbeadc51aa855e55c2a,6bb165061aaeacbeadc51aa855e55c2a,1
2,4,1,ac927999368f04539d3e4785ea619b08,ac927999368f04539d3e4785ea619b08,1
2,4,2,fb2540cd172910c548f6890240bca5d5,fb2540cd172910c548f6890240bca5d5,1
2,4,3,72d62cbbc2d1535fc6c07e5ac79193b3,72d62cbbc2d1535fc6c07e5ac79193b3,1
2,4,4,0a8250a24bff4c735537da1a7dd4dd0d,0a8250a24bff4c735537da1a7dd4dd0d,1
2,4,5,699a2c44624a1eef74c4a0e88ae7389f,699a2c44624a1eef74c4a0e88ae7389f,1
2,4,6,14830942eedbc1e22eb02baee5039cf0,14830942eedbc1e22eb02baee5039cf0,1
2,4,7,2bbf55322182bb4689a85c541094b622,2bbf55322182bb4689a85c541094b622,1
2,4,8,bb0a6e299f560754a5f493eb38d4584e,bb0a6e299f560754a5f493eb38d4584e,1
2,4,9,a2eb7240061f4ea6b936b3cc7222c4bb,a2eb7240061f4ea6b936b3cc7222c4bb,1
2,4,10,d4609ff9f9cb8d26589b2ed0c44cd44d,d4609ff9f9cb8d26589b2ed0c44cd44d,1
2,4,11,5af31a16b2758471c4b54378f16631bf,5af31a16b2758471c4b54378f16631bf,1
2,4,12,ef71a2b5ddd4e3094e18776331d1f747,ef71a2b5ddd4e3094e18776331d1f747,1
2,4,13,cc58cb9c147c576da3514d9a17dcc827,cc58cb9c147c576da3514d9a17dcc827,1
2,4,14,60ea178644359810968877b0dc8b2814,60ea178644359810968877b0dc8b2814,1
2,4,15,86a4b4c722f7e1bead7964ced096a9ad,86a4b4c722f7e1bead7964ced096a9ad,1
2,4,16,486aa69da6df85a3d355d27d4f7f04de,486aa69da6df85a3d355d27d4f7f04de,1
2,4,17,423c078201473e9ba6f192ae7eea9202,423c078201473e9ba6f192ae7eea9202,1
2,4,18,63f3501c87aa2f5fdca8a823eeb7f414,63f3501c87aa2f5fdca8a823eeb7f414,1
2,4,19,f34351d8c13cff2cfd5bd403e21f5f1a,f34351d8c13cff2cfd5bd403e21f5f1a,1
2,4,20,c095f68ec590e2e991f6ab08cfb6d444,c095f68ec590e2e991f6ab08cfb6d444,1
2,4,21,5391197f74edcb3abd4f69a0b34ec4fe,5391197f74edcb3abd4f69a0b34ec4fe,1
2,4,22,e129ab61f789f12e6c33a38a0d25d8ee,e129ab61f789f12e6c33a38a0d25d8ee,1
2,4,23,edc718bf502be5defcd59d7f29c5e512,edc718bf502be5defcd59d7f29c5e512,1
2,4,24,8e23270017b963f0a07843fe5467d1fe,8e23270017b963f0a07843fe5467d1fe,1
2,4,25,412e8d35a4018ba78b3212824e933b7a,412e8d35a4018ba78b3212824e933b7a,1
2,4,26,de246dcfe38558cfafcadfa2f4388d6f,de246dcfe38558cfafcadfa2f4388d6f,1
2,4,27,808aae4f86a7d39c4c4e7400b1763c70,808aae4f86a7d39c4c4e7400b1763c70,1
2,4,28,2cd881df043b723d481dfea1accd274c,2cd881df043b723d481dfea1accd274c,1
2,4,29,70cce0c093f83341cbc02a362c71b5ec,70cce0c093f83341cbc02a362c71b5ec,1
2,4,30,b3e4d578030d4a0bb6299be1cfe88d74,b3e4d578030d4a0bb6299be1cfe88d74,1
2,4,31,98aa2c89e327d5b66f5a693287868ea9,98aa2c89e327d5b66f5a693287868ea9,1
2,4,32,800434bdc3a7cca3b45b7171acf9d5b7,800434bdc3a7cca3b45b7171acf9d5b7,1
2,4,33,fba3ca341e87ae35dfc56ac32de6d7c9,fba3ca341e87ae35dfc56ac32de6d7c9,1
2,4,34,e6bc667a679083b154278b22eded5e51,e6bc667a679083b154278b22eded5e51,1
2,4,35,f1e4d73f2694a356a5b4730431e3a7b0,f1e4d73f2694a356a5b4730431e3a7b0,1
2,4,36,8394559584d1e7405dcabfa28e7aca0c,8394559584d1e7405dcabfa28e7aca0c,1
2,4,37,7556882361205edf73b8c6918c79d505,7556882361205edf73b8c6918c79d505,1
2,4,38,f2619ecbb8fb53b6a098ab105f6315e7,f2619ecbb8fb53b6a098ab105f6315e7,1
2,4,39,9dddca101692fac8a0cd9ecd3241afec,9dddca101692fac8a0cd9ecd3241afec,1
2,4,40,3fe70527299a0905017b770f989140ba,3fe70527299a0905017b770f989140ba,1
2,4,41,4f0d7493abd62a1d5cf0e17414a2646f,4f0d7493abd62a1d5cf0e17414a2646f,1
2,4,42,3c5115021d63ef9f33b793e546810949,3c5115021d63ef9f33b793e546810949,1
2,4,43,aa4cb9b966a98d214ca94c2e64b93cee,aa4cb9b966a98d214ca94c2e64b93cee,1
2,4,44,340d89f8ed68ea906c582911a1638cf2,340d89f8ed68ea906c582911a1638cf2,1
2,4,45,37e34280d115c68f0f148be62139b44e,37e34280d115c68f0f148be62139b44e,1
2,5,0,08c1e4f06eba6b2c6b33c9ebbb78aeb4,08c1e4f06eba6b2c6b33c9ebbb78aeb4,1
2,5,1,f77f88a71fd4f9bf43bfda6d1ba50f11,f77f88a71fd4f9bf43bfda6d1ba50f11,1
2,5,2,2b140a179c8b1c90ab64672d947262d3,2b140a179c8b1c90ab64672d947262d3,1
2,5,3,e2c470340428200508d7da177ad5bff3,e2c470340428200508d7da177ad5bff3,1
2,5,4,2ec39bb7e242f650459b1cb8e75f5e77,2ec39bb7e242f650459b1cb8e75f5e77,1
2,5,5,c17f3569d268871ebfc5dd703a972c6d,c17f3569d268871ebfc5dd703a972c6d,1
2,5,6,289bfffe0ef72b0774bbe696cdc38bb6,289bfffe0ef72b0774bbe696cdc38bb6,1
2,5,7,e3a6b772c84c25aee70474a560aca5b4,e3a6b772c84c25aee70474a560aca5b4,1
2,5,8,9982bc434709618dc6b129ed074e0dd9,9982bc434709618dc6b129ed074e0dd9,1
2,5,9,1e72382ba91151afab914628e4be0faf,1e72382ba91151afab914628e4be0faf,1
2,5,10,2c2fcc8f6973acc57e0293a092031f89,2c2fcc8f6973acc57e0293a092031f89,1
2,5,11,c4a38d3de33258f0f83df7b55c5239ab,c4a38d3de33258f0f83df7b55c5239ab,1
2,5,12,fb3504dc729dbd621f3e074c665ea596,fb3504dc729dbd621f3e074c665ea596,1
2,5,13,242fa52ccdc5ebca81ee779e5cb450a6,242fa52ccdc5ebca81ee779e5cb450a6,1
2,5,14,60a0be6ced164f377dc1bbb95874f99a,60a0be6ced164f377dc1bbb95874f99a,1
2,5,15,493d1396cc3b0a781f48d1a69920ce28,493d1396cc3b0a781f48d1a69920ce28,1
2,5,16,561d71204f5192d21a6424cadd981939,561d71204f5192d21a6424cadd981939,1
2,5,17,512e77b7b34bd7bc2a4d2970d65b9637,512e77b7b34bd7bc2a4d2970d65b9637,1
2,5,18,2fc332079ce04801155121dd33e57a3e,2fc332079ce04801155121dd33e57a3e,1
2,5,19,0388401e59f4378ccc96c5434def5e2f,0388401e59f4378ccc96c5434def5e2f,1
2,5,20,c088392c3bca48ad3348a48b87af44d6,c088392c3bca48ad3348a48b87af44d6,1
2,5,21,6c012aefd7225ecc74933c3869633320,6c012aefd7225ecc74933c3869633320,1
2,5,22,996f1f924cbdeb0ce0ed76dce358e34c,996f1f924cbdeb0ce0ed76dce358e34c,1
2,5,23,88fbc7dc3789f77e48e0a50162460919,88fbc7dc3789f77e48e0a50162460919,1
2,5,24,55e14e4fea3b7ed301841503cb789066,55e14e4fea3b7ed301841503cb789066,1
2,5,25,97639dfa0474bcb271fee93e83ca39f3,97639dfa0474bcb271fee93e83ca39f3,1
2,5,26,80460756f7a331c12f8ea2cf73d3950d,80460756f7a331c12f8ea2cf73d3950d,1
2,5,27,bd1f7fb40a379411fa06e79422d69e46,bd1f7fb40a379411fa06e79422d69e46,1
2,5,28,7a11e4a4c228b3cfb634f79584085771,7a11e4a4c228b3cfb634f79584085771,1
2,5,29,f30dac89383f61268612d1ecdf7f8e4d,f30dac89383f61268612d1ecdf7f8e4d,1
2,5,30,38e8c6f4d4fbf9a5d0d8ff9af405e25d,38e8c6f4d4fbf9a5d0d8ff9af405e25d,1
2,5,31,085845e652d3983ff15ab3560bc72640,085845e652d3983ff15ab3560bc72640,1
2,5,32,03d9c9561a43627b843439873e8cc0ce,03d9c9561a43627b843439873e8cc0ce,1
2,5,33,d1eabf0d97c4c84a73838da2068a1067,d1eabf0d97c4c84a73838da2068a1067,1
2,5,34,96f5a971db154e2000f7ead8b58ee53a,96f5a971db154e2000f7ead8b58ee53a,1
2,5,35,c438db79d80911989d49b251eb118fb5,c438db79d80911989d49b251eb118fb5,1
2,5,36,8f82ea7a5100eadb5d6804af5dae38c4,8f82ea7a5100eadb5d6804af5dae38c4,1
2,5,37,4e9c63a1d3af753b3e0a85f2a0bc9105,4e9c63a1d3af753b3e0a85f2a0bc9105,1
2,5,38,27394fa8cb0f4dcf9f889f410f97de16,27394fa8cb0f4dcf9f889f410f97de16,1
2,5,39,3b525b98c8a990a83545efb062d21990,3b525b98c8a990a83545efb062d21990,1
2,5,40,0fc698190afdee0e72c31cab9365108c,0fc698190afdee0e72c31cab9365108c,1
2,5,41,b7dc7c04c193a433c3c9b0f88205fcbd,b7dc7c04c193a433c3c9b0f88205fcbd,1
2,5,42,70005737d377389eb150eac7be132756,70005737d377389eb150eac7be132756,1
2,5,43,78fec1c5ebbbbac91c7615bdb65ce55b,78fec1c5ebbbbac91c7615bdb65ce55b,1
2,5,44,bc921116c48a5cb823acf661491f8a33,bc921116c48a5cb823acf661491f8a33,1
2,5,45,3943f2490e43c1a82e6c5dbb0c9a7b17,3943f2490e43c1a82e6c5dbb0c9a7b17,1
2,6,0,2d22ee4b3da03266f963ff8e68cd02f3,2d22ee4b3da03266f963ff8e68cd02f3,1
2,6,1,94a8e36af8d2d7051823a1deec69466f,94a8e36af8d2d7051823a1deec69466f,1
2,6,2,66f13cf330185d0729908604cc9ca3e2,66f13cf330185d0729908604cc9ca3e2,1
2,6,3,bd5e270dac87c595c224d77b2d89efa3,bd5e270dac87c595c224d77b2d89efa3,1
2,6,4,7b82a5322ace12a5d7f17c7471559244,7b82a5322ace12a5d7f17c7471559244,1
2,6,5,6347e57fbf0f26a377ac38a5b418c447,6347e57fbf0f26a377ac38a5b418c447,1
2,6,6,61aba9db6bc6c8a39bb43d0bdb741286,61aba9db6bc6c8a39bb43d0bdb741286,1
2,6,7,f3aecec5fa01691be4faefeb6665c20e,f3aecec5fa01691be4faefeb6665c20e,1
2,6,8,0e28c44f0d59d4cb6d0ce44665466325,0e28c44f0d59d4cb6d0ce44665466325,1
2,6,9,6d9162501680597e7ef9e196a8a292bc,6d9162501680597e7ef9e196a8a292bc,1
2,6,10,293d59b96f81bbc166aa574ebe63bf65,293d59b96f81bbc166aa574ebe63bf65,1
2,6,11,a3df6e08c7ce4d37cad48b9a7dd77411,a3df6e08c7ce4d37cad48b9a7dd77411,1
2,6,12,4887eed3f9253ebb04a0f51d537912b0,4887eed3f9253ebb04a0f51d537912b0,1
2,6,13,96dd630bc4fa48e53e7e3f340a84e7cf,96dd630bc4fa48e53e7e3f340a84e7cf,1
2,6,14,4c9106cebaa4311924c83b2b2017e3ca,4c9106cebaa4311924c83b2b2017e3ca,1
2,6,15,8f46126e3049f71bf6535e48c808160a,8f46126e3049f71bf6535e48c808160a,1
2,6,16,48e58154f4ff966ed637aec4dae7a84b,48e58154f4ff966ed637aec4dae7a84b,1
2,6,17,33312d96dbef665d2e25e4b79cf6d89b,33312d96dbef665d2e25e4b79cf6d89b,1
2,6,18,bb5e3edc3775f80e2cc53d2f10911290,bb5e3edc3775f80e2cc53d2f10911290,1
2,6,19,2939d54dde43941a434ef85b2fb2fff8,2939d54dde43941a434ef85b2fb2fff8,1
2,6,20,00ef9fac22f0fd3b3532a4098ad0aed7,00ef9fac22f0fd3b3532a4098ad0aed7,1
2,6,21,9f6e96f8028a63ee9092ea59f5964a6d,9f6e96f8028a63ee9092ea59f5964a6d,1
2,6,22,e45c7931ce5090806f99da596908b2fe,e45c7931ce5090806f99da596908b2fe,1
2,6,23,05502f1fd06d9760d6e579bee9be17eb,05502f1fd06d9760d6e579bee9be17eb,1
2,6,24,a1d14f2549c5bd752befdf317aab19c8,a1d14f2549c5bd752befdf317aab19c8,1
2,6,25,9bab0661683b7f56ddeca0cb1d515405,9bab0661683b7f56ddeca0cb1d515405,1
2,6,26,2900f1f66cfb621e25ebdaa433234716,2900f1f66cfb621e25ebdaa433234716,1
2,6,27,77a8e512b2fbe8243641de187514a10f,77a8e512b2fbe8243641de187514a10f,1
2,6,28,92c273d378bac8bb4cb122d526e366e1,92c273d378bac8bb4cb122d526e366e1,1
2,6,29,bf9a10cff73ef76715a8b7d20ddf2127,bf9a10cff73ef76715a8b7d20ddf2127,1
2,6,30,ba263b97c9751fee15f787244f8dd276,ba263b97c9751fee15f787244f8dd276,1
2,6,31,02aab8c940846a574e2f8865cb407dbc,02aab8c940846a574e2f8865cb407dbc,1
2,6,32,ff114c607897c2073e1d0aa85350b5a2,ff114c607897c2073e1d0aa85350b5a2,1
2,6,33,7cf8e363d982ee8e4486d1fb9cc91bfc,7cf8e363d982ee8e4486d1fb9cc91bfc,1
2,6,34,999476452f0becd5856899be473d1b91,999476452f0becd5856899be473d1b91,1
2,6,35,5855adf0b548f61595f333f391c5f8dd,5855adf0b548f61595f333f391c5f8dd,1
2,6,36,f900cce09b3dfac81205881b8f2fcdd9,f900cce09b3dfac81205881b8f2fcdd9,1
2,6,37,5133dcaf84b4028b30c3acca67d41c94,5133dcaf84b4028b30c3acca67d41c94,1
2,6,38,0bfb73d01cbb9894b171f3e15a36e4f3,0bfb73d01cbb9894b171f3e15a36e4f3,1
2,6,39,b4c7232063dd5ce311002b38f1c27eb0,b4c7232063dd5ce311002b38f1c27eb0,1
2,6,40,84c8ea806e6cd90df5e877745a92ea13,84c8ea806e6cd90df5e877745a92ea13,1
2,6,41,f58563a942cb6dab59b323271447ad29,f58563a942cb6dab59b323271447ad29,1
2,6,42,dcc84981c395bb21a0fa04ddf0b35ccd,dcc84981c395bb21a0fa04ddf0b35ccd,1
2,6,43,08eb3d80d66fd27bd315eff98693811d,08eb3d80d66fd27bd315eff98693811d,1
2,6,44,2283e1226f81e74bdc71203227fd0068,2283e1226f81e74bdc71203227fd0068,1
2,6,45,db98bddf2e1a61aeed9d75520e826455,db98bddf2e1a61aeed9d75520e826455,1
2,7,0,d3941c296d75e67a3f75ec4ccc037de8,d3941c296d75e67a3f75ec4ccc037de8,1
2,7,1,41576005be84a3a414c32c7fdb4cfea6,41576005be84a3a414c32c7fdb4cfea6,1
2,7,2,45bc45f6741645233fffdd1922dacc38,45bc45f6741645233fffdd1922dacc38,1
2,7,3,fd14763d871e0e4accfce1806967c1c6,fd14763d871e0e4accfce1806967c1c6,1
2,7,4,9fdf0cee5e76f69f5e1d6c6c7c3c378c,9fdf0cee5e76f69f5e1d6c6c7c3c378c,1
2,7,5,e1f5987bcd391f2e2979f246319f66a7,e1f5987bcd391f2e2979f246319f66a7,1
2,7,6,cc97780b2f58aaecc9d403c41af70c76,cc97780b2f58aaecc9d403c41af70c76,1
2,7,7,cdc91a841c7324eed568cc341955b04c,cdc91a841c7324eed568cc341955b04c,1
2,7,8,a7112e34258fa901e5d0ddc96ce72cfc,a7112e34258fa901e5d0ddc96ce72cfc,1
2,7,9,ba792cf888a9e7fc0b06a61be9e2aaa9,ba792cf888a9e7fc0b06a61be9e2aaa9,1
2,7,10,525c56fb482f2b968ce88d9e4ed6cdef,525c56fb482f2b968ce88d9e4ed6cdef,1
2,7,11,b9c4c3c152fbdde3ae2fe7d25208fda6,b9c4c3c152fbdde3ae2fe7d25208fda6,1
2,7,12,ef7f0e40205546878991571ba197de1e,ef7f0e40205546878991571ba197de1e,1
2,7,13,8a790113ba1736a2cb97889f85044152,8a790113ba1736a2cb97889f85044152,1
2,7,14,522d167e8cb90f132f456ad6ff62daa4,522d167e8cb90f132f456ad6ff62daa4,1
2,7,15,746ae6de838f47478a90047c9669cf97,746ae6de838f47478a90047c9669cf97,1
2,7,16,e17cc21d68bbf09423042e45b5ae5ba0,e17cc21d68bbf09423042e45b5ae5ba0,1
2,7,17,4bff82c16eea83d0a795ba25128db6e1,4bff82c16eea83d0a795ba25128db6e1,1
2,7,18,680680f89bfc73204255bd566a672022,680680f89bfc73204255bd566a672022,1
2,7,19,4c208ab90b9ab907635d988849a90cbb,4c208ab90b9ab907635d988849a90cbb,1
2,7,20,57ca13bf74fbde1cdd6efa9374ce71fa,57ca13bf74fbde1cdd6efa9374ce71fa,1
2,7,21,5e0e47d69202236a681574b3308ffd57,5e0e47d69202236a681574b3308ffd57,1
2,7,22,0a3970479e4b00170343e26cb6e1373e,0a3970479e4b00170343e26cb6e1373e,1
2,7,23,974d2a86a91edf47e1a6ce775791a2e6,974d2a86a91edf47e1a6ce775791a2e6,1
2,7,24,405d87d4c56ffcd48012661da264c00a,405d87d4c56ffcd48012661da264c00a,1
2,7,25,e04c6f14e9be1695f9fc0b0f9caa799f,e04c6f14e9be1695f9fc0b0f9caa799f,1
2,7,26,722b6474970218490936155c756ad928,722b6474970218490936155c756ad928,1
2,7,27,d7431b0b647318208df45b9af2c1ebb2,d7431b0b647318208df45b9af2c1ebb2,1
2,7,28,6539c573b5a77efc18b250af74599772,6539c573b5a77efc18b250af74599772,1
2,7,29,8669ad34500c362095fa27b4ef727cc7,8669ad34500c362095fa27b4ef727cc7,1
2,7,30,489f0c60e439f6794a66a1520610bbb0,489f0c60e439f6794a66a1520610bbb0,1
2,7,31,09bf6ffe30be067f26cce00c2c975c28,09bf6ffe30be067f26cce00c2c975c28,1
2,7,32,0868463ced24f9b7117ac1cbb84762cc,0868463ced24f9b7117ac1cbb84762cc,1
2,7,33,4e436019bc217f9f452fa0dfbce976ea,4e436019bc217f9f452fa0dfbce976ea,1
2,7,34,d8fd3a0bbd4ae58dfe50c9f313f04c10,d8fd3a0bbd4ae58dfe50c9f313f04c10,1
2,7,35,c79bd3b2779fdd81dae7b467a127645e,c79bd3b2779fdd81dae7b467a127645e,1
2,7,36,4384272620581c6ad18480d527f260d5,4384272620581c6ad18480d527f260d5,1
2,7,37,de884ab20a310f188a93f888d14dbcc9,de884ab20a310f188a93f888d14dbcc9,1
2,7,38,9ca8f13a236e417231a763aa3626887a,9ca8f13a236e417231a763aa3626887a,1
2,7,39,133031ca96cb53a90b281d1c40e56ba1,133031ca96cb53a90b281d1c40e56ba1,1
2,7,40,d88309b99bd3315f2696d3b2650ce177,d88309b99bd3315f2696d3b2650ce177,1
2,7,41,999e5e24524b4ae682bcaed0042af564,999e5e24524b4ae682bcaed0042af564,1
2,7,42,4453f19710eaf5cefe178b413f7132ec,4453f19710eaf5cefe178b413f7132ec,1
2,7,43,26a33099d42e409ab5f31ee77892ab2f,26a33099d42e409ab5f31ee77892ab2f,1
2,7,44,afab07cd09a48bbdef1a7138ff8e3a73,afab07cd09a48bbdef1a7138ff8e3a73,1
2,7,45,b1bb1bd770bc961037d7789114fa179e,b1bb1bd770bc961037d7789114fa179e,1
2,8,0,2944b4f227bb8f8d3ede3f48527aba70,2944b4f227bb8f8d3ede3f48527aba70,1
2,8,1,88e26bb3cd1843a59fcb11668275cbdd,88e26bb3cd1843a59fcb11668275cbdd,1
2,8,2,cad6f974843e2f81147443ebc34a57ed,cad6f974843e2f81147443ebc34a57ed,1
2,8,3,d98794cd205be19f8088a772ed8b87ab,d98794cd205be19f8088a772ed8b87ab,1
2,8,4,6a528a3cc3b78cb7df49050422831be5,6a528a3cc3b78cb7df49050422831be5,1
2,8,5,1e2f4f0d593dcf3bf28fd92fbac794fb,1e2f4f0d593dcf3bf28fd92fbac794fb,1
2,8,6,2a577ad7c873492202c89312aa51ae3a,2a577ad7c873492202c89312aa51ae3a,1
2,8,7,a4d8af5ab494aac8a6462d8e967b8b7c,a4d8af5ab494aac8a6462d8e967b8b7c,1
2,8,8,9fbb09c965a679fa70485f8cabc29d95,9fbb09c965a679fa70485f8cabc29d95,1
2,8,9,052eab3a1c8739353e5709350f4cbec4,052eab3a1c8739353e5709350f4cbec4,1
2,8,10,b7ca2786797744424c3750b305c1c3b3,b7ca2786797744424c3750b305c1c3b3,1
2,8,11,25b077fd14fa05f610537c942b1ef568,25b077fd14fa05f610537c942b1ef568,1
2,8,12,34b5f924adea61248c2ade4984697d3d,34b5f924adea61248c2ade4984697d3d,1
2,8,13,d8fd98021d6c6427f3f16d5a79a6c796,d8fd98021d6c6427f3f16d5a79a6c796,1
2,8,14,dabec012e23021080d00fa462ce2dc72,dabec012e23021080d00fa462ce2dc72,1
2,8,15,9508b882c115ac2e212ee5e1ed646c60,9508b882c115ac2e212ee5e1ed646c60,1
2,8,16,2101f225e0d035020051fdb2ac5b8bf7,2101f225e0d035020051fdb2ac5b8bf7,1
2,8,17,9ecbd866aaa8ae6502c067601dbdf3c1,9ecbd866aaa8ae6502c067601dbdf3c1,1
2,8,18,5a1f7ddf9804fe1ff8188619c5e0933c,5a1f7ddf9804fe1ff8188619c5e0933c,1
2,8,19,4c362cbe79ecb10cf3b7165d342106f3,4c362cbe79ecb10cf3b7165d342106f3,1
2,8,20,f4d78624d346bb033f5adc86ec95cec8,f4d78624d346bb033f5adc86ec95cec8,1
2,8,21,d3ff2bda5bf7de24bfe383f771286b20,d3ff2bda5bf7de24bfe383f771286b20,1
2,8,22,2564e56067e74f1ef43c4d566ed52e64,2564e56067e74f1ef43c4d566ed52e64,1
2,8,23,3243d8f96f28af7860296392b8f51d5a,3243d8f96f28af7860296392b8f51d5a,1
2,8,24,0bf1275e35d36813a0f4c566454ab995,0bf1275e35d36813a0f4c566454ab995,1
2,8,25,85883923d03fb311013b8bb026360523,85883923d03fb311013b8bb026360523,1
2,8,26,3ab9934e8f117cc783adf213799d85b5,3ab9934e8f117cc783adf213799d85b5,1
2,8,27,ac2dad39196d4e8b4a736b12281bd7d0,ac2dad39196d4e8b4a736b12281bd7d0,1
2,8,28,b0f8fbff28e1aec2f7e5a1aaadcfdbdd,b0f8fbff28e1aec2f7e5a1aaadcfdbdd,1
2,8,29,3fd46b711730f424a590db41c24f8362,3fd46b711730f424a590db41c24f8362,1
2,8,30,76004c8f6e72078971f0e1af7294c23d,76004c8f6e72078971f0e1af7294c23d,1
2,8,31,57e7495d3618ec7d2385f5c2983fde4f,57e7495d3618ec7d2385f5c2983fde4f,1
2,8,32,3f9f456bbf22df70dd10eb3d812900bf,3f9f456bbf22df70dd10eb3d812900bf,1
2,8,33,2d660e38b25c2df84d01597f48a7b63e,2d660e38b25c2df84d01597f48a7b63e,1
2,8,34,2e52abd67220ea10eeba151deb1dd0e9,2e52abd67220ea10eeba151deb1dd0e9,1
2,8,35,781b3536839a9854f4b1e04560d47b9e,781b3536839a9854f4b1e04560d47b9e,1
2,8,36,428cfa0de2db3fdc93e1a801d86f7484,428cfa0de2db3fdc93e1a801d86f7484,1
2,8,37,2ce6f2f174493c9fd900cf8b4037c778,2ce6f2f174493c9fd900cf8b4037c778,1
2,8,38,d201666a6fdc002c13a7f01f2d071813,d201666a6fdc002c13a7f01f2d071813,1
2,8,39,204903570d75dc7d1b4d6067d7dfd210,204903570d75dc7d1b4d6067d7dfd210,1
2,8,40,91eff5420fbf6ccf1155581e1a9392bd,91eff5420fbf6ccf1155581e1a9392bd,1
2,8,41,3dbe3c27075d6c8686cdc7666668d934,3dbe3c27075d6c8686cdc7666668d934,1
2,8,42,e3b335175299aa6fb50c6b882a442814,e3b335175299aa6fb50c6b882a442814,1
2,8,43,afa58391640bb28a4f037b830ddd311c,afa58391640bb28a4f037b830ddd311c,1
2,8,44,0830622beccb1503527c152abef84be3,0830622beccb1503527c152abef84be3,1
2,8,45,c9dc3bdc0c2a66c8dd8585f921a97400,c9dc3bdc0c2a66c8dd8585f921a97400,1
2,9,0,49f61e87ea4f7adb1fe24f7d1ba53d27,49f61e87ea4f7adb1fe24f7d1ba53d27,1
2,9,1,ac97a40aa8499203c60695f153bcb316,ac97a40aa8499203c60695f153bcb316,1
2,9,2,8e9763bfb25215feeec836a4ae917e96,8e9763bfb25215feeec836a4ae917e96,1
2,9,3,34458564ffaacb582f390d74d01c4924,34458564ffaacb582f390d74d01c4924,1
2,9,4,492e8a9a610376ececca690b5e80a0bc,492e8a9a610376ececca690b5e80a0bc,1
2,9,5,8bf4496c2335ad7cfcc9acbd819545bd,8bf4496c2335ad7cfcc9acbd819545bd,1
2,9,6,95a7f0626ceaad032b1e93e5602276bc,95a7f0626ceaad032b1e93e5602276bc,1
2,9,7,72f455766cbab229544c5ce18d2b35ed,72f455766cbab229544c5ce18d2b35ed,1
2,9,8,170db4e56a93a4ebfae3e676e57dd999,170db4e56a93a4ebfae3e676e57dd999,1
2,9,9,efc06d31805941fb1292dd3d1c301866,efc06d31805941fb1292dd3d1c301866,1
2,9,10,7a64c8a25613866d51e05c0eb04166f7,7a64c8a25613866d51e05c0eb04166f7,1
2,9,11,419de5679efa584487e7a068ec62f662,419de5679efa584487e7a068ec62f662,1
2,9,12,96fda1bba041e0a90404ea5c12a3eaa8,96fda1bba041e0a90404ea5c12a3eaa8,1
2,9,13,67e3fe8d56232cfb0293f8feb65d7f80,67e3fe8d56232cfb0293f8feb65d7f80,1
2,9,14,31a736e95c00397f77e1665efac5d9cb,31a736e95c00397f77e1665efac5d9cb,1
2,9,15,727d790e8de35693ff1b385faa2f5c56,727d790e8de35693ff1b385faa2f5c56,1
2,9,16,e1b47ca850e4331e454ac94ae1a443ca,e1b47ca850e4331e454ac94ae1a443ca,1
2,9,17,5efb90d11cd00f7710a94f8a9594a0dc,5efb90d11cd00f7710a94f8a9594a0dc,1
2,9,18,e3d81810bfdd5453eed5746c6a68049a,e3d81810bfdd5453eed5746c6a68049a,1
2,9,19,cea1369c3f26d915579cb9b68ae10092,cea1369c3f26d915579cb9b68ae10092,1
2,9,20,3e627eb29593042b72f9da2a9ecc06cf,3e627eb29593042b72f9da2a9ecc06cf,1
2,9,21,8596a4291f568c13679d373e7479396e,8596a4291f568c13679d373e7479396e,1
2,9,22,7421601b14ff54028bad3bc8b057d629,7421601b14ff54028bad3bc8b057d629,1
2,9,23,148b7072d8fe5c52bdb71dea71129366,148b7072d8fe5c52bdb71dea71129366,1
2,9,24,482467d05cefc82336f9a4ea468c8f6b,482467d05cefc82336f9a4ea468c8f6b,1
2,9,25,2b72e3e1137303aeadd6c5864aa37e10,2b72e3e1137303aeadd6c5864aa37e10,1
2,9,26,450e6314bafbcffae588e984e6661077,450e6314bafbcffae588e984e6661077,1
2,9,27,0c60f9a5649c0b4f189d31c261c83272,0c60f9a5649c0b4f189d31c261c83272,1
2,9,28,a357f7d13d20c20d26bb2ae7e1b4becc,a357f7d13d20c20d26bb2ae7e1b4becc,1
2,9,29,d499d66af92f82db6ab29a3c57456a97,d499d66af92f82db6ab29a3c57456a97,1
2,9,30,fa7f344e5cd0ec0a2f2b1877628cc522,fa7f344e5cd0ec0a2f2b1877628cc522,1
2,9,31,55b56a1deb5327f8cc6c03b1fa073ae3,55b56a1deb5327f8cc6c03b1fa073ae3,1
2,9,32,553d0e528692996b02c130a7a8b80570,553d0e528692996b02c130a7a8b80570,1
2,9,33,ff263f321cd7ac261079e46a4e91062c,ff263f321cd7ac261079e46a4e91062c,1
2,9,34,0c8770aa76ba65834ebc10818f2a5909,0c8770aa76ba65834ebc10818f2a5909,1
2,9,35,6cf522d188d9495bbad1419c501d8363,6cf522d188d9495bbad1419c501d8363,1
2,9,36,e405bba67142919be84a5e4ba19b0cdf,e405bba67142919be84a5e4ba19b0cdf,1
2,9,37,9600839bcca43db95fcf90bca25644ff,9600839bcca43db95fcf90bca25644ff,1
2,9,38,8c57f244cebf2bc89967dfa3f96df8ae,8c57f244cebf2bc89967dfa3f96df8ae,1
2,9,39,142a6460aa1d5437e180f8ade4147838,142a6460aa1d5437e180f8ade4147838,1
2,9,40,acaa7e3b6b6e37cd6700d3ffd5eb20d8,acaa7e3b6b6e37cd6700d3ffd5eb20d8,1
2,9,41,3f2ebbdddab3203bdeeee22d765e0a81,3f2ebbdddab3203bdeeee22d765e0a81,1
2,9,42,d589c42ca9eb6ca0819b6e2a595de308,d589c42ca9eb6ca0819b6e2a595de308,1
2,9,43,8941522458c1a9e7046938c025ed2383,8941522458c1a9e7046938c025ed2383,1
2,9,44,1c63268bae6f45353876d84f25411b79,1c63268bae6f45353876d84f25411b79,1
2,9,45,347f66bc34ba8ea6567bdef211eab7f8,347f66bc34ba8ea6567bdef211eab7f8,1
2,10,0,3ed21f08ea71a148c442688aa2e04dbe,3ed21f08ea71a148c442688aa2e04dbe,1
2,10,1,16440cd7c86fdffc5efe1f2eaaf00165,16440cd7c86fdffc5efe1f2eaaf00165,1
2,10,2,3ea97ec2da3d3332da26798b6ded1454,3ea97ec2da3d3332da26798b6ded1454,1
2,10,3,eb6e0105a3d96f81a97dd7e63b49761a,eb6e0105a3d96f81a97dd7e63b49761a,1
2,10,4,8d56885e857b2b8d300d2ef52d92876b,8d56885e857b2b8d300d2ef52d92876b,1
2,10,5,27224a8025189cc97cb2d709602834a2,27224a8025189cc97cb2d709602834a2,1
2,10,6,40275975270b555fb0a12ba2071ce95c,40275975270b555fb0a12ba2071ce95c,1
2,10,7,db2e75d4c480730897cf3dc8fb6d9ae0,db2e75d4c480730897cf3dc8fb6d9ae0,1
2,10,8,077ef87a7a8dc483f3aec20731a071eb,077ef87a7a8dc483f3aec20731a071eb,1
2,10,9,dd75efe20702ff48d89b629d8bf2324f,dd75efe20702ff48d89b629d8bf2324f,1
2,10,10,4ec8378c6e2db759f5dfff76d925c423,4ec8378c6e2db759f5dfff76d925c423,1
2,10,11,8e9e4d9bcd782b8586614c9f5d44259e,8e9e4d9bcd782b8586614c9f5d44259e,1
2,10,12,0d6e11a0c870a340d7c3012b0ae0cb8e,0d6e11a0c870a340d7c3012b0ae0cb8e,1
2,10,13,5c4e8663c39343c770bdc3990e9acec6,5c4e8663c39343c770bdc3990e9acec6,1
2,10,14,9ce8581c099249cfacdbb49cc20dedaf,9ce8581c099249cfacdbb49cc20dedaf,1
2,10,15,504020f118304b2cee4d6eea1889c849,504020f118304b2cee4d6eea1889c849,1
2,10,16,a929af572dccb4489d63367a258e3574,a929af572dccb4489d63367a258e3574,1
2,10,17,3b847fff6842b969d0c34715765ed6b5,3b847fff6842b969d0c34715765ed6b5,1
2,10,18,cc466dff90cb0131a759e32520ff5c51,cc466dff90cb0131a759e32520ff5c51,1
2,10,19,fe3beb10692262dd83f45ce94fa06743,fe3beb10692262dd83f45ce94fa06743,1
2,10,20,471b6c18b6f3682a482324fd3ca0c99b,471b6c18b6f3682a482324fd3ca0c99b,1
2,10,21,e4b90f03e1a5448a5e96eb0879f738fc,e4b90f03e1a5448a5e96eb0879f738fc,1
2,10,22,52db67ae12740213bb8def267a7d16aa,52db67ae12740213bb8def267a7d16aa,1
2,10,23,23123af6b7a5f023e630f27a64728c4f,23123af6b7a5f023e630f27a64728c4f,1
2,10,24,15d63487004124bed12044ea80ef090f,15d63487004124bed12044ea80ef090f,1
2,10,25,f19541c444597f526fcbb1c9732316fa,f19541c444597f526fcbb1c9732316fa,1
2,10,26,09709029c6c678ca95400ac77d85660b,09709029c6c678ca95400ac77d85660b,1
2,10,27,504d97ace1f1ff8a6ea4d3decc4b6af4,504d97ace1f1ff8a6ea4d3decc4b6af4,1
2,10,28,d524927166378d04b18720ccaef637b5,d524927166378d04b18720ccaef637b5,1
2,10,29,92887d00ae544e4bf1e6ffb97e7275dd,92887d00ae544e4bf1e6ffb97e7275dd,1
2,10,30,030bf06e95ce937a85346b9f77a4e170,030bf06e95ce937a85346b9f77a4e170,1
2,10,31,a719b90552516259fa49aeb180f093cf,a719b90552516259fa49aeb180f093cf,1
2,10,32,a1904ce85ebb6784792d0814fc4a8c43,a1904ce85ebb6784792d0814fc4a8c43,1
2,10,33,50ed0cbc6d303f114baaf33d17bfee41,50ed0cbc6d303f114baaf33d17bfee41,1
2,10,34,f7e4225a45c705c6f7f166abb0552367,f7e4225a45c705c6f7f166abb0552367,1
2,10,35,ed9655a19b9cd881d5c2d6d57f805c05,ed9655a19b9cd881d5c2d6d57f805c05,1
2,10,36,73f8fa3da4200b84f5c2614064d38b8f,73f8fa3da4200b84f5c2614064d38b8f,1
2,10,37,8a7c7f654f30768a467953177cba156b,8a7c7f654f30768a467953177cba156b,1
2,10,38,b08af2b1e6d4337c78fb4e9060b38fa4,b08af2b1e6d4337c78fb4e9060b38fa4,1
2,10,39,eb94a141903165c79c3f2fae5d5e4b84,eb94a141903165c79c3f2fae5d5e4b84,1
2,10,40,10ee2e82359f62da8d9adbcbf172a6ad,10ee2e82359f62da8d9adbcbf172a6ad,1
2,10,41,26098849a441990c6b269c86d6be9f87,26098849a441990c6b269c86d6be9f87,1
2,10,42,52caa38069b3226d1424b58cb892d4d0,52caa38069b3226d1424b58cb892d4d0,1
2,10,43,73f4f76f1b8effc0b86f2dabfc831d2c,73f4f76f1b8effc0b86f2dabfc831d2c,1
2,10,44,99f7708ab862b313b6842f874add1f53,99f7708ab862b313b6842f874add1f53,1
2,10,45,6f603de85cee29c8702d46a8b1aff523,6f603de85cee29c8702d46a8b1aff523,1
2,11,0,252199827420e81194766bb52921c35d,252199827420e81194766bb52921c35d,1
2,11,1,e799b35e12aee1847a52bfb9add24fa7,e799b35e12aee1847a52bfb9add24fa7,1
2,11,2,41b5829669b3235ca4c248ea91e069c7,41b5829669b3235ca4c248ea91e069c7,1
2,11,3,c287d930814f5d3ebe23f15a1fd5664a,c287d930814f5d3ebe23f15a1fd5664a,1
2,11,4,74ca6aa085658eeabf2dfadba17719f5,74ca6aa085658eeabf2dfadba17719f5,1
2,11,5,c0cf144dfc42e1c28667a4bfe2d05919,c0cf144dfc42e1c28667a4bfe2d05919,1
2,11,6,cec5f47819b578662a6ce852f378d4a0,cec5f47819b578662a6ce852f378d4a0,1
2,11,7,a2c5b5c572a4b31c27babf5157d40c3e,a2c5b5c572a4b31c27babf5157d40c3e,1
2,11,8,5dacb3ae831130e9a74531fdb06b4023,5dacb3ae831130e9a74531fdb06b4023,1
2,11,9,393d3a988a4f70fa3d9b474c8129bdf5,393d3a988a4f70fa3d9b474c8129bdf5,1
2,11,10,31cb7d5d5cba67ae98841b8b3bcee293,31cb7d5d5cba67ae98841b8b3bcee293,1
2,11,11,2bfc2dcae6c59b23f15bca6776b8e10e,2bfc2dcae6c59b23f15bca6776b8e10e,1
2,11,12,568fc7a5962afa11d581f955ee9004e4,568fc7a5962afa11d581f955ee9004e4,1
2,11,13,97850f8df5a63ecf81d623ac20e3defb,97850f8df5a63ecf81d623ac20e3defb,1
2,11,14,00a46cc0d1355fc6249a6cc69bb1e873,00a46cc0d1355fc6249a6cc69bb1e873,1
2,11,15,a6f6b55d263b7f76bfcf1cdc7611b82e,a6f6b55d263b7f76bfcf1cdc7611b82e,1
2,11,16,aad9dc5e50d67540bcd009e3a28471f5,aad9dc5e50d67540bcd009e3a28471f5,1
2,11,17,b96861a74593c1732a3b38d1fb1a6c11,b96861a74593c1732a3b38d1fb1a6c11,1
2,11,18,dafe6f5c64a1e736e68c817ef0da5097,dafe6f5c64a1e736e68c817ef0da5097,1
2,11,19,2cfed345353a97ba5c6f7816811625e8,2cfed345353a97ba5c6f7816811625e8,1
2,11,20,79c9fbceabf595b78a2aee37b295745a,79c9fbceabf595b78a2aee37b295745a,1
2,11,21,26f5c867552df5d79d45d9b325525fe1,26f5c867552df5d79d45d9b325525fe1,1
2,11,22,5d190f0e8a5cc477f852427d1cd3d735,5d190f0e8a5cc477f852427d1cd3d735,1
2,11,23,e48122bc0527d6e5ef771d864bc72b3f,e48122bc0527d6e5ef771d864bc72b3f,1
2,11,24,e2f85ed793dc9d95bdddd752d480c8c9,e2f85ed793dc9d95bdddd752d480c8c9,1
2,11,25,59bac1880d83ed5316b775491735ae31,59bac1880d83ed5316b775491735ae31,1
2,11,26,249f2581546329c1ef628b68dd38eddd,249f2581546329c1ef628b68dd38eddd,1
2,11,27,3c717c91eaea2ba1d4e59c6c7d3ff0b3,3c717c91eaea2ba1d4e59c6c7d3ff0b3,1
2,11,28,03d37606602529b7db4176779b2ffce0,03d37606602529b7db4176779b2ffce0,1
2,11,29,b669de95e4c2f59e65f66c109b60ab8b,b669de95e4c2f59e65f66c109b60ab8b,1
2,11,30,3dc632a25a71e0fb7af8318215175c3b,3dc632a25a71e0fb7af8318215175c3b,1
2,11,31,81b86d20d1151f3fcfb8b1f112ab3cc9,81b86d20d1151f3fcfb8b1f112ab3cc9,1
2,11,32,142a709092e3993a7f37c637be2f5f57,142a709092e3993a7f37c637be2f5f57,1
2,11,33,0eaa841910bfe02d1927f614265a1cb9,0eaa841910bfe02d1927f614265a1cb9,1
2,11,34,45636635a32f0a057dc922d80cb58c0c,45636635a32f0a057dc922d80cb58c0c,1
2,11,35,4133a4056769640427703a2aaa27ab6b,4133a4056769640427703a2aaa27ab6b,1
2,11,36,ce0d85967a1a0c835eda775554e0ea85,ce0d85967a1a0c835eda775554e0ea85,1
2,11,37,05fcfd53bec963ce1f099fc1bda45ae7,05fcfd53bec963ce1f099fc1bda45ae7,1
2,11,38,8c7f237905a8dc1108e636b0f9444dc5,8c7f237905a8dc1108e636b0f9444dc5,1
2,11,39,0b5377ddbcbbc06a4382f389659268ec,0b5377ddbcbbc06a4382f389659268ec,1
2,11,40,48b73299631cfe598cc626e043fae120,48b73299631cfe598cc626e043fae120,1
2,11,41,461d5d8c36da1cc17fd4433fd1505678,461d5d8c36da1cc17fd4433fd1505678,1
2,11,42,aaff1d5c9e1ed67370da654b37c284af,aaff1d5c9e1ed67370da654b37c284af,1
2,11,43,eb119331132e0525559dea1baf9b5dcc,eb119331132e0525559dea1baf9b5dcc,1
2,11,44,3b4b3ad14bc0a19e4e53754912e0435a,3b4b3ad14bc0a19e4e53754912e0435a,1
2,11,45,a37607f693f7e198860147ce3c8519c1,a37607f693f7e198860147ce3c8519c1,1
2,12,0,8cb15a89f8528b5aec84ec3f228ce567,8cb15a89f8528b5aec84ec3f228ce567,1
2,12,1,6ebefc8810b34432e4a30ba74e939c7c,6ebefc8810b34432e4a30ba74e939c7c,1
2,12,2,5902d3593ab248d6b3c7613fd280378e,5902d3593ab248d6b3c7613fd280378e,1
2,12,3,fcfb48069f47d379d88e49b768e74dba,fcfb48069f47d379d88e49b768e74dba,1
2,12,4,e56a404e615aaeb2658a27e35c302591,e56a404e615aaeb2658a27e35c302591,1
2,12,5,8797ccd912a4b39945521a92933ad4f5,8797ccd912a4b39945521a92933ad4f5,1
2,12,6,398398a9b305c2e05fb368b792385013,398398a9b305c2e05fb368b792385013,1
2,12,7,648f13191cf76dc836a0d294fad3b6f2,648f13191cf76dc836a0d294fad3b6f2,1
2,12,8,8e0f8e4bbdfae93c58cd68d3178dc353,8e0f8e4bbdfae93c58cd68d3178dc353,1
2,12,9,313819e0fd74714c29a88592567b5b73,313819e0fd74714c29a88592567b5b73,1
2,12,10,d845dbe3087f2fddee5f139da5f963cb,d845dbe3087f2fddee5f139da5f963cb,1
2,12,11,a55f68d11ba438fca3f5974948ebb82b,a55f68d11ba438fca3f5974948ebb82b,1
2,12,12,c418c41110dffded28333099a787cf8a,c418c41110dffded28333099a787cf8a,1
2,12,13,8ccaec6d6e680bcfff02a3e0c1dd59e9,8ccaec6d6e680bcfff02a3e0c1dd59e9,1
2,12,14,7496dc1fa8c62db6899f6ab25c695dad,7496dc1fa8c62db6899f6ab25c695dad,1
2,12,15,c873994aa2a7be4d86710b394bf3e80a,c873994aa2a7be4d86710b394bf3e80a,1
2,12,16,b9f028907d3d1ac7e9cc96e4c0a9a58e,b9f028907d3d1ac7e9cc96e4c0a9a58e,1
2,12,17,0bbbda8cafe2bfa9eb9494d92aa88751,0bbbda8cafe2bfa9eb9494d92aa88751,1
2,12,18,04a78c02ede12ff8d13ef94a5017d135,04a78c02ede12ff8d13ef94a5017d135,1
2,12,19,9f03ad76d7bbebbc252870fe93bf0a63,9f03ad76d7bbebbc252870fe93bf0a63,1
2,12,20,1df544723b1de7144d8bb4ca8300ee05,1df544723b1de7144d8bb4ca8300ee05,1
2,12,21,4d489207d044e305d63e39a9c1caf1f6,4d489207d044e305d63e39a9c1caf1f6,1
2,12,22,e2289241c5913f6c16e90575d6bdfea9,e2289241c5913f6c16e90575d6bdfea9,1
2,12,23,20891a813f5b9d9f7d50d48e1b41a693,20891a813f5b9d9f7d50d48e1b41a693,1
2,12,24,56b923d24d0cb96a230ae65bd9e8063c,56b923d24d0cb96a230ae65bd9e8063c,1
2,12,25,0f3d7eb9d32cb3cde061d3e6be82a036,0f3d7eb9d32cb3cde061d3e6be82a036,1
2,12,26,c7e0379858422804c21760092e6589aa,c7e0379858422804c21760092e6589aa,1
2,12,27,a9652c3bf497381085bdcd69029cd829,a9652c3bf497381085bdcd69029cd829,1
2,12,28,2efdd59d37daaaeda024a80a1414b24f,2efdd59d37daaaeda024a80a1414b24f,1
2,12,29,81b0a23ba8e98a48c6b14cb32240c8dc,81b0a23ba8e98a48c6b14cb32240c8dc,1
2,12,30,2652be99d707264ecce86208e2095e00,2652be99d707264ecce86208e2095e00,1
2,12,31,bc3399bf26265f369dce2eb426b6cd7f,bc3399bf26265f369dce2eb426b6cd7f,1
2,12,32,a1b40f7f7c786c97882071a1c45b21c3,a1b40f7f7c786c97882071a1c45b21c3,1
2,12,33,031d4c4282e4eb21ee1354dfcf707b98,031d4c4282e4eb21ee1354dfcf707b98,1
2,12,34,4b7b8700ecf5ea3eb6a4db7deaa0a9a6,4b7b8700ecf5ea3eb6a4db7deaa0a9a6,1
2,12,35,4e6a5a381d8687085d301068bc5d37fd,4e6a5a381d8687085d301068bc5d37fd,1
2,12,36,b0ca36231481c59ceb8e794349847919,b0ca36231481c59ceb8e794349847919,1
2,12,37,9000a5371076e1e25aadd46a930da5c3,9000a5371076e1e25aadd46a930da5c3,1
2,12,38,2c25655b24199aa12defb898e1825d95,2c25655b24199aa12defb898e1825d95,1
2,12,39,798fdc600dea2c544332232a09a66c7c,798fdc600dea2c544332232a09a66c7c,1
2,12,40,1035761ae3435ae5acf283ed0c919723,1035761ae3435ae5acf283ed0c919723,1
2,12,41,ae07a5003253470b5096a9dc146b6da6,ae07a5003253470b5096a9dc146b6da6,1
2,12,42,9ab8990c35c2fb6bd56307d963fbbdd7,9ab8990c35c2fb6bd56307d963fbbdd7,1
2,12,43,cc9f9f999e468e9ed2774c3b9cbb2326,cc9f9f999e468e9ed2774c3b9cbb2326,1
2,12,44,d8ecec94b41e907e6ae3d431bc0014e8,d8ecec94b41e907e6ae3d431bc0014e8,1
2,12,45,d8b7934bef452220afb73e40fc3e2bb3,d8b7934bef452220afb73e40fc3e2bb3,1
2,13,0,fd8ddf8e2b343a290f55d1ff32b57720,fd8ddf8e2b343a290f55d1ff32b57720,1
2,13,1,682fd557b9ad80377a74723a34ac54d7,682fd557b9ad80377a74723a34ac54d7,1
2,13,2,fe986626375d5c5278ea809cbcf43433,fe986626375d5c5278ea809cbcf43433,1
2,13,3,90c05b92c7f4c94203cb000c3efb8786,90c05b92c7f4c94203cb000c3efb8786,1
2,13,4,a78903c09c8350c62896135c74a23695,a78903c09c8350c62896135c74a23695,1
2,13,5,533cff0cdd6872c9860d53aa794ca477,533cff0cdd6872c9860d53aa794ca477,1
2,13,6,3b6e5cfe2b8b6fe053492a5712326218,3b6e5cfe2b8b6fe053492a5712326218,1
2,13,7,c97b52c283cedd81c546d049fac10812,c97b52c283cedd81c546d049fac10812,1
2,13,8,48ce9583d5a7f4b16a71766b0540b7ca,48ce9583d5a7f4b16a71766b0540b7ca,1
2,13,9,e09e767bafbc7902201a1977568d38b4,e09e767bafbc7902201a1977568d38b4,1
2,13,10,841bbc05339a6241af5801e52eed4f85,841bbc05339a6241af5801e52eed4f85,1
2,13,11,6f209b6f042a49afd1214660d85e4165,6f209b6f042a49afd1214660d85e4165,1
2,13,12,08aa2f90765644e00135785947f7cce0,08aa2f90765644e00135785947f7cce0,1
2,13,13,e2a88130fbc11e0b897f9c0877846362,e2a88130fbc11e0b897f9c0877846362,1
2,13,14,e232d93d0a00337347df156ccd91352b,e232d93d0a00337347df156ccd91352b,1
2,13,15,37e9279264833a91deb30e6336e16bcb,37e9279264833a91deb30e6336e16bcb,1
2,13,16,7da6848d664d4a23c611299e592380aa,7da6848d664d4a23c611299e592380aa,1
2,13,17,96285a3a967854f035b1c9c36bbe5d7d,96285a3a967854f035b1c9c36bbe5d7d,1
2,13,18,4779215bc1c0883c1a4ff00bb0c44018,4779215bc1c0883c1a4ff00bb0c44018,1
2,13,19,a33a6023859f2ec0eb69620c27583eb0,a33a6023859f2ec0eb69620c27583eb0,1
2,13,20,84f53c31af9b6fa9b38f5c68c17c88cb,84f53c31af9b6fa9b38f5c68c17c88cb,1
2,13,21,b3bd688c9b6e952046249527cbe18877,b3bd688c9b6e952046249527cbe18877,1
2,13,22,c4bd3c11be077b934e2e8f8699b862b4,c4bd3c11be077b934e2e8f8699b862b4,1
2,13,23,433151a36e284bcc7d498294b32edc5e,433151a36e284bcc7d498294b32edc5e,1
2,13,24,e89cfc97a6b646283395496a4225f785,e89cfc97a6b646283395496a4225f785,1
2,13,25,54bdbb34aa9a66291de10704839075f1,54bdbb34aa9a66291de10704839075f1,1
2,13,26,00c8c5b6b8ce90df07e049d011e22659,00c8c5b6b8ce90df07e049d011e22659,1
2,13,27,60873d483ec7aa1870abc7f697dabb55,60873d483ec7aa1870abc7f697dabb55,1
2,13,28,cc6f3c1b58e143f08ababcf37500a018,cc6f3c1b58e143f08ababcf37500a018,1
2,13,29,79e925e7eac8e0215ebbd26918832fd4,79e925e7eac8e0215ebbd26918832fd4,1
2,13,30,1a77dccb7cd0e583126cff5a0a501fa9,1a77dccb7cd0e583126cff5a0a501fa9,1
2,13,31,14bad5c841833ca2ff7be4bd1407adf8,14bad5c841833ca2ff7be4bd1407adf8,1
2,13,32,e31676c96132ebf9626fd9ab1b4360d2,e31676c96132ebf9626fd9ab1b4360d2,1
2,13,33,8c9fbae80756609d0ccd697514443b79,8c9fbae80756609d0ccd697514443b79,1
2,13,34,c890af755d19da1afdd74af15c31afe4,c890af755d19da1afdd74af15c31afe4,1
2,13,35,9d12f3d8b87ced28b95e5b376e1c3258,9d12f3d8b87ced28b95e5b376e1c3258,1
2,13,36,56efb75a90e1016d259c601bac19ba58,56efb75a90e1016d259c601bac19ba58,1
2,13,37,76d7d06691006081afc64b5a2141c210,76d7d06691006081afc64b5a2141c210,1
2,13,38,b8d72cd9e106579a619db2cfb2c381e9,b8d72cd9e106579a619db2cfb2c381e9,1
2,13,39,b98079548dd690cdd357f30ccc36e37a,b98079548dd690cdd357f30ccc36e37a,1
2,13,40,53bccf8d2baa5decf59d00cda1edff55,53bccf8d2baa5decf59d00cda1edff55,1
2,13,41,d326a891fdd2dcb0089217d44515f73e,d326a891fdd2dcb0089217d44515f73e,1
2,13,42,19c19809bd432547ed263a994a745589,19c19809bd432547ed263a994a745589,1
2,13,43,1128e02b18766bf06901a7a151643e57,1128e02b18766bf06901a7a151643e57,1
2,13,44,3474c518f104bda78a8127696f6a1cff,3474c518f104bda78a8127696f6a1cff,1
2,13,45,a92e6c5f5318881cb04b38ea6dc9603d,a92e6c5f5318881cb04b38ea6dc9603d,1
2,14,0,7f6258e3929f5303e9b0e2f8af507838,7f6258e3929f5303e9b0e2f8af507838,1
2,14,1,3a7ef2facc72521d4f50517f384b55b3,3a7ef2facc72521d4f50517f384b55b3,1
2,14,2,3455f6c46bbb8e40660ebd998ad22f57,3455f6c46bbb8e40660ebd998ad22f57,1
2,14,3,f50f0344f542683139708b45119a615f,f50f0344f542683139708b45119a615f,1
2,14,4,a06017d2b3d0f43f61fc8b43f1f5eb77,a06017d2b3d0f43f61fc8b43f1f5eb77,1
2,14,5,874c19c5238a55f9c69ee1975b950483,874c19c5238a55f9c69ee1975b950483,1
2,14,6,9b710cd96f12ab30336e2e6f011dee26,9b710cd96f12ab30336e2e6f011dee26,1
2,14,7,1c72869170758c88624f3d10e14aafd0,1c72869170758c88624f3d10e14aafd0,1
2,14,8,0439c985a714e5dd4b711313a3f56a72,0439c985a714e5dd4b711313a3f56a72,1
2,14,9,7f3f56d30567af26dc99e5fd15bc1c4e,7f3f56d30567af26dc99e5fd15bc1c4e,1
2,14,10,178a9a0b6bde237590773e199e668bab,178a9a0b6bde237590773e199e668bab,1
2,14,11,a4b53455201c78aa2769bd7107aecaf0,a4b53455201c78aa2769bd7107aecaf0,1
2,14,12,decda17e396f6e6953932e7a1d22f366,decda17e396f6e6953932e7a1d22f366,1
2,14,13,3ac020694c68220148ab637b799e6a35,3ac020694c68220148ab637b799e6a35,1
2,14,14,e3e9539d4e898f2727bd381b18e29fe2,e3e9539d4e898f2727bd381b18e29fe2,1
2,14,15,f96072d97a733a70cb0ac221a07d6729,f96072d97a733a70cb0ac221a07d6729,1
2,14,16,ea8c11a7ca2af99af213fba3622f5b46,ea8c11a7ca2af99af213fba3622f5b46,1
2,14,17,56ddc88cd8d8a99dc6b87f29460ba2cc,56ddc88cd8d8a99dc6b87f29460ba2cc,1
2,14,18,bed12eed5301844d6cb23ff3086656a6,bed12eed5301844d6cb23ff3086656a6,1
2,14,19,c3e08cbf2a94afb9734be0951691e6dc,c3e08cbf2a94afb9734be0951691e6dc,1
2,14,20,366e40f66bec73ac2a1d41d6a9c809b3,366e40f66bec73ac2a1d41d6a9c809b3,1
2,14,21,3c88cf388fecabfc3674f6d2c2a52ddd,3c88cf388fecabfc3674f6d2c2a52ddd,1
2,14,22,3a3a87ff633e8ae4b4af068b0034fcf0,3a3a87ff633e8ae4b4af068b0034fcf0,1
2,14,23,f11809bb757f8d8271f7ed29e45da586,f11809bb757f8d8271f7ed29e45da586,1
2,14,24,7d28798c7613a4787bd49b2802139c25,7d28798c7613a4787bd49b2802139c25,1
2,14,25,1a2031338ba4da9c502b5af4c7df904e,1a2031338ba4da9c502b5af4c7df904e,1
2,14,26,b2d19556bb5337ab0d865e5da6e64562,b2d19556bb5337ab0d865e5da6e64562,1
2,14,27,6e931a7160756d7c244059f30fdcce85,6e931a7160756d7c244059f30fdcce85,1
2,14,28,022c9ba61c7d70a7734ca239c2088740,022c9ba61c7d70a7734ca239c2088740,1
2,14,29,42ca623d6276aa2c3d879d358156fe57,42ca623d6276aa2c3d879d358156fe57,1
2,14,30,ee23115f4d0643203a457aee25098ea6,ee23115f4d0643203a457aee25098ea6,1
2,14,31,d428c2a1fb15134779d5f210ba232fae,d428c2a1fb15134779d5f210ba232fae,1
2,14,32,615239914309cf08cef0691b2d260e28,615239914309cf08cef0691b2d260e28,1
2,14,33,d0cb8670e63a76c0c0fdd64db049a9fd,d0cb8670e63a76c0c0fdd64db049a9fd,1
2,14,34,6c89edd24e74b2ad4f2a61173244f934,6c89edd24e74b2ad4f2a61173244f934,1
2,14,35,ad2993d1f8afad2de34bffa4cf1f385e,ad2993d1f8afad2de34bffa4cf1f385e,1
2,14,36,b2cde4b13975fd1b574fce1991fd0f00,b2cde4b13975fd1b574fce1991fd0f00,1
2,14,37,d0faf2ee885c7a74e2bb753fff8864bb,d0faf2ee885c7a74e2bb753fff8864bb,1
2,14,38,392d1f167aa7a1de4e3939ce6fac1aaa,392d1f167aa7a1de4e3939ce6fac1aaa,1
2,14,39,a75200631e8e96439629b667e405d1a8,a75200631e8e96439629b667e405d1a8,1
2,14,40,c54a730cac1a908d4fbe7fe5d499aa27,c54a730cac1a908d4fbe7fe5d499aa27,1
2,14,41,2fc9cec74e38adac80d9dd766bcac208,2fc9cec74e38adac80d9dd766bcac208,1
2,14,42,2343e24320d876ec863ebf9c718d17f5,2343e24320d876ec863ebf9c718d17f5,1
2,14,43,c7618db654db6ad1c42e7854662d4c63,c7618db654db6ad1c42e7854662d4c63,1
2,14,44,32a9cd819eedf849d792047b1f688d0a,32a9cd819eedf849d792047b1f688d0a,1
2,14,45,3d0fd1703ebd3c4a4c43db20c4bcfb1f,3d0fd1703ebd3c4a4c43db20c4bcfb1f,1
2,15,0,564a56c6c9c551b3e42d1f22db68daca,564a56c6c9c551b3e42d1f22db68daca,1
2,15,1,6128af316e108a3e2b7c9549d97827c7,6128af316e108a3e2b7c9549d97827c7,1
2,15,2,f7fd34ed77fbd288764fec92e082201d,f7fd34ed77fbd288764fec92e082201d,1
2,15,3,f0343d2d0c5f3fb33dde463acfe30277,f0343d2d0c5f3fb33dde463acfe30277,1
2,15,4,6ac3c9746b8b706a6478e5acc5ef960c,6ac3c9746b8b706a6478e5acc5ef960c,1
2,15,5,d3d5ec4a4035d589e19ee80ecd51f5ba,d3d5ec4a4035d589e19ee80ecd51f5ba,1
2,15,6,46c845ea862a6b3e2560a8f78daca37c,46c845ea862a6b3e2560a8f78daca37c,1
2,15,7,d57ba9938b7d90f8b21fd3db1c86a237,d57ba9938b7d90f8b21fd3db1c86a237,1
2,15,8,696925844f7f26c9edeef0655560ab0c,696925844f7f26c9edeef0655560ab0c,1
2,15,9,4be164463538fb4ad3593dffaf27820a,4be164463538fb4ad3593dffaf27820a,1
2,15,10,313febd8708488864469303fd200505a,313febd8708488864469303fd200505a,1
2,15,11,005dee3a0ef1a8b2bcf1ceb377fb96a3,005dee3a0ef1a8b2bcf1ceb377fb96a3,1
2,15,12,878878bb437cf3537cec05739b5b2e3d,878878bb437cf3537cec05739b5b2e3d,1
2,15,13,fa9b70d7f7b0430bbdfae574a1f357ff,fa9b70d7f7b0430bbdfae574a1f357ff,1
2,15,14,649443cee26272a17faafcdf1405b0a8,649443cee26272a17faafcdf1405b0a8,1
2,15,15,e7bbed5066e7da5034608feadf2f3790,e7bbed5066e7da5034608feadf2f3790,1
2,15,16,f2253af2fc59f051f2c43523cfd95d15,f2253af2fc59f051f2c43523cfd95d15,1
2,15,17,89cc111ee3a030b4631154799d9f5764,89cc111ee3a030b4631154799d9f5764,1
2,15,18,e5f82e037019a46c811573bd617bb5f5,e5f82e037019a46c811573bd617bb5f5,1
2,15,19,f70980498d68c1210216c979c674e35a,f70980498d68c1210216c979c674e35a,1
2,15,20,df0fb14e5237a553132f931826f2127d,df0fb14e5237a553132f931826f2127d,1
2,15,21,c1cda8d96a2f78fed7912949c5dc98f2,c1cda8d96a2f78fed7912949c5dc98f2,1
2,15,22,98c2af01770480c2d4d8442954f1ea28,98c2af01770480c2d4d8442954f1ea28,1
2,15,23,425c368eeb92cfc0a3ca316b0c2c96d0,425c368eeb92cfc0a3ca316b0c2c96d0,1
2,15,24,e7e4aa0de425b6492473702f3feb46ca,e7e4aa0de425b6492473702f3feb46ca,1
2,15,25,e5b173d605cc56482a709b6b48c7e680,e5b173d605cc56482a709b6b48c7e680,1
2,15,26,e0fb0f02e0192a2538d40a4f2185ad3d,e0fb0f02e0192a2538d40a4f2185ad3d,1
2,15,27,3921a79de7d4096851fb96cee6928801,3921a79de7d4096851fb96cee6928801,1
2,15,28,e608d62802faac4e8be62a066b1a6b33,e608d62802faac4e8be62a066b1a6b33,1
2,15,29,75d417a3b9ea27873c4cc6e6c4a83557,75d417a3b9ea27873c4cc6e6c4a83557,1
2,15,30,c4f1e2716db8bd52e2fd95036070761c,c4f1e2716db8bd52e2fd95036070761c,1
2,15,31,596729ef467d43263d5a45e6be9ac5d3,596729ef467d43263d5a45e6be9ac5d3,1
2,15,32,96233891fbf303a07184315d6aa816ef,96233891fbf303a07184315d6aa816ef,1
2,15,33,0cd053fe1a2d7974718bc7165edb8616,0cd053fe1a2d7974718bc7165edb8616,1
2,15,34,3b53b720d6f40a9169dbecc873243766,3b53b720d6f40a9169dbecc873243766,1
2,15,35,c998af1009ebb94b35b5ceccee9846d4,c998af1009ebb94b35b5ceccee9846d4,1
2,15,36,e7266bab85faaeeeb6922710444cc80d,e7266bab85faaeeeb6922710444cc80d,1
2,15,37,be709c285723eb3ec6a9fa941a41bf0a,be709c285723eb3ec6a9fa941a41bf0a,1
2,15,38,e01552ad2d65e4c9a7c8a197c2bf5495,e01552ad2d65e4c9a7c8a197c2bf5495,1
2,15,39,ca2abc437c171143376e7cea2b29d19a,ca2abc437c171143376e7cea2b29d19a,1
2,15,40,abee9428e43e738a6db446de25c3ae86,abee9428e43e738a6db446de25c3ae86,1
2,15,41,bd88265f84ae84b7dd63f49cc2af2b45,bd88265f84ae84b7dd63f49cc2af2b45,1
2,15,42,2735820939af420cb61cf7dd5e4af215,2735820939af420cb61cf7dd5e4af215,1
2,15,43,9611bb49fb30e6dd4eefb68bd7ad9f67,9611bb49fb30e6dd4eefb68bd7ad9f67,1
2,15,44,a24df8fbb160cfd7929da7a33080fd57,a24df8fbb160cfd7929da7a33080fd57,1
2,15,45,2d02d1d16df307caf970f00e872b465a,2d02d1d16df307caf970f00e872b465a,1
3,0,0,944f7cbb985428e4dd66bbff5578a1e1,944f7cbb985428e4dd66bbff5578a1e1,1
3,0,1,77e84b6891b0642d908f9f12a56e6e06,77e84b6891b0642d908f9f12a56e6e06,1
3,0,2,3bdfca2bdd48255da483dbcaf62406e5,3bdfca2bdd48255da483dbcaf62406e5,1
3,0,3,cfcd3dbec565cab2fcf143f65440ffd0,cfcd3dbec565cab2fcf143f65440ffd0,1
3,0,4,3495eadd831776646fa89b34047fd91a,3495eadd831776646fa89b34047fd91a,1
3,0,5,95a76d983627ac76ccf64f3ba1c8cfe1,95a76d983627ac76ccf64f3ba1c8cfe1,1
3,0,6,ee46d391adec7c46f9b08276a13e70fc,ee46d391adec7c46f9b08276a13e70fc,1
3,0,7,f1f39b83c479059b391c944f3767ac53,f1f39b83c479059b391c944f3767ac53,1
3,0,8,456e3989c6755beb028c9ab561fb70db,456e3989c6755beb028c9ab561fb70db,1
3,0,9,fce85bd829db83baf6a9ebf391676ef8,fce85bd829db83baf6a9ebf391676ef8,1
3,0,10,c526eceae382436b47f7abbbdf44286f,c526eceae382436b47f7abbbdf44286f,1
3,0,11,46d64e229de943972868c158f74ba603,46d64e229de943972868c158f74ba603,1
3,0,12,37c0fb4bfcc2289e61b2de21babd506f,37c0fb4bfcc2289e61b2de21babd506f,1
3,0,13,dc31be1b9ea25937c08aefbc2d769998,dc31be1b9ea25937c08aefbc2d769998,1
3,0,14,8e1d914d397b3ae7d74c3b9f30580161,8e1d914d397b3ae7d74c3b9f30580161,1
3,0,15,d9782b24f350094e2bc9354053a0f7d1,d9782b24f350094e2bc9354053a0f7d1,1
3,0,16,94bf302af57b8a23eca0e32bdde0a94e,94bf302af57b8a23eca0e32bdde0a94e,1
3,0,17,829add7ba0ca9e05c9722fed4a393d56,829add7ba0ca9e05c9722fed4a393d56,1
3,0,18,417ad15cb78a9c0ff8c29b53acd8ff7a,417ad15cb78a9c0ff8c29b53acd8ff7a,1
3,0,19,edcdd96a5491c888a28d4394bfaf0cee,edcdd96a5491c888a28d4394bfaf0cee,1
3,0,20,6751d6827cf1700b47a6109b97666f50,6751d6827cf1700b47a6109b97666f50,1
3,0,21,3eb8ba0b2fa91f4a1f6e7e5011704083,3eb8ba0b2fa91f4a1f6e7e5011704083,1
3,0,22,59a14a27da7db8820c03a32340dc4fdc,59a14a27da7db8820c03a32340dc4fdc,1
3,0,23,34aab8d63b3bb253643356fda9263371,34aab8d63b3bb253643356fda9263371,1
3,0,24,64d1b1d33352b49e81a1bbff1eb9ceb6,64d1b1d33352b49e81a1bbff1eb9ceb6,1
3,0,25,96ef1d64a16ff8b956563fd0d169eda7,96ef1d64a16ff8b956563fd0d169eda7,1
3,0,26,a628117f4d4c8ff38ce2f152809a52a1,a628117f4d4c8ff38ce2f152809a52a1,1
3,0,27,b57872ff9fb821d1c980b1725ff56199,b57872ff9fb821d1c980b1725ff56199,1
3,0,28,4b3644b3dfad9abf5f324849f9d1786a,4b3644b3dfad9abf5f324849f9d1786a,1
3,0,29,b6e2277c5204c26daa45179e81cb244b,b6e2277c5204c26daa45179e81cb244b,1
3,0,30,34fc203d5a265e24bf78aa473d6cfead,34fc203d5a265e24bf78aa473d6cfead,1
3,0,31,a98125402dab382232fe56f142c94707,a98125402dab382232fe56f142c94707,1
3,0,32,1f17034fcf2acafaa00ee6909d8e79ee,1f17034fcf2acafaa00ee6909d8e79ee,1
3,0,33,616d2401a5ccaed2a4e6916136096a98,616d2401a5ccaed2a4e6916136096a98,1
3,0,34,a2e30af02bc3e507d6b335a94c060a71,a2e30af02bc3e507d6b335a94c060a71,1
3,0,35,09740ec8fad58db5d688a7f36cced6d5,09740ec8fad58db5d688a7f36cced6d5,1
3,0,36,67dda408b9ce52716187ed83039c48e8,67dda408b9ce52716187ed83039c48e8,1
3,0,37,797bede44e974f99c0b8732d0f712288,797bede44e974f99c0b8732d0f712288,1
3,0,38,1bb60f6c9415add5b0619cb9e799b15d,1bb60f6c9415add5b0619cb9e799b15d,1
3,0,39,e4314ac957fa0c23da777f75a3d02c1d,e4314ac957fa0c23da777f75a3d02c1d,1
3,0,40,78663af471067b764e3c41ee8e95af3e,78663af471067b764e3c41ee8e95af3e,1
3,0,41,cc410ddb5a8212eccd5a93a24a48c981,cc410ddb5a8212eccd5a93a24a48c981,1
3,0,42,de5152d2e73e1a3cfbcc453381ccdbb0,de5152d2e73e1a3cfbcc453381ccdbb0,1
3,0,43,cd3c22b3520dda048e58660f3139c9af,cd3c22b3520dda048e58660f3139c9af,1
3,0,44,cbbe906ef5539ecab4b2adea77097479,cbbe906ef5539ecab4b2adea77097479,1
3,0,45,d440bd844f86fcf0425ae218a7e5edf8,d440bd844f86fcf0425ae218a7e5edf8,1
3,1,0,b46265830d152a28c001b94050be131d,b46265830d152a28c001b94050be131d,1
3,1,1,1130ab1ed5906220c24f42ac6203de84,1130ab1ed5906220c24f42ac6203de84,1
3,1,2,ffbcbe21555c8990780affe2f5eed191,ffbcbe21555c8990780affe2f5eed191,1
3,1,3,b3613c706c199daac1a0b4953d381d42,b3613c706c199daac1a0b4953d381d42,1
3,1,4,ffa22fec18b8a44d6b71a2bfe37c6114,ffa22fec18b8a44d6b71a2bfe37c6114,1
3,1,5,7b3531922236117cc0714586b6ef941e,7b3531922236117cc0714586b6ef941e,1
3,1,6,56cd59da81615dc04163528d7d420690,56cd59da81615dc04163528d7d420690,1
3,1,7,a5f13d42bb8401c7f2eee519c624877b,a5f13d42bb8401c7f2eee519c624877b,1
3,1,8,7bdf29beeba908759ccc24da7d13acbb,7bdf29beeba908759ccc24da7d13acbb,1
3,1,9,a431a15d8d61c94d620018f1448d6260,a431a15d8d61c94d620018f1448d6260,1
3,1,10,3253905a6ced38c050a4c03c1cf2c698,3253905a6ced38c050a4c03c1cf2c698,1
3,1,11,63a7777ff3f8b5746c056fce0c8649dc,63a7777ff3f8b5746c056fce0c8649dc,1
3,1,12,3fd2ff808dd05efc87eb397123966fad,3fd2ff808dd05efc87eb397123966fad,1
3,1,13,46039f91caeff25e3d7f187aa9e2d863,46039f91caeff25e3d7f187aa9e2d863,1
3,1,14,e83f134b33b639e83655ad244292ae27,e83f134b33b639e83655ad244292ae27,1
3,1,15,8b453330ffcb08baf1c1261cd7200de0,8b453330ffcb08baf1c1261cd7200de0,1
3,1,16,88f52434e9de296138600d365b125630,88f52434e9de296138600d365b125630,1
3,1,17,4b8d0f3e1ea37b633f96c3c915ad0e60,4b8d0f3e1ea37b633f96c3c915ad0e60,1
3,1,18,ef134599e2c2f2ff750b42df9f432ddb,ef134599e2c2f2ff750b42df9f432ddb,1
3,1,19,6cf30bff13b5594901a29f49483da6d6,6cf30bff13b5594901a29f49483da6d6,1
3,1,20,4e02cc912abe3b40517e444721aa3ec7,4e02cc912abe3b40517e444721aa3ec7,1
3,1,21,eb90973ff63e67d4215a0c4dac8f2b85,eb90973ff63e67d4215a0c4dac8f2b85,1
3,1,22,9a821f9ef34b325cefa6b2591a79dc64,9a821f9ef34b325cefa6b2591a79dc64,1
3,1,23,3ae6b79d6d821e418184950eb58b668d,3ae6b79d6d821e418184950eb58b668d,1
3,1,24,c1a26be3e0e464afc7e1e73959811c70,c1a26be3e0e464afc7e1e73959811c70,1
3,1,25,1c7686c5eb2b125f4d164919d941401d,1c7686c5eb2b125f4d164919d941401d,1
3,1,26,6e4cf8fed7d1e135dd3d37dba1696246,6e4cf8fed7d1e135dd3d37dba1696246,1
3,1,27,defba01413ff7ac5c51b1a02e135553a,defba01413ff7ac5c51b1a02e135553a,1
3,1,28,1ba746e7f8646ab39953d49e95df5b5a,1ba746e7f8646ab39953d49e95df5b5a,1
3,1,29,7329a924296da28902f16421da1b79d9,7329a924296da28902f16421da1b79d9,1
3,1,30,a30e02eb576cf071b973ce452ce32a37,a30e02eb576cf071b973ce452ce32a37,1
3,1,31,4839afe4b205b1832056c937f68b8fac,4839afe4b205b1832056c937f68b8fac,1
3,1,32,bcda75260522498f55a0cb316eafb24f,bcda75260522498f55a0cb316eafb24f,1
3,1,33,e935dc453394e306bf5b07ff0a76815d,e935dc453394e306bf5b07ff0a76815d,1
3,1,34,dd8efc1055b0f5c2c08d6e70f3742d8d,dd8efc1055b0f5c2c08d6e70f3742d8d,1
3,1,35,b14588c82318223214343c8aa8fc02e1,b14588c82318223214343c8aa8fc02e1,1
3,1,36,a4f72b76cda30d433368beaefc2bc624,a4f72b76cda30d433368beaefc2bc624,1
3,1,37,fef54f2fdd49df447c5c01ec34e3d3f7,fef54f2fdd49df447c5c01ec34e3d3f7,1
3,1,38,d4ee8c43e88ae5c4c9741fd55b08d10e,d4ee8c43e88ae5c4c9741fd55b08d10e,1
3,1,39,5a220e283331ce146d6a248efc254256,5a220e283331ce146d6a248efc254256,1
3,1,40,e2d720ceac8392a47fe8e77b40494109,e2d720ceac8392a47fe8e77b40494109,1
3,1,41,515bb72167812cb4afa26edeb7d0aafc,515bb72167812cb4afa26edeb7d0aafc,1
3,1,42,14e2b892a90164518095490ec4d84ea9,14e2b892a90164518095490ec4d84ea9,1
3,1,43,8866aef8c56787f2871e71ccce5ea2c7,8866aef8c56787f2871e71ccce5ea2c7,1
3,1,44,120c28e5d0f6285008d5cb389e8c5edf,120c28e5d0f6285008d5cb389e8c5edf,1
3,1,45,17d835a9797f08456d80361155a263e7,17d835a9797f08456d80361155a263e7,1
3,2,0,1bd26d0016dad9360ac9727beb6f215a,1bd26d0016dad9360ac9727beb6f215a,1
3,2,1,36a7eafa6acc5bf5aa89c83ff45190a3,36a7eafa6acc5bf5aa89c83ff45190a3,1
3,2,2,8bc21d5f351e5eca19863e582ea41b38,8bc21d5f351e5eca19863e582ea41b38,1
3,2,3,b59a5cabc3f56032fc3a8126bdb6eee5,b59a5cabc3f56032fc3a8126bdb6eee5,1
3,2,4,1e911d14c408cda11d7edefc1dfbb2aa,1e911d14c408cda11d7edefc1dfbb2aa,1
3,2,5,e040674207ffeaae01b2dbc1cd0e2a5a,e040674207ffeaae01b2dbc1cd0e2a5a,1
3,2,6,98914561ba78c4c5fb9b2b342e76fb22,98914561ba78c4c5fb9b2b342e76fb22,1
3,2,7,550c74b4a351f4ddf803854c0bb05d05,550c74b4a351f4ddf803854c0bb05d05,1
3,2,8,b57d657a54322597cd08802e1487513e,b57d657a54322597cd08802e1487513e,1
3,2,9,3756b8fa3ca3f681942f1c00ea4f2886,3756b8fa3ca3f681942f1c00ea4f2886,1
3,2,10,1f5cb30dac63ab20a59e34f590133175,1f5cb30dac63ab20a59e34f590133175,1
3,2,11,7f41fe240a5331756349c79f65c9a273,7f41fe240a5331756349c79f65c9a273,1
3,2,12,6e9c0be30110dfd23eb125e75e19d273,6e9c0be30110dfd23eb125e75e19d273,1
3,2,13,a0a0266a67f0e3271abf4c707e9a6433,a0a0266a67f0e3271abf4c707e9a6433,1
3,2,14,8315893d24eaf47179a03e499e54bc24,8315893d24eaf47179a03e499e54bc24,1
3,2,15,9a4f5449e8e0dde0a9c8f8841bf18676,9a4f5449e8e0dde0a9c8f8841bf18676,1
3,2,16,4581079cfd67ed49e61d8d16f3e99fa2,4581079cfd67ed49e61d8d16f3e99fa2,1
3,2,17,343d38ff9e67bf7dddd341c5fcfc9b3d,343d38ff9e67bf7dddd341c5fcfc9b3d,1
3,2,18,acf09a1625dff8f1a5b9efd2cf226384,acf09a1625dff8f1a5b9efd2cf226384,1
3,2,19,9a35ef7c0c3d7a6494d0fd771c635fe8,9a35ef7c0c3d7a6494d0fd771c635fe8,1
3,2,20,513fd987c9b7b10b449ed64c76f63956,513fd987c9b7b10b449ed64c76f63956,1
3,2,21,e34b38f885e0ccdd558b4165c5be040b,e34b38f885e0ccdd558b4165c5be040b,1
3,2,22,873d3a9838378334b021054016610499,873d3a9838378334b021054016610499,1
3,2,23,e51ca9da4cc1a85ee56ee44e298562d7,e51ca9da4cc1a85ee56ee44e298562d7,1
3,2,24,5f799b8c4bbc5bbd07b10231d8d4e758,5f799b8c4bbc5bbd07b10231d8d4e758,1
3,2,25,9581839249f226f74d49f092b77b6d3d,9581839249f226f74d49f092b77b6d3d,1
3,2,26,cde0b003cd61493d97807b555683b204,cde0b003cd61493d97807b555683b204,1
3,2,27,9d62d4fd420167af0e29a138d7668af9,9d62d4fd420167af0e29a138d7668af9,1
3,2,28,1b84ef4a83188f27e460233f3ce7b315,1b84ef4a83188f27e460233f3ce7b315,1
3,2,29,a4cfdff6fa06c44537fc33e3f6b55b20,a4cfdff6fa06c44537fc33e3f6b55b20,1
3,2,30,8ba6b99d5ff13d805cc33fc81d3b6e69,8ba6b99d5ff13d805cc33fc81d3b6e69,1
3,2,31,5c572332f53314f969c0a59d32468d68,5c572332f53314f969c0a59d32468d68,1
3,2,32,4ad083e9a704e7d01032ab1550852f39,4ad083e9a704e7d01032ab1550852f39,1
3,2,33,afeae316444a9fa86ad67a1b74e030e7,afeae316444a9fa86ad67a1b74e030e7,1
3,2,34,bc3e8f811c0b8b059bbd715a47eb4c78,bc3e8f811c0b8b059bbd715a47eb4c78,1
3,2,35,2157008555aced1f87e8ebf80424db19,2157008555aced1f87e8ebf80424db19,1
3,2,36,4ee6b71bddd9631610b8c01cd1a03bca,4ee6b71bddd9631610b8c01cd1a03bca,1
3,2,37,68af9cb6ae04f5ae42a1e406e5a1f6aa,68af9cb6ae04f5ae42a1e406e5a1f6aa,1
3,2,38,35ee3a52482ca758c0c4461165979413,35ee3a52482ca758c0c4461165979413,1
3,2,39,12f1e4f29bcdbb39dcc225c52eeae3e7,12f1e4f29bcdbb39dcc225c52eeae3e7,1
3,2,40,ab451f255303d0bb549d4f5d76decfea,ab451f255303d0bb549d4f5d76decfea,1
3,2,41,fe85d40719be271cdae7091f643a616a,fe85d40719be271cdae7091f643a616a,1
3,2,42,49f5d00ba310d78fc1c394be659bc792,49f5d00ba310d78fc1c394be659bc792,1
3,2,43,96656dd5e519db971442138bac0c87e4,96656dd5e519db971442138bac0c87e4,1
3,2,44,3594bc9b239e9578fd24c379ac21e176,3594bc9b239e9578fd24c379ac21e176,1
3,2,45,d2cfa1011aea5d155257898568193d27,d2cfa1011aea5d155257898568193d27,1
3,3,0,0c6eb7a8096a7ce5895f33f722c79404,0c6eb7a8096a7ce5895f33f722c79404,1
3,3,1,eae6d8e7f58aeabada9c836bbb68ce28,eae6d8e7f58aeabada9c836bbb68ce28,1
3,3,2,8f0dc84f527c98ad8c1cc1b13a4428c2,8f0dc84f527c98ad8c1cc1b13a4428c2,1
3,3,3,19bd8afee555658fbf13ad68672687c3,19bd8afee555658fbf13ad68672687c3,1
3,3,4,98289e6c9fbe03280c2cbf45bb2c16dc,98289e6c9fbe03280c2cbf45bb2c16dc,1
3,3,5,47c9987cbd5386e79dfb144c8541d223,47c9987cbd5386e79dfb144c8541d223,1
3,3,6,6e1f99c3afa314c7f405db64c04807d9,6e1f99c3afa314c7f405db64c04807d9,1
3,3,7,be1bc8be3e645150df2cbda9bdd747a5,be1bc8be3e645150df2cbda9bdd747a5,1
3,3,8,41e445cd82cdfe9db0673cf72dc8903c,41e445cd82cdfe9db0673cf72dc8903c,1
3,3,9,a97e595ac7cdf2f3abfcb02dac79ebc1,a97e595ac7cdf2f3abfcb02dac79ebc1,1
3,3,10,25f8e6bd02528ccd8341551d396244af,25f8e6bd02528ccd8341551d396244af,1
3,3,11,fc10cd952da0bfd49f850240e8e13d93,fc10cd952da0bfd49f850240e8e13d93,1
3,3,12,cb374ee21f5bc9fb0995a3c8c21ce195,cb374ee21f5bc9fb0995a3c8c21ce195,1
3,3,13,abbccff775729dab05ce26717dde23ad,abbccff775729dab05ce26717dde23ad,1
3,3,14,32fe1b2cb3c1e16cd2c63658aef2ad5e,32fe1b2cb3c1e16cd2c63658aef2ad5e,1
3,3,15,8fb8440903fbbfb8e31e6d50bdf9e730,8fb8440903fbbfb8e31e6d50bdf9e730,1
3,3,16,08c7bef630008e6f54eff8a600bd06d6,08c7bef630008e6f54eff8a600bd06d6,1
3,3,17,b9faf7485daf21d1ec11f85c1dad7199,b9faf7485daf21d1ec11f85c1dad7199,1
3,3,18,1b037f20b0ede4adb14fffea5e7a186b,1b037f20b0ede4adb14fffea5e7a186b,1
3,3,19,f82065dcaa00f435da591fb82bfd54de,f82065dcaa00f435da591fb82bfd54de,1
3,3,20,a1ee7f5ce2f184457ae8475d0b604dcf,a1ee7f5ce2f184457ae8475d0b604dcf,1
3,3,21,755ffcc5a5e3fdbdf51a030b8f1dc4a1,755ffcc5a5e3fdbdf51a030b8f1dc4a1,1
3,3,22,8ce7298b3fbab012bfc15578ba4d2fff,8ce7298b3fbab012bfc15578ba4d2fff,1
3,3,23,7b91e508cb6b45be43c6416f9e2e3aa3,7b91e508cb6b45be43c6416f9e2e3aa3,1
3,3,24,37aed05f7605f791f70c64b6227dcc80,37aed05f7605f791f70c64b6227dcc80,1
3,3,25,c2c211d06dcd2d35c74a5c2842415e48,c2c211d06dcd2d35c74a5c2842415e48,1
3,3,26,9436a4133417819b336f675d6b676446,9436a4133417819b336f675d6b676446,1
3,3,27,fdc959751b3ab65dcaa8af753dab0424,fdc959751b3ab65dcaa8af753dab0424,1
3,3,28,bdccba009b71a9537100d02bdb54b4e7,bdccba009b71a9537100d02bdb54b4e7,1
3,3,29,6158ee65afe8595cfada1b456275bb1d,6158ee65afe8595cfada1b456275bb1d,1
3,3,30,63c5b9ee203b4ca6f17c75a7077b480c,63c5b9ee203b4ca6f17c75a7077b480c,1
3,3,31,5f7eef3f7c33cde964bf3627525c311d,5f7eef3f7c33cde964bf3627525c311d,1
3,3,32,e30b5d023ba1c345a40536512007c161,e30b5d023ba1c345a40536512007c161,1
3,3,33,b36b03937289239b23f613383810c09a,b36b03937289239b23f613383810c09a,1
3,3,34,44bef99550316ed279c070d50ef5edfb,44bef99550316ed279c070d50ef5edfb,1
3,3,35,4419ff5e57dc758eb8e1fe1b82fea1f2,4419ff5e57dc758eb8e1fe1b82fea1f2,1
3,3,36,6cb23510aa05186dd692299ec38f69c1,6cb23510aa05186dd692299ec38f69c1,1
3,3,37,3c6acedf503e0a2e92c5c9f03e32cb39,3c6acedf503e0a2e92c5c9f03e32cb39,1
3,3,38,c044eb3b70c8a994d4d1fd32895df63f,c044eb3b70c8a994d4d1fd32895df63f,1
3,3,39,03ba8eff22349f55c7d9316e9ae18cb9,03ba8eff22349f55c7d9316e9ae18cb9,1
3,3,40,6cc2aad9c25434ca065f4b54c82f2018,6cc2aad9c25434ca065f4b54c82f2018,1
3,3,41,e2f927407b33fc515a5f7001749ff1ae,e2f927407b33fc515a5f7001749ff1ae,1
3,3,42,732b8c35330ef6cba10ad1d1d2abfbd2,732b8c35330ef6cba10ad1d1d2abfbd2,1
3,3,43,7d564f3ce554ab3d1281cbe5d3b2064a,7d564f3ce554ab3d1281cbe5d3b2064a,1
3,3,44,44a7adcec225a07529b1c3ad26e97f83,44a7adcec225a07529b1c3ad26e97f83,1
3,3,45,37e54ec56683161e2074bbc9acfb41dc,37e54ec56683161e2074bbc9acfb41dc,1
3,4,0,94d69501575075949614c69825ca39d0,94d69501575075949614c69825ca39d0,1
3,4,1,34d9a535c5f29ace495b9589f2adae3b,34d9a535c5f29ace495b9589f2adae3b,1
3,4,2,ad955771a1123f22a922c94533e981ba,ad955771a1123f22a922c94533e981ba,1
3,4,3,95be031a856f8272cf8bb13e153475f9,95be031a856f8272cf8bb13e153475f9,1
3,4,4,6588b3140468e5f6dffb861fba7a9426,6588b3140468e5f6dffb861fba7a9426,1
3,4,5,a2ebd90ff7a6bea657605aee8092fee7,a2ebd90ff7a6bea657605aee8092fee7,1
3,4,6,b590f6579e27f53f8375c032b7cae32e,b590f6579e27f53f8375c032b7cae32e,1
3,4,7,d64c471709a55cd17c9d091d0a24725f,d64c471709a55cd17c9d091d0a24725f,1
3,4,8,12b2dc88c5c3dc848aa65250de8b9b54,12b2dc88c5c3dc848aa65250de8b9b54,1
3,4,9,fa092cbcbf54b970a2ea7e8ad357af7f,fa092cbcbf54b970a2ea7e8ad357af7f,1
3,4,10,3c85d840a6e380374aca3c26fd27f056,3c85d840a6e380374aca3c26fd27f056,1
3,4,11,43cfe77c330efe348c2ea668c1d98ee8,43cfe77c330efe348c2ea668c1d98ee8,1
3,4,12,6e48f49dcd8114a1efaf9f899c9faef6,6e48f49dcd8114a1efaf9f899c9faef6,1
3,4,13,e9a6df1c2239c944abb4768a2b6f93a9,e9a6df1c2239c944abb4768a2b6f93a9,1
3,4,14,9b7606b6bc68f6817f78ac6305a94559,9b7606b6bc68f6817f78ac6305a94559,1
3,4,15,7f4370f5376757aa9673e247926752d1,7f4370f5376757aa9673e247926752d1,1
3,4,16,0fe34232d5e005dff58cc8b2c3c63c8a,0fe34232d5e005dff58cc8b2c3c63c8a,1
3,4,17,40d98ba11eac999a62f399d7b70e1a51,40d98ba11eac999a62f399d7b70e1a51,1
3,4,18,f5193f8a88c8c18dda05bc319201e39c,f5193f8a88c8c18dda05bc319201e39c,1
3,4,19,dfc82a12572b643734dd83f73a7ed35d,dfc82a12572b643734dd83f73a7ed35d,1
3,4,20,c4c23637b977ac286054dbbc80d5ce2b,c4c23637b977ac286054dbbc80d5ce2b,1
3,4,21,48114b21930e9938219ea64e1b84bb07,48114b21930e9938219ea64e1b84bb07,1
3,4,22,8dbb97e2e5174534fe0add0036961d69,8dbb97e2e5174534fe0add0036961d69,1
3,4,23,96e7a9216475b953ff3a81e27a75b1ef,96e7a9216475b953ff3a81e27a75b1ef,1
3,4,24,82fc5896ba7f76895f1fff92e23ddce7,82fc5896ba7f76895f1fff92e23ddce7,1
3,4,25,dc32426acd74a99194111a3a4525c176,dc32426acd74a99194111a3a4525c176,1
3,4,26,737f75d4e41ec077c3454d72d7784f80,737f75d4e41ec077c3454d72d7784f80,1
3,4,27,432204fc7d93e984cd5f1068acd925ab,432204fc7d93e984cd5f1068acd925ab,1
3,4,28,a8de8eb5624cc386cd5e7ae834a4b229,a8de8eb5624cc386cd5e7ae834a4b229,1
3,4,29,14c2f0333c97527aad80266b3d38e3cb,14c2f0333c97527aad80266b3d38e3cb,1
3,4,30,1f9e3c34b2979fb153b4b0a2944e4ad9,1f9e3c34b2979fb153b4b0a2944e4ad9,1
3,4,31,d0fc9d62fbedeb9d69b37f463df06860,d0fc9d62fbedeb9d69b37f463df06860,1
3,4,32,439945648f626e5d4729bdff2b60d276,439945648f626e5d4729bdff2b60d276,1
3,4,33,1bc7c60595ef3449d393ccc9c4bce02d,1bc7c60595ef3449d393ccc9c4bce02d,1
3,4,34,117ae850c65405c3f85c0bb70bdd11ff,117ae850c65405c3f85c0bb70bdd11ff,1
3,4,35,6f77a411e3774a6b8c877d62d549ec7f,6f77a411e3774a6b8c877d62d549ec7f,1
3,4,36,76155dd5b6aea8eb125c5995eed7ff01,76155dd5b6aea8eb125c5995eed7ff01,1
3,4,37,d9e56c4e0462e6a0fdef40cf0396277d,d9e56c4e0462e6a0fdef40cf0396277d,1
3,4,38,d7f8eaad014318e3de0ea1dfee61778e,d7f8eaad014318e3de0ea1dfee61778e,1
3,4,39,c6b514ebbdef164089a4216c36118106,c6b514ebbdef164089a4216c36118106,1
3,4,40,3d553d7a8ecb9d785d1be20c295ea630,3d553d7a8ecb9d785d1be20c295ea630,1
3,4,41,1d9f230b7fd4b9121d095c45779dd1fd,1d9f230b7fd4b9121d095c45779dd1fd,1
3,4,42,360a7555ea415a9a20cf38b1a253aae8,360a7555ea415a9a20cf38b1a253aae8,1
3,4,43,06d9c47c2c561f1a9eda3f7b56a49691,06d9c47c2c561f1a9eda3f7b56a49691,1
3,4,44,0ac20aa2d462de7f2f717d18c8939b8b,0ac20aa2d462de7f2f717d18c8939b8b,1
3,4,45,e8d3e51f5c68c9157fce1923fc8da8cf,e8d3e51f5c68c9157fce1923fc8da8cf,1
3,5,0,4074e319da62f10745d90f5b60ab29df,4074e319da62f10745d90f5b60ab29df,1
3,5,1,839821b289920456379e20fe0d3591f3,839821b289920456379e20fe0d3591f3,1
3,5,2,17630f3821e62052ea9d06fd327465a3,17630f3821e62052ea9d06fd327465a3,1
3,5,3,ef3ffd61f973ea7ea1ecf5412ee364c7,ef3ffd61f973ea7ea1ecf5412ee364c7,1
3,5,4,69d6c48f780d63ce98f301d32b5b0766,69d6c48f780d63ce98f301d32b5b0766,1
3,5,5,566c22ca45e4f0d87d8f7a3c4c995567,566c22ca45e4f0d87d8f7a3c4c995567,1
3,5,6,218b09b6cdb0be6fd4d96fe75c5ea15d,218b09b6cdb0be6fd4d96fe75c5ea15d,1
3,5,7,a2309a3d943f7151612587a771d72d72,a2309a3d943f7151612587a771d72d72,1
3,5,8,b4674f725978040c205db6116fc0347e,b4674f725978040c205db6116fc0347e,1
3,5,9,13a98e64449775c543745819c2da8a74,13a98e64449775c543745819c2da8a74,1
3,5,10,bf9238c0872274c824fa33baf77a8456,bf9238c0872274c824fa33baf77a8456,1
3,5,11,a3a1c1e41b26bb12791ed5e7b3c54de5,a3a1c1e41b26bb12791ed5e7b3c54de5,1
3,5,12,5e9f403ff1989de91cc47b54e1527f6c,5e9f403ff1989de91cc47b54e1527f6c,1
3,5,13,05bde1b133b2c6e7262f41d69c3bcc30,05bde1b133b2c6e7262f41d69c3bcc30,1
3,5,14,cb2f1163ac39ed15e75cb1818a78d243,cb2f1163ac39ed15e75cb1818a78d243,1
3,5,15,e3ebab1a4cced27d822351925108af03,e3ebab1a4cced27d822351925108af03,1
3,5,16,a52ae419c75013437466db8412e1de96,a52ae419c75013437466db8412e1de96,1
3,5,17,84619f80b308ebbf205bd8549025b106,84619f80b308ebbf205bd8549025b106,1
3,5,18,486856528ea205f7c3c25334616ad83a,486856528ea205f7c3c25334616ad83a,1
3,5,19,ced8f8a9e84b89d171ad26a533747f21,ced8f8a9e84b89d171ad26a533747f21,1
3,5,20,ba8ca285538fb478260fb7d3d061be76,ba8ca285538fb478260fb7d3d061be76,1
3,5,21,e5b55ba31aa3443f6cc6c2f0770d5b83,e5b55ba31aa3443f6cc6c2f0770d5b83,1
3,5,22,7fb04d3a6ca422cde351fd3297d95fb9,7fb04d3a6ca422cde351fd3297d95fb9,1
3,5,23,06926388a6fc5a65c48a51144f288cf6,06926388a6fc5a65c48a51144f288cf6,1
3,5,24,e8be37ee9ff0a043d0512c244488aca6,e8be37ee9ff0a043d0512c244488aca6,1
3,5,25,22483ab920cab5578e65350574a0524c,22483ab920cab5578e65350574a0524c,1
3,5,26,e57d10b83ba4eb991338edc2bbe9236a,e57d10b83ba4eb991338edc2bbe9236a,1
3,5,27,b17d09f29e1184adc33819f2900420f6,b17d09f29e1184adc33819f2900420f6,1
3,5,28,0ac082570af97a85047a9b25ef3a0f59,0ac082570af97a85047a9b25ef3a0f59,1
3,5,29,dfed94e6db0acb834fa59dd41643181a,dfed94e6db0acb834fa59dd41643181a,1
3,5,30,7f8948c785f18b8a4d4bbe3582c4345c,7f8948c785f18b8a4d4bbe3582c4345c,1
3,5,31,647c42bab8c1afb87c2a565b23ba65af,647c42bab8c1afb87c2a565b23ba65af,1
3,5,32,87151c9c3946873fe52f9651a791153b,87151c9c3946873fe52f9651a791153b,1
3,5,33,ace02defcd64d02c096ec0af86aad139,ace02defcd64d02c096ec0af86aad139,1
3,5,34,13d5c9660471a082e0d3645134ee5c52,13d5c9660471a082e0d3645134ee5c52,1
3,5,35,9e96669d1af026a5dbc280f99f3d39eb,9e96669d1af026a5dbc280f99f3d39eb,1
3,5,36,476339024efc8b083bfea6dda672cad9,476339024efc8b083bfea6dda672cad9,1
3,5,37,e460498ce136c010615ea5cb2b88d2df,e460498ce136c010615ea5cb2b88d2df,1
3,5,38,3f2edb83b0e9776da6fd91be74a8c60c,3f2edb83b0e9776da6fd91be74a8c60c,1
3,5,39,65f6e97508bd983da0f2f35dd189f342,65f6e97508bd983da0f2f35dd189f342,1
3,5,40,ae9fa44ff80ad89e67fdc2580b468eaf,ae9fa44ff80ad89e67fdc2580b468eaf,1
3,5,41,e95b9855932be2d1abff5be94e28e48c,e95b9855932be2d1abff5be94e28e48c,1
3,5,42,088623511483b8876ed2b2f6e0d323b4,088623511483b8876ed2b2f6e0d323b4,1
3,5,43,a4a98bc85416f5135c34510d1eaf3991,a4a98bc85416f5135c34510d1eaf3991,1
3,5,44,4fb3d6efaa12972de7c707183914ca2c,4fb3d6efaa12972de7c707183914ca2c,1
3,5,45,0fd5b2613c5324fb9e137cd96d614240,0fd5b2613c5324fb9e137cd96d614240,1
3,6,0,fbfed88f163621e36ffb52bbbb226870,fbfed88f163621e36ffb52bbbb226870,1
3,6,1,d60064012f6e41b81f6f0ed61ce079a0,d60064012f6e41b81f6f0ed61ce079a0,1
3,6,2,834c22989496affcc8ae0646fa76269d,834c22989496affcc8ae0646fa76269d,1
3,6,3,aeb2edbd9c25d7462104c667a675aaf9,aeb2edbd9c25d7462104c667a675aaf9,1
3,6,4,d1f7d5de54b43fe468c90891859a1607,d1f7d5de54b43fe468c90891859a1607,1
3,6,5,90538aed649662f3001f668044cc8458,90538aed649662f3001f668044cc8458,1
3,6,6,159004f813a11ce97d3e4195997681b0,159004f813a11ce97d3e4195997681b0,1
3,6,7,f32fefcd573eadd388abc82971d63e12,f32fefcd573eadd388abc82971d63e12,1
3,6,8,23192acb743b45ebc0b8b07be41f830e,23192acb743b45ebc0b8b07be41f830e,1
3,6,9,57a0360bcab7ec5a1df001e517d8ee6e,57a0360bcab7ec5a1df001e517d8ee6e,1
3,6,10,7d9bb7c2b04de41187127667c641f72a,7d9bb7c2b04de41187127667c641f72a,1
3,6,11,787fddea3085e2fa9465575098942196,787fddea3085e2fa9465575098942196,1
3,6,12,b43fe6f5f8815bb7d22fdc201f763c9c,b43fe6f5f8815bb7d22fdc201f763c9c,1
3,6,13,ef8c69c6cf0d6e536e83cc6c8e7a4068,ef8c69c6cf0d6e536e83cc6c8e7a4068,1
3,6,14,6a71a0e92a9e6ddda59562f4515fb5d0,6a71a0e92a9e6ddda59562f4515fb5d0,1
3,6,15,d9bc130ef47b6e4a37d6a5b390acbedc,d9bc130ef47b6e4a37d6a5b390acbedc,1
3,6,16,d775087fc02d8711f299dc1f7557ec36,d775087fc02d8711f299dc1f7557ec36,1
3,6,17,8f41b95631ac32e1debeea423aab6a0d,8f41b95631ac32e1debeea423aab6a0d,1
3,6,18,5d5d74c274bd0790cdfb6ac29346fa6c,5d5d74c274bd0790cdfb6ac29346fa6c,1
3,6,19,8cd6e0f3dcd384aa028200e7e95e8dea,8cd6e0f3dcd384aa028200e7e95e8dea,1
3,6,20,e67b51465f28b28a3c2ebccacea08696,e67b51465f28b28a3c2ebccacea08696,1
3,6,21,773260ca35ce068eb7dc6117c5e4bd00,773260ca35ce068eb7dc6117c5e4bd00,1
3,6,22,c3dfbeffd7619d3cca26bbc1071613de,c3dfbeffd7619d3cca26bbc1071613de,1
3,6,23,f7216248914bf802aff2a49a9ec863c4,f7216248914bf802aff2a49a9ec863c4,1
3,6,24,505d630922e1e87283faf177d29b3c6e,505d630922e1e87283faf177d29b3c6e,1
3,6,25,b13ff7400461336c1ad5dae588999f6e,b13ff7400461336c1ad5dae588999f6e,1
3,6,26,122463298ce70e41fd5867cea015854b,122463298ce70e41fd5867cea015854b,1
3,6,27,35c639acfca8db51b00e9b4a772d980f,35c639acfca8db51b00e9b4a772d980f,1
3,6,28,1871b629e28759040483e37d15078c09,1871b629e28759040483e37d15078c09,1
3,6,29,baeea7016aa1957fd4ad8b5525e769ad,baeea7016aa1957fd4ad8b5525e769ad,1
3,6,30,9b1eaf7e400acb19c3edce8a823f13c8,9b1eaf7e400acb19c3edce8a823f13c8,1
3,6,31,b0ed57bab5dc7c41827540772117bc20,b0ed57bab5dc7c41827540772117bc20,1
3,6,32,2a2d96c14ce15f445658531f44468d7b,2a2d96c14ce15f445658531f44468d7b,1
3,6,33,eb99b7b942a251f67d06244d05fde246,eb99b7b942a251f67d06244d05fde246,1
3,6,34,c6f8112b737dffc5b6aaaf4ae6e5b010,c6f8112b737dffc5b6aaaf4ae6e5b010,1
3,6,35,9385636ccb746525379c0220e8218bfe,9385636ccb746525379c0220e8218bfe,1
3,6,36,95d853407127f56244ff79e278404bb2,95d853407127f56244ff79e278404bb2,1
3,6,37,ae810a5c927a32c8d0f0373fb9b67244,ae810a5c927a32c8d0f0373fb9b67244,1
3,6,38,f9ea3975163fc2a0b7c11e474f2cd350,f9ea3975163fc2a0b7c11e474f2cd350,1
3,6,39,2689067cdd288189144fcbc7d593c4d1,2689067cdd288189144fcbc7d593c4d1,1
3,6,40,66ec54eca2d8c1a5c677fd3533bc7e0c,66ec54eca2d8c1a5c677fd3533bc7e0c,1
3,6,41,e5097a887d302ee26b05a5c06f1d72e6,e5097a887d302ee26b05a5c06f1d72e6,1
3,6,42,430870727ed44f75554f12a6bc1b13d2,430870727ed44f75554f12a6bc1b13d2,1
3,6,43,c1072f846bc08c9710502ceec51d1d28,c1072f846bc08c9710502ceec51d1d28,1
3,6,44,030a6c22c076e2c5adeee07283134ce6,030a6c22c076e2c5adeee07283134ce6,1
3,6,45,3bac925b4beeffc1228afd7d84272ca4,3bac925b4beeffc1228afd7d84272ca4,1
3,7,0,84a566a9a0dd7f29894d178d07e2076b,84a566a9a0dd7f29894d178d07e2076b,1
3,7,1,9bcb7b6a5830f494bcd95dbe44466090,9bcb7b6a5830f494bcd95dbe44466090,1
3,7,2,890cf0aead6b5535f54e7c86ed385db0,890cf0aead6b5535f54e7c86ed385db0,1
3,7,3,707206bbb0f323d0a3300a29623c3174,707206bbb0f323d0a3300a29623c3174,1
3,7,4,076f06263dc750ef343d43f5c588afb8,076f06263dc750ef343d43f5c588afb8,1
3,7,5,c5044860d65143fadd5f73b5ec045bdd,c5044860d65143fadd5f73b5ec045bdd,1
3,7,6,0e9b4ab906d17ba9e529261d1402e5bb,0e9b4ab906d17ba9e529261d1402e5bb,1
3,7,7,e18f88d189edeaec17d205d079ae1430,e18f88d189edeaec17d205d079ae1430,1
3,7,8,a370b0a86e579974db1bb4a85efc2bb8,a370b0a86e579974db1bb4a85efc2bb8,1
3,7,9,968de25da5717d646956347503b46843,968de25da5717d646956347503b46843,1
3,7,10,438c155f6d0c53915ad8e1908b8af6bc,438c155f6d0c53915ad8e1908b8af6bc,1
3,7,11,6058cd7ef045530095f72db6e81b0f59,6058cd7ef045530095f72db6e81b0f59,1
3,7,12,41a9d5f23ecbd538850c6fe2ebdd1141,41a9d5f23ecbd538850c6fe2ebdd1141,1
3,7,13,4a7918005d353032b9ecf2054c17c98a,4a7918005d353032b9ecf2054c17c98a,1
3,7,14,bd7b6a0be1155076e538e2175a2e8121,bd7b6a0be1155076e538e2175a2e8121,1
3,7,15,7c244c166e839ec7cd7cb6104911ba6d,7c244c166e839ec7cd7cb6104911ba6d,1
3,7,16,346fa9815f4ce2c2f6fcba2f5cbd5257,346fa9815f4ce2c2f6fcba2f5cbd5257,1
3,7,17,fde9baf811db1759b8dad05a4423bf17,fde9baf811db1759b8dad05a4423bf17,1
3,7,18,f82ced66c483322261b8d41f3a309bdf,f82ced66c483322261b8d41f3a309bdf,1
3,7,19,1d6b5be8d92c306d16f505d11264662f,1d6b5be8d92c306d16f505d11264662f,1
3,7,20,209b64ad529c11038b7c1ea1e10b0565,209b64ad529c11038b7c1ea1e10b0565,1
3,7,21,544b06271aaf5f868ffde68d9a22a649,544b06271aaf5f868ffde68d9a22a649,1
3,7,22,1bbec8e36476381ef8ed81e1d1768425,1bbec8e36476381ef8ed81e1d1768425,1
3,7,23,c6be32bd875c76ad48d914159e46aed7,c6be32bd875c76ad48d914159e46aed7,1
3,7,24,37ea5a719c43809be928dad49b26d8d4,37ea5a719c43809be928dad49b26d8d4,1
3,7,25,8c3f0b5eb4237c031c85162d1edf957e,8c3f0b5eb4237c031c85162d1edf957e,1
3,7,26,45ee3d6ba7c896ea415f528939d9eab2,45ee3d6ba7c896ea415f528939d9eab2,1
3,7,27,407d271cc1c3089846494f1bf9ba3b30,407d271cc1c3089846494f1bf9ba3b30,1
3,7,28,379aa7448629b95d733c047ecd60db71,379aa7448629b95d733c047ecd60db71,1
3,7,29,eff7d245e4d6a761f5d91cc15cb3e14b,eff7d245e4d6a761f5d91cc15cb3e14b,1
3,7,30,ace6e665138099c407a1c0d93db42ecc,ace6e665138099c407a1c0d93db42ecc,1
3,7,31,62440997a8de3c5ac51dbdc29908c226,62440997a8de3c5ac51dbdc29908c226,1
3,7,32,489f9e39608c1c799ddf1f92841528ee,489f9e39608c1c799ddf1f92841528ee,1
3,7,33,98f0cc7f9d32b133f10ad3968dd3ccf4,98f0cc7f9d32b133f10ad3968dd3ccf4,1
3,7,34,b6090ef3caade4f8140c6ffc474df4a1,b6090ef3caade4f8140c6ffc474df4a1,1
3,7,35,69ba87c33736af7f9601c5e1efa0c277,69ba87c33736af7f9601c5e1efa0c277,1
3,7,36,265b3415fe704643c862248bb68e9a26,265b3415fe704643c862248bb68e9a26,1
3,7,37,f8775c7dce7c4aa7b87ac14e2d148e58,f8775c7dce7c4aa7b87ac14e2d148e58,1
3,7,38,85ab8a4f4231d53b700f0a1eb4050d55,85ab8a4f4231d53b700f0a1eb4050d55,1
3,7,39,84f4bad4f8c398ed22a0c39494a2ab97,84f4bad4f8c398ed22a0c39494a2ab97,1
3,7,40,393c34bb1bff85956985e82be18ace75,393c34bb1bff85956985e82be18ace75,1
3,7,41,16a40411d8f39b7a6c2fedfdfd5e3a96,16a40411d8f39b7a6c2fedfdfd5e3a96,1
3,7,42,884e4900d7c8038abf4baabd879d281f,884e4900d7c8038abf4baabd879d281f,1
3,7,43,9b85b614e70ad531f3ee24766a5ae66f,9b85b614e70ad531f3ee24766a5ae66f,1
3,7,44,2efa5f7e563703493e897789bd7c1717,2efa5f7e563703493e897789bd7c1717,1
3,7,45,7c101c574da61910dbfb3274ac6c44e3,7c101c574da61910dbfb3274ac6c44e3,1
3,8,0,f39fde2f0fde383b7228715c1c604dab,f39fde2f0fde383b7228715c1c604dab,1
3,8,1,8d67174cf053378cef3a2f05036a3ce7,8d67174cf053378cef3a2f05036a3ce7,1
3,8,2,a8ab205e57b7e63928a6945acec38491,a8ab205e57b7e63928a6945acec38491,1
3,8,3,717cd43324ba440c0a5db980beb4d4ec,717cd43324ba440c0a5db980beb4d4ec,1
3,8,4,b728003818e21c1ac3e222d6df16efae,b728003818e21c1ac3e222d6df16efae,1
3,8,5,850ab720c057aec9e0114d763443421d,850ab720c057aec9e0114d763443421d,1
3,8,6,0e2e11ad32f78f52140579f523fee1d7,0e2e11ad32f78f52140579f523fee1d7,1
3,8,7,bfa2b31a28e6fb507421ac67a2d15db7,bfa2b31a28e6fb507421ac67a2d15db7,1
3,8,8,cd8b9c793b762d9fec931b04c2193219,cd8b9c793b762d9fec931b04c2193219,1
3,8,9,05c7eeaba8f32a72d3176b2aba06de55,05c7eeaba8f32a72d3176b2aba06de55,1
3,8,10,6a9164deed12d980d33996aa007cf751,6a9164deed12d980d33996aa007cf751,1
3,8,11,5e84410668a29285cafe6fa1ef824a35,5e84410668a29285cafe6fa1ef824a35,1
3,8,12,9bd4430fde550d66da1b175b7b4e917a,9bd4430fde550d66da1b175b7b4e917a,1
3,8,13,839a03c809fbb1ba4eeeb01f220ad345,839a03c809fbb1ba4eeeb01f220ad345,1
3,8,14,e33b14d330c4ef1c14decdc63ecd0007,e33b14d330c4ef1c14decdc63ecd0007,1
3,8,15,e1111b2787f31d2a6d7874199e9ca0bd,e1111b2787f31d2a6d7874199e9ca0bd,1
3,8,16,d79c3a333734c076700f0a1e59512cc3,d79c3a333734c076700f0a1e59512cc3,1
3,8,17,823818f82b873dcca9c262465b989adb,823818f82b873dcca9c262465b989adb,1
3,8,18,ec8f38ec12551ee32012312aab669b34,ec8f38ec12551ee32012312aab669b34,1
3,8,19,1cabc03770d92a9d340195b60798b35a,1cabc03770d92a9d340195b60798b35a,1
3,8,20,89417810929c56ff5438993a8a9d4c54,89417810929c56ff5438993a8a9d4c54,1
3,8,21,6fd9127226bffcdc152e3bc8e83b3861,6fd9127226bffcdc152e3bc8e83b3861,1
3,8,22,72b66d6c331c98765d9a75b8b27aceda,72b66d6c331c98765d9a75b8b27aceda,1
3,8,23,739a7e4ca78ec5bb4afb97963f8287d6,739a7e4ca78ec5bb4afb97963f8287d6,1
3,8,24,7e629a6f94518b187e035285ae9fb239,7e629a6f94518b187e035285ae9fb239,1
3,8,25,aea02613821daf7d5c2b7dbbfe02114e,aea02613821daf7d5c2b7dbbfe02114e,1
3,8,26,45566ac71fa597e02f0af360160f0775,45566ac71fa597e02f0af360160f0775,1
3,8,27,4ec08143f1cfd47560b7e15d75f49b0a,4ec08143f1cfd47560b7e15d75f49b0a,1
3,8,28,613786f981cbb95229f347ee2b758b4f,613786f981cbb95229f347ee2b758b4f,1
3,8,29,d04feddf7bad5f3dbd0acbb5eaf656ef,d04feddf7bad5f3dbd0acbb5eaf656ef,1
3,8,30,4bc79df6c61142d4e6f1b2d3f1b070ae,4bc79df6c61142d4e6f1b2d3f1b070ae,1
3,8,31,26e09f9139958fd15849f36b678de67d,26e09f9139958fd15849f36b678de67d,1
3,8,32,59b9b15424bb6f11c0e7daf603aa6f5f,59b9b15424bb6f11c0e7daf603aa6f5f,1
3,8,33,aaf36d5ae6933137197e148ba8762e8e,aaf36d5ae6933137197e148ba8762e8e,1
3,8,34,4f1101a6ca7c3217fb11c5d3622f4c97,4f1101a6ca7c3217fb11c5d3622f4c97,1
3,8,35,834cecb125714e3e414d3498679e79f9,834cecb125714e3e414d3498679e79f9,1
3,8,36,57b0d29c3f680425bb4c07c0ec38cad6,57b0d29c3f680425bb4c07c0ec38cad6,1
3,8,37,4dec8ddf82477e5ac73d650eabc931d8,4dec8ddf82477e5ac73d650eabc931d8,1
3,8,38,3d87d50aa906161640a01883310220de,3d87d50aa906161640a01883310220de,1
3,8,39,53295298d138ddd7cf40fbf930b16a9d,53295298d138ddd7cf40fbf930b16a9d,1
3,8,40,7b7b10e68cd951f17dfc42ed7aea540a,7b7b10e68cd951f17dfc42ed7aea540a,1
3,8,41,f468becf7142147e558165e26e397dec,f468becf7142147e558165e26e397dec,1
3,8,42,b0dcfc260c9cfdee8965ba7267a48af3,b0dcfc260c9cfdee8965ba7267a48af3,1
3,8,43,cd76f996e5db22a19fe6431aef564bbe,cd76f996e5db22a19fe6431aef564bbe,1
3,8,44,a75ad963c2226125e748c7e4275a7d57,a75ad963c2226125e748c7e4275a7d57,1
3,8,45,bd6ffc2ef31fd32c6cd7c7694895580b,bd6ffc2ef31fd32c6cd7c7694895580b,1
3,9,0,bfd113693f7824367321276a9266ae02,bfd113693f7824367321276a9266ae02,1
3,9,1,cc92c8f06329cbfdcc7868ed70882860,cc92c8f06329cbfdcc7868ed70882860,1
3,9,2,9f67a3823d231abcf94bc86990ca2672,9f67a3823d231abcf94bc86990ca2672,1
3,9,3,1723f16b0b40b4c200329b665b88b949,1723f16b0b40b4c200329b665b88b949,1
3,9,4,bf3c2b023c11b36e4e8e0a631fb72b90,bf3c2b023c11b36e4e8e0a631fb72b90,1
3,9,5,c9961a4b720a731afe80739795a77399,c9961a4b720a731afe80739795a77399,1
3,9,6,648b615149b733f7ea1f600fd8695925,648b615149b733f7ea1f600fd8695925,1
3,9,7,b53a40a984c682e9003da071c6fbe970,b53a40a984c682e9003da071c6fbe970,1
3,9,8,3c67cab595597ca27e2e2342f5e2b789,3c67cab595597ca27e2e2342f5e2b789,1
3,9,9,84a0fb40b7603f471dccf2a28083c3d2,84a0fb40b7603f471dccf2a28083c3d2,1
3,9,10,115823c17cb4f2f739059846103f4daf,115823c17cb4f2f739059846103f4daf,1
3,9,11,6139ecd167248c448e52f56c1a66ec15,6139ecd167248c448e52f56c1a66ec15,1
3,9,12,30b707d5565869d9c94247d49f1ad6bc,30b707d5565869d9c94247d49f1ad6bc,1
3,9,13,b5edac327e99369468f9c8380ce1824a,b5edac327e99369468f9c8380ce1824a,1
3,9,14,ccc5a8abcb3e1a5af047e7e7f65c595c,ccc5a8abcb3e1a5af047e7e7f65c595c,1
3,9,15,57ab5cc19269953124f7df15484ae518,57ab5cc19269953124f7df15484ae518,1
3,9,16,89498b57ac8e039f900a399bcd94c15f,89498b57ac8e039f900a399bcd94c15f,1
3,9,17,ff9dd89a568533391b4b6afcb93f8f94,ff9dd89a568533391b4b6afcb93f8f94,1
3,9,18,3e4e6fd304343e1353f959ca893a58c7,3e4e6fd304343e1353f959ca893a58c7,1
3,9,19,d763493def8846650a008916c6b1df50,d763493def8846650a008916c6b1df50,1
3,9,20,0d78d15ec3966ea37ea83098d07655d6,0d78d15ec3966ea37ea83098d07655d6,1
3,9,21,d85cf53da6a9951ca01e334940754b1e,d85cf53da6a9951ca01e334940754b1e,1
3,9,22,6293978eb0b8ef98e8cc35198e94bd58,6293978eb0b8ef98e8cc35198e94bd58,1
3,9,23,c7f1397dddfc968eb6f7db7684fdeac1,c7f1397dddfc968eb6f7db7684fdeac1,1
3,9,24,8bd8ae0c8c211c7167eef87e7d96856a,8bd8ae0c8c211c7167eef87e7d96856a,1
3,9,25,2df2ba44c1f2ad081583e84a917810f5,2df2ba44c1f2ad081583e84a917810f5,1
3,9,26,7fdaf6a49d9b323ea58d8debf1aac699,7fdaf6a49d9b323ea58d8debf1aac699,1
3,9,27,d73ddb2ee7c6b2ba8831dcdd3e5d6bac,d73ddb2ee7c6b2ba8831dcdd3e5d6bac,1
3,9,28,13983dc16ef80e5da5383dbd4b4ecd84,13983dc16ef80e5da5383dbd4b4ecd84,1
3,9,29,3d57ff250beb6e82044dc84fc832aa01,3d57ff250beb6e82044dc84fc832aa01,1
3,9,30,cce0b3f954d4b97669890194ad92206d,cce0b3f954d4b97669890194ad92206d,1
3,9,31,801ed479f0b7ea37d1028dc277fd50fd,801ed479f0b7ea37d1028dc277fd50fd,1
3,9,32,f6d7b76dbc1d22cb3185f083c778c4a9,f6d7b76dbc1d22cb3185f083c778c4a9,1
3,9,33,af98a0d8e400bf8e42e514c41a7f5610,af98a0d8e400bf8e42e514c41a7f5610,1
3,9,34,3a463992e330baa192bbce19264080fe,3a463992e330baa192bbce19264080fe,1
3,9,35,b98855971415d765c594af9a08e403ce,b98855971415d765c594af9a08e403ce,1
3,9,36,2ca91e19faf3dd7b0f1348531aac920b,2ca91e19faf3dd7b0f1348531aac920b,1
3,9,37,d8180d33a5200f3c3b812446e306ed5b,d8180d33a5200f3c3b812446e306ed5b,1
3,9,38,bec14c80b51fa7e110d08cab31377ca9,bec14c80b51fa7e110d08cab31377ca9,1
3,9,39,3979b4e7f6939c51abbc07ecb2eebf19,3979b4e7f6939c51abbc07ecb2eebf19,1
3,9,40,2ede3e32eecf8e196b56512937d0c686,2ede3e32eecf8e196b56512937d0c686,1
3,9,41,ea2d419816e989b83c00cb7e588cfe64,ea2d419816e989b83c00cb7e588cfe64,1
3,9,42,795af5bf0b140e901259f82ee15686f0,795af5bf0b140e901259f82ee15686f0,1
3,9,43,38f312534f01de4e1655b4452ab2cb76,38f312534f01de4e1655b4452ab2cb76,1
3,9,44,e9e9806381078e199b40322a8b84a121,e9e9806381078e199b40322a8b84a121,1
3,9,45,9036f4d63af99e819b21e0fd534d5818,9036f4d63af99e819b21e0fd534d5818,1
3,10,0,2d4c142e9cd8e8600d8fc9b47e593de8,2d4c142e9cd8e8600d8fc9b47e593de8,1
3,10,1,c2aff359165a16be27d7eead03178597,c2aff359165a16be27d7eead03178597,1
3,10,2,b763eafae8f9b4aa2010f5faaa74cead,b763eafae8f9b4aa2010f5faaa74cead,1
3,10,3,491b1aff4d920262457dc63e2fdbf3ae,491b1aff4d920262457dc63e2fdbf3ae,1
3,10,4,4bcb24b4bac6b8d21c3d0ff7ca497d57,4bcb24b4bac6b8d21c3d0ff7ca497d57,1
3,10,5,c8f91b2de0310a22bba2b61f835ffbb4,c8f91b2de0310a22bba2b61f835ffbb4,1
3,10,6,10ac8898389d9319ce5ac3bbf116c790,10ac8898389d9319ce5ac3bbf116c790,1
3,10,7,acff2e43803066a21e8f5829004247e4,acff2e43803066a21e8f5829004247e4,1
3,10,8,23be4c674f867ee33f34c1c177471baf,23be4c674f867ee33f34c1c177471baf,1
3,10,9,fde30ee07dfc04badabeef753e56acc5,fde30ee07dfc04badabeef753e56acc5,1
3,10,10,103be80f1eaac9ed6368007e62707f3c,103be80f1eaac9ed6368007e62707f3c,1
3,10,11,86c894d36f094df6ff0014e6480d55b8,86c894d36f094df6ff0014e6480d55b8,1
3,10,12,3547d4f81670664497b96f0327864eb5,3547d4f81670664497b96f0327864eb5,1
3,10,13,e4a888a8c0d1270c4fb8f767f4324f2f,e4a888a8c0d1270c4fb8f767f4324f2f,1
3,10,14,99f4f91695c9c9060cbe615dda2cedcd,99f4f91695c9c9060cbe615dda2cedcd,1
3,10,15,facad217bcbfa803a8601e6e05f2ce90,facad217bcbfa803a8601e6e05f2ce90,1
3,10,16,09b42cf266092b33464267369a1830db,09b42cf266092b33464267369a1830db,1
3,10,17,dda8c35918b242e912837bcde7032281,dda8c35918b242e912837bcde7032281,1
3,10,18,fa994b4a213863534eadbcad1fb5c057,fa994b4a213863534eadbcad1fb5c057,1
3,10,19,a172ae106ad35c6870e7c7b9a6b32cc2,a172ae106ad35c6870e7c7b9a6b32cc2,1
3,10,20,9b39669b664f2fdc673772790cf70e44,9b39669b664f2fdc673772790cf70e44,1
3,10,21,318a31e0880f824246964c0bbcc24e38,318a31e0880f824246964c0bbcc24e38,1
3,10,22,19516145788aa6d9d98ac040becbce3d,19516145788aa6d9d98ac040becbce3d,1
3,10,23,42296a0c2bd5c19e438b0c3d407dbefa,42296a0c2bd5c19e438b0c3d407dbefa,1
3,10,24,abcfd86eeb01fe246a0484a8b9b6f0d6,abcfd86eeb01fe246a0484a8b9b6f0d6,1
3,10,25,58d0b71e680ed2a71236629811acd7dc,58d0b71e680ed2a71236629811acd7dc,1
3,10,26,351b8f150a7166cc41e40221b5da2c2b,351b8f150a7166cc41e40221b5da2c2b,1
3,10,27,948d850da5c8f7424a118637401e08a7,948d850da5c8f7424a118637401e08a7,1
3,10,28,77256197e3ee9f90ba9680a2c2186a29,77256197e3ee9f90ba9680a2c2186a29,1
3,10,29,de96bef5bef68c48c2231254a816a725,de96bef5bef68c48c2231254a816a725,1
3,10,30,ef2b6f24c9b4d32b4705659dcc867451,ef2b6f24c9b4d32b4705659dcc867451,1
3,10,31,c7b0576cf3c974de2b035b7ec989f7a5,c7b0576cf3c974de2b035b7ec989f7a5,1
3,10,32,11df6f5f83115e2af407eba8225f0bb2,11df6f5f83115e2af407eba8225f0bb2,1
3,10,33,ced8ee7e60d4c4735b70adae0ed87168,ced8ee7e60d4c4735b70adae0ed87168,1
3,10,34,0e1f474841862dbc5e17349c3be56023,0e1f474841862dbc5e17349c3be56023,1
3,10,35,b5229686c51ca4f1b753a28bdf760b74,b5229686c51ca4f1b753a28bdf760b74,1
3,10,36,cad4a49632862ab4ef91100375d5f0e3,cad4a49632862ab4ef91100375d5f0e3,1
3,10,37,bf57a018579caf2e93fb1bd238bc861f,bf57a018579caf2e93fb1bd238bc861f,1
3,10,38,c191a1c92781c14113bf678eb59bc50b,c191a1c92781c14113bf678eb59bc50b,1
3,10,39,49a3d40be87b0eb232af877e4c993e90,49a3d40be87b0eb232af877e4c993e90,1
3,10,40,7968c5295e0831f800bb095ea2dcbfec,7968c5295e0831f800bb095ea2dcbfec,1
3,10,41,df0fb27f6b87b09b94e5becdd1299796,df0fb27f6b87b09b94e5becdd1299796,1
3,10,42,bd26eacadf08bb9ac945c24a4a920471,bd26eacadf08bb9ac945c24a4a920471,1
3,10,43,d956f341fb74486a31e36105b438c372,d956f341fb74486a31e36105b438c372,1
3,10,44,ff3ca32e45e57f1b1ce53cbe2b357ed6,ff3ca32e45e57f1b1ce53cbe2b357ed6,1
3,10,45,d482ee2a11ddd9b4a7cd0bacd73b43ab,d482ee2a11ddd9b4a7cd0bacd73b43ab,1
3,11,0,ed77b07112e401104e6dd16fe640c2f9,ed77b07112e401104e6dd16fe640c2f9,1
3,11,1,910d3833c99c01c3016a671be84d9eb6,910d3833c99c01c3016a671be84d9eb6,1
3,11,2,bd3b81be462a3b303603cef43d11578a,bd3b81be462a3b303603cef43d11578a,1
3,11,3,a126a63b0f61746737bf31a4b0a9fd0a,a126a63b0f61746737bf31a4b0a9fd0a,1
3,11,4,cbc65c3f97474ad55f9756748f883815,cbc65c3f97474ad55f9756748f883815,1
3,11,5,0ed4afafdf5429fcebce0220b8c51ecc,0ed4afafdf5429fcebce0220b8c51ecc,1
3,11,6,4dad75d3b0115d60f4ad5a349acf68d3,4dad75d3b0115d60f4ad5a349acf68d3,1
3,11,7,dd8b5842715b984719e0943eddfb9832,dd8b5842715b984719e0943eddfb9832,1
3,11,8,4fe2198d19b38a3c46de459ccb621946,4fe2198d19b38a3c46de459ccb621946,1
3,11,9,054fb4f7f520c5e160f01632407762ee,054fb4f7f520c5e160f01632407762ee,1
3,11,10,13e95298e22db9f0c34c3a2abec8ecfe,13e95298e22db9f0c34c3a2abec8ecfe,1
3,11,11,f561a6fec81cc2b9fdcc6c8a361a591a,f561a6fec81cc2b9fdcc6c8a361a591a,1
3,11,12,e8f023ea7375b85625adc05c7ce42ad9,e8f023ea7375b85625adc05c7ce42ad9,1
3,11,13,350829201d773b03a4659ef47e58f116,350829201d773b03a4659ef47e58f116,1
3,11,14,ae0ce34e77aefccde792bb4cd6361992,ae0ce34e77aefccde792bb4cd6361992,1
3,11,15,49b69e40664ee8fd94eb92e01f372e57,49b69e40664ee8fd94eb92e01f372e57,1
3,11,16,4f3b1bbe858620bbe5edc63b2c474460,4f3b1bbe858620bbe5edc63b2c474460,1
3,11,17,2081e66e76179d8199f526e2bf36483c,2081e66e76179d8199f526e2bf36483c,1
3,11,18,4e6425de12847e73cf6c8175a00f5ad4,4e6425de12847e73cf6c8175a00f5ad4,1
3,11,19,02ae80e4c2e3093212460191eb208cd5,02ae80e4c2e3093212460191eb208cd5,1
3,11,20,88a374b5ffcc0735a24b32638187cd7c,88a374b5ffcc0735a24b32638187cd7c,1
3,11,21,ff50e8f2ca06dd5eca64fe2147cba211,ff50e8f2ca06dd5eca64fe2147cba211,1
3,11,22,f545dc3ff72aa6b4813d008fdd03fce9,f545dc3ff72aa6b4813d008fdd03fce9,1
3,11,23,89a8753dbbb492daadf5bccd9ce37968,89a8753dbbb492daadf5bccd9ce37968,1
3,11,24,7d680915f1fdfe8b6d0a9c10ba3735e6,7d680915f1fdfe8b6d0a9c10ba3735e6,1
3,11,25,fdcfd6e5141131af54c23bbfbc883d16,fdcfd6e5141131af54c23bbfbc883d16,1
3,11,26,8f04f107dd3c8cc282c92ec6e4ec3d88,8f04f107dd3c8cc282c92ec6e4ec3d88,1
3,11,27,0e7d90788e2425f8ad6a43c0bc535695,0e7d90788e2425f8ad6a43c0bc535695,1
3,11,28,b54f60343add58ee4cafeb5db7eb046c,b54f60343add58ee4cafeb5db7eb046c,1
3,11,29,191ed45ed77b50b7ca2d3ee003b4d5f8,191ed45ed77b50b7ca2d3ee003b4d5f8,1
3,11,30,34dbd4c41eaa5913b8a1d4cab21e0d7a,34dbd4c41eaa5913b8a1d4cab21e0d7a,1
3,11,31,f9a61bc9dd7c28066fb667c0e0a525e6,f9a61bc9dd7c28066fb667c0e0a525e6,1
3,11,32,b371f569c4563137b7da8f26d1d8d8d8,b371f569c4563137b7da8f26d1d8d8d8,1
3,11,33,cbf0870824bc11c38510366c38a3494b,cbf0870824bc11c38510366c38a3494b,1
3,11,34,b0b6d23228ec330b3573f374c2ed00a8,b0b6d23228ec330b3573f374c2ed00a8,1
3,11,35,a2898af17bc4fae2c37f682e86fc1749,a2898af17bc4fae2c37f682e86fc1749,1
3,11,36,9cc97fa4853069b2556d09eda7a2b76b,9cc97fa4853069b2556d09eda7a2b76b,1
3,11,37,73a87b03bd615e064e47f33ad8f25326,73a87b03bd615e064e47f33ad8f25326,1
3,11,38,908c87bcf6144d2340c0879d84d922cd,908c87bcf6144d2340c0879d84d922cd,1
3,11,39,20c29b2d8996412cae6a3c0ae8ea5933,20c29b2d8996412cae6a3c0ae8ea5933,1
3,11,40,e462184ac27a82c383dbf646a348d655,e462184ac27a82c383dbf646a348d655,1
3,11,41,6b8d4e738823a4031fcc1db20f0d6835,6b8d4e738823a4031fcc1db20f0d6835,1
3,11,42,46e5ad91c0418c9b44c5eaceb3ad4ec3,46e5ad91c0418c9b44c5eaceb3ad4ec3,1
3,11,43,025684e0008091759ef33312cdc7783b,025684e0008091759ef33312cdc7783b,1
3,11,44,91a509fdc60a4482992cbbbc9beea3b1,91a509fdc60a4482992cbbbc9beea3b1,1
3,11,45,cc0ee14bca3022184845f80e73884320,cc0ee14bca3022184845f80e73884320,1
3,12,0,98319521cbfe76b87a3203a899f5434d,98319521cbfe76b87a3203a899f5434d,1
3,12,1,0f77d88957445735ec9ff9f93d69a74d,0f77d88957445735ec9ff9f93d69a74d,1
3,12,2,51f81e76fdf3cfcd7143d3ba46ffbf92,51f81e76fdf3cfcd7143d3ba46ffbf92,1
3,12,3,a464d2d36bbddbb24062b2e277e7a537,a464d2d36bbddbb24062b2e277e7a537,1
3,12,4,1b0b6ed57d9f13174e3c588d1450a33e,1b0b6ed57d9f13174e3c588d1450a33e,1
3,12,5,f2c3b733e82c6886723d1551fc7d910e,f2c3b733e82c6886723d1551fc7d910e,1
3,12,6,807f045a431380a5bd77816aa4e820e5,807f045a431380a5bd77816aa4e820e5,1
3,12,7,cd02180e8a7535cc5170c094a01e816d,cd02180e8a7535cc5170c094a01e816d,1
3,12,8,7fa6cb0ade0ca61584fb7d6903ed2cde,7fa6cb0ade0ca61584fb7d6903ed2cde,1
3,12,9,026bee77a929f952c62cf70def3cb553,026bee77a929f952c62cf70def3cb553,1
3,12,10,3d24bb5904ab6ab3be7f4576c28bf744,3d24bb5904ab6ab3be7f4576c28bf744,1
3,12,11,9d18239476d1f9b60d725442a12217ea,9d18239476d1f9b60d725442a12217ea,1
3,12,12,e56d5184fae691a316528a4f4d029a6c,e56d5184fae691a316528a4f4d029a6c,1
3,12,13,f12e46ccfa992f8146262a094012fed5,f12e46ccfa992f8146262a094012fed5,1
3,12,14,b358b9a173172f55209220a58b3813fd,b358b9a173172f55209220a58b3813fd,1
3,12,15,7c840d20856e5fe3ac7797d2a1d0d659,7c840d20856e5fe3ac7797d2a1d0d659,1
3,12,16,41cefbd19eaf1ff673e348497292e59b,41cefbd19eaf1ff673e348497292e59b,1
3,12,17,22b32797dc37c1311a7f83958a48c4fe,22b32797dc37c1311a7f83958a48c4fe,1
3,12,18,3349831b8dc970832850c845ed2d4893,3349831b8dc970832850c845ed2d4893,1
3,12,19,b2271097f3ded3e13158eb6942eec538,b2271097f3ded3e13158eb6942eec538,1
3,12,20,83dd97706a5f73061707f102fda97a9d,83dd97706a5f73061707f102fda97a9d,1
3,12,21,f778fbade6c3a453ecf3f859ee753a14,f778fbade6c3a453ecf3f859ee753a14,1
3,12,22,bb3d1f22083fc858d937cfa6abbb16eb,bb3d1f22083fc858d937cfa6abbb16eb,1
3,12,23,fb7cb3db5e54f199578a9d752040b779,fb7cb3db5e54f199578a9d752040b779,1
3,12,24,2f23cc22411b8dcac4a257b426f41941,2f23cc22411b8dcac4a257b426f41941,1
3,12,25,0d8d97c53a27e0d62f6099c5858c1281,0d8d97c53a27e0d62f6099c5858c1281,1
3,12,26,a70357668197e945339d0e01ccad8021,a70357668197e945339d0e01ccad8021,1
3,12,27,7c61622e49c7fd154b41602f4f03eb63,7c61622e49c7fd154b41602f4f03eb63,1
3,12,28,2f4ad7781ac6425e001fb1e04b456fa2,2f4ad7781ac6425e001fb1e04b456fa2,1
3,12,29,f45843a65ad51b8c0b4ac7ba1fbf5249,f45843a65ad51b8c0b4ac7ba1fbf5249,1
3,12,30,f47e296a639a648b3244579b1561dd8c,f47e296a639a648b3244579b1561dd8c,1
3,12,31,8b598a691c958705f59ea2a2bd5514e5,8b598a691c958705f59ea2a2bd5514e5,1
3,12,32,91e05eebe8ea40306c1f80ddc9089d38,91e05eebe8ea40306c1f80ddc9089d38,1
3,12,33,b5c9eb04d8060ad9385b9b0e78809bab,b5c9eb04d8060ad9385b9b0e78809bab,1
3,12,34,cd0e43a61ed4b1de8829128bbabef436,cd0e43a61ed4b1de8829128bbabef436,1
3,12,35,e568c8b31c726ea6cd058e1903b7e204,e568c8b31c726ea6cd058e1903b7e204,1
3,12,36,44ed7f41c6c33ff920830b003306a26e,44ed7f41c6c33ff920830b003306a26e,1
3,12,37,2bce331acb9efbd97cb22c924fc10c70,2bce331acb9efbd97cb22c924fc10c70,1
3,12,38,090078f4ff46a77a76a42fcfaa15a6cf,090078f4ff46a77a76a42fcfaa15a6cf,1
3,12,39,36453ea30c30328fbc1c42a8d96fca70,36453ea30c30328fbc1c42a8d96fca70,1
3,12,40,7d35aa52c73bd9992005ec39970d1ead,7d35aa52c73bd9992005ec39970d1ead,1
3,12,41,d49b38d7070ef554b9c1d8985f8c57e4,d49b38d7070ef554b9c1d8985f8c57e4,1
3,12,42,496a70c063d21d233fb6d90c90cc18bc,496a70c063d21d233fb6d90c90cc18bc,1
3,12,43,64dabb02f83d533474143b95b3f654bf,64dabb02f83d533474143b95b3f654bf,1
3,12,44,9eec7f005a254c585ae6b0ba02a05159,9eec7f005a254c585ae6b0ba02a05159,1
3,12,45,942b398aad718247933253b0a33fa87c,942b398aad718247933253b0a33fa87c,1
3,13,0,2649b81fad44a5ddcb7be4f73dfd8d2c,2649b81fad44a5ddcb7be4f73dfd8d2c,1
3,13,1,a5e66a688469d2a48f1f39bca6ebcd51,a5e66a688469d2a48f1f39bca6ebcd51,1
3,13,2,2a7bf015f2e1b0c5b101d78c605a7a43,2a7bf015f2e1b0c5b101d78c605a7a43,1
3,13,3,bb3da2e8418342817373b5be859274a5,bb3da2e8418342817373b5be859274a5,1
3,13,4,769da165a931ae9d982b99dec818a461,769da165a931ae9d982b99dec818a461,1
3,13,5,d415b7ba83f718251498996973818d9d,d415b7ba83f718251498996973818d9d,1
3,13,6,6268398797ede528ea9aa64455e4ac4c,6268398797ede528ea9aa64455e4ac4c,1
3,13,7,a7adef500bc6dbe495ad444566154cb8,a7adef500bc6dbe495ad444566154cb8,1
3,13,8,94aab79b655b950f2fbcf3c3987f50df,94aab79b655b950f2fbcf3c3987f50df,1
3,13,9,b489ce495ba9317c78dc04955d14fe32,b489ce495ba9317c78dc04955d14fe32,1
3,13,10,188fd77e3785b03c669f0d08a91a1bcc,188fd77e3785b03c669f0d08a91a1bcc,1
3,13,11,2e0505c36a55bddfc5279b528532127f,2e0505c36a55bddfc5279b528532127f,1
3,13,12,3f4548cde66091bcd57a1d2c1d5db05c,3f4548cde66091bcd57a1d2c1d5db05c,1
3,13,13,36fb967ff90674a1e3ef9c158b0f2ffc,36fb967ff90674a1e3ef9c158b0f2ffc,1
3,13,14,c7a1f6077b68a12c8abd952bfa1ef79c,c7a1f6077b68a12c8abd952bfa1ef79c,1
3,13,15,cd3714393db311ca4a29b3b710d8c536,cd3714393db311ca4a29b3b710d8c536,1
3,13,16,f2d5fe297976785537619d3167778d38,f2d5fe297976785537619d3167778d38,1
3,13,17,6f595c80104f30b515cf81fcdb753d78,6f595c80104f30b515cf81fcdb753d78,1
3,13,18,ac0a9bedcad66d365df6b0ef65ff0a78,ac0a9bedcad66d365df6b0ef65ff0a78,1
3,13,19,5dcc3fe47b105dd0ef510f9af84942c1,5dcc3fe47b105dd0ef510f9af84942c1,1
3,13,20,50ec6a6b9359d5efef69c4186392a064,50ec6a6b9359d5efef69c4186392a064,1
3,13,21,d493161fae147bd755f1f5a5cd8f4eb6,d493161fae147bd755f1f5a5cd8f4eb6,1
3,13,22,230337a8f1c109230cc8517069ffb586,230337a8f1c109230cc8517069ffb586,1
3,13,23,945eb7379ab92512386dcf625b78bd97,945eb7379ab92512386dcf625b78bd97,1
3,13,24,d1add6862235530b470b5d7c0405a7b2,d1add6862235530b470b5d7c0405a7b2,1
3,13,25,2ca7660fe114877a90a23b32c6803514,2ca7660fe114877a90a23b32c6803514,1
3,13,26,52310f7ca2907970961705626327f5c2,52310f7ca2907970961705626327f5c2,1
3,13,27,b319f3b8239a2e69574bb16ccd7ff82d,b319f3b8239a2e69574bb16ccd7ff82d,1
3,13,28,6bf7c95541f63321b2acd3a2c393de0f,6bf7c95541f63321b2acd3a2c393de0f,1
3,13,29,5218a70a0d71d7a661ed934bfc783ec6,5218a70a0d71d7a661ed934bfc783ec6,1
3,13,30,a73d9db9ab97de9a1cf21ed32e5937b5,a73d9db9ab97de9a1cf21ed32e5937b5,1
3,13,31,684acf850da422472540977b5619898e,684acf850da422472540977b5619898e,1
3,13,32,418c222ea05fa93593c890ef8af97f7c,418c222ea05fa93593c890ef8af97f7c,1
3,13,33,08ea07f51e872ac0ccdf3af8047093cc,08ea07f51e872ac0ccdf3af8047093cc,1
3,13,34,de93020ee0637c64e80323069a4ada1c,de93020ee0637c64e80323069a4ada1c,1
3,13,35,97dbf0d45a2f746ef73719347c057620,97dbf0d45a2f746ef73719347c057620,1
3,13,36,475e2d921d81837ca204934b16f6eeac,475e2d921d81837ca204934b16f6eeac,1
3,13,37,30c0d62f2ec776c4739e3309190e08fb,30c0d62f2ec776c4739e3309190e08fb,1
3,13,38,982c8296ae66e3f1bbc2edf794d39c6a,982c8296ae66e3f1bbc2edf794d39c6a,1
3,13,39,a9a4a8ca7556b41240e94f4f230bff31,a9a4a8ca7556b41240e94f4f230bff31,1
3,13,40,c3587089226c31fae54048421d234447,c3587089226c31fae54048421d234447,1
3,13,41,cb78e927292265a73c967147841bb64b,cb78e927292265a73c967147841bb64b,1
3,13,42,887af6f3ba07b9f26d3a9c693db1ebad,887af6f3ba07b9f26d3a9c693db1ebad,1
3,13,43,067604a7e6c47a7929f7efbd8e13ebf8,067604a7e6c47a7929f7efbd8e13ebf8,1
3,13,44,55d0e9eadcdbf7a0eb9c7822b0a7d5f1,55d0e9eadcdbf7a0eb9c7822b0a7d5f1,1
3,13,45,baa4f2a056714c3cce97b9acfb637903,baa4f2a056714c3cce97b9acfb637903,1
3,14,0,6d3d8b6b091aa2e8ec450eeb72e93249,6d3d8b6b091aa2e8ec450eeb72e93249,1
3,14,1,9bea6e011b94ff924c63c9c1a466ac7b,9bea6e011b94ff924c63c9c1a466ac7b,1
3,14,2,9ec108390dd6b95f458486f7517f8f19,9ec108390dd6b95f458486f7517f8f19,1
3,14,3,922dff0077def8864cdde04d4ebc76e1,922dff0077def8864cdde04d4ebc76e1,1
3,14,4,e1637145b29d3efb7b90964fafbf1b91,e1637145b29d3efb7b90964fafbf1b91,1
3,14,5,4e795e308bfb6f90a362562517cf96b0,4e795e308bfb6f90a362562517cf96b0,1
3,14,6,cdc4f9eed4f1949574c61c5ddea21fa5,cdc4f9eed4f1949574c61c5ddea21fa5,1
3,14,7,6100c2b743402471afe5b1b1761f0861,6100c2b743402471afe5b1b1761f0861,1
3,14,8,be01410ee0142702d60c46d731f48aea,be01410ee0142702d60c46d731f48aea,1
3,14,9,0d31cfa45ff8d13e6e26338b761b2fb2,0d31cfa45ff8d13e6e26338b761b2fb2,1
3,14,10,637f8e9756a7f42664e7bbd478dd14a5,637f8e9756a7f42664e7bbd478dd14a5,1
3,14,11,e4ed6921954651177b345d59bb7eb0e0,e4ed6921954651177b345d59bb7eb0e0,1
3,14,12,b37950664c954eccd2714b21008320f6,b37950664c954eccd2714b21008320f6,1
3,14,13,d3bde841e242f9f686885aaf5b2f7bff,d3bde841e242f9f686885aaf5b2f7bff,1
3,14,14,3e99a8497439e2909bbaa08d6226f728,3e99a8497439e2909bbaa08d6226f728,1
3,14,15,6a4eac7245aafae7f568dbbdd7230f18,6a4eac7245aafae7f568dbbdd7230f18,1
3,14,16,31e6acf3ed5c4ab0adff66147867ce34,31e6acf3ed5c4ab0adff66147867ce34,1
3,14,17,c4a387fb1b6eadedb04f14ec77a026c4,c4a387fb1b6eadedb04f14ec77a026c4,1
3,14,18,b9ee99d624687331c916cb38dc617805,b9ee99d624687331c916cb38dc617805,1
3,14,19,a36e6fd1c88c98bbaf9ae7c5b7b903b3,a36e6fd1c88c98bbaf9ae7c5b7b903b3,1
3,14,20,2e0b796b59bd7c603962bdbc8ecbadd3,2e0b796b59bd7c603962bdbc8ecbadd3,1
3,14,21,bcb5a7b4972a5427f9858dd771e6eb8b,bcb5a7b4972a5427f9858dd771e6eb8b,1
3,14,22,8dda47cb0262f16b1aec5817d1f37f3e,8dda47cb0262f16b1aec5817d1f37f3e,1
3,14,23,f49453b7e4e4370a9749999b5d88866b,f49453b7e4e4370a9749999b5d88866b,1
3,14,24,d1863f167ab6be730f78a634dad2ea51,d1863f167ab6be730f78a634dad2ea51,1
3,14,25,138ac8fdfc5f1e44d8bfed8cc8d9a908,138ac8fdfc5f1e44d8bfed8cc8d9a908,1
3,14,26,58b5e8fd773561209c9cc5b7ae720db4,58b5e8fd773561209c9cc5b7ae720db4,1
3,14,27,6bb2ea4bfd7f2c280199c12c3cf0719a,6bb2ea4bfd7f2c280199c12c3cf0719a,1
3,14,28,3b383b74b3dd462835faee3558ccc2bd,3b383b74b3dd462835faee3558ccc2bd,1
3,14,29,e6fadd08c92418f1a6010de3f654df52,e6fadd08c92418f1a6010de3f654df52,1
3,14,30,1b1a36900a847a4e5c9758f071cef722,1b1a36900a847a4e5c9758f071cef722,1
3,14,31,456c0f9b54d8de49daae97501b55ffcc,456c0f9b54d8de49daae97501b55ffcc,1
3,14,32,08973419cfbbcd9b9a649fda1e230ba1,08973419cfbbcd9b9a649fda1e230ba1,1
3,14,33,6ebddf879f1276650e88ef0af4ac4993,6ebddf879f1276650e88ef0af4ac4993,1
3,14,34,ada04b1203bb8fa1da921fb0dda64b76,ada04b1203bb8fa1da921fb0dda64b76,1
3,14,35,54254442b19ef9411d3ab5ed32ffd8ca,54254442b19ef9411d3ab5ed32ffd8ca,1
3,14,36,3dd0ea323b6c2d1c56128e01f3dfae01,3dd0ea323b6c2d1c56128e01f3dfae01,1
3,14,37,cce437374dee018ea18bc0b2200fea14,cce437374dee018ea18bc0b2200fea14,1
3,14,38,13dfde3bbec0710ad2e5f4f6a151ed02,13dfde3bbec0710ad2e5f4f6a151ed02,1
3,14,39,02a806d70d0814b825b48eb17e18d76e,02a806d70d0814b825b48eb17e18d76e,1
3,14,40,27be17b7762df6882e0c9141058e35a3,27be17b7762df6882e0c9141058e35a3,1
3,14,41,f1333996334199625b951013e2259ea0,f1333996334199625b951013e2259ea0,1
3,14,42,ef908b429ce7524270e650dd5a2dbd52,ef908b429ce7524270e650dd5a2dbd52,1
3,14,43,0e12ca59eb289f2387d8bc01a9042449,0e12ca59eb289f2387d8bc01a9042449,1
3,14,44,203f92b0b9953baab947f301096398f3,203f92b0b9953baab947f301096398f3,1
3,14,45,e3f4b934d2ce7e72669544f0c26df27f,e3f4b934d2ce7e72669544f0c26df27f,1
3,15,0,a7ee966518104c67e7e5b26a8c221eec,a7ee966518104c67e7e5b26a8c221eec,1
3,15,1,9a27e0510cab271f8cd20227155b0d15,9a27e0510cab271f8cd20227155b0d15,1
3,15,2,d3c1f365395ea04f6dea39923e268e9f,d3c1f365395ea04f6dea39923e268e9f,1
3,15,3,e3d5f0e5df990c334e34bf988f3e2a2e,e3d5f0e5df990c334e34bf988f3e2a2e,1
3,15,4,b8219fd6b0521dca694994c1d7b4b1ef,b8219fd6b0521dca694994c1d7b4b1ef,1
3,15,5,06d329c75c80c5ede831f90f23e38bd9,06d329c75c80c5ede831f90f23e38bd9,1
3,15,6,2669d455309a817c8d0e27d82e72d656,2669d455309a817c8d0e27d82e72d656,1
3,15,7,f74a1ef13e20724f6c8d9adc2823cd6e,f74a1ef13e20724f6c8d9adc2823cd6e,1
3,15,8,10b5c5d4b8441c2e90bff16475378452,10b5c5d4b8441c2e90bff16475378452,1
3,15,9,6553a7198487a4700dd51cb7a54ea1b4,6553a7198487a4700dd51cb7a54ea1b4,1
3,15,10,1463e4c6509083f4cf978c69325011b0,1463e4c6509083f4cf978c69325011b0,1
3,15,11,b2351a2975e1d6ed60bb2bd64f1785cf,b2351a2975e1d6ed60bb2bd64f1785cf,1
3,15,12,2bbb40d40f5ed8100f1b88e62675e012,2bbb40d40f5ed8100f1b88e62675e012,1
3,15,13,744ca82cc530ec796261d44a5bd5bc98,744ca82cc530ec796261d44a5bd5bc98,1
3,15,14,2eb00f5ea034cf1e49f26a6439d6141e,2eb00f5ea034cf1e49f26a6439d6141e,1
3,15,15,0c5287cebdc2d8b832f4a7b81cdee0d4,0c5287cebdc2d8b832f4a7b81cdee0d4,1
3,15,16,f61df42d060e0817399bdad4b6370ffc,f61df42d060e0817399bdad4b6370ffc,1
3,15,17,7a823cf4014f0989c1ba1af0d6bf8637,7a823cf4014f0989c1ba1af0d6bf8637,1
3,15,18,f1822132c43557baf5f6e309e6224a12,f1822132c43557baf5f6e309e6224a12,1
3,15,19,26651617d480176e52fa9f2f72d0044e,26651617d480176e52fa9f2f72d0044e,1
3,15,20,8a79bcc0fa47dcd57be317d2d9a3483c,8a79bcc0fa47dcd57be317d2d9a3483c,1
3,15,21,e952343af741aff8b522162d27005c9d,e952343af741aff8b522162d27005c9d,1
3,15,22,af8d7e037d10b09e40df52da47ab4d8b,af8d7e037d10b09e40df52da47ab4d8b,1
3,15,23,27f47e891b99c73934b51eb52289e0cb,27f47e891b99c73934b51eb52289e0cb,1
3,15,24,bbd673f409b79766d9dc5f6129f0f14d,bbd673f409b79766d9dc5f6129f0f14d,1
3,15,25,a5d2c9f38aacff9282df26a53467623c,a5d2c9f38aacff9282df26a53467623c,1
3,15,26,1ecddec499d285e6f08715c3a5439c71,1ecddec499d285e6f08715c3a5439c71,1
3,15,27,c694d2f42463278052453a4e6d3e580a,c694d2f42463278052453a4e6d3e580a,1
3,15,28,7781f5dec353223c4e67688ec1b90fbd,7781f5dec353223c4e67688ec1b90fbd,1
3,15,29,1ca190098d987dc931c98ddb21d727fd,1ca190098d987dc931c98ddb21d727fd,1
3,15,30,0b4fc31b7f3d53e45596d1a6d6f5d579,0b4fc31b7f3d53e45596d1a6d6f5d579,1
3,15,31,a4d30cb984807d2f58eaac87db1c8913,a4d30cb984807d2f58eaac87db1c8913,1
3,15,32,75975589de59f4f30a64c07db387b1fe,75975589de59f4f30a64c07db387b1fe,1
3,15,33,02b300fbfab9b70c2c80b2cf69dd437b,02b300fbfab9b70c2c80b2cf69dd437b,1
3,15,34,ab5721bf3ed61713568ec18634801260,ab5721bf3ed61713568ec18634801260,1
3,15,35,a679e1fd52eb74a2fe9e0c4cd2d5962b,a679e1fd52eb74a2fe9e0c4cd2d5962b,1
3,15,36,5e7015aee4bd2579d5088fdc83782d2e,5e7015aee4bd2579d5088fdc83782d2e,1
3,15,37,d6f8b5a42674805740cc9ff5df30d9a1,d6f8b5a42674805740cc9ff5df30d9a1,1
3,15,38,65bc92d63a8e1028ca0ca29a4cd7dc78,65bc92d63a8e1028ca0ca29a4cd7dc78,1
3,15,39,1588d1c49d7c758a4688ed36d9540cae,1588d1c49d7c758a4688ed36d9540cae,1
3,15,40,672873fc3174a3713766f550b86cd28f,672873fc3174a3713766f550b86cd28f,1
3,15,41,2fda01e52467c7f78c7aa386f980f4e5,2fda01e52467c7f78c7aa386f980f4e5,1
3,15,42,18b52272aefa90c41d175f94f0544365,18b52272aefa90c41d175f94f0544365,1
3,15,43,4c5b4646543ebd8b43b0cd9899872315,4c5b4646543ebd8b43b0cd9899872315,1
3,15,44,4d88ec7ec2fc3d13a598cb95fbb034df,4d88ec7ec2fc3d13a598cb95fbb034df,1
3,15,45,34d71553b96ca9772eb2dbbd764595ec,34d71553b96ca9772eb2dbbd764595ec,1
