$date
	Thu Oct 08 19:39:17 2026
$end
$version
	Icarus Verilog
$end
$timescale
	1ps
$end
$scope module tb_expanda_sampler $end
$var wire 1 ! done $end
$var wire 1 " coeff_valid $end
$var wire 1 # coeff_last $end
$var wire 23 $ coeff [22:0] $end
$var wire 1 % byte_ready $end
$var wire 1 & busy $end
$var reg 8 ' byte_data [7:0] $end
$var reg 1 ( byte_valid $end
$var reg 1 ) checking $end
$var reg 1 * clk $end
$var reg 1 + coeff_ready $end
$var reg 23 , held_coeff [22:0] $end
$var reg 1 - held_last $end
$var reg 1 . prev_stall $end
$var reg 1 / rst $end
$var reg 1 0 start $end
$var reg 1 1 take_byte $end
$var reg 1 2 take_coeff $end
$var reg 1 3 take_done $end
$var integer 32 4 count [31:0] $end
$var integer 32 5 cursor [31:0] $end
$var integer 32 6 done_count [31:0] $end
$var integer 32 7 stalls [31:0] $end
$var integer 32 8 tick [31:0] $end
$scope module dut $end
$var wire 8 9 byte_data [7:0] $end
$var wire 1 % byte_ready $end
$var wire 1 ( byte_valid $end
$var wire 1 * clk $end
$var wire 1 # coeff_last $end
$var wire 1 + coeff_ready $end
$var wire 1 / rst $end
$var wire 1 0 start $end
$var wire 23 : candidate [22:0] $end
$var reg 9 ; accepted_count [8:0] $end
$var reg 1 & busy $end
$var reg 2 < byte_index [1:0] $end
$var reg 16 = candidate_low [15:0] $end
$var reg 23 > coeff_data [22:0] $end
$var reg 1 " coeff_valid $end
$var reg 1 ! done $end
$upscope $end
$upscope $end
$enddefinitions $end
$comment Show the parameter values. $end
$dumpall
$end
#0
$dumpvars
bx >
bx =
bx <
bx ;
b0xxxxxxxxxxxxxxxx :
b0 9
b0 8
b0 7
b0 6
b0 5
b0 4
x3
x2
x1
00
1/
0.
x-
bx ,
0+
0*
0)
0(
b0 '
x&
x%
bx $
x#
x"
x!
$end
#5000
0%
0#
0!
0&
0"
b0 $
b0 >
b0 ;
b0 :
b0 =
b0 <
02
01
1*
#10000
b1 8
0*
#15000
03
1*
#20000
b10 8
0*
#25000
1*
#30000
b11 8
10
0/
0*
#35000
1%
1&
1*
#40000
b11111100000000000000000 :
b11111110 '
b11111110 9
1(
00
b100 8
0*
#45000
b1 <
b11111100000000011111110 :
b11111110 =
11
1*
#50000
b101 8
0(
0*
#55000
01
1*
#60000
1/
b110 8
0*
#65000
0%
0&
b11111100000000000000000 :
b0 =
b0 <
1*
#70000
b111 8
10
1)
0/
0*
#75000
1%
1&
1*
#80000
b10000000000000000 :
00
1(
b1 '
b1 9
b1000 8
0*
#85000
b1 <
b10000000000000001 :
b1 =
11
1*
#86000
0(
b1 5
#90000
b11000000000000000000001 :
1(
b11100000 '
b11100000 9
1+
b1001 8
0*
#95000
b10 <
b11000001110000000000001 :
b1110000000000001 =
1*
#96000
0(
b10 5
#100000
b11111111110000000000001 :
1(
b1111111 '
b1111111 9
b1010 8
0*
#105000
b0 <
1*
#106000
0(
b11 5
#110000
b101110000000000001 :
1(
b10 '
b10 9
b1011 8
0*
#115000
b1 <
b101110000000000010 :
b1110000000000010 =
1*
#116000
0(
b100 5
#120000
b11000001110000000000010 :
1(
b11100000 '
b11100000 9
b1100 8
0*
#125000
b10 <
1*
#126000
0(
b101 5
#130000
b11111111110000000000010 :
1(
b1111111 '
b1111111 9
b1101 8
0*
#135000
b0 <
1*
#136000
0(
b110 5
#140000
b1110 8
0*
#145000
01
1*
#150000
1(
b11111111 '
b11111111 9
b1111 8
0*
#155000
b1 <
b11111111110000011111111 :
b1110000011111111 =
11
1*
#156000
0(
b111 5
#160000
1(
b10000 8
0*
#165000
b10 <
b11111111111111111111111 :
b1111111111111111 =
1*
#166000
0(
b1000 5
#170000
1(
b10001 8
0*
#175000
b0 <
1*
#176000
0(
b1001 5
#180000
b1111111111111111 :
1(
b0 '
b0 9
b10010 8
0*
#185000
b1 <
b1111111100000000 :
b1111111100000000 =
1*
#186000
0(
b1010 5
#190000
1(
0+
b10011 8
0*
#195000
b10 <
b0 :
b0 =
1*
#196000
0(
b1011 5
#200000
1(
b10000000 '
b10000000 9
b10100 8
0*
#205000
0%
1"
b0 <
1*
#206000
0(
b1100 5
#210000
b10101 8
0*
#215000
b1 7
0-
b0 ,
1.
01
1*
#220000
1(
b0 '
b0 9
b10110 8
0*
#225000
b10 7
1*
#230000
b10111 8
0*
#235000
b11 7
1*
#240000
b11000 8
0*
#245000
b100 7
1*
#250000
b11001 8
0*
#255000
b101 7
1*
#260000
b11010 8
0*
#265000
b110 7
1*
#270000
b11011 8
0*
#275000
b111 7
1*
#280000
1+
b11100 8
0*
#285000
1%
b1 ;
0"
b1 4
0.
12
1*
#290000
b11101 8
0*
#295000
b1 <
02
11
1*
#296000
0(
b1101 5
#300000
b11000000000000000000000 :
1(
b11100000 '
b11100000 9
b11110 8
0*
#305000
b10 <
b11000001110000000000000 :
b1110000000000000 =
1*
#306000
0(
b1110 5
#310000
b11111111110000000000000 :
1(
b1111111 '
b1111111 9
b11111 8
0*
#315000
0%
1"
b11111111110000000000000 $
b11111111110000000000000 >
b0 <
1*
#316000
0(
b1111 5
#320000
b1110000000000000 :
1(
b0 '
b0 9
b100000 8
0*
#325000
1%
b10 ;
0"
b10 4
12
01
1*
#330000
b100001 8
0*
#335000
b1 <
02
11
1*
#336000
0(
b10000 5
#340000
1(
b100010 8
0*
#345000
b10 <
b0 :
b0 =
1*
#346000
0(
b10001 5
#350000
b100011 8
0*
#355000
01
1*
#360000
1(
b100100 8
0*
#365000
0%
1"
b0 $
b0 >
b0 <
11
1*
#366000
0(
b10010 5
#370000
b10000000000000000 :
1(
b1 '
b1 9
b100101 8
0*
#375000
1%
b11 ;
0"
b11 4
12
01
1*
#380000
0+
b100110 8
0*
#385000
b1 <
b10000000000000001 :
b1 =
02
11
1*
#386000
0(
b10011 5
#390000
b1 :
1(
b0 '
b0 9
b100111 8
0*
#395000
b10 <
1*
#396000
0(
b10100 5
#400000
1(
b10000000 '
b10000000 9
b101000 8
0*
#405000
0%
1"
b1 $
b1 >
b0 <
1*
#406000
0(
b10101 5
#410000
b100000000000000001 :
1(
b10 '
b10 9
b101001 8
0*
#415000
b1000 7
b1 ,
1.
01
1*
#420000
b101010 8
0*
#425000
b1001 7
1*
#430000
b101011 8
0*
#435000
b1010 7
1*
#440000
b101100 8
0*
#445000
b1011 7
1*
#450000
b101101 8
0*
#455000
b1100 7
1*
#460000
b101110 8
0*
#465000
b1101 7
1*
#470000
1+
b101111 8
0*
#475000
1%
b100 ;
0"
b100 4
0.
12
1*
#480000
b110000 8
0*
#485000
b1 <
b100000000000000010 :
b10 =
02
11
1*
#486000
0(
b10110 5
#490000
b110001 8
0*
#495000
01
1*
#500000
b10 :
1(
b0 '
b0 9
b110010 8
0*
#505000
b10 <
11
1*
#506000
0(
b10111 5
#510000
1(
b110011 8
0*
#515000
0%
1"
b10 $
b10 >
b0 <
1*
#516000
0(
b11000 5
#520000
b110000000000000010 :
1(
b11 '
b11 9
b110100 8
0*
#525000
1%
b101 ;
0"
b101 4
12
01
1*
#530000
b110101 8
0*
#535000
b1 <
b110000000000000011 :
b11 =
02
11
1*
#536000
0(
b11001 5
#540000
b11 :
1(
b0 '
b0 9
b110110 8
0*
#545000
b10 <
1*
#546000
0(
b11010 5
#550000
1(
b10000000 '
b10000000 9
b110111 8
0*
#555000
0%
1"
b11 $
b11 >
b0 <
1*
#556000
0(
b11011 5
#560000
b111000 8
0*
#565000
1%
b110 ;
0"
b110 4
12
01
1*
#570000
b1000000000000000011 :
1(
b100 '
b100 9
0+
b111001 8
0*
#575000
b1 <
b1000000000000000100 :
b100 =
02
11
1*
#576000
0(
b11100 5
#580000
b100 :
1(
b0 '
b0 9
b111010 8
0*
#585000
b10 <
1*
#586000
0(
b11101 5
#590000
1(
b111011 8
0*
#595000
0%
1"
b100 $
b100 >
b0 <
1*
#596000
0(
b11110 5
#600000
b1010000000000000100 :
1(
b101 '
b101 9
b111100 8
0*
#605000
b1110 7
b100 ,
1.
01
1*
#610000
b111101 8
0*
#615000
b1111 7
1*
#620000
b111110 8
0*
#625000
b10000 7
1*
#630000
b111111 8
0*
#635000
b10001 7
1*
#640000
b1000000 8
0*
#645000
b10010 7
1*
#650000
b1000001 8
0*
#655000
b10011 7
1*
#660000
1+
b1000010 8
0*
#665000
1%
b111 ;
0"
b111 4
0.
12
1*
#670000
b1000011 8
0*
#675000
b1 <
b1010000000000000101 :
b101 =
02
11
1*
#676000
0(
b11111 5
#680000
b101 :
1(
b0 '
b0 9
b1000100 8
0*
#685000
b10 <
1*
#686000
0(
b100000 5
#690000
1(
b10000000 '
b10000000 9
b1000101 8
0*
#695000
0%
1"
b101 $
b101 >
b0 <
1*
#696000
0(
b100001 5
#700000
b1000110 8
0*
#705000
1%
b1000 ;
0"
b1000 4
12
01
1*
#710000
b1100000000000000101 :
1(
b110 '
b110 9
b1000111 8
0*
#715000
b1 <
b1100000000000000110 :
b110 =
02
11
1*
#716000
0(
b100010 5
#720000
b110 :
1(
b0 '
b0 9
b1001000 8
0*
#725000
b10 <
1*
#726000
0(
b100011 5
#730000
1(
b1001001 8
0*
#735000
0%
1"
b110 $
b110 >
b0 <
1*
#736000
0(
b100100 5
#740000
b1110000000000000110 :
1(
b111 '
b111 9
b1001010 8
0*
#745000
1%
b1001 ;
0"
b1001 4
12
01
1*
#750000
b1001011 8
0*
#755000
b1 <
b1110000000000000111 :
b111 =
02
11
1*
#756000
0(
b100101 5
#760000
b111 :
1(
b0 '
b0 9
0+
b1001100 8
0*
#765000
b10 <
1*
#766000
0(
b100110 5
#770000
b1001101 8
0*
#775000
01
1*
#780000
1(
b10000000 '
b10000000 9
b1001110 8
0*
#785000
0%
1"
b111 $
b111 >
b0 <
11
1*
#786000
0(
b100111 5
#790000
b10000000000000000111 :
1(
b1000 '
b1000 9
b1001111 8
0*
#795000
b10100 7
b111 ,
1.
01
1*
#800000
b1010000 8
0*
#805000
b10101 7
1*
#810000
b1010001 8
0*
#815000
b10110 7
1*
#820000
b1010010 8
0*
#825000
b10111 7
1*
#830000
b1010011 8
0*
#835000
b11000 7
1*
#840000
b1010100 8
0*
#845000
b11001 7
1*
#850000
1+
b1010101 8
0*
#855000
1%
b1010 ;
0"
b1010 4
0.
12
1*
#860000
b1010110 8
0*
#865000
b1 <
b10000000000000001000 :
b1000 =
02
11
1*
#866000
0(
b101000 5
#870000
b1000 :
1(
b0 '
b0 9
b1010111 8
0*
#875000
b10 <
1*
#876000
0(
b101001 5
#880000
1(
b1011000 8
0*
#885000
0%
1"
b1000 $
b1000 >
b0 <
1*
#886000
0(
b101010 5
#890000
b10010000000000001000 :
1(
b1001 '
b1001 9
b1011001 8
0*
#895000
1%
b1011 ;
0"
b1011 4
12
01
1*
#900000
b1011010 8
0*
#905000
b1 <
b10010000000000001001 :
b1001 =
02
11
1*
#906000
0(
b101011 5
#910000
b1011011 8
0*
#915000
01
1*
#920000
b1001 :
1(
b0 '
b0 9
b1011100 8
0*
#925000
b10 <
11
1*
#926000
0(
b101100 5
#930000
1(
b10000000 '
b10000000 9
b1011101 8
0*
#935000
0%
1"
b1001 $
b1001 >
b0 <
1*
#936000
0(
b101101 5
#940000
b10100000000000001001 :
1(
b1010 '
b1010 9
b1011110 8
0*
#945000
1%
b1100 ;
0"
b1100 4
12
01
1*
#950000
0+
b1011111 8
0*
#955000
b1 <
b10100000000000001010 :
b1010 =
02
11
1*
#956000
0(
b101110 5
#960000
b1010 :
1(
b0 '
b0 9
b1100000 8
0*
#965000
b10 <
1*
#966000
0(
b101111 5
#970000
1(
b1100001 8
0*
#975000
0%
1"
b1010 $
b1010 >
b0 <
1*
#976000
0(
b110000 5
#980000
b1100010 8
0*
#985000
b11010 7
b1010 ,
1.
01
1*
#990000
b10110000000000001010 :
1(
b1011 '
b1011 9
b1100011 8
0*
#995000
b11011 7
1*
#1000000
b1100100 8
0*
#1005000
b11100 7
1*
#1010000
b1100101 8
0*
#1015000
b11101 7
1*
#1020000
b1100110 8
0*
#1025000
b11110 7
1*
#1030000
b1100111 8
0*
#1035000
b11111 7
1*
#1040000
1+
b1101000 8
0*
#1045000
1%
b1101 ;
0"
b1101 4
0.
12
1*
#1050000
b1101001 8
0*
#1055000
b1 <
b10110000000000001011 :
b1011 =
02
11
1*
#1056000
0(
b110001 5
#1060000
b1011 :
1(
b0 '
b0 9
b1101010 8
0*
#1065000
b10 <
1*
#1066000
0(
b110010 5
#1070000
1(
b10000000 '
b10000000 9
b1101011 8
0*
#1075000
0%
1"
b1011 $
b1011 >
b0 <
1*
#1076000
0(
b110011 5
#1080000
b11000000000000001011 :
1(
b1100 '
b1100 9
b1101100 8
0*
#1085000
1%
b1110 ;
0"
b1110 4
12
01
1*
#1090000
b1101101 8
0*
#1095000
b1 <
b11000000000000001100 :
b1100 =
02
11
1*
#1096000
0(
b110100 5
#1100000
b1100 :
1(
b0 '
b0 9
b1101110 8
0*
#1105000
b10 <
1*
#1106000
0(
b110101 5
#1110000
1(
b1101111 8
0*
#1115000
0%
1"
b1100 $
b1100 >
b0 <
1*
#1116000
0(
b110110 5
#1120000
b1110000 8
0*
#1125000
1%
b1111 ;
0"
b1111 4
12
01
1*
#1130000
b11010000000000001100 :
1(
b1101 '
b1101 9
b1110001 8
0*
#1135000
b1 <
b11010000000000001101 :
b1101 =
02
11
1*
#1136000
0(
b110111 5
#1140000
b1101 :
1(
b0 '
b0 9
0+
b1110010 8
0*
#1145000
b10 <
1*
#1146000
0(
b111000 5
#1150000
1(
b10000000 '
b10000000 9
b1110011 8
0*
#1155000
0%
1"
b1101 $
b1101 >
b0 <
1*
#1156000
0(
b111001 5
#1160000
b11100000000000001101 :
1(
b1110 '
b1110 9
b1110100 8
0*
#1165000
b100000 7
b1101 ,
1.
01
1*
#1170000
b1110101 8
0*
#1175000
b100001 7
1*
#1180000
b1110110 8
0*
#1185000
b100010 7
1*
#1190000
b1110111 8
0*
#1195000
b100011 7
1*
#1200000
b1111000 8
0*
#1205000
b100100 7
1*
#1210000
b1111001 8
0*
#1215000
b100101 7
1*
#1220000
b1111010 8
0*
#1225000
b100110 7
1*
#1230000
1+
b1111011 8
0*
#1235000
1%
b10000 ;
0"
b10000 4
0.
12
1*
#1240000
b1111100 8
0*
#1245000
b1 <
b11100000000000001110 :
b1110 =
02
11
1*
#1246000
0(
b111010 5
#1250000
b1110 :
1(
b0 '
b0 9
b1111101 8
0*
#1255000
b10 <
1*
#1256000
0(
b111011 5
#1260000
b1111110 8
0*
#1265000
01
1*
#1270000
1(
b1111111 8
0*
#1275000
0%
1"
b1110 $
b1110 >
b0 <
11
1*
#1276000
0(
b111100 5
#1280000
b11110000000000001110 :
1(
b1111 '
b1111 9
b10000000 8
0*
#1285000
1%
b10001 ;
0"
b10001 4
12
01
1*
#1290000
b10000001 8
0*
#1295000
b1 <
b11110000000000001111 :
b1111 =
02
11
1*
#1296000
0(
b111101 5
#1300000
b1111 :
1(
b0 '
b0 9
b10000010 8
0*
#1305000
b10 <
1*
#1306000
0(
b111110 5
#1310000
1(
b10000000 '
b10000000 9
b10000011 8
0*
#1315000
0%
1"
b1111 $
b1111 >
b0 <
1*
#1316000
0(
b111111 5
#1320000
b100000000000000001111 :
1(
b10000 '
b10000 9
b10000100 8
0*
#1325000
1%
b10010 ;
0"
b10010 4
12
01
1*
#1330000
0+
b10000101 8
0*
#1335000
b1 <
b100000000000000010000 :
b10000 =
02
11
1*
#1336000
0(
b1000000 5
#1340000
b10000 :
1(
b0 '
b0 9
b10000110 8
0*
#1345000
b10 <
1*
#1346000
0(
b1000001 5
#1350000
1(
b10000111 8
0*
#1355000
0%
1"
b10000 $
b10000 >
b0 <
1*
#1356000
0(
b1000010 5
#1360000
b100010000000000010000 :
1(
b10001 '
b10001 9
b10001000 8
0*
#1365000
b100111 7
b10000 ,
1.
01
1*
#1370000
b10001001 8
0*
#1375000
b101000 7
1*
#1380000
b10001010 8
0*
#1385000
b101001 7
1*
#1390000
b10001011 8
0*
#1395000
b101010 7
1*
#1400000
b10001100 8
0*
#1405000
b101011 7
1*
#1410000
b10001101 8
0*
#1415000
b101100 7
1*
#1420000
1+
b10001110 8
0*
#1425000
1%
b10011 ;
0"
b10011 4
0.
12
1*
#1430000
b10001111 8
0*
#1435000
b1 <
b100010000000000010001 :
b10001 =
02
11
1*
#1436000
0(
b1000011 5
#1440000
b10001 :
1(
b0 '
b0 9
b10010000 8
0*
#1445000
b10 <
1*
#1446000
0(
b1000100 5
#1450000
1(
b10000000 '
b10000000 9
b10010001 8
0*
#1455000
0%
1"
b10001 $
b10001 >
b0 <
1*
#1456000
0(
b1000101 5
#1460000
b100100000000000010001 :
1(
b10010 '
b10010 9
b10010010 8
0*
#1465000
1%
b10100 ;
0"
b10100 4
12
01
1*
#1470000
b10010011 8
0*
#1475000
b1 <
b100100000000000010010 :
b10010 =
02
11
1*
#1476000
0(
b1000110 5
#1480000
b10010 :
1(
b0 '
b0 9
b10010100 8
0*
#1485000
b10 <
1*
#1486000
0(
b1000111 5
#1490000
1(
b10010101 8
0*
#1495000
0%
1"
b10010 $
b10010 >
b0 <
1*
#1496000
0(
b1001000 5
#1500000
b100110000000000010010 :
1(
b10011 '
b10011 9
b10010110 8
0*
#1505000
1%
b10101 ;
0"
b10101 4
12
01
1*
#1510000
b10010111 8
0*
#1515000
b1 <
b100110000000000010011 :
b10011 =
02
11
1*
#1516000
0(
b1001001 5
#1520000
b10011 :
1(
b0 '
b0 9
0+
b10011000 8
0*
#1525000
b10 <
1*
#1526000
0(
b1001010 5
#1530000
1(
b10000000 '
b10000000 9
b10011001 8
0*
#1535000
0%
1"
b10011 $
b10011 >
b0 <
1*
#1536000
0(
b1001011 5
#1540000
b10011010 8
0*
#1545000
b101101 7
b10011 ,
1.
01
1*
#1550000
b101000000000000010011 :
1(
b10100 '
b10100 9
b10011011 8
0*
#1555000
b101110 7
1*
#1560000
b10011100 8
0*
#1565000
b101111 7
1*
#1570000
b10011101 8
0*
#1575000
b110000 7
1*
#1580000
b10011110 8
0*
#1585000
b110001 7
1*
#1590000
b10011111 8
0*
#1595000
b110010 7
1*
#1600000
b10100000 8
0*
#1605000
b110011 7
1*
#1610000
1+
b10100001 8
0*
#1615000
1%
b10110 ;
0"
b10110 4
0.
12
1*
#1620000
b10100010 8
0*
#1625000
b1 <
b101000000000000010100 :
b10100 =
02
11
1*
#1626000
0(
b1001100 5
#1630000
b10100 :
1(
b0 '
b0 9
b10100011 8
0*
#1635000
b10 <
1*
#1636000
0(
b1001101 5
#1640000
1(
b10100100 8
0*
#1645000
0%
1"
b10100 $
b10100 >
b0 <
1*
#1646000
0(
b1001110 5
#1650000
b101010000000000010100 :
1(
b10101 '
b10101 9
b10100101 8
0*
#1655000
1%
b10111 ;
0"
b10111 4
12
01
1*
#1660000
b10100110 8
0*
#1665000
b1 <
b101010000000000010101 :
b10101 =
02
11
1*
#1666000
0(
b1001111 5
#1670000
b10101 :
1(
b0 '
b0 9
b10100111 8
0*
#1675000
b10 <
1*
#1676000
0(
b1010000 5
#1680000
b10101000 8
0*
#1685000
01
1*
#1690000
1(
b10000000 '
b10000000 9
b10101001 8
0*
#1695000
0%
1"
b10101 $
b10101 >
b0 <
11
1*
#1696000
0(
b1010001 5
#1700000
b101100000000000010101 :
1(
b10110 '
b10110 9
b10101010 8
0*
#1705000
1%
b11000 ;
0"
b11000 4
12
01
1*
#1710000
0+
b10101011 8
0*
#1715000
b1 <
b101100000000000010110 :
b10110 =
02
11
1*
#1716000
0(
b1010010 5
#1720000
b10110 :
1(
b0 '
b0 9
b10101100 8
0*
#1725000
b10 <
1*
#1726000
0(
b1010011 5
#1730000
1(
b10101101 8
0*
#1735000
0%
1"
b10110 $
b10110 >
b0 <
1*
#1736000
0(
b1010100 5
#1740000
b101110000000000010110 :
1(
b10111 '
b10111 9
b10101110 8
0*
#1745000
b110100 7
b10110 ,
1.
01
1*
#1750000
b10101111 8
0*
#1755000
b110101 7
1*
#1760000
b10110000 8
0*
#1765000
b110110 7
1*
#1770000
b10110001 8
0*
#1775000
b110111 7
1*
#1780000
b10110010 8
0*
#1785000
b111000 7
1*
#1790000
b10110011 8
0*
#1795000
b111001 7
1*
#1800000
1+
b10110100 8
0*
#1805000
1%
b11001 ;
0"
b11001 4
0.
12
1*
#1810000
b10110101 8
0*
#1815000
b1 <
b101110000000000010111 :
b10111 =
02
11
1*
#1816000
0(
b1010101 5
#1820000
b10110110 8
0*
#1825000
01
1*
#1830000
b10111 :
1(
b0 '
b0 9
b10110111 8
0*
#1835000
b10 <
11
1*
#1836000
0(
b1010110 5
#1840000
1(
b10000000 '
b10000000 9
b10111000 8
0*
#1845000
0%
1"
b10111 $
b10111 >
b0 <
1*
#1846000
0(
b1010111 5
#1850000
b110000000000000010111 :
1(
b11000 '
b11000 9
b10111001 8
0*
#1855000
1%
b11010 ;
0"
b11010 4
12
01
1*
#1860000
b10111010 8
0*
#1865000
b1 <
b110000000000000011000 :
b11000 =
02
11
1*
#1866000
0(
b1011000 5
#1870000
b11000 :
1(
b0 '
b0 9
b10111011 8
0*
#1875000
b10 <
1*
#1876000
0(
b1011001 5
#1880000
1(
b10111100 8
0*
#1885000
0%
1"
b11000 $
b11000 >
b0 <
1*
#1886000
0(
b1011010 5
#1890000
b10111101 8
0*
#1895000
1%
b11011 ;
0"
b11011 4
12
01
1*
#1900000
b110010000000000011000 :
1(
b11001 '
b11001 9
0+
b10111110 8
0*
#1905000
b1 <
b110010000000000011001 :
b11001 =
02
11
1*
#1906000
0(
b1011011 5
#1910000
b11001 :
1(
b0 '
b0 9
b10111111 8
0*
#1915000
b10 <
1*
#1916000
0(
b1011100 5
#1920000
1(
b10000000 '
b10000000 9
b11000000 8
0*
#1925000
0%
1"
b11001 $
b11001 >
b0 <
1*
#1926000
0(
b1011101 5
#1930000
b110100000000000011001 :
1(
b11010 '
b11010 9
b11000001 8
0*
#1935000
b111010 7
b11001 ,
1.
01
1*
#1940000
b11000010 8
0*
#1945000
b111011 7
1*
#1950000
b11000011 8
0*
#1955000
b111100 7
1*
#1960000
b11000100 8
0*
#1965000
b111101 7
1*
#1970000
b11000101 8
0*
#1975000
b111110 7
1*
#1980000
b11000110 8
0*
#1985000
b111111 7
1*
#1990000
1+
b11000111 8
0*
#1995000
1%
b11100 ;
0"
b11100 4
0.
12
1*
#2000000
b11001000 8
0*
#2005000
b1 <
b110100000000000011010 :
b11010 =
02
11
1*
#2006000
0(
b1011110 5
#2010000
b11010 :
1(
b0 '
b0 9
b11001001 8
0*
#2015000
b10 <
1*
#2016000
0(
b1011111 5
#2020000
1(
b11001010 8
0*
#2025000
0%
1"
b11010 $
b11010 >
b0 <
1*
#2026000
0(
b1100000 5
#2030000
b11001011 8
0*
#2035000
1%
b11101 ;
0"
b11101 4
12
01
1*
#2040000
b110110000000000011010 :
1(
b11011 '
b11011 9
b11001100 8
0*
#2045000
b1 <
b110110000000000011011 :
b11011 =
02
11
1*
#2046000
0(
b1100001 5
#2050000
b11011 :
1(
b0 '
b0 9
b11001101 8
0*
#2055000
b10 <
1*
#2056000
0(
b1100010 5
#2060000
1(
b10000000 '
b10000000 9
b11001110 8
0*
#2065000
0%
1"
b11011 $
b11011 >
b0 <
1*
#2066000
0(
b1100011 5
#2070000
b111000000000000011011 :
1(
b11100 '
b11100 9
b11001111 8
0*
#2075000
1%
b11110 ;
0"
b11110 4
12
01
1*
#2080000
b11010000 8
0*
#2085000
b1 <
b111000000000000011100 :
b11100 =
02
11
1*
#2086000
0(
b1100100 5
#2090000
b11100 :
1(
b0 '
b0 9
0+
b11010001 8
0*
#2095000
b10 <
1*
#2096000
0(
b1100101 5
#2100000
b11010010 8
0*
#2105000
01
1*
#2110000
1(
b11010011 8
0*
#2115000
0%
1"
b11100 $
b11100 >
b0 <
11
1*
#2116000
0(
b1100110 5
#2120000
b111010000000000011100 :
1(
b11101 '
b11101 9
b11010100 8
0*
#2125000
b1000000 7
b11100 ,
1.
01
1*
#2130000
b11010101 8
0*
#2135000
b1000001 7
1*
#2140000
b11010110 8
0*
#2145000
b1000010 7
1*
#2150000
b11010111 8
0*
#2155000
b1000011 7
1*
#2160000
b11011000 8
0*
#2165000
b1000100 7
1*
#2170000
b11011001 8
0*
#2175000
b1000101 7
1*
#2180000
1+
b11011010 8
0*
#2185000
1%
b11111 ;
0"
b11111 4
0.
12
1*
#2190000
b11011011 8
0*
#2195000
b1 <
b111010000000000011101 :
b11101 =
02
11
1*
#2196000
0(
b1100111 5
#2200000
b11101 :
1(
b0 '
b0 9
b11011100 8
0*
#2205000
b10 <
1*
#2206000
0(
b1101000 5
#2210000
1(
b10000000 '
b10000000 9
b11011101 8
0*
#2215000
0%
1"
b11101 $
b11101 >
b0 <
1*
#2216000
0(
b1101001 5
#2220000
b111100000000000011101 :
1(
b11110 '
b11110 9
b11011110 8
0*
#2225000
1%
b100000 ;
0"
b100000 4
12
01
1*
#2230000
b11011111 8
0*
#2235000
b1 <
b111100000000000011110 :
b11110 =
02
11
1*
#2236000
0(
b1101010 5
#2240000
b11100000 8
0*
#2245000
01
1*
#2250000
b11110 :
1(
b0 '
b0 9
b11100001 8
0*
#2255000
b10 <
11
1*
#2256000
0(
b1101011 5
#2260000
1(
b11100010 8
0*
#2265000
0%
1"
b11110 $
b11110 >
b0 <
1*
#2266000
0(
b1101100 5
#2270000
b111110000000000011110 :
1(
b11111 '
b11111 9
b11100011 8
0*
#2275000
1%
b100001 ;
0"
b100001 4
12
01
1*
#2280000
0+
b11100100 8
0*
#2285000
b1 <
b111110000000000011111 :
b11111 =
02
11
1*
#2286000
0(
b1101101 5
#2290000
b11111 :
1(
b0 '
b0 9
b11100101 8
0*
#2295000
b10 <
1*
#2296000
0(
b1101110 5
#2300000
1(
b10000000 '
b10000000 9
b11100110 8
0*
#2305000
0%
1"
b11111 $
b11111 >
b0 <
1*
#2306000
0(
b1101111 5
#2310000
b11100111 8
0*
#2315000
b1000110 7
b11111 ,
1.
01
1*
#2320000
b1000000000000000011111 :
1(
b100000 '
b100000 9
b11101000 8
0*
#2325000
b1000111 7
1*
#2330000
b11101001 8
0*
#2335000
b1001000 7
1*
#2340000
b11101010 8
0*
#2345000
b1001001 7
1*
#2350000
b11101011 8
0*
#2355000
b1001010 7
1*
#2360000
b11101100 8
0*
#2365000
b1001011 7
1*
#2370000
1+
b11101101 8
0*
#2375000
1%
b100010 ;
0"
b100010 4
0.
12
1*
#2380000
b11101110 8
0*
#2385000
b1 <
b1000000000000000100000 :
b100000 =
02
11
1*
#2386000
0(
b1110000 5
#2390000
b100000 :
1(
b0 '
b0 9
b11101111 8
0*
#2395000
b10 <
1*
#2396000
0(
b1110001 5
#2400000
1(
b11110000 8
0*
#2405000
0%
1"
b100000 $
b100000 >
b0 <
1*
#2406000
0(
b1110010 5
#2410000
b1000010000000000100000 :
1(
b100001 '
b100001 9
b11110001 8
0*
#2415000
1%
b100011 ;
0"
b100011 4
12
01
1*
#2420000
b11110010 8
0*
#2425000
b1 <
b1000010000000000100001 :
b100001 =
02
11
1*
#2426000
0(
b1110011 5
#2430000
b100001 :
1(
b0 '
b0 9
b11110011 8
0*
#2435000
b10 <
1*
#2436000
0(
b1110100 5
#2440000
1(
b10000000 '
b10000000 9
b11110100 8
0*
#2445000
0%
1"
b100001 $
b100001 >
b0 <
1*
#2446000
0(
b1110101 5
#2450000
b11110101 8
0*
#2455000
1%
b100100 ;
0"
b100100 4
12
01
1*
#2460000
b1000100000000000100001 :
1(
b100010 '
b100010 9
b11110110 8
0*
#2465000
b1 <
b1000100000000000100010 :
b100010 =
02
11
1*
#2466000
0(
b1110110 5
#2470000
b100010 :
1(
b0 '
b0 9
0+
b11110111 8
0*
#2475000
b10 <
1*
#2476000
0(
b1110111 5
#2480000
1(
b11111000 8
0*
#2485000
0%
1"
b100010 $
b100010 >
b0 <
1*
#2486000
0(
b1111000 5
#2490000
b1000110000000000100010 :
1(
b100011 '
b100011 9
b11111001 8
0*
#2495000
b1001100 7
b100010 ,
1.
01
1*
#2500000
b11111010 8
0*
#2505000
b1001101 7
1*
#2510000
b11111011 8
0*
#2515000
b1001110 7
1*
#2520000
b11111100 8
0*
#2525000
b1001111 7
1*
#2530000
b11111101 8
0*
#2535000
b1010000 7
1*
#2540000
b11111110 8
0*
#2545000
b1010001 7
1*
#2550000
b11111111 8
0*
#2555000
b1010010 7
1*
#2560000
1+
b100000000 8
0*
#2565000
1%
b100101 ;
0"
b100101 4
0.
12
1*
#2570000
b100000001 8
0*
#2575000
b1 <
b1000110000000000100011 :
b100011 =
02
11
1*
#2576000
0(
b1111001 5
#2580000
b100011 :
1(
b0 '
b0 9
b100000010 8
0*
#2585000
b10 <
1*
#2586000
0(
b1111010 5
#2590000
b100000011 8
0*
#2595000
01
1*
#2600000
1(
b10000000 '
b10000000 9
b100000100 8
0*
#2605000
0%
1"
b100011 $
b100011 >
b0 <
11
1*
#2606000
0(
b1111011 5
#2610000
b1001000000000000100011 :
1(
b100100 '
b100100 9
b100000101 8
0*
#2615000
1%
b100110 ;
0"
b100110 4
12
01
1*
#2620000
b100000110 8
0*
#2625000
b1 <
b1001000000000000100100 :
b100100 =
02
11
1*
#2626000
0(
b1111100 5
#2630000
b100100 :
1(
b0 '
b0 9
b100000111 8
0*
#2635000
b10 <
1*
#2636000
0(
b1111101 5
#2640000
1(
b100001000 8
0*
#2645000
0%
1"
b100100 $
b100100 >
b0 <
1*
#2646000
0(
b1111110 5
#2650000
b1001010000000000100100 :
1(
b100101 '
b100101 9
b100001001 8
0*
#2655000
1%
b100111 ;
0"
b100111 4
12
01
1*
#2660000
0+
b100001010 8
0*
#2665000
b1 <
b1001010000000000100101 :
b100101 =
02
11
1*
#2666000
0(
b1111111 5
#2670000
b100101 :
1(
b0 '
b0 9
b100001011 8
0*
#2675000
b10 <
1*
#2676000
0(
b10000000 5
#2680000
1(
b10000000 '
b10000000 9
b100001100 8
0*
#2685000
0%
1"
b100101 $
b100101 >
b0 <
1*
#2686000
0(
b10000001 5
#2690000
b1001100000000000100101 :
1(
b100110 '
b100110 9
b100001101 8
0*
#2695000
b1010011 7
b100101 ,
1.
01
1*
#2700000
b100001110 8
0*
#2705000
b1010100 7
1*
#2710000
b100001111 8
0*
#2715000
b1010101 7
1*
#2720000
b100010000 8
0*
#2725000
b1010110 7
1*
#2730000
b100010001 8
0*
#2735000
b1010111 7
1*
#2740000
b100010010 8
0*
#2745000
b1011000 7
1*
#2750000
1+
b100010011 8
0*
#2755000
1%
b101000 ;
0"
b101000 4
0.
12
1*
#2760000
b100010100 8
0*
#2765000
b1 <
b1001100000000000100110 :
b100110 =
02
11
1*
#2766000
0(
b10000010 5
#2770000
b100110 :
1(
b0 '
b0 9
b100010101 8
0*
#2775000
b10 <
1*
#2776000
0(
b10000011 5
#2780000
1(
b100010110 8
0*
#2785000
0%
1"
b100110 $
b100110 >
b0 <
1*
#2786000
0(
b10000100 5
#2790000
b1001110000000000100110 :
1(
b100111 '
b100111 9
b100010111 8
0*
#2795000
1%
b101001 ;
0"
b101001 4
12
01
1*
#2800000
b100011000 8
0*
#2805000
b1 <
b1001110000000000100111 :
b100111 =
02
11
1*
#2806000
0(
b10000101 5
#2810000
b100111 :
1(
b0 '
b0 9
b100011001 8
0*
#2815000
b10 <
1*
#2816000
0(
b10000110 5
#2820000
1(
b10000000 '
b10000000 9
b100011010 8
0*
#2825000
0%
1"
b100111 $
b100111 >
b0 <
1*
#2826000
0(
b10000111 5
#2830000
b1010000000000000100111 :
1(
b101000 '
b101000 9
b100011011 8
0*
#2835000
1%
b101010 ;
0"
b101010 4
12
01
1*
#2840000
b100011100 8
0*
#2845000
b1 <
b1010000000000000101000 :
b101000 =
02
11
1*
#2846000
0(
b10001000 5
#2850000
b101000 :
1(
b0 '
b0 9
0+
b100011101 8
0*
#2855000
b10 <
1*
#2856000
0(
b10001001 5
#2860000
1(
b100011110 8
0*
#2865000
0%
1"
b101000 $
b101000 >
b0 <
1*
#2866000
0(
b10001010 5
#2870000
b100011111 8
0*
#2875000
b1011001 7
b101000 ,
1.
01
1*
#2880000
b1010010000000000101000 :
1(
b101001 '
b101001 9
b100100000 8
0*
#2885000
b1011010 7
1*
#2890000
b100100001 8
0*
#2895000
b1011011 7
1*
#2900000
b100100010 8
0*
#2905000
b1011100 7
1*
#2910000
b100100011 8
0*
#2915000
b1011101 7
1*
#2920000
b100100100 8
0*
#2925000
b1011110 7
1*
#2930000
b100100101 8
0*
#2935000
b1011111 7
1*
#2940000
1+
b100100110 8
0*
#2945000
1%
b101011 ;
0"
b101011 4
0.
12
1*
#2950000
b100100111 8
0*
#2955000
b1 <
b1010010000000000101001 :
b101001 =
02
11
1*
#2956000
0(
b10001011 5
#2960000
b101001 :
1(
b0 '
b0 9
b100101000 8
0*
#2965000
b10 <
1*
#2966000
0(
b10001100 5
#2970000
1(
b10000000 '
b10000000 9
b100101001 8
0*
#2975000
0%
1"
b101001 $
b101001 >
b0 <
1*
#2976000
0(
b10001101 5
#2980000
b1010100000000000101001 :
1(
b101010 '
b101010 9
b100101010 8
0*
#2985000
1%
b101100 ;
0"
b101100 4
12
01
1*
#2990000
b100101011 8
0*
#2995000
b1 <
b1010100000000000101010 :
b101010 =
02
11
1*
#2996000
0(
b10001110 5
#3000000
b101010 :
1(
b0 '
b0 9
b100101100 8
0*
#3005000
b10 <
1*
#3006000
0(
b10001111 5
#3010000
b100101101 8
0*
#3015000
01
1*
#3020000
1(
b100101110 8
0*
#3025000
0%
1"
b101010 $
b101010 >
b0 <
11
1*
#3026000
0(
b10010000 5
#3030000
b1010110000000000101010 :
1(
b101011 '
b101011 9
b100101111 8
0*
#3035000
1%
b101101 ;
0"
b101101 4
12
01
1*
#3040000
0+
b100110000 8
0*
#3045000
b1 <
b1010110000000000101011 :
b101011 =
02
11
1*
#3046000
0(
b10010001 5
#3050000
b101011 :
1(
b0 '
b0 9
b100110001 8
0*
#3055000
b10 <
1*
#3056000
0(
b10010010 5
#3060000
1(
b10000000 '
b10000000 9
b100110010 8
0*
#3065000
0%
1"
b101011 $
b101011 >
b0 <
1*
#3066000
0(
b10010011 5
#3070000
b1011000000000000101011 :
1(
b101100 '
b101100 9
b100110011 8
0*
#3075000
b1100000 7
b101011 ,
1.
01
1*
#3080000
b100110100 8
0*
#3085000
b1100001 7
1*
#3090000
b100110101 8
0*
#3095000
b1100010 7
1*
#3100000
b100110110 8
0*
#3105000
b1100011 7
1*
#3110000
b100110111 8
0*
#3115000
b1100100 7
1*
#3120000
b100111000 8
0*
#3125000
b1100101 7
1*
#3130000
1+
b100111001 8
0*
#3135000
1%
b101110 ;
0"
b101110 4
0.
12
1*
#3140000
b100111010 8
0*
#3145000
b1 <
b1011000000000000101100 :
b101100 =
02
11
1*
#3146000
0(
b10010100 5
#3150000
b100111011 8
0*
#3155000
01
1*
#3160000
b101100 :
1(
b0 '
b0 9
b100111100 8
0*
#3165000
b10 <
11
1*
#3166000
0(
b10010101 5
#3170000
1(
b100111101 8
0*
#3175000
0%
1"
b101100 $
b101100 >
b0 <
1*
#3176000
0(
b10010110 5
#3180000
b1011010000000000101100 :
1(
b101101 '
b101101 9
b100111110 8
0*
#3185000
1%
b101111 ;
0"
b101111 4
12
01
1*
#3190000
b100111111 8
0*
#3195000
b1 <
b1011010000000000101101 :
b101101 =
02
11
1*
#3196000
0(
b10010111 5
#3200000
b101101 :
1(
b0 '
b0 9
b101000000 8
0*
#3205000
b10 <
1*
#3206000
0(
b10011000 5
#3210000
1(
b10000000 '
b10000000 9
b101000001 8
0*
#3215000
0%
1"
b101101 $
b101101 >
b0 <
1*
#3216000
0(
b10011001 5
#3220000
b101000010 8
0*
#3225000
1%
b110000 ;
0"
b110000 4
12
01
1*
#3230000
b1011100000000000101101 :
1(
b101110 '
b101110 9
0+
b101000011 8
0*
#3235000
b1 <
b1011100000000000101110 :
b101110 =
02
11
1*
#3236000
0(
b10011010 5
#3240000
b101110 :
1(
b0 '
b0 9
b101000100 8
0*
#3245000
b10 <
1*
#3246000
0(
b10011011 5
#3250000
1(
b101000101 8
0*
#3255000
0%
1"
b101110 $
b101110 >
b0 <
1*
#3256000
0(
b10011100 5
#3260000
b1011110000000000101110 :
1(
b101111 '
b101111 9
b101000110 8
0*
#3265000
b1100110 7
b101110 ,
1.
01
1*
#3270000
b101000111 8
0*
#3275000
b1100111 7
1*
#3280000
b101001000 8
0*
#3285000
b1101000 7
1*
#3290000
b101001001 8
0*
#3295000
b1101001 7
1*
#3300000
b101001010 8
0*
#3305000
b1101010 7
1*
#3310000
b101001011 8
0*
#3315000
b1101011 7
1*
#3320000
1+
b101001100 8
0*
#3325000
1%
b110001 ;
0"
b110001 4
0.
12
1*
#3330000
b101001101 8
0*
#3335000
b1 <
b1011110000000000101111 :
b101111 =
02
11
1*
#3336000
0(
b10011101 5
#3340000
b101111 :
1(
b0 '
b0 9
b101001110 8
0*
#3345000
b10 <
1*
#3346000
0(
b10011110 5
#3350000
1(
b10000000 '
b10000000 9
b101001111 8
0*
#3355000
0%
1"
b101111 $
b101111 >
b0 <
1*
#3356000
0(
b10011111 5
#3360000
b101010000 8
0*
#3365000
1%
b110010 ;
0"
b110010 4
12
01
1*
#3370000
b1100000000000000101111 :
1(
b110000 '
b110000 9
b101010001 8
0*
#3375000
b1 <
b1100000000000000110000 :
b110000 =
02
11
1*
#3376000
0(
b10100000 5
#3380000
b110000 :
1(
b0 '
b0 9
b101010010 8
0*
#3385000
b10 <
1*
#3386000
0(
b10100001 5
#3390000
1(
b101010011 8
0*
#3395000
0%
1"
b110000 $
b110000 >
b0 <
1*
#3396000
0(
b10100010 5
#3400000
b1100010000000000110000 :
1(
b110001 '
b110001 9
b101010100 8
0*
#3405000
1%
b110011 ;
0"
b110011 4
12
01
1*
#3410000
b101010101 8
0*
#3415000
b1 <
b1100010000000000110001 :
b110001 =
02
11
1*
#3416000
0(
b10100011 5
#3420000
b110001 :
1(
b0 '
b0 9
0+
b101010110 8
0*
#3425000
b10 <
1*
#3426000
0(
b10100100 5
#3430000
b101010111 8
0*
#3435000
01
1*
#3440000
1(
b10000000 '
b10000000 9
b101011000 8
0*
#3445000
0%
1"
b110001 $
b110001 >
b0 <
11
1*
#3446000
0(
b10100101 5
#3450000
b1100100000000000110001 :
1(
b110010 '
b110010 9
b101011001 8
0*
#3455000
b1101100 7
b110001 ,
1.
01
1*
#3460000
b101011010 8
0*
#3465000
b1101101 7
1*
#3470000
b101011011 8
0*
#3475000
b1101110 7
1*
#3480000
b101011100 8
0*
#3485000
b1101111 7
1*
#3490000
b101011101 8
0*
#3495000
b1110000 7
1*
#3500000
b101011110 8
0*
#3505000
b1110001 7
1*
#3510000
1+
b101011111 8
0*
#3515000
1%
b110100 ;
0"
b110100 4
0.
12
1*
#3520000
b101100000 8
0*
#3525000
b1 <
b1100100000000000110010 :
b110010 =
02
11
1*
#3526000
0(
b10100110 5
#3530000
b110010 :
1(
b0 '
b0 9
b101100001 8
0*
#3535000
b10 <
1*
#3536000
0(
b10100111 5
#3540000
1(
b101100010 8
0*
#3545000
0%
1"
b110010 $
b110010 >
b0 <
1*
#3546000
0(
b10101000 5
#3550000
b1100110000000000110010 :
1(
b110011 '
b110011 9
b101100011 8
0*
#3555000
1%
b110101 ;
0"
b110101 4
12
01
1*
#3560000
b101100100 8
0*
#3565000
b1 <
b1100110000000000110011 :
b110011 =
02
11
1*
#3566000
0(
b10101001 5
#3570000
b101100101 8
0*
#3575000
01
1*
#3580000
b110011 :
1(
b0 '
b0 9
b101100110 8
0*
#3585000
b10 <
11
1*
#3586000
0(
b10101010 5
#3590000
1(
b10000000 '
b10000000 9
b101100111 8
0*
#3595000
0%
1"
b110011 $
b110011 >
b0 <
1*
#3596000
0(
b10101011 5
#3600000
b1101000000000000110011 :
1(
b110100 '
b110100 9
b101101000 8
0*
#3605000
1%
b110110 ;
0"
b110110 4
12
01
1*
#3610000
0+
b101101001 8
0*
#3615000
b1 <
b1101000000000000110100 :
b110100 =
02
11
1*
#3616000
0(
b10101100 5
#3620000
b110100 :
1(
b0 '
b0 9
b101101010 8
0*
#3625000
b10 <
1*
#3626000
0(
b10101101 5
#3630000
1(
b101101011 8
0*
#3635000
0%
1"
b110100 $
b110100 >
b0 <
1*
#3636000
0(
b10101110 5
#3640000
b101101100 8
0*
#3645000
b1110010 7
b110100 ,
1.
01
1*
#3650000
b1101010000000000110100 :
1(
b110101 '
b110101 9
b101101101 8
0*
#3655000
b1110011 7
1*
#3660000
b101101110 8
0*
#3665000
b1110100 7
1*
#3670000
b101101111 8
0*
#3675000
b1110101 7
1*
#3680000
b101110000 8
0*
#3685000
b1110110 7
1*
#3690000
b101110001 8
0*
#3695000
b1110111 7
1*
#3700000
1+
b101110010 8
0*
#3705000
1%
b110111 ;
0"
b110111 4
0.
12
1*
#3710000
b101110011 8
0*
#3715000
b1 <
b1101010000000000110101 :
b110101 =
02
11
1*
#3716000
0(
b10101111 5
#3720000
b110101 :
1(
b0 '
b0 9
b101110100 8
0*
#3725000
b10 <
1*
#3726000
0(
b10110000 5
#3730000
1(
b10000000 '
b10000000 9
b101110101 8
0*
#3735000
0%
1"
b110101 $
b110101 >
b0 <
1*
#3736000
0(
b10110001 5
#3740000
b1101100000000000110101 :
1(
b110110 '
b110110 9
b101110110 8
0*
#3745000
1%
b111000 ;
0"
b111000 4
12
01
1*
#3750000
b101110111 8
0*
#3755000
b1 <
b1101100000000000110110 :
b110110 =
02
11
1*
#3756000
0(
b10110010 5
#3760000
b110110 :
1(
b0 '
b0 9
b101111000 8
0*
#3765000
b10 <
1*
#3766000
0(
b10110011 5
#3770000
1(
b101111001 8
0*
#3775000
0%
1"
b110110 $
b110110 >
b0 <
1*
#3776000
0(
b10110100 5
#3780000
b101111010 8
0*
#3785000
1%
b111001 ;
0"
b111001 4
12
01
1*
#3790000
b1101110000000000110110 :
1(
b110111 '
b110111 9
b101111011 8
0*
#3795000
b1 <
b1101110000000000110111 :
b110111 =
02
11
1*
#3796000
0(
b10110101 5
#3800000
b110111 :
1(
b0 '
b0 9
0+
b101111100 8
0*
#3805000
b10 <
1*
#3806000
0(
b10110110 5
#3810000
1(
b10000000 '
b10000000 9
b101111101 8
0*
#3815000
0%
1"
b110111 $
b110111 >
b0 <
1*
#3816000
0(
b10110111 5
#3820000
b1110000000000000110111 :
1(
b111000 '
b111000 9
b101111110 8
0*
#3825000
b1111000 7
b110111 ,
1.
01
1*
#3830000
b101111111 8
0*
#3835000
b1111001 7
1*
#3840000
b110000000 8
0*
#3845000
b1111010 7
1*
#3850000
b110000001 8
0*
#3855000
b1111011 7
1*
#3860000
b110000010 8
0*
#3865000
b1111100 7
1*
#3870000
b110000011 8
0*
#3875000
b1111101 7
1*
#3880000
b110000100 8
0*
#3885000
b1111110 7
1*
#3890000
1+
b110000101 8
0*
#3895000
1%
b111010 ;
0"
b111010 4
0.
12
1*
#3900000
b110000110 8
0*
#3905000
b1 <
b1110000000000000111000 :
b111000 =
02
11
1*
#3906000
0(
b10111000 5
#3910000
b111000 :
1(
b0 '
b0 9
b110000111 8
0*
#3915000
b10 <
1*
#3916000
0(
b10111001 5
#3920000
b110001000 8
0*
#3925000
01
1*
#3930000
1(
b110001001 8
0*
#3935000
0%
1"
b111000 $
b111000 >
b0 <
11
1*
#3936000
0(
b10111010 5
#3940000
b1110010000000000111000 :
1(
b111001 '
b111001 9
b110001010 8
0*
#3945000
1%
b111011 ;
0"
b111011 4
12
01
1*
#3950000
b110001011 8
0*
#3955000
b1 <
b1110010000000000111001 :
b111001 =
02
11
1*
#3956000
0(
b10111011 5
#3960000
b111001 :
1(
b0 '
b0 9
b110001100 8
0*
#3965000
b10 <
1*
#3966000
0(
b10111100 5
#3970000
1(
b10000000 '
b10000000 9
b110001101 8
0*
#3975000
0%
1"
b111001 $
b111001 >
b0 <
1*
#3976000
0(
b10111101 5
#3980000
b1110100000000000111001 :
1(
b111010 '
b111010 9
b110001110 8
0*
#3985000
1%
b111100 ;
0"
b111100 4
12
01
1*
#3990000
0+
b110001111 8
0*
#3995000
b1 <
b1110100000000000111010 :
b111010 =
02
11
1*
#3996000
0(
b10111110 5
#4000000
b111010 :
1(
b0 '
b0 9
b110010000 8
0*
#4005000
b10 <
1*
#4006000
0(
b10111111 5
#4010000
1(
b110010001 8
0*
#4015000
0%
1"
b111010 $
b111010 >
b0 <
1*
#4016000
0(
b11000000 5
#4020000
b1110110000000000111010 :
1(
b111011 '
b111011 9
b110010010 8
0*
#4025000
b1111111 7
b111010 ,
1.
01
1*
#4030000
b110010011 8
0*
#4035000
b10000000 7
1*
#4040000
b110010100 8
0*
#4045000
b10000001 7
1*
#4050000
b110010101 8
0*
#4055000
b10000010 7
1*
#4060000
b110010110 8
0*
#4065000
b10000011 7
1*
#4070000
b110010111 8
0*
#4075000
b10000100 7
1*
#4080000
1+
b110011000 8
0*
#4085000
1%
b111101 ;
0"
b111101 4
0.
12
1*
#4090000
b110011001 8
0*
#4095000
b1 <
b1110110000000000111011 :
b111011 =
02
11
1*
#4096000
0(
b11000001 5
#4100000
b111011 :
1(
b0 '
b0 9
b110011010 8
0*
#4105000
b10 <
1*
#4106000
0(
b11000010 5
#4110000
1(
b10000000 '
b10000000 9
b110011011 8
0*
#4115000
0%
1"
b111011 $
b111011 >
b0 <
1*
#4116000
0(
b11000011 5
#4120000
b1111000000000000111011 :
1(
b111100 '
b111100 9
b110011100 8
0*
#4125000
1%
b111110 ;
0"
b111110 4
12
01
1*
#4130000
b110011101 8
0*
#4135000
b1 <
b1111000000000000111100 :
b111100 =
02
11
1*
#4136000
0(
b11000100 5
#4140000
b111100 :
1(
b0 '
b0 9
b110011110 8
0*
#4145000
b10 <
1*
#4146000
0(
b11000101 5
#4150000
1(
b110011111 8
0*
#4155000
0%
1"
b111100 $
b111100 >
b0 <
1*
#4156000
0(
b11000110 5
#4160000
b1111010000000000111100 :
1(
b111101 '
b111101 9
b110100000 8
0*
#4165000
1%
b111111 ;
0"
b111111 4
12
01
1*
#4170000
b110100001 8
0*
#4175000
b1 <
b1111010000000000111101 :
b111101 =
02
11
1*
#4176000
0(
b11000111 5
#4180000
b111101 :
1(
b0 '
b0 9
0+
b110100010 8
0*
#4185000
b10 <
1*
#4186000
0(
b11001000 5
#4190000
1(
b10000000 '
b10000000 9
b110100011 8
0*
#4195000
0%
1"
b111101 $
b111101 >
b0 <
1*
#4196000
0(
b11001001 5
#4200000
b110100100 8
0*
#4205000
b10000101 7
b111101 ,
1.
01
1*
#4210000
b1111100000000000111101 :
1(
b111110 '
b111110 9
b110100101 8
0*
#4215000
b10000110 7
1*
#4220000
b110100110 8
0*
#4225000
b10000111 7
1*
#4230000
b110100111 8
0*
#4235000
b10001000 7
1*
#4240000
b110101000 8
0*
#4245000
b10001001 7
1*
#4250000
b110101001 8
0*
#4255000
b10001010 7
1*
#4260000
b110101010 8
0*
#4265000
b10001011 7
1*
#4270000
1+
b110101011 8
0*
#4275000
1%
b1000000 ;
0"
b1000000 4
0.
12
1*
#4280000
b110101100 8
0*
#4285000
b1 <
b1111100000000000111110 :
b111110 =
02
11
1*
#4286000
0(
b11001010 5
#4290000
b111110 :
1(
b0 '
b0 9
b110101101 8
0*
#4295000
b10 <
1*
#4296000
0(
b11001011 5
#4300000
1(
b110101110 8
0*
#4305000
0%
1"
b111110 $
b111110 >
b0 <
1*
#4306000
0(
b11001100 5
#4310000
b1111110000000000111110 :
1(
b111111 '
b111111 9
b110101111 8
0*
#4315000
1%
b1000001 ;
0"
b1000001 4
12
01
1*
#4320000
b110110000 8
0*
#4325000
b1 <
b1111110000000000111111 :
b111111 =
02
11
1*
#4326000
0(
b11001101 5
#4330000
b111111 :
1(
b0 '
b0 9
b110110001 8
0*
#4335000
b10 <
1*
#4336000
0(
b11001110 5
#4340000
b110110010 8
0*
#4345000
01
1*
#4350000
1(
b10000000 '
b10000000 9
b110110011 8
0*
#4355000
0%
1"
b111111 $
b111111 >
b0 <
11
1*
#4356000
0(
b11001111 5
#4360000
b10000000000000000111111 :
1(
b1000000 '
b1000000 9
b110110100 8
0*
#4365000
1%
b1000010 ;
0"
b1000010 4
12
01
1*
#4370000
0+
b110110101 8
0*
#4375000
b1 <
b10000000000000001000000 :
b1000000 =
02
11
1*
#4376000
0(
b11010000 5
#4380000
b1000000 :
1(
b0 '
b0 9
b110110110 8
0*
#4385000
b10 <
1*
#4386000
0(
b11010001 5
#4390000
1(
b110110111 8
0*
#4395000
0%
1"
b1000000 $
b1000000 >
b0 <
1*
#4396000
0(
b11010010 5
#4400000
b10000010000000001000000 :
1(
b1000001 '
b1000001 9
b110111000 8
0*
#4405000
b10001100 7
b1000000 ,
1.
01
1*
#4410000
b110111001 8
0*
#4415000
b10001101 7
1*
#4420000
b110111010 8
0*
#4425000
b10001110 7
1*
#4430000
b110111011 8
0*
#4435000
b10001111 7
1*
#4440000
b110111100 8
0*
#4445000
b10010000 7
1*
#4450000
b110111101 8
0*
#4455000
b10010001 7
1*
#4460000
1+
b110111110 8
0*
#4465000
1%
b1000011 ;
0"
b1000011 4
0.
12
1*
#4470000
b110111111 8
0*
#4475000
b1 <
b10000010000000001000001 :
b1000001 =
02
11
1*
#4476000
0(
b11010011 5
#4480000
b111000000 8
0*
#4485000
01
1*
#4490000
b1000001 :
1(
b0 '
b0 9
b111000001 8
0*
#4495000
b10 <
11
1*
#4496000
0(
b11010100 5
#4500000
1(
b10000000 '
b10000000 9
b111000010 8
0*
#4505000
0%
1"
b1000001 $
b1000001 >
b0 <
1*
#4506000
0(
b11010101 5
#4510000
b10000100000000001000001 :
1(
b1000010 '
b1000010 9
b111000011 8
0*
#4515000
1%
b1000100 ;
0"
b1000100 4
12
01
1*
#4520000
b111000100 8
0*
#4525000
b1 <
b10000100000000001000010 :
b1000010 =
02
11
1*
#4526000
0(
b11010110 5
#4530000
b1000010 :
1(
b0 '
b0 9
b111000101 8
0*
#4535000
b10 <
1*
#4536000
0(
b11010111 5
#4540000
1(
b111000110 8
0*
#4545000
0%
1"
b1000010 $
b1000010 >
b0 <
1*
#4546000
0(
b11011000 5
#4550000
b111000111 8
0*
#4555000
1%
b1000101 ;
0"
b1000101 4
12
01
1*
#4560000
b10000110000000001000010 :
1(
b1000011 '
b1000011 9
0+
b111001000 8
0*
#4565000
b1 <
b10000110000000001000011 :
b1000011 =
02
11
1*
#4566000
0(
b11011001 5
#4570000
b1000011 :
1(
b0 '
b0 9
b111001001 8
0*
#4575000
b10 <
1*
#4576000
0(
b11011010 5
#4580000
1(
b10000000 '
b10000000 9
b111001010 8
0*
#4585000
0%
1"
b1000011 $
b1000011 >
b0 <
1*
#4586000
0(
b11011011 5
#4590000
b10001000000000001000011 :
1(
b1000100 '
b1000100 9
b111001011 8
0*
#4595000
b10010010 7
b1000011 ,
1.
01
1*
#4600000
b111001100 8
0*
#4605000
b10010011 7
1*
#4610000
b111001101 8
0*
#4615000
b10010100 7
1*
#4620000
b111001110 8
0*
#4625000
b10010101 7
1*
#4630000
b111001111 8
0*
#4635000
b10010110 7
1*
#4640000
b111010000 8
0*
#4645000
b10010111 7
1*
#4650000
1+
b111010001 8
0*
#4655000
1%
b1000110 ;
0"
b1000110 4
0.
12
1*
#4660000
b111010010 8
0*
#4665000
b1 <
b10001000000000001000100 :
b1000100 =
02
11
1*
#4666000
0(
b11011100 5
#4670000
b1000100 :
1(
b0 '
b0 9
b111010011 8
0*
#4675000
b10 <
1*
#4676000
0(
b11011101 5
#4680000
1(
b111010100 8
0*
#4685000
0%
1"
b1000100 $
b1000100 >
b0 <
1*
#4686000
0(
b11011110 5
#4690000
b111010101 8
0*
#4695000
1%
b1000111 ;
0"
b1000111 4
12
01
1*
#4700000
b10001010000000001000100 :
1(
b1000101 '
b1000101 9
b111010110 8
0*
#4705000
b1 <
b10001010000000001000101 :
b1000101 =
02
11
1*
#4706000
0(
b11011111 5
#4710000
b1000101 :
1(
b0 '
b0 9
b111010111 8
0*
#4715000
b10 <
1*
#4716000
0(
b11100000 5
#4720000
1(
b10000000 '
b10000000 9
b111011000 8
0*
#4725000
0%
1"
b1000101 $
b1000101 >
b0 <
1*
#4726000
0(
b11100001 5
#4730000
b10001100000000001000101 :
1(
b1000110 '
b1000110 9
b111011001 8
0*
#4735000
1%
b1001000 ;
0"
b1001000 4
12
01
1*
#4740000
b111011010 8
0*
#4745000
b1 <
b10001100000000001000110 :
b1000110 =
02
11
1*
#4746000
0(
b11100010 5
#4750000
b1000110 :
1(
b0 '
b0 9
0+
b111011011 8
0*
#4755000
b10 <
1*
#4756000
0(
b11100011 5
#4760000
b111011100 8
0*
#4765000
01
1*
#4770000
1(
b111011101 8
0*
#4775000
0%
1"
b1000110 $
b1000110 >
b0 <
11
1*
#4776000
0(
b11100100 5
#4780000
b10001110000000001000110 :
1(
b1000111 '
b1000111 9
b111011110 8
0*
#4785000
b10011000 7
b1000110 ,
1.
01
1*
#4790000
b111011111 8
0*
#4795000
b10011001 7
1*
#4800000
b111100000 8
0*
#4805000
b10011010 7
1*
#4810000
b111100001 8
0*
#4815000
b10011011 7
1*
#4820000
b111100010 8
0*
#4825000
b10011100 7
1*
#4830000
b111100011 8
0*
#4835000
b10011101 7
1*
#4840000
1+
b111100100 8
0*
#4845000
1%
b1001001 ;
0"
b1001001 4
0.
12
1*
#4850000
b111100101 8
0*
#4855000
b1 <
b10001110000000001000111 :
b1000111 =
02
11
1*
#4856000
0(
b11100101 5
#4860000
b1000111 :
1(
b0 '
b0 9
b111100110 8
0*
#4865000
b10 <
1*
#4866000
0(
b11100110 5
#4870000
1(
b10000000 '
b10000000 9
b111100111 8
0*
#4875000
0%
1"
b1000111 $
b1000111 >
b0 <
1*
#4876000
0(
b11100111 5
#4880000
b10010000000000001000111 :
1(
b1001000 '
b1001000 9
b111101000 8
0*
#4885000
1%
b1001010 ;
0"
b1001010 4
12
01
1*
#4890000
b111101001 8
0*
#4895000
b1 <
b10010000000000001001000 :
b1001000 =
02
11
1*
#4896000
0(
b11101000 5
#4900000
b111101010 8
0*
#4905000
01
1*
#4910000
b1001000 :
1(
b0 '
b0 9
b111101011 8
0*
#4915000
b10 <
11
1*
#4916000
0(
b11101001 5
#4920000
1(
b111101100 8
0*
#4925000
0%
1"
b1001000 $
b1001000 >
b0 <
1*
#4926000
0(
b11101010 5
#4930000
b10010010000000001001000 :
1(
b1001001 '
b1001001 9
b111101101 8
0*
#4935000
1%
b1001011 ;
0"
b1001011 4
12
01
1*
#4940000
0+
b111101110 8
0*
#4945000
b1 <
b10010010000000001001001 :
b1001001 =
02
11
1*
#4946000
0(
b11101011 5
#4950000
b1001001 :
1(
b0 '
b0 9
b111101111 8
0*
#4955000
b10 <
1*
#4956000
0(
b11101100 5
#4960000
1(
b10000000 '
b10000000 9
b111110000 8
0*
#4965000
0%
1"
b1001001 $
b1001001 >
b0 <
1*
#4966000
0(
b11101101 5
#4970000
b111110001 8
0*
#4975000
b10011110 7
b1001001 ,
1.
01
1*
#4980000
b10010100000000001001001 :
1(
b1001010 '
b1001010 9
b111110010 8
0*
#4985000
b10011111 7
1*
#4990000
b111110011 8
0*
#4995000
b10100000 7
1*
#5000000
b111110100 8
0*
#5005000
b10100001 7
1*
#5010000
b111110101 8
0*
#5015000
b10100010 7
1*
#5020000
b111110110 8
0*
#5025000
b10100011 7
1*
#5030000
1+
b111110111 8
0*
#5035000
1%
b1001100 ;
0"
b1001100 4
0.
12
1*
#5040000
b111111000 8
0*
#5045000
b1 <
b10010100000000001001010 :
b1001010 =
02
11
1*
#5046000
0(
b11101110 5
#5050000
b1001010 :
1(
b0 '
b0 9
b111111001 8
0*
#5055000
b10 <
1*
#5056000
0(
b11101111 5
#5060000
1(
b111111010 8
0*
#5065000
0%
1"
b1001010 $
b1001010 >
b0 <
1*
#5066000
0(
b11110000 5
#5070000
b10010110000000001001010 :
1(
b1001011 '
b1001011 9
b111111011 8
0*
#5075000
1%
b1001101 ;
0"
b1001101 4
12
01
1*
#5080000
b111111100 8
0*
#5085000
b1 <
b10010110000000001001011 :
b1001011 =
02
11
1*
#5086000
0(
b11110001 5
#5090000
b1001011 :
1(
b0 '
b0 9
b111111101 8
0*
#5095000
b10 <
1*
#5096000
0(
b11110010 5
#5100000
1(
b10000000 '
b10000000 9
b111111110 8
0*
#5105000
0%
1"
b1001011 $
b1001011 >
b0 <
1*
#5106000
0(
b11110011 5
#5110000
b111111111 8
0*
#5115000
1%
b1001110 ;
0"
b1001110 4
12
01
1*
#5120000
b10011000000000001001011 :
1(
b1001100 '
b1001100 9
b1000000000 8
0*
#5125000
b1 <
b10011000000000001001100 :
b1001100 =
02
11
1*
#5126000
0(
b11110100 5
#5130000
b1001100 :
1(
b0 '
b0 9
0+
b1000000001 8
0*
#5135000
b10 <
1*
#5136000
0(
b11110101 5
#5140000
1(
b1000000010 8
0*
#5145000
0%
1"
b1001100 $
b1001100 >
b0 <
1*
#5146000
0(
b11110110 5
#5150000
b10011010000000001001100 :
1(
b1001101 '
b1001101 9
b1000000011 8
0*
#5155000
b10100100 7
b1001100 ,
1.
01
1*
#5160000
b1000000100 8
0*
#5165000
b10100101 7
1*
#5170000
b1000000101 8
0*
#5175000
b10100110 7
1*
#5180000
b1000000110 8
0*
#5185000
b10100111 7
1*
#5190000
b1000000111 8
0*
#5195000
b10101000 7
1*
#5200000
b1000001000 8
0*
#5205000
b10101001 7
1*
#5210000
b1000001001 8
0*
#5215000
b10101010 7
1*
#5220000
1+
b1000001010 8
0*
#5225000
1%
b1001111 ;
0"
b1001111 4
0.
12
1*
#5230000
b1000001011 8
0*
#5235000
b1 <
b10011010000000001001101 :
b1001101 =
02
11
1*
#5236000
0(
b11110111 5
#5240000
b1001101 :
1(
b0 '
b0 9
b1000001100 8
0*
#5245000
b10 <
1*
#5246000
0(
b11111000 5
#5250000
b1000001101 8
0*
#5255000
01
1*
#5260000
1(
b10000000 '
b10000000 9
b1000001110 8
0*
#5265000
0%
1"
b1001101 $
b1001101 >
b0 <
11
1*
#5266000
0(
b11111001 5
#5270000
b10011100000000001001101 :
1(
b1001110 '
b1001110 9
b1000001111 8
0*
#5275000
1%
b1010000 ;
0"
b1010000 4
12
01
1*
#5280000
b1000010000 8
0*
#5285000
b1 <
b10011100000000001001110 :
b1001110 =
02
11
1*
#5286000
0(
b11111010 5
#5290000
b1001110 :
1(
b0 '
b0 9
b1000010001 8
0*
#5295000
b10 <
1*
#5296000
0(
b11111011 5
#5300000
1(
b1000010010 8
0*
#5305000
0%
1"
b1001110 $
b1001110 >
b0 <
1*
#5306000
0(
b11111100 5
#5310000
b10011110000000001001110 :
1(
b1001111 '
b1001111 9
b1000010011 8
0*
#5315000
1%
b1010001 ;
0"
b1010001 4
12
01
1*
#5320000
0+
b1000010100 8
0*
#5325000
b1 <
b10011110000000001001111 :
b1001111 =
02
11
1*
#5326000
0(
b11111101 5
#5330000
b1001111 :
1(
b0 '
b0 9
b1000010101 8
0*
#5335000
b10 <
1*
#5336000
0(
b11111110 5
#5340000
1(
b10000000 '
b10000000 9
b1000010110 8
0*
#5345000
0%
1"
b1001111 $
b1001111 >
b0 <
1*
#5346000
0(
b11111111 5
#5350000
b10100000000000001001111 :
1(
b1010000 '
b1010000 9
b1000010111 8
0*
#5355000
b10101011 7
b1001111 ,
1.
01
1*
#5360000
b1000011000 8
0*
#5365000
b10101100 7
1*
#5370000
b1000011001 8
0*
#5375000
b10101101 7
1*
#5380000
b1000011010 8
0*
#5385000
b10101110 7
1*
#5390000
b1000011011 8
0*
#5395000
b10101111 7
1*
#5400000
b1000011100 8
0*
#5405000
b10110000 7
1*
#5410000
1+
b1000011101 8
0*
#5415000
1%
b1010010 ;
0"
b1010010 4
0.
12
1*
#5420000
b1000011110 8
0*
#5425000
b1 <
b10100000000000001010000 :
b1010000 =
02
11
1*
#5426000
0(
b100000000 5
#5430000
b1010000 :
1(
b0 '
b0 9
b1000011111 8
0*
#5435000
b10 <
1*
#5436000
0(
b100000001 5
#5440000
1(
b1000100000 8
0*
#5445000
0%
1"
b1010000 $
b1010000 >
b0 <
1*
#5446000
0(
b100000010 5
#5450000
b10100010000000001010000 :
1(
b1010001 '
b1010001 9
b1000100001 8
0*
#5455000
1%
b1010011 ;
0"
b1010011 4
12
01
1*
#5460000
b1000100010 8
0*
#5465000
b1 <
b10100010000000001010001 :
b1010001 =
02
11
1*
#5466000
0(
b100000011 5
#5470000
b1010001 :
1(
b0 '
b0 9
b1000100011 8
0*
#5475000
b10 <
1*
#5476000
0(
b100000100 5
#5480000
1(
b10000000 '
b10000000 9
b1000100100 8
0*
#5485000
0%
1"
b1010001 $
b1010001 >
b0 <
1*
#5486000
0(
b100000101 5
#5490000
b10100100000000001010001 :
1(
b1010010 '
b1010010 9
b1000100101 8
0*
#5495000
1%
b1010100 ;
0"
b1010100 4
12
01
1*
#5500000
b1000100110 8
0*
#5505000
b1 <
b10100100000000001010010 :
b1010010 =
02
11
1*
#5506000
0(
b100000110 5
#5510000
b1010010 :
1(
b0 '
b0 9
0+
b1000100111 8
0*
#5515000
b10 <
1*
#5516000
0(
b100000111 5
#5520000
1(
b1000101000 8
0*
#5525000
0%
1"
b1010010 $
b1010010 >
b0 <
1*
#5526000
0(
b100001000 5
#5530000
b1000101001 8
0*
#5535000
b10110001 7
b1010010 ,
1.
01
1*
#5540000
b10100110000000001010010 :
1(
b1010011 '
b1010011 9
b1000101010 8
0*
#5545000
b10110010 7
1*
#5550000
b1000101011 8
0*
#5555000
b10110011 7
1*
#5560000
b1000101100 8
0*
#5565000
b10110100 7
1*
#5570000
b1000101101 8
0*
#5575000
b10110101 7
1*
#5580000
b1000101110 8
0*
#5585000
b10110110 7
1*
#5590000
b1000101111 8
0*
#5595000
b10110111 7
1*
#5600000
1+
b1000110000 8
0*
#5605000
1%
b1010101 ;
0"
b1010101 4
0.
12
1*
#5610000
b1000110001 8
0*
#5615000
b1 <
b10100110000000001010011 :
b1010011 =
02
11
1*
#5616000
0(
b100001001 5
#5620000
b1010011 :
1(
b0 '
b0 9
b1000110010 8
0*
#5625000
b10 <
1*
#5626000
0(
b100001010 5
#5630000
1(
b10000000 '
b10000000 9
b1000110011 8
0*
#5635000
0%
1"
b1010011 $
b1010011 >
b0 <
1*
#5636000
0(
b100001011 5
#5640000
b10101000000000001010011 :
1(
b1010100 '
b1010100 9
b1000110100 8
0*
#5645000
1%
b1010110 ;
0"
b1010110 4
12
01
1*
#5650000
b1000110101 8
0*
#5655000
b1 <
b10101000000000001010100 :
b1010100 =
02
11
1*
#5656000
0(
b100001100 5
#5660000
b1010100 :
1(
b0 '
b0 9
b1000110110 8
0*
#5665000
b10 <
1*
#5666000
0(
b100001101 5
#5670000
b1000110111 8
0*
#5675000
01
1*
#5680000
1(
b1000111000 8
0*
#5685000
0%
1"
b1010100 $
b1010100 >
b0 <
11
1*
#5686000
0(
b100001110 5
#5690000
b10101010000000001010100 :
1(
b1010101 '
b1010101 9
b1000111001 8
0*
#5695000
1%
b1010111 ;
0"
b1010111 4
12
01
1*
#5700000
0+
b1000111010 8
0*
#5705000
b1 <
b10101010000000001010101 :
b1010101 =
02
11
1*
#5706000
0(
b100001111 5
#5710000
b1010101 :
1(
b0 '
b0 9
b1000111011 8
0*
#5715000
b10 <
1*
#5716000
0(
b100010000 5
#5720000
1(
b10000000 '
b10000000 9
b1000111100 8
0*
#5725000
0%
1"
b1010101 $
b1010101 >
b0 <
1*
#5726000
0(
b100010001 5
#5730000
b10101100000000001010101 :
1(
b1010110 '
b1010110 9
b1000111101 8
0*
#5735000
b10111000 7
b1010101 ,
1.
01
1*
#5740000
b1000111110 8
0*
#5745000
b10111001 7
1*
#5750000
b1000111111 8
0*
#5755000
b10111010 7
1*
#5760000
b1001000000 8
0*
#5765000
b10111011 7
1*
#5770000
b1001000001 8
0*
#5775000
b10111100 7
1*
#5780000
b1001000010 8
0*
#5785000
b10111101 7
1*
#5790000
1+
b1001000011 8
0*
#5795000
1%
b1011000 ;
0"
b1011000 4
0.
12
1*
#5800000
b1001000100 8
0*
#5805000
b1 <
b10101100000000001010110 :
b1010110 =
02
11
1*
#5806000
0(
b100010010 5
#5810000
b1001000101 8
0*
#5815000
01
1*
#5820000
b1010110 :
1(
b0 '
b0 9
b1001000110 8
0*
#5825000
b10 <
11
1*
#5826000
0(
b100010011 5
#5830000
1(
b1001000111 8
0*
#5835000
0%
1"
b1010110 $
b1010110 >
b0 <
1*
#5836000
0(
b100010100 5
#5840000
b10101110000000001010110 :
1(
b1010111 '
b1010111 9
b1001001000 8
0*
#5845000
1%
b1011001 ;
0"
b1011001 4
12
01
1*
#5850000
b1001001001 8
0*
#5855000
b1 <
b10101110000000001010111 :
b1010111 =
02
11
1*
#5856000
0(
b100010101 5
#5860000
b1010111 :
1(
b0 '
b0 9
b1001001010 8
0*
#5865000
b10 <
1*
#5866000
0(
b100010110 5
#5870000
1(
b10000000 '
b10000000 9
b1001001011 8
0*
#5875000
0%
1"
b1010111 $
b1010111 >
b0 <
1*
#5876000
0(
b100010111 5
#5880000
b1001001100 8
0*
#5885000
1%
b1011010 ;
0"
b1011010 4
12
01
1*
#5890000
b10110000000000001010111 :
1(
b1011000 '
b1011000 9
0+
b1001001101 8
0*
#5895000
b1 <
b10110000000000001011000 :
b1011000 =
02
11
1*
#5896000
0(
b100011000 5
#5900000
b1011000 :
1(
b0 '
b0 9
b1001001110 8
0*
#5905000
b10 <
1*
#5906000
0(
b100011001 5
#5910000
1(
b1001001111 8
0*
#5915000
0%
1"
b1011000 $
b1011000 >
b0 <
1*
#5916000
0(
b100011010 5
#5920000
b10110010000000001011000 :
1(
b1011001 '
b1011001 9
b1001010000 8
0*
#5925000
b10111110 7
b1011000 ,
1.
01
1*
#5930000
b1001010001 8
0*
#5935000
b10111111 7
1*
#5940000
b1001010010 8
0*
#5945000
b11000000 7
1*
#5950000
b1001010011 8
0*
#5955000
b11000001 7
1*
#5960000
b1001010100 8
0*
#5965000
b11000010 7
1*
#5970000
b1001010101 8
0*
#5975000
b11000011 7
1*
#5980000
1+
b1001010110 8
0*
#5985000
1%
b1011011 ;
0"
b1011011 4
0.
12
1*
#5990000
b1001010111 8
0*
#5995000
b1 <
b10110010000000001011001 :
b1011001 =
02
11
1*
#5996000
0(
b100011011 5
#6000000
b1011001 :
1(
b0 '
b0 9
b1001011000 8
0*
#6005000
b10 <
1*
#6006000
0(
b100011100 5
#6010000
1(
b10000000 '
b10000000 9
b1001011001 8
0*
#6015000
0%
1"
b1011001 $
b1011001 >
b0 <
1*
#6016000
0(
b100011101 5
#6020000
b1001011010 8
0*
#6025000
1%
b1011100 ;
0"
b1011100 4
12
01
1*
#6030000
b10110100000000001011001 :
1(
b1011010 '
b1011010 9
b1001011011 8
0*
#6035000
b1 <
b10110100000000001011010 :
b1011010 =
02
11
1*
#6036000
0(
b100011110 5
#6040000
b1011010 :
1(
b0 '
b0 9
b1001011100 8
0*
#6045000
b10 <
1*
#6046000
0(
b100011111 5
#6050000
1(
b1001011101 8
0*
#6055000
0%
1"
b1011010 $
b1011010 >
b0 <
1*
#6056000
0(
b100100000 5
#6060000
b10110110000000001011010 :
1(
b1011011 '
b1011011 9
b1001011110 8
0*
#6065000
1%
b1011101 ;
0"
b1011101 4
12
01
1*
#6070000
b1001011111 8
0*
#6075000
b1 <
b10110110000000001011011 :
b1011011 =
02
11
1*
#6076000
0(
b100100001 5
#6080000
b1011011 :
1(
b0 '
b0 9
0+
b1001100000 8
0*
#6085000
b10 <
1*
#6086000
0(
b100100010 5
#6090000
b1001100001 8
0*
#6095000
01
1*
#6100000
1(
b10000000 '
b10000000 9
b1001100010 8
0*
#6105000
0%
1"
b1011011 $
b1011011 >
b0 <
11
1*
#6106000
0(
b100100011 5
#6110000
b10111000000000001011011 :
1(
b1011100 '
b1011100 9
b1001100011 8
0*
#6115000
b11000100 7
b1011011 ,
1.
01
1*
#6120000
b1001100100 8
0*
#6125000
b11000101 7
1*
#6130000
b1001100101 8
0*
#6135000
b11000110 7
1*
#6140000
b1001100110 8
0*
#6145000
b11000111 7
1*
#6150000
b1001100111 8
0*
#6155000
b11001000 7
1*
#6160000
b1001101000 8
0*
#6165000
b11001001 7
1*
#6170000
1+
b1001101001 8
0*
#6175000
1%
b1011110 ;
0"
b1011110 4
0.
12
1*
#6180000
b1001101010 8
0*
#6185000
b1 <
b10111000000000001011100 :
b1011100 =
02
11
1*
#6186000
0(
b100100100 5
#6190000
b1011100 :
1(
b0 '
b0 9
b1001101011 8
0*
#6195000
b10 <
1*
#6196000
0(
b100100101 5
#6200000
1(
b1001101100 8
0*
#6205000
0%
1"
b1011100 $
b1011100 >
b0 <
1*
#6206000
0(
b100100110 5
#6210000
b10111010000000001011100 :
1(
b1011101 '
b1011101 9
b1001101101 8
0*
#6215000
1%
b1011111 ;
0"
b1011111 4
12
01
1*
#6220000
b1001101110 8
0*
#6225000
b1 <
b10111010000000001011101 :
b1011101 =
02
11
1*
#6226000
0(
b100100111 5
#6230000
b1001101111 8
0*
#6235000
01
1*
#6240000
b1011101 :
1(
b0 '
b0 9
b1001110000 8
0*
#6245000
b10 <
11
1*
#6246000
0(
b100101000 5
#6250000
1(
b10000000 '
b10000000 9
b1001110001 8
0*
#6255000
0%
1"
b1011101 $
b1011101 >
b0 <
1*
#6256000
0(
b100101001 5
#6260000
b10111100000000001011101 :
1(
b1011110 '
b1011110 9
b1001110010 8
0*
#6265000
1%
b1100000 ;
0"
b1100000 4
12
01
1*
#6270000
0+
b1001110011 8
0*
#6275000
b1 <
b10111100000000001011110 :
b1011110 =
02
11
1*
#6276000
0(
b100101010 5
#6280000
b1011110 :
1(
b0 '
b0 9
b1001110100 8
0*
#6285000
b10 <
1*
#6286000
0(
b100101011 5
#6290000
1(
b1001110101 8
0*
#6295000
0%
1"
b1011110 $
b1011110 >
b0 <
1*
#6296000
0(
b100101100 5
#6300000
b1001110110 8
0*
#6305000
b11001010 7
b1011110 ,
1.
01
1*
#6310000
b10111110000000001011110 :
1(
b1011111 '
b1011111 9
b1001110111 8
0*
#6315000
b11001011 7
1*
#6320000
b1001111000 8
0*
#6325000
b11001100 7
1*
#6330000
b1001111001 8
0*
#6335000
b11001101 7
1*
#6340000
b1001111010 8
0*
#6345000
b11001110 7
1*
#6350000
b1001111011 8
0*
#6355000
b11001111 7
1*
#6360000
1+
b1001111100 8
0*
#6365000
1%
b1100001 ;
0"
b1100001 4
0.
12
1*
#6370000
b1001111101 8
0*
#6375000
b1 <
b10111110000000001011111 :
b1011111 =
02
11
1*
#6376000
0(
b100101101 5
#6380000
b1011111 :
1(
b0 '
b0 9
b1001111110 8
0*
#6385000
b10 <
1*
#6386000
0(
b100101110 5
#6390000
1(
b10000000 '
b10000000 9
b1001111111 8
0*
#6395000
0%
1"
b1011111 $
b1011111 >
b0 <
1*
#6396000
0(
b100101111 5
#6400000
b11000000000000001011111 :
1(
b1100000 '
b1100000 9
b1010000000 8
0*
#6405000
1%
b1100010 ;
0"
b1100010 4
12
01
1*
#6410000
b1010000001 8
0*
#6415000
b1 <
b11000000000000001100000 :
b1100000 =
02
11
1*
#6416000
0(
b100110000 5
#6420000
b1100000 :
1(
b0 '
b0 9
b1010000010 8
0*
#6425000
b10 <
1*
#6426000
0(
b100110001 5
#6430000
1(
b1010000011 8
0*
#6435000
0%
1"
b1100000 $
b1100000 >
b0 <
1*
#6436000
0(
b100110010 5
#6440000
b1010000100 8
0*
#6445000
1%
b1100011 ;
0"
b1100011 4
12
01
1*
#6450000
b11000010000000001100000 :
1(
b1100001 '
b1100001 9
b1010000101 8
0*
#6455000
b1 <
b11000010000000001100001 :
b1100001 =
02
11
1*
#6456000
0(
b100110011 5
#6460000
b1100001 :
1(
b0 '
b0 9
0+
b1010000110 8
0*
#6465000
b10 <
1*
#6466000
0(
b100110100 5
#6470000
1(
b10000000 '
b10000000 9
b1010000111 8
0*
#6475000
0%
1"
b1100001 $
b1100001 >
b0 <
1*
#6476000
0(
b100110101 5
#6480000
b11000100000000001100001 :
1(
b1100010 '
b1100010 9
b1010001000 8
0*
#6485000
b11010000 7
b1100001 ,
1.
01
1*
#6490000
b1010001001 8
0*
#6495000
b11010001 7
1*
#6500000
b1010001010 8
0*
#6505000
b11010010 7
1*
#6510000
b1010001011 8
0*
#6515000
b11010011 7
1*
#6520000
b1010001100 8
0*
#6525000
b11010100 7
1*
#6530000
b1010001101 8
0*
#6535000
b11010101 7
1*
#6540000
b1010001110 8
0*
#6545000
b11010110 7
1*
#6550000
1+
b1010001111 8
0*
#6555000
1%
b1100100 ;
0"
b1100100 4
0.
12
1*
#6560000
b1010010000 8
0*
#6565000
b1 <
b11000100000000001100010 :
b1100010 =
02
11
1*
#6566000
0(
b100110110 5
#6570000
b1100010 :
1(
b0 '
b0 9
b1010010001 8
0*
#6575000
b10 <
1*
#6576000
0(
b100110111 5
#6580000
b1010010010 8
0*
#6585000
01
1*
#6590000
1(
b1010010011 8
0*
#6595000
0%
1"
b1100010 $
b1100010 >
b0 <
11
1*
#6596000
0(
b100111000 5
#6600000
b11000110000000001100010 :
1(
b1100011 '
b1100011 9
b1010010100 8
0*
#6605000
1%
b1100101 ;
0"
b1100101 4
12
01
1*
#6610000
b1010010101 8
0*
#6615000
b1 <
b11000110000000001100011 :
b1100011 =
02
11
1*
#6616000
0(
b100111001 5
#6620000
b1100011 :
1(
b0 '
b0 9
b1010010110 8
0*
#6625000
b10 <
1*
#6626000
0(
b100111010 5
#6630000
1(
b10000000 '
b10000000 9
b1010010111 8
0*
#6635000
0%
1"
b1100011 $
b1100011 >
b0 <
1*
#6636000
0(
b100111011 5
#6640000
b11001000000000001100011 :
1(
b1100100 '
b1100100 9
b1010011000 8
0*
#6645000
1%
b1100110 ;
0"
b1100110 4
12
01
1*
#6650000
0+
b1010011001 8
0*
#6655000
b1 <
b11001000000000001100100 :
b1100100 =
02
11
1*
#6656000
0(
b100111100 5
#6660000
b1100100 :
1(
b0 '
b0 9
b1010011010 8
0*
#6665000
b10 <
1*
#6666000
0(
b100111101 5
#6670000
1(
b1010011011 8
0*
#6675000
0%
1"
b1100100 $
b1100100 >
b0 <
1*
#6676000
0(
b100111110 5
#6680000
b11001010000000001100100 :
1(
b1100101 '
b1100101 9
b1010011100 8
0*
#6685000
b11010111 7
b1100100 ,
1.
01
1*
#6690000
b1010011101 8
0*
#6695000
b11011000 7
1*
#6700000
b1010011110 8
0*
#6705000
b11011001 7
1*
#6710000
b1010011111 8
0*
#6715000
b11011010 7
1*
#6720000
b1010100000 8
0*
#6725000
b11011011 7
1*
#6730000
b1010100001 8
0*
#6735000
b11011100 7
1*
#6740000
1+
b1010100010 8
0*
#6745000
1%
b1100111 ;
0"
b1100111 4
0.
12
1*
#6750000
b1010100011 8
0*
#6755000
b1 <
b11001010000000001100101 :
b1100101 =
02
11
1*
#6756000
0(
b100111111 5
#6760000
b1100101 :
1(
b0 '
b0 9
b1010100100 8
0*
#6765000
b10 <
1*
#6766000
0(
b101000000 5
#6770000
1(
b10000000 '
b10000000 9
b1010100101 8
0*
#6775000
0%
1"
b1100101 $
b1100101 >
b0 <
1*
#6776000
0(
b101000001 5
#6780000
b11001100000000001100101 :
1(
b1100110 '
b1100110 9
b1010100110 8
0*
#6785000
1%
b1101000 ;
0"
b1101000 4
12
01
1*
#6790000
b1010100111 8
0*
#6795000
b1 <
b11001100000000001100110 :
b1100110 =
02
11
1*
#6796000
0(
b101000010 5
#6800000
b1100110 :
1(
b0 '
b0 9
b1010101000 8
0*
#6805000
b10 <
1*
#6806000
0(
b101000011 5
#6810000
1(
b1010101001 8
0*
#6815000
0%
1"
b1100110 $
b1100110 >
b0 <
1*
#6816000
0(
b101000100 5
#6820000
b11001110000000001100110 :
1(
b1100111 '
b1100111 9
b1010101010 8
0*
#6825000
1%
b1101001 ;
0"
b1101001 4
12
01
1*
#6830000
b1010101011 8
0*
#6835000
b1 <
b11001110000000001100111 :
b1100111 =
02
11
1*
#6836000
0(
b101000101 5
#6840000
b1100111 :
1(
b0 '
b0 9
0+
b1010101100 8
0*
#6845000
b10 <
1*
#6846000
0(
b101000110 5
#6850000
1(
b10000000 '
b10000000 9
b1010101101 8
0*
#6855000
0%
1"
b1100111 $
b1100111 >
b0 <
1*
#6856000
0(
b101000111 5
#6860000
b1010101110 8
0*
#6865000
b11011101 7
b1100111 ,
1.
01
1*
#6870000
b11010000000000001100111 :
1(
b1101000 '
b1101000 9
b1010101111 8
0*
#6875000
b11011110 7
1*
#6880000
b1010110000 8
0*
#6885000
b11011111 7
1*
#6890000
b1010110001 8
0*
#6895000
b11100000 7
1*
#6900000
b1010110010 8
0*
#6905000
b11100001 7
1*
#6910000
b1010110011 8
0*
#6915000
b11100010 7
1*
#6920000
b1010110100 8
0*
#6925000
b11100011 7
1*
#6930000
1+
b1010110101 8
0*
#6935000
1%
b1101010 ;
0"
b1101010 4
0.
12
1*
#6940000
b1010110110 8
0*
#6945000
b1 <
b11010000000000001101000 :
b1101000 =
02
11
1*
#6946000
0(
b101001000 5
#6950000
b1101000 :
1(
b0 '
b0 9
b1010110111 8
0*
#6955000
b10 <
1*
#6956000
0(
b101001001 5
#6960000
1(
b1010111000 8
0*
#6965000
0%
1"
b1101000 $
b1101000 >
b0 <
1*
#6966000
0(
b101001010 5
#6970000
b11010010000000001101000 :
1(
b1101001 '
b1101001 9
b1010111001 8
0*
#6975000
1%
b1101011 ;
0"
b1101011 4
12
01
1*
#6980000
b1010111010 8
0*
#6985000
b1 <
b11010010000000001101001 :
b1101001 =
02
11
1*
#6986000
0(
b101001011 5
#6990000
b1101001 :
1(
b0 '
b0 9
b1010111011 8
0*
#6995000
b10 <
1*
#6996000
0(
b101001100 5
#7000000
b1010111100 8
0*
#7005000
01
1*
#7010000
1(
b10000000 '
b10000000 9
b1010111101 8
0*
#7015000
0%
1"
b1101001 $
b1101001 >
b0 <
11
1*
#7016000
0(
b101001101 5
#7020000
b11010100000000001101001 :
1(
b1101010 '
b1101010 9
b1010111110 8
0*
#7025000
1%
b1101100 ;
0"
b1101100 4
12
01
1*
#7030000
0+
b1010111111 8
0*
#7035000
b1 <
b11010100000000001101010 :
b1101010 =
02
11
1*
#7036000
0(
b101001110 5
#7040000
b1101010 :
1(
b0 '
b0 9
b1011000000 8
0*
#7045000
b10 <
1*
#7046000
0(
b101001111 5
#7050000
1(
b1011000001 8
0*
#7055000
0%
1"
b1101010 $
b1101010 >
b0 <
1*
#7056000
0(
b101010000 5
#7060000
b11010110000000001101010 :
1(
b1101011 '
b1101011 9
b1011000010 8
0*
#7065000
b11100100 7
b1101010 ,
1.
01
1*
#7070000
b1011000011 8
0*
#7075000
b11100101 7
1*
#7080000
b1011000100 8
0*
#7085000
b11100110 7
1*
#7090000
b1011000101 8
0*
#7095000
b11100111 7
1*
#7100000
b1011000110 8
0*
#7105000
b11101000 7
1*
#7110000
b1011000111 8
0*
#7115000
b11101001 7
1*
#7120000
1+
b1011001000 8
0*
#7125000
1%
b1101101 ;
0"
b1101101 4
0.
12
1*
#7130000
b1011001001 8
0*
#7135000
b1 <
b11010110000000001101011 :
b1101011 =
02
11
1*
#7136000
0(
b101010001 5
#7140000
b1011001010 8
0*
#7145000
01
1*
#7150000
b1101011 :
1(
b0 '
b0 9
b1011001011 8
0*
#7155000
b10 <
11
1*
#7156000
0(
b101010010 5
#7160000
1(
b10000000 '
b10000000 9
b1011001100 8
0*
#7165000
0%
1"
b1101011 $
b1101011 >
b0 <
1*
#7166000
0(
b101010011 5
#7170000
b11011000000000001101011 :
1(
b1101100 '
b1101100 9
b1011001101 8
0*
#7175000
1%
b1101110 ;
0"
b1101110 4
12
01
1*
#7180000
b1011001110 8
0*
#7185000
b1 <
b11011000000000001101100 :
b1101100 =
02
11
1*
#7186000
0(
b101010100 5
#7190000
b1101100 :
1(
b0 '
b0 9
b1011001111 8
0*
#7195000
b10 <
1*
#7196000
0(
b101010101 5
#7200000
1(
b1011010000 8
0*
#7205000
0%
1"
b1101100 $
b1101100 >
b0 <
1*
#7206000
0(
b101010110 5
#7210000
b1011010001 8
0*
#7215000
1%
b1101111 ;
0"
b1101111 4
12
01
1*
#7220000
b11011010000000001101100 :
1(
b1101101 '
b1101101 9
0+
b1011010010 8
0*
#7225000
b1 <
b11011010000000001101101 :
b1101101 =
02
11
1*
#7226000
0(
b101010111 5
#7230000
b1101101 :
1(
b0 '
b0 9
b1011010011 8
0*
#7235000
b10 <
1*
#7236000
0(
b101011000 5
#7240000
1(
b10000000 '
b10000000 9
b1011010100 8
0*
#7245000
0%
1"
b1101101 $
b1101101 >
b0 <
1*
#7246000
0(
b101011001 5
#7250000
b11011100000000001101101 :
1(
b1101110 '
b1101110 9
b1011010101 8
0*
#7255000
b11101010 7
b1101101 ,
1.
01
1*
#7260000
b1011010110 8
0*
#7265000
b11101011 7
1*
#7270000
b1011010111 8
0*
#7275000
b11101100 7
1*
#7280000
b1011011000 8
0*
#7285000
b11101101 7
1*
#7290000
b1011011001 8
0*
#7295000
b11101110 7
1*
#7300000
b1011011010 8
0*
#7305000
b11101111 7
1*
#7310000
1+
b1011011011 8
0*
#7315000
1%
b1110000 ;
0"
b1110000 4
0.
12
1*
#7320000
b1011011100 8
0*
#7325000
b1 <
b11011100000000001101110 :
b1101110 =
02
11
1*
#7326000
0(
b101011010 5
#7330000
b1101110 :
1(
b0 '
b0 9
b1011011101 8
0*
#7335000
b10 <
1*
#7336000
0(
b101011011 5
#7340000
1(
b1011011110 8
0*
#7345000
0%
1"
b1101110 $
b1101110 >
b0 <
1*
#7346000
0(
b101011100 5
#7350000
b1011011111 8
0*
#7355000
1%
b1110001 ;
0"
b1110001 4
12
01
1*
#7360000
b11011110000000001101110 :
1(
b1101111 '
b1101111 9
b1011100000 8
0*
#7365000
b1 <
b11011110000000001101111 :
b1101111 =
02
11
1*
#7366000
0(
b101011101 5
#7370000
b1101111 :
1(
b0 '
b0 9
b1011100001 8
0*
#7375000
b10 <
1*
#7376000
0(
b101011110 5
#7380000
1(
b10000000 '
b10000000 9
b1011100010 8
0*
#7385000
0%
1"
b1101111 $
b1101111 >
b0 <
1*
#7386000
0(
b101011111 5
#7390000
b11100000000000001101111 :
1(
b1110000 '
b1110000 9
b1011100011 8
0*
#7395000
1%
b1110010 ;
0"
b1110010 4
12
01
1*
#7400000
b1011100100 8
0*
#7405000
b1 <
b11100000000000001110000 :
b1110000 =
02
11
1*
#7406000
0(
b101100000 5
#7410000
b1110000 :
1(
b0 '
b0 9
0+
b1011100101 8
0*
#7415000
b10 <
1*
#7416000
0(
b101100001 5
#7420000
b1011100110 8
0*
#7425000
01
1*
#7430000
1(
b1011100111 8
0*
#7435000
0%
1"
b1110000 $
b1110000 >
b0 <
11
1*
#7436000
0(
b101100010 5
#7440000
b11100010000000001110000 :
1(
b1110001 '
b1110001 9
b1011101000 8
0*
#7445000
b11110000 7
b1110000 ,
1.
01
1*
#7450000
b1011101001 8
0*
#7455000
b11110001 7
1*
#7460000
b1011101010 8
0*
#7465000
b11110010 7
1*
#7470000
b1011101011 8
0*
#7475000
b11110011 7
1*
#7480000
b1011101100 8
0*
#7485000
b11110100 7
1*
#7490000
b1011101101 8
0*
#7495000
b11110101 7
1*
#7500000
1+
b1011101110 8
0*
#7505000
1%
b1110011 ;
0"
b1110011 4
0.
12
1*
#7510000
b1011101111 8
0*
#7515000
b1 <
b11100010000000001110001 :
b1110001 =
02
11
1*
#7516000
0(
b101100011 5
#7520000
b1110001 :
1(
b0 '
b0 9
b1011110000 8
0*
#7525000
b10 <
1*
#7526000
0(
b101100100 5
#7530000
1(
b10000000 '
b10000000 9
b1011110001 8
0*
#7535000
0%
1"
b1110001 $
b1110001 >
b0 <
1*
#7536000
0(
b101100101 5
#7540000
b11100100000000001110001 :
1(
b1110010 '
b1110010 9
b1011110010 8
0*
#7545000
1%
b1110100 ;
0"
b1110100 4
12
01
1*
#7550000
b1011110011 8
0*
#7555000
b1 <
b11100100000000001110010 :
b1110010 =
02
11
1*
#7556000
0(
b101100110 5
#7560000
b1011110100 8
0*
#7565000
01
1*
#7570000
b1110010 :
1(
b0 '
b0 9
b1011110101 8
0*
#7575000
b10 <
11
1*
#7576000
0(
b101100111 5
#7580000
1(
b1011110110 8
0*
#7585000
0%
1"
b1110010 $
b1110010 >
b0 <
1*
#7586000
0(
b101101000 5
#7590000
b11100110000000001110010 :
1(
b1110011 '
b1110011 9
b1011110111 8
0*
#7595000
1%
b1110101 ;
0"
b1110101 4
12
01
1*
#7600000
0+
b1011111000 8
0*
#7605000
b1 <
b11100110000000001110011 :
b1110011 =
02
11
1*
#7606000
0(
b101101001 5
#7610000
b1110011 :
1(
b0 '
b0 9
b1011111001 8
0*
#7615000
b10 <
1*
#7616000
0(
b101101010 5
#7620000
1(
b10000000 '
b10000000 9
b1011111010 8
0*
#7625000
0%
1"
b1110011 $
b1110011 >
b0 <
1*
#7626000
0(
b101101011 5
#7630000
b1011111011 8
0*
#7635000
b11110110 7
b1110011 ,
1.
01
1*
#7640000
b11101000000000001110011 :
1(
b1110100 '
b1110100 9
b1011111100 8
0*
#7645000
b11110111 7
1*
#7650000
b1011111101 8
0*
#7655000
b11111000 7
1*
#7660000
b1011111110 8
0*
#7665000
b11111001 7
1*
#7670000
b1011111111 8
0*
#7675000
b11111010 7
1*
#7680000
b1100000000 8
0*
#7685000
b11111011 7
1*
#7690000
1+
b1100000001 8
0*
#7695000
1%
b1110110 ;
0"
b1110110 4
0.
12
1*
#7700000
b1100000010 8
0*
#7705000
b1 <
b11101000000000001110100 :
b1110100 =
02
11
1*
#7706000
0(
b101101100 5
#7710000
b1110100 :
1(
b0 '
b0 9
b1100000011 8
0*
#7715000
b10 <
1*
#7716000
0(
b101101101 5
#7720000
1(
b1100000100 8
0*
#7725000
0%
1"
b1110100 $
b1110100 >
b0 <
1*
#7726000
0(
b101101110 5
#7730000
b11101010000000001110100 :
1(
b1110101 '
b1110101 9
b1100000101 8
0*
#7735000
1%
b1110111 ;
0"
b1110111 4
12
01
1*
#7740000
b1100000110 8
0*
#7745000
b1 <
b11101010000000001110101 :
b1110101 =
02
11
1*
#7746000
0(
b101101111 5
#7750000
b1110101 :
1(
b0 '
b0 9
b1100000111 8
0*
#7755000
b10 <
1*
#7756000
0(
b101110000 5
#7760000
1(
b10000000 '
b10000000 9
b1100001000 8
0*
#7765000
0%
1"
b1110101 $
b1110101 >
b0 <
1*
#7766000
0(
b101110001 5
#7770000
b1100001001 8
0*
#7775000
1%
b1111000 ;
0"
b1111000 4
12
01
1*
#7780000
b11101100000000001110101 :
1(
b1110110 '
b1110110 9
b1100001010 8
0*
#7785000
b1 <
b11101100000000001110110 :
b1110110 =
02
11
1*
#7786000
0(
b101110010 5
#7790000
b1110110 :
1(
b0 '
b0 9
0+
b1100001011 8
0*
#7795000
b10 <
1*
#7796000
0(
b101110011 5
#7800000
1(
b1100001100 8
0*
#7805000
0%
1"
b1110110 $
b1110110 >
b0 <
1*
#7806000
0(
b101110100 5
#7810000
b11101110000000001110110 :
1(
b1110111 '
b1110111 9
b1100001101 8
0*
#7815000
b11111100 7
b1110110 ,
1.
01
1*
#7820000
b1100001110 8
0*
#7825000
b11111101 7
1*
#7830000
b1100001111 8
0*
#7835000
b11111110 7
1*
#7840000
b1100010000 8
0*
#7845000
b11111111 7
1*
#7850000
b1100010001 8
0*
#7855000
b100000000 7
1*
#7860000
b1100010010 8
0*
#7865000
b100000001 7
1*
#7870000
b1100010011 8
0*
#7875000
b100000010 7
1*
#7880000
1+
b1100010100 8
0*
#7885000
1%
b1111001 ;
0"
b1111001 4
0.
12
1*
#7890000
b1100010101 8
0*
#7895000
b1 <
b11101110000000001110111 :
b1110111 =
02
11
1*
#7896000
0(
b101110101 5
#7900000
b1110111 :
1(
b0 '
b0 9
b1100010110 8
0*
#7905000
b10 <
1*
#7906000
0(
b101110110 5
#7910000
b1100010111 8
0*
#7915000
01
1*
#7920000
1(
b10000000 '
b10000000 9
b1100011000 8
0*
#7925000
0%
1"
b1110111 $
b1110111 >
b0 <
11
1*
#7926000
0(
b101110111 5
#7930000
b11110000000000001110111 :
1(
b1111000 '
b1111000 9
b1100011001 8
0*
#7935000
1%
b1111010 ;
0"
b1111010 4
12
01
1*
#7940000
b1100011010 8
0*
#7945000
b1 <
b11110000000000001111000 :
b1111000 =
02
11
1*
#7946000
0(
b101111000 5
#7950000
b1111000 :
1(
b0 '
b0 9
b1100011011 8
0*
#7955000
b10 <
1*
#7956000
0(
b101111001 5
#7960000
1(
b1100011100 8
0*
#7965000
0%
1"
b1111000 $
b1111000 >
b0 <
1*
#7966000
0(
b101111010 5
#7970000
b11110010000000001111000 :
1(
b1111001 '
b1111001 9
b1100011101 8
0*
#7975000
1%
b1111011 ;
0"
b1111011 4
12
01
1*
#7980000
0+
b1100011110 8
0*
#7985000
b1 <
b11110010000000001111001 :
b1111001 =
02
11
1*
#7986000
0(
b101111011 5
#7990000
b1111001 :
1(
b0 '
b0 9
b1100011111 8
0*
#7995000
b10 <
1*
#7996000
0(
b101111100 5
#8000000
1(
b10000000 '
b10000000 9
b1100100000 8
0*
#8005000
0%
1"
b1111001 $
b1111001 >
b0 <
1*
#8006000
0(
b101111101 5
#8010000
b11110100000000001111001 :
1(
b1111010 '
b1111010 9
b1100100001 8
0*
#8015000
b100000011 7
b1111001 ,
1.
01
1*
#8020000
b1100100010 8
0*
#8025000
b100000100 7
1*
#8030000
b1100100011 8
0*
#8035000
b100000101 7
1*
#8040000
b1100100100 8
0*
#8045000
b100000110 7
1*
#8050000
b1100100101 8
0*
#8055000
b100000111 7
1*
#8060000
b1100100110 8
0*
#8065000
b100001000 7
1*
#8070000
1+
b1100100111 8
0*
#8075000
1%
b1111100 ;
0"
b1111100 4
0.
12
1*
#8080000
b1100101000 8
0*
#8085000
b1 <
b11110100000000001111010 :
b1111010 =
02
11
1*
#8086000
0(
b101111110 5
#8090000
b1111010 :
1(
b0 '
b0 9
b1100101001 8
0*
#8095000
b10 <
1*
#8096000
0(
b101111111 5
#8100000
1(
b1100101010 8
0*
#8105000
0%
1"
b1111010 $
b1111010 >
b0 <
1*
#8106000
0(
b110000000 5
#8110000
b11110110000000001111010 :
1(
b1111011 '
b1111011 9
b1100101011 8
0*
#8115000
1%
b1111101 ;
0"
b1111101 4
12
01
1*
#8120000
b1100101100 8
0*
#8125000
b1 <
b11110110000000001111011 :
b1111011 =
02
11
1*
#8126000
0(
b110000001 5
#8130000
b1111011 :
1(
b0 '
b0 9
b1100101101 8
0*
#8135000
b10 <
1*
#8136000
0(
b110000010 5
#8140000
1(
b10000000 '
b10000000 9
b1100101110 8
0*
#8145000
0%
1"
b1111011 $
b1111011 >
b0 <
1*
#8146000
0(
b110000011 5
#8150000
b11111000000000001111011 :
1(
b1111100 '
b1111100 9
b1100101111 8
0*
#8155000
1%
b1111110 ;
0"
b1111110 4
12
01
1*
#8160000
b1100110000 8
0*
#8165000
b1 <
b11111000000000001111100 :
b1111100 =
02
11
1*
#8166000
0(
b110000100 5
#8170000
b1111100 :
1(
b0 '
b0 9
0+
b1100110001 8
0*
#8175000
b10 <
1*
#8176000
0(
b110000101 5
#8180000
1(
b1100110010 8
0*
#8185000
0%
1"
b1111100 $
b1111100 >
b0 <
1*
#8186000
0(
b110000110 5
#8190000
b1100110011 8
0*
#8195000
b100001001 7
b1111100 ,
1.
01
1*
#8200000
b11111010000000001111100 :
1(
b1111101 '
b1111101 9
b1100110100 8
0*
#8205000
b100001010 7
1*
#8210000
b1100110101 8
0*
#8215000
b100001011 7
1*
#8220000
b1100110110 8
0*
#8225000
b100001100 7
1*
#8230000
b1100110111 8
0*
#8235000
b100001101 7
1*
#8240000
b1100111000 8
0*
#8245000
b100001110 7
1*
#8250000
b1100111001 8
0*
#8255000
b100001111 7
1*
#8260000
1+
b1100111010 8
0*
#8265000
1%
b1111111 ;
0"
b1111111 4
0.
12
1*
#8270000
b1100111011 8
0*
#8275000
b1 <
b11111010000000001111101 :
b1111101 =
02
11
1*
#8276000
0(
b110000111 5
#8280000
b1111101 :
1(
b0 '
b0 9
b1100111100 8
0*
#8285000
b10 <
1*
#8286000
0(
b110001000 5
#8290000
1(
b10000000 '
b10000000 9
b1100111101 8
0*
#8295000
0%
1"
b1111101 $
b1111101 >
b0 <
1*
#8296000
0(
b110001001 5
#8300000
b11111100000000001111101 :
1(
b1111110 '
b1111110 9
b1100111110 8
0*
#8305000
1%
b10000000 ;
0"
b10000000 4
12
01
1*
#8310000
b1100111111 8
0*
#8315000
b1 <
b11111100000000001111110 :
b1111110 =
02
11
1*
#8316000
0(
b110001010 5
#8320000
b1111110 :
1(
b0 '
b0 9
b1101000000 8
0*
#8325000
b10 <
1*
#8326000
0(
b110001011 5
#8330000
b1101000001 8
0*
#8335000
01
1*
#8340000
1(
b1101000010 8
0*
#8345000
0%
1"
b1111110 $
b1111110 >
b0 <
11
1*
#8346000
0(
b110001100 5
#8350000
b11111110000000001111110 :
1(
b1111111 '
b1111111 9
b1101000011 8
0*
#8355000
1%
b10000001 ;
0"
b10000001 4
12
01
1*
#8360000
0+
b1101000100 8
0*
#8365000
b1 <
b11111110000000001111111 :
b1111111 =
02
11
1*
#8366000
0(
b110001101 5
#8370000
b1111111 :
1(
b0 '
b0 9
b1101000101 8
0*
#8375000
b10 <
1*
#8376000
0(
b110001110 5
#8380000
1(
b10000000 '
b10000000 9
b1101000110 8
0*
#8385000
0%
1"
b1111111 $
b1111111 >
b0 <
1*
#8386000
0(
b110001111 5
#8390000
1(
b1101000111 8
0*
#8395000
b100010000 7
b1111111 ,
1.
01
1*
#8400000
b1101001000 8
0*
#8405000
b100010001 7
1*
#8410000
b1101001001 8
0*
#8415000
b100010010 7
1*
#8420000
b1101001010 8
0*
#8425000
b100010011 7
1*
#8430000
b1101001011 8
0*
#8435000
b100010100 7
1*
#8440000
b1101001100 8
0*
#8445000
b100010101 7
1*
#8450000
1+
b1101001101 8
0*
#8455000
1%
b10000010 ;
0"
b10000010 4
0.
12
1*
#8460000
b1101001110 8
0*
#8465000
b1 <
b10000000 :
b10000000 =
02
11
1*
#8466000
0(
b110010000 5
#8470000
b1101001111 8
0*
#8475000
01
1*
#8480000
1(
b0 '
b0 9
b1101010000 8
0*
#8485000
b10 <
11
1*
#8486000
0(
b110010001 5
#8490000
1(
b1101010001 8
0*
#8495000
0%
1"
b10000000 $
b10000000 >
b0 <
1*
#8496000
0(
b110010010 5
#8500000
b10000000010000000 :
1(
b10000001 '
b10000001 9
b1101010010 8
0*
#8505000
1%
b10000011 ;
0"
b10000011 4
12
01
1*
#8510000
b1101010011 8
0*
#8515000
b1 <
b10000000010000001 :
b10000001 =
02
11
1*
#8516000
0(
b110010011 5
#8520000
b10000001 :
1(
b0 '
b0 9
b1101010100 8
0*
#8525000
b10 <
1*
#8526000
0(
b110010100 5
#8530000
1(
b10000000 '
b10000000 9
b1101010101 8
0*
#8535000
0%
1"
b10000001 $
b10000001 >
b0 <
1*
#8536000
0(
b110010101 5
#8540000
b1101010110 8
0*
#8545000
1%
b10000100 ;
0"
b10000100 4
12
01
1*
#8550000
b100000000010000001 :
1(
b10000010 '
b10000010 9
0+
b1101010111 8
0*
#8555000
b1 <
b100000000010000010 :
b10000010 =
02
11
1*
#8556000
0(
b110010110 5
#8560000
b10000010 :
1(
b0 '
b0 9
b1101011000 8
0*
#8565000
b10 <
1*
#8566000
0(
b110010111 5
#8570000
1(
b1101011001 8
0*
#8575000
0%
1"
b10000010 $
b10000010 >
b0 <
1*
#8576000
0(
b110011000 5
#8580000
b110000000010000010 :
1(
b10000011 '
b10000011 9
b1101011010 8
0*
#8585000
b100010110 7
b10000010 ,
1.
01
1*
#8590000
b1101011011 8
0*
#8595000
b100010111 7
1*
#8600000
b1101011100 8
0*
#8605000
b100011000 7
1*
#8610000
b1101011101 8
0*
#8615000
b100011001 7
1*
#8620000
b1101011110 8
0*
#8625000
b100011010 7
1*
#8630000
b1101011111 8
0*
#8635000
b100011011 7
1*
#8640000
1+
b1101100000 8
0*
#8645000
1%
b10000101 ;
0"
b10000101 4
0.
12
1*
#8650000
b1101100001 8
0*
#8655000
b1 <
b110000000010000011 :
b10000011 =
02
11
1*
#8656000
0(
b110011001 5
#8660000
b10000011 :
1(
b0 '
b0 9
b1101100010 8
0*
#8665000
b10 <
1*
#8666000
0(
b110011010 5
#8670000
1(
b10000000 '
b10000000 9
b1101100011 8
0*
#8675000
0%
1"
b10000011 $
b10000011 >
b0 <
1*
#8676000
0(
b110011011 5
#8680000
b1101100100 8
0*
#8685000
1%
b10000110 ;
0"
b10000110 4
12
01
1*
#8690000
b1000000000010000011 :
1(
b10000100 '
b10000100 9
b1101100101 8
0*
#8695000
b1 <
b1000000000010000100 :
b10000100 =
02
11
1*
#8696000
0(
b110011100 5
#8700000
b10000100 :
1(
b0 '
b0 9
b1101100110 8
0*
#8705000
b10 <
1*
#8706000
0(
b110011101 5
#8710000
1(
b1101100111 8
0*
#8715000
0%
1"
b10000100 $
b10000100 >
b0 <
1*
#8716000
0(
b110011110 5
#8720000
b1010000000010000100 :
1(
b10000101 '
b10000101 9
b1101101000 8
0*
#8725000
1%
b10000111 ;
0"
b10000111 4
12
01
1*
#8730000
b1101101001 8
0*
#8735000
b1 <
b1010000000010000101 :
b10000101 =
02
11
1*
#8736000
0(
b110011111 5
#8740000
b10000101 :
1(
b0 '
b0 9
0+
b1101101010 8
0*
#8745000
b10 <
1*
#8746000
0(
b110100000 5
#8750000
b1101101011 8
0*
#8755000
01
1*
#8760000
1(
b10000000 '
b10000000 9
b1101101100 8
0*
#8765000
0%
1"
b10000101 $
b10000101 >
b0 <
11
1*
#8766000
0(
b110100001 5
#8770000
b1100000000010000101 :
1(
b10000110 '
b10000110 9
b1101101101 8
0*
#8775000
b100011100 7
b10000101 ,
1.
01
1*
#8780000
b1101101110 8
0*
#8785000
b100011101 7
1*
#8790000
b1101101111 8
0*
#8795000
b100011110 7
1*
#8800000
b1101110000 8
0*
#8805000
b100011111 7
1*
#8810000
b1101110001 8
0*
#8815000
b100100000 7
1*
#8820000
b1101110010 8
0*
#8825000
b100100001 7
1*
#8830000
1+
b1101110011 8
0*
#8835000
1%
b10001000 ;
0"
b10001000 4
0.
12
1*
#8840000
b1101110100 8
0*
#8845000
b1 <
b1100000000010000110 :
b10000110 =
02
11
1*
#8846000
0(
b110100010 5
#8850000
b10000110 :
1(
b0 '
b0 9
b1101110101 8
0*
#8855000
b10 <
1*
#8856000
0(
b110100011 5
#8860000
1(
b1101110110 8
0*
#8865000
0%
1"
b10000110 $
b10000110 >
b0 <
1*
#8866000
0(
b110100100 5
#8870000
b1110000000010000110 :
1(
b10000111 '
b10000111 9
b1101110111 8
0*
#8875000
1%
b10001001 ;
0"
b10001001 4
12
01
1*
#8880000
b1101111000 8
0*
#8885000
b1 <
b1110000000010000111 :
b10000111 =
02
11
1*
#8886000
0(
b110100101 5
#8890000
b1101111001 8
0*
#8895000
01
1*
#8900000
b10000111 :
1(
b0 '
b0 9
b1101111010 8
0*
#8905000
b10 <
11
1*
#8906000
0(
b110100110 5
#8910000
1(
b10000000 '
b10000000 9
b1101111011 8
0*
#8915000
0%
1"
b10000111 $
b10000111 >
b0 <
1*
#8916000
0(
b110100111 5
#8920000
b10000000000010000111 :
1(
b10001000 '
b10001000 9
b1101111100 8
0*
#8925000
1%
b10001010 ;
0"
b10001010 4
12
01
1*
#8930000
0+
b1101111101 8
0*
#8935000
b1 <
b10000000000010001000 :
b10001000 =
02
11
1*
#8936000
0(
b110101000 5
#8940000
b10001000 :
1(
b0 '
b0 9
b1101111110 8
0*
#8945000
b10 <
1*
#8946000
0(
b110101001 5
#8950000
1(
b1101111111 8
0*
#8955000
0%
1"
b10001000 $
b10001000 >
b0 <
1*
#8956000
0(
b110101010 5
#8960000
b1110000000 8
0*
#8965000
b100100010 7
b10001000 ,
1.
01
1*
#8970000
b10010000000010001000 :
1(
b10001001 '
b10001001 9
b1110000001 8
0*
#8975000
b100100011 7
1*
#8980000
b1110000010 8
0*
#8985000
b100100100 7
1*
#8990000
b1110000011 8
0*
#8995000
b100100101 7
1*
#9000000
b1110000100 8
0*
#9005000
b100100110 7
1*
#9010000
b1110000101 8
0*
#9015000
b100100111 7
1*
#9020000
1+
b1110000110 8
0*
#9025000
1%
b10001011 ;
0"
b10001011 4
0.
12
1*
#9030000
b1110000111 8
0*
#9035000
b1 <
b10010000000010001001 :
b10001001 =
02
11
1*
#9036000
0(
b110101011 5
#9040000
b10001001 :
1(
b0 '
b0 9
b1110001000 8
0*
#9045000
b10 <
1*
#9046000
0(
b110101100 5
#9050000
1(
b10000000 '
b10000000 9
b1110001001 8
0*
#9055000
0%
1"
b10001001 $
b10001001 >
b0 <
1*
#9056000
0(
b110101101 5
#9060000
b10100000000010001001 :
1(
b10001010 '
b10001010 9
b1110001010 8
0*
#9065000
1%
b10001100 ;
0"
b10001100 4
12
01
1*
#9070000
b1110001011 8
0*
#9075000
b1 <
b10100000000010001010 :
b10001010 =
02
11
1*
#9076000
0(
b110101110 5
#9080000
b10001010 :
1(
b0 '
b0 9
b1110001100 8
0*
#9085000
b10 <
1*
#9086000
0(
b110101111 5
#9090000
1(
b1110001101 8
0*
#9095000
0%
1"
b10001010 $
b10001010 >
b0 <
1*
#9096000
0(
b110110000 5
#9100000
b1110001110 8
0*
#9105000
1%
b10001101 ;
0"
b10001101 4
12
01
1*
#9110000
b10110000000010001010 :
1(
b10001011 '
b10001011 9
b1110001111 8
0*
#9115000
b1 <
b10110000000010001011 :
b10001011 =
02
11
1*
#9116000
0(
b110110001 5
#9120000
b10001011 :
1(
b0 '
b0 9
0+
b1110010000 8
0*
#9125000
b10 <
1*
#9126000
0(
b110110010 5
#9130000
1(
b10000000 '
b10000000 9
b1110010001 8
0*
#9135000
0%
1"
b10001011 $
b10001011 >
b0 <
1*
#9136000
0(
b110110011 5
#9140000
b11000000000010001011 :
1(
b10001100 '
b10001100 9
b1110010010 8
0*
#9145000
b100101000 7
b10001011 ,
1.
01
1*
#9150000
b1110010011 8
0*
#9155000
b100101001 7
1*
#9160000
b1110010100 8
0*
#9165000
b100101010 7
1*
#9170000
b1110010101 8
0*
#9175000
b100101011 7
1*
#9180000
b1110010110 8
0*
#9185000
b100101100 7
1*
#9190000
b1110010111 8
0*
#9195000
b100101101 7
1*
#9200000
b1110011000 8
0*
#9205000
b100101110 7
1*
#9210000
1+
b1110011001 8
0*
#9215000
1%
b10001110 ;
0"
b10001110 4
0.
12
1*
#9220000
b1110011010 8
0*
#9225000
b1 <
b11000000000010001100 :
b10001100 =
02
11
1*
#9226000
0(
b110110100 5
#9230000
b10001100 :
1(
b0 '
b0 9
b1110011011 8
0*
#9235000
b10 <
1*
#9236000
0(
b110110101 5
#9240000
b1110011100 8
0*
#9245000
01
1*
#9250000
1(
b1110011101 8
0*
#9255000
0%
1"
b10001100 $
b10001100 >
b0 <
11
1*
#9256000
0(
b110110110 5
#9260000
b11010000000010001100 :
1(
b10001101 '
b10001101 9
b1110011110 8
0*
#9265000
1%
b10001111 ;
0"
b10001111 4
12
01
1*
#9270000
b1110011111 8
0*
#9275000
b1 <
b11010000000010001101 :
b10001101 =
02
11
1*
#9276000
0(
b110110111 5
#9280000
b10001101 :
1(
b0 '
b0 9
b1110100000 8
0*
#9285000
b10 <
1*
#9286000
0(
b110111000 5
#9290000
1(
b10000000 '
b10000000 9
b1110100001 8
0*
#9295000
0%
1"
b10001101 $
b10001101 >
b0 <
1*
#9296000
0(
b110111001 5
#9300000
b11100000000010001101 :
1(
b10001110 '
b10001110 9
b1110100010 8
0*
#9305000
1%
b10010000 ;
0"
b10010000 4
12
01
1*
#9310000
0+
b1110100011 8
0*
#9315000
b1 <
b11100000000010001110 :
b10001110 =
02
11
1*
#9316000
0(
b110111010 5
#9320000
b10001110 :
1(
b0 '
b0 9
b1110100100 8
0*
#9325000
b10 <
1*
#9326000
0(
b110111011 5
#9330000
1(
b1110100101 8
0*
#9335000
0%
1"
b10001110 $
b10001110 >
b0 <
1*
#9336000
0(
b110111100 5
#9340000
b11110000000010001110 :
1(
b10001111 '
b10001111 9
b1110100110 8
0*
#9345000
b100101111 7
b10001110 ,
1.
01
1*
#9350000
b1110100111 8
0*
#9355000
b100110000 7
1*
#9360000
b1110101000 8
0*
#9365000
b100110001 7
1*
#9370000
b1110101001 8
0*
#9375000
b100110010 7
1*
#9380000
b1110101010 8
0*
#9385000
b100110011 7
1*
#9390000
b1110101011 8
0*
#9395000
b100110100 7
1*
#9400000
1+
b1110101100 8
0*
#9405000
1%
b10010001 ;
0"
b10010001 4
0.
12
1*
#9410000
b1110101101 8
0*
#9415000
b1 <
b11110000000010001111 :
b10001111 =
02
11
1*
#9416000
0(
b110111101 5
#9420000
b10001111 :
1(
b0 '
b0 9
b1110101110 8
0*
#9425000
b10 <
1*
#9426000
0(
b110111110 5
#9430000
1(
b10000000 '
b10000000 9
b1110101111 8
0*
#9435000
0%
1"
b10001111 $
b10001111 >
b0 <
1*
#9436000
0(
b110111111 5
#9440000
b100000000000010001111 :
1(
b10010000 '
b10010000 9
b1110110000 8
0*
#9445000
1%
b10010010 ;
0"
b10010010 4
12
01
1*
#9450000
b1110110001 8
0*
#9455000
b1 <
b100000000000010010000 :
b10010000 =
02
11
1*
#9456000
0(
b111000000 5
#9460000
b10010000 :
1(
b0 '
b0 9
b1110110010 8
0*
#9465000
b10 <
1*
#9466000
0(
b111000001 5
#9470000
1(
b1110110011 8
0*
#9475000
0%
1"
b10010000 $
b10010000 >
b0 <
1*
#9476000
0(
b111000010 5
#9480000
b100010000000010010000 :
1(
b10010001 '
b10010001 9
b1110110100 8
0*
#9485000
1%
b10010011 ;
0"
b10010011 4
12
01
1*
#9490000
b1110110101 8
0*
#9495000
b1 <
b100010000000010010001 :
b10010001 =
02
11
1*
#9496000
0(
b111000011 5
#9500000
b10010001 :
1(
b0 '
b0 9
0+
b1110110110 8
0*
#9505000
b10 <
1*
#9506000
0(
b111000100 5
#9510000
1(
b10000000 '
b10000000 9
b1110110111 8
0*
#9515000
0%
1"
b10010001 $
b10010001 >
b0 <
1*
#9516000
0(
b111000101 5
#9520000
b1110111000 8
0*
#9525000
b100110101 7
b10010001 ,
1.
01
1*
#9530000
b100100000000010010001 :
1(
b10010010 '
b10010010 9
b1110111001 8
0*
#9535000
b100110110 7
1*
#9540000
b1110111010 8
0*
#9545000
b100110111 7
1*
#9550000
b1110111011 8
0*
#9555000
b100111000 7
1*
#9560000
b1110111100 8
0*
#9565000
b100111001 7
1*
#9570000
b1110111101 8
0*
#9575000
b100111010 7
1*
#9580000
b1110111110 8
0*
#9585000
b100111011 7
1*
#9590000
1+
b1110111111 8
0*
#9595000
1%
b10010100 ;
0"
b10010100 4
0.
12
1*
#9600000
b1111000000 8
0*
#9605000
b1 <
b100100000000010010010 :
b10010010 =
02
11
1*
#9606000
0(
b111000110 5
#9610000
b10010010 :
1(
b0 '
b0 9
b1111000001 8
0*
#9615000
b10 <
1*
#9616000
0(
b111000111 5
#9620000
1(
b1111000010 8
0*
#9625000
0%
1"
b10010010 $
b10010010 >
b0 <
1*
#9626000
0(
b111001000 5
#9630000
b100110000000010010010 :
1(
b10010011 '
b10010011 9
b1111000011 8
0*
#9635000
1%
b10010101 ;
0"
b10010101 4
12
01
1*
#9640000
b1111000100 8
0*
#9645000
b1 <
b100110000000010010011 :
b10010011 =
02
11
1*
#9646000
0(
b111001001 5
#9650000
b10010011 :
1(
b0 '
b0 9
b1111000101 8
0*
#9655000
b10 <
1*
#9656000
0(
b111001010 5
#9660000
b1111000110 8
0*
#9665000
01
1*
#9670000
1(
b10000000 '
b10000000 9
b1111000111 8
0*
#9675000
0%
1"
b10010011 $
b10010011 >
b0 <
11
1*
#9676000
0(
b111001011 5
#9680000
b101000000000010010011 :
1(
b10010100 '
b10010100 9
b1111001000 8
0*
#9685000
1%
b10010110 ;
0"
b10010110 4
12
01
1*
#9690000
0+
b1111001001 8
0*
#9695000
b1 <
b101000000000010010100 :
b10010100 =
02
11
1*
#9696000
0(
b111001100 5
#9700000
b10010100 :
1(
b0 '
b0 9
b1111001010 8
0*
#9705000
b10 <
1*
#9706000
0(
b111001101 5
#9710000
1(
b1111001011 8
0*
#9715000
0%
1"
b10010100 $
b10010100 >
b0 <
1*
#9716000
0(
b111001110 5
#9720000
b101010000000010010100 :
1(
b10010101 '
b10010101 9
b1111001100 8
0*
#9725000
b100111100 7
b10010100 ,
1.
01
1*
#9730000
b1111001101 8
0*
#9735000
b100111101 7
1*
#9740000
b1111001110 8
0*
#9745000
b100111110 7
1*
#9750000
b1111001111 8
0*
#9755000
b100111111 7
1*
#9760000
b1111010000 8
0*
#9765000
b101000000 7
1*
#9770000
b1111010001 8
0*
#9775000
b101000001 7
1*
#9780000
1+
b1111010010 8
0*
#9785000
1%
b10010111 ;
0"
b10010111 4
0.
12
1*
#9790000
b1111010011 8
0*
#9795000
b1 <
b101010000000010010101 :
b10010101 =
02
11
1*
#9796000
0(
b111001111 5
#9800000
b1111010100 8
0*
#9805000
01
1*
#9810000
b10010101 :
1(
b0 '
b0 9
b1111010101 8
0*
#9815000
b10 <
11
1*
#9816000
0(
b111010000 5
#9820000
1(
b10000000 '
b10000000 9
b1111010110 8
0*
#9825000
0%
1"
b10010101 $
b10010101 >
b0 <
1*
#9826000
0(
b111010001 5
#9830000
b101100000000010010101 :
1(
b10010110 '
b10010110 9
b1111010111 8
0*
#9835000
1%
b10011000 ;
0"
b10011000 4
12
01
1*
#9840000
b1111011000 8
0*
#9845000
b1 <
b101100000000010010110 :
b10010110 =
02
11
1*
#9846000
0(
b111010010 5
#9850000
b10010110 :
1(
b0 '
b0 9
b1111011001 8
0*
#9855000
b10 <
1*
#9856000
0(
b111010011 5
#9860000
1(
b1111011010 8
0*
#9865000
0%
1"
b10010110 $
b10010110 >
b0 <
1*
#9866000
0(
b111010100 5
#9870000
b1111011011 8
0*
#9875000
1%
b10011001 ;
0"
b10011001 4
12
01
1*
#9880000
b101110000000010010110 :
1(
b10010111 '
b10010111 9
0+
b1111011100 8
0*
#9885000
b1 <
b101110000000010010111 :
b10010111 =
02
11
1*
#9886000
0(
b111010101 5
#9890000
b10010111 :
1(
b0 '
b0 9
b1111011101 8
0*
#9895000
b10 <
1*
#9896000
0(
b111010110 5
#9900000
1(
b10000000 '
b10000000 9
b1111011110 8
0*
#9905000
0%
1"
b10010111 $
b10010111 >
b0 <
1*
#9906000
0(
b111010111 5
#9910000
b110000000000010010111 :
1(
b10011000 '
b10011000 9
b1111011111 8
0*
#9915000
b101000010 7
b10010111 ,
1.
01
1*
#9920000
b1111100000 8
0*
#9925000
b101000011 7
1*
#9930000
b1111100001 8
0*
#9935000
b101000100 7
1*
#9940000
b1111100010 8
0*
#9945000
b101000101 7
1*
#9950000
b1111100011 8
0*
#9955000
b101000110 7
1*
#9960000
b1111100100 8
0*
#9965000
b101000111 7
1*
#9970000
1+
b1111100101 8
0*
#9975000
1%
b10011010 ;
0"
b10011010 4
0.
12
1*
#9980000
b1111100110 8
0*
#9985000
b1 <
b110000000000010011000 :
b10011000 =
02
11
1*
#9986000
0(
b111011000 5
#9990000
b10011000 :
1(
b0 '
b0 9
b1111100111 8
0*
#9995000
b10 <
1*
#9996000
0(
b111011001 5
#10000000
1(
b1111101000 8
0*
#10005000
0%
1"
b10011000 $
b10011000 >
b0 <
1*
#10006000
0(
b111011010 5
#10010000
b1111101001 8
0*
#10015000
1%
b10011011 ;
0"
b10011011 4
12
01
1*
#10020000
b110010000000010011000 :
1(
b10011001 '
b10011001 9
b1111101010 8
0*
#10025000
b1 <
b110010000000010011001 :
b10011001 =
02
11
1*
#10026000
0(
b111011011 5
#10030000
b10011001 :
1(
b0 '
b0 9
b1111101011 8
0*
#10035000
b10 <
1*
#10036000
0(
b111011100 5
#10040000
1(
b10000000 '
b10000000 9
b1111101100 8
0*
#10045000
0%
1"
b10011001 $
b10011001 >
b0 <
1*
#10046000
0(
b111011101 5
#10050000
b110100000000010011001 :
1(
b10011010 '
b10011010 9
b1111101101 8
0*
#10055000
1%
b10011100 ;
0"
b10011100 4
12
01
1*
#10060000
b1111101110 8
0*
#10065000
b1 <
b110100000000010011010 :
b10011010 =
02
11
1*
#10066000
0(
b111011110 5
#10070000
b10011010 :
1(
b0 '
b0 9
0+
b1111101111 8
0*
#10075000
b10 <
1*
#10076000
0(
b111011111 5
#10080000
b1111110000 8
0*
#10085000
01
1*
#10090000
1(
b1111110001 8
0*
#10095000
0%
1"
b10011010 $
b10011010 >
b0 <
11
1*
#10096000
0(
b111100000 5
#10100000
b110110000000010011010 :
1(
b10011011 '
b10011011 9
b1111110010 8
0*
#10105000
b101001000 7
b10011010 ,
1.
01
1*
#10110000
b1111110011 8
0*
#10115000
b101001001 7
1*
#10120000
b1111110100 8
0*
#10125000
b101001010 7
1*
#10130000
b1111110101 8
0*
#10135000
b101001011 7
1*
#10140000
b1111110110 8
0*
#10145000
b101001100 7
1*
#10150000
b1111110111 8
0*
#10155000
b101001101 7
1*
#10160000
1+
b1111111000 8
0*
#10165000
1%
b10011101 ;
0"
b10011101 4
0.
12
1*
#10170000
b1111111001 8
0*
#10175000
b1 <
b110110000000010011011 :
b10011011 =
02
11
1*
#10176000
0(
b111100001 5
#10180000
b10011011 :
1(
b0 '
b0 9
b1111111010 8
0*
#10185000
b10 <
1*
#10186000
0(
b111100010 5
#10190000
1(
b10000000 '
b10000000 9
b1111111011 8
0*
#10195000
0%
1"
b10011011 $
b10011011 >
b0 <
1*
#10196000
0(
b111100011 5
#10200000
b111000000000010011011 :
1(
b10011100 '
b10011100 9
b1111111100 8
0*
#10205000
1%
b10011110 ;
0"
b10011110 4
12
01
1*
#10210000
b1111111101 8
0*
#10215000
b1 <
b111000000000010011100 :
b10011100 =
02
11
1*
#10216000
0(
b111100100 5
#10220000
b1111111110 8
0*
#10225000
01
1*
#10230000
b10011100 :
1(
b0 '
b0 9
b1111111111 8
0*
#10235000
b10 <
11
1*
#10236000
0(
b111100101 5
#10240000
1(
b10000000000 8
0*
#10245000
0%
1"
b10011100 $
b10011100 >
b0 <
1*
#10246000
0(
b111100110 5
#10250000
b111010000000010011100 :
1(
b10011101 '
b10011101 9
b10000000001 8
0*
#10255000
1%
b10011111 ;
0"
b10011111 4
12
01
1*
#10260000
0+
b10000000010 8
0*
#10265000
b1 <
b111010000000010011101 :
b10011101 =
02
11
1*
#10266000
0(
b111100111 5
#10270000
b10011101 :
1(
b0 '
b0 9
b10000000011 8
0*
#10275000
b10 <
1*
#10276000
0(
b111101000 5
#10280000
1(
b10000000 '
b10000000 9
b10000000100 8
0*
#10285000
0%
1"
b10011101 $
b10011101 >
b0 <
1*
#10286000
0(
b111101001 5
#10290000
b10000000101 8
0*
#10295000
b101001110 7
b10011101 ,
1.
01
1*
#10300000
b111100000000010011101 :
1(
b10011110 '
b10011110 9
b10000000110 8
0*
#10305000
b101001111 7
1*
#10310000
b10000000111 8
0*
#10315000
b101010000 7
1*
#10320000
b10000001000 8
0*
#10325000
b101010001 7
1*
#10330000
b10000001001 8
0*
#10335000
b101010010 7
1*
#10340000
b10000001010 8
0*
#10345000
b101010011 7
1*
#10350000
1+
b10000001011 8
0*
#10355000
1%
b10100000 ;
0"
b10100000 4
0.
12
1*
#10360000
b10000001100 8
0*
#10365000
b1 <
b111100000000010011110 :
b10011110 =
02
11
1*
#10366000
0(
b111101010 5
#10370000
b10011110 :
1(
b0 '
b0 9
b10000001101 8
0*
#10375000
b10 <
1*
#10376000
0(
b111101011 5
#10380000
1(
b10000001110 8
0*
#10385000
0%
1"
b10011110 $
b10011110 >
b0 <
1*
#10386000
0(
b111101100 5
#10390000
b111110000000010011110 :
1(
b10011111 '
b10011111 9
b10000001111 8
0*
#10395000
1%
b10100001 ;
0"
b10100001 4
12
01
1*
#10400000
b10000010000 8
0*
#10405000
b1 <
b111110000000010011111 :
b10011111 =
02
11
1*
#10406000
0(
b111101101 5
#10410000
b10011111 :
1(
b0 '
b0 9
b10000010001 8
0*
#10415000
b10 <
1*
#10416000
0(
b111101110 5
#10420000
1(
b10000000 '
b10000000 9
b10000010010 8
0*
#10425000
0%
1"
b10011111 $
b10011111 >
b0 <
1*
#10426000
0(
b111101111 5
#10430000
b10000010011 8
0*
#10435000
1%
b10100010 ;
0"
b10100010 4
12
01
1*
#10440000
b1000000000000010011111 :
1(
b10100000 '
b10100000 9
b10000010100 8
0*
#10445000
b1 <
b1000000000000010100000 :
b10100000 =
02
11
1*
#10446000
0(
b111110000 5
#10450000
b10100000 :
1(
b0 '
b0 9
0+
b10000010101 8
0*
#10455000
b10 <
1*
#10456000
0(
b111110001 5
#10460000
1(
b10000010110 8
0*
#10465000
0%
1"
b10100000 $
b10100000 >
b0 <
1*
#10466000
0(
b111110010 5
#10470000
b1000010000000010100000 :
1(
b10100001 '
b10100001 9
b10000010111 8
0*
#10475000
b101010100 7
b10100000 ,
1.
01
1*
#10480000
b10000011000 8
0*
#10485000
b101010101 7
1*
#10490000
b10000011001 8
0*
#10495000
b101010110 7
1*
#10500000
b10000011010 8
0*
#10505000
b101010111 7
1*
#10510000
b10000011011 8
0*
#10515000
b101011000 7
1*
#10520000
b10000011100 8
0*
#10525000
b101011001 7
1*
#10530000
b10000011101 8
0*
#10535000
b101011010 7
1*
#10540000
1+
b10000011110 8
0*
#10545000
1%
b10100011 ;
0"
b10100011 4
0.
12
1*
#10550000
b10000011111 8
0*
#10555000
b1 <
b1000010000000010100001 :
b10100001 =
02
11
1*
#10556000
0(
b111110011 5
#10560000
b10100001 :
1(
b0 '
b0 9
b10000100000 8
0*
#10565000
b10 <
1*
#10566000
0(
b111110100 5
#10570000
b10000100001 8
0*
#10575000
01
1*
#10580000
1(
b10000000 '
b10000000 9
b10000100010 8
0*
#10585000
0%
1"
b10100001 $
b10100001 >
b0 <
11
1*
#10586000
0(
b111110101 5
#10590000
b1000100000000010100001 :
1(
b10100010 '
b10100010 9
b10000100011 8
0*
#10595000
1%
b10100100 ;
0"
b10100100 4
12
01
1*
#10600000
b10000100100 8
0*
#10605000
b1 <
b1000100000000010100010 :
b10100010 =
02
11
1*
#10606000
0(
b111110110 5
#10610000
b10100010 :
1(
b0 '
b0 9
b10000100101 8
0*
#10615000
b10 <
1*
#10616000
0(
b111110111 5
#10620000
1(
b10000100110 8
0*
#10625000
0%
1"
b10100010 $
b10100010 >
b0 <
1*
#10626000
0(
b111111000 5
#10630000
b1000110000000010100010 :
1(
b10100011 '
b10100011 9
b10000100111 8
0*
#10635000
1%
b10100101 ;
0"
b10100101 4
12
01
1*
#10640000
0+
b10000101000 8
0*
#10645000
b1 <
b1000110000000010100011 :
b10100011 =
02
11
1*
#10646000
0(
b111111001 5
#10650000
b10100011 :
1(
b0 '
b0 9
b10000101001 8
0*
#10655000
b10 <
1*
#10656000
0(
b111111010 5
#10660000
1(
b10000000 '
b10000000 9
b10000101010 8
0*
#10665000
0%
1"
b10100011 $
b10100011 >
b0 <
1*
#10666000
0(
b111111011 5
#10670000
b1001000000000010100011 :
1(
b10100100 '
b10100100 9
b10000101011 8
0*
#10675000
b101011011 7
b10100011 ,
1.
01
1*
#10680000
b10000101100 8
0*
#10685000
b101011100 7
1*
#10690000
b10000101101 8
0*
#10695000
b101011101 7
1*
#10700000
b10000101110 8
0*
#10705000
b101011110 7
1*
#10710000
b10000101111 8
0*
#10715000
b101011111 7
1*
#10720000
b10000110000 8
0*
#10725000
b101100000 7
1*
#10730000
1+
b10000110001 8
0*
#10735000
1%
b10100110 ;
0"
b10100110 4
0.
12
1*
#10740000
b10000110010 8
0*
#10745000
b1 <
b1001000000000010100100 :
b10100100 =
02
11
1*
#10746000
0(
b111111100 5
#10750000
b10100100 :
1(
b0 '
b0 9
b10000110011 8
0*
#10755000
b10 <
1*
#10756000
0(
b111111101 5
#10760000
1(
b10000110100 8
0*
#10765000
0%
1"
b10100100 $
b10100100 >
b0 <
1*
#10766000
0(
b111111110 5
#10770000
b1001010000000010100100 :
1(
b10100101 '
b10100101 9
b10000110101 8
0*
#10775000
1%
b10100111 ;
0"
b10100111 4
12
01
1*
#10780000
b10000110110 8
0*
#10785000
b1 <
b1001010000000010100101 :
b10100101 =
02
11
1*
#10786000
0(
b111111111 5
#10790000
b10100101 :
1(
b0 '
b0 9
b10000110111 8
0*
#10795000
b10 <
1*
#10796000
0(
b1000000000 5
#10800000
1(
b10000000 '
b10000000 9
b10000111000 8
0*
#10805000
0%
1"
b10100101 $
b10100101 >
b0 <
1*
#10806000
0(
b1000000001 5
#10810000
b1001100000000010100101 :
1(
b10100110 '
b10100110 9
b10000111001 8
0*
#10815000
1%
b10101000 ;
0"
b10101000 4
12
01
1*
#10820000
b10000111010 8
0*
#10825000
b1 <
b1001100000000010100110 :
b10100110 =
02
11
1*
#10826000
0(
b1000000010 5
#10830000
b10100110 :
1(
b0 '
b0 9
0+
b10000111011 8
0*
#10835000
b10 <
1*
#10836000
0(
b1000000011 5
#10840000
1(
b10000111100 8
0*
#10845000
0%
1"
b10100110 $
b10100110 >
b0 <
1*
#10846000
0(
b1000000100 5
#10850000
b10000111101 8
0*
#10855000
b101100001 7
b10100110 ,
1.
01
1*
#10860000
b1001110000000010100110 :
1(
b10100111 '
b10100111 9
b10000111110 8
0*
#10865000
b101100010 7
1*
#10870000
b10000111111 8
0*
#10875000
b101100011 7
1*
#10880000
b10001000000 8
0*
#10885000
b101100100 7
1*
#10890000
b10001000001 8
0*
#10895000
b101100101 7
1*
#10900000
b10001000010 8
0*
#10905000
b101100110 7
1*
#10910000
b10001000011 8
0*
#10915000
b101100111 7
1*
#10920000
1+
b10001000100 8
0*
#10925000
1%
b10101001 ;
0"
b10101001 4
0.
12
1*
#10930000
b10001000101 8
0*
#10935000
b1 <
b1001110000000010100111 :
b10100111 =
02
11
1*
#10936000
0(
b1000000101 5
#10940000
b10100111 :
1(
b0 '
b0 9
b10001000110 8
0*
#10945000
b10 <
1*
#10946000
0(
b1000000110 5
#10950000
1(
b10000000 '
b10000000 9
b10001000111 8
0*
#10955000
0%
1"
b10100111 $
b10100111 >
b0 <
1*
#10956000
0(
b1000000111 5
#10960000
b1010000000000010100111 :
1(
b10101000 '
b10101000 9
b10001001000 8
0*
#10965000
1%
b10101010 ;
0"
b10101010 4
12
01
1*
#10970000
b10001001001 8
0*
#10975000
b1 <
b1010000000000010101000 :
b10101000 =
02
11
1*
#10976000
0(
b1000001000 5
#10980000
b10101000 :
1(
b0 '
b0 9
b10001001010 8
0*
#10985000
b10 <
1*
#10986000
0(
b1000001001 5
#10990000
b10001001011 8
0*
#10995000
01
1*
#11000000
1(
b10001001100 8
0*
#11005000
0%
1"
b10101000 $
b10101000 >
b0 <
11
1*
#11006000
0(
b1000001010 5
#11010000
b1010010000000010101000 :
1(
b10101001 '
b10101001 9
b10001001101 8
0*
#11015000
1%
b10101011 ;
0"
b10101011 4
12
01
1*
#11020000
0+
b10001001110 8
0*
#11025000
b1 <
b1010010000000010101001 :
b10101001 =
02
11
1*
#11026000
0(
b1000001011 5
#11030000
b10101001 :
1(
b0 '
b0 9
b10001001111 8
0*
#11035000
b10 <
1*
#11036000
0(
b1000001100 5
#11040000
1(
b10000000 '
b10000000 9
b10001010000 8
0*
#11045000
0%
1"
b10101001 $
b10101001 >
b0 <
1*
#11046000
0(
b1000001101 5
#11050000
b1010100000000010101001 :
1(
b10101010 '
b10101010 9
b10001010001 8
0*
#11055000
b101101000 7
b10101001 ,
1.
01
1*
#11060000
b10001010010 8
0*
#11065000
b101101001 7
1*
#11070000
b10001010011 8
0*
#11075000
b101101010 7
1*
#11080000
b10001010100 8
0*
#11085000
b101101011 7
1*
#11090000
b10001010101 8
0*
#11095000
b101101100 7
1*
#11100000
b10001010110 8
0*
#11105000
b101101101 7
1*
#11110000
1+
b10001010111 8
0*
#11115000
1%
b10101100 ;
0"
b10101100 4
0.
12
1*
#11120000
b10001011000 8
0*
#11125000
b1 <
b1010100000000010101010 :
b10101010 =
02
11
1*
#11126000
0(
b1000001110 5
#11130000
b10001011001 8
0*
#11135000
01
1*
#11140000
b10101010 :
1(
b0 '
b0 9
b10001011010 8
0*
#11145000
b10 <
11
1*
#11146000
0(
b1000001111 5
#11150000
1(
b10001011011 8
0*
#11155000
0%
1"
b10101010 $
b10101010 >
b0 <
1*
#11156000
0(
b1000010000 5
#11160000
b1010110000000010101010 :
1(
b10101011 '
b10101011 9
b10001011100 8
0*
#11165000
1%
b10101101 ;
0"
b10101101 4
12
01
1*
#11170000
b10001011101 8
0*
#11175000
b1 <
b1010110000000010101011 :
b10101011 =
02
11
1*
#11176000
0(
b1000010001 5
#11180000
b10101011 :
1(
b0 '
b0 9
b10001011110 8
0*
#11185000
b10 <
1*
#11186000
0(
b1000010010 5
#11190000
1(
b10000000 '
b10000000 9
b10001011111 8
0*
#11195000
0%
1"
b10101011 $
b10101011 >
b0 <
1*
#11196000
0(
b1000010011 5
#11200000
b10001100000 8
0*
#11205000
1%
b10101110 ;
0"
b10101110 4
12
01
1*
#11210000
b1011000000000010101011 :
1(
b10101100 '
b10101100 9
0+
b10001100001 8
0*
#11215000
b1 <
b1011000000000010101100 :
b10101100 =
02
11
1*
#11216000
0(
b1000010100 5
#11220000
b10101100 :
1(
b0 '
b0 9
b10001100010 8
0*
#11225000
b10 <
1*
#11226000
0(
b1000010101 5
#11230000
1(
b10001100011 8
0*
#11235000
0%
1"
b10101100 $
b10101100 >
b0 <
1*
#11236000
0(
b1000010110 5
#11240000
b1011010000000010101100 :
1(
b10101101 '
b10101101 9
b10001100100 8
0*
#11245000
b101101110 7
b10101100 ,
1.
01
1*
#11250000
b10001100101 8
0*
#11255000
b101101111 7
1*
#11260000
b10001100110 8
0*
#11265000
b101110000 7
1*
#11270000
b10001100111 8
0*
#11275000
b101110001 7
1*
#11280000
b10001101000 8
0*
#11285000
b101110010 7
1*
#11290000
b10001101001 8
0*
#11295000
b101110011 7
1*
#11300000
1+
b10001101010 8
0*
#11305000
1%
b10101111 ;
0"
b10101111 4
0.
12
1*
#11310000
b10001101011 8
0*
#11315000
b1 <
b1011010000000010101101 :
b10101101 =
02
11
1*
#11316000
0(
b1000010111 5
#11320000
b10101101 :
1(
b0 '
b0 9
b10001101100 8
0*
#11325000
b10 <
1*
#11326000
0(
b1000011000 5
#11330000
1(
b10000000 '
b10000000 9
b10001101101 8
0*
#11335000
0%
1"
b10101101 $
b10101101 >
b0 <
1*
#11336000
0(
b1000011001 5
#11340000
b10001101110 8
0*
#11345000
1%
b10110000 ;
0"
b10110000 4
12
01
1*
#11350000
b1011100000000010101101 :
1(
b10101110 '
b10101110 9
b10001101111 8
0*
#11355000
b1 <
b1011100000000010101110 :
b10101110 =
02
11
1*
#11356000
0(
b1000011010 5
#11360000
b10101110 :
1(
b0 '
b0 9
b10001110000 8
0*
#11365000
b10 <
1*
#11366000
0(
b1000011011 5
#11370000
1(
b10001110001 8
0*
#11375000
0%
1"
b10101110 $
b10101110 >
b0 <
1*
#11376000
0(
b1000011100 5
#11380000
b1011110000000010101110 :
1(
b10101111 '
b10101111 9
b10001110010 8
0*
#11385000
1%
b10110001 ;
0"
b10110001 4
12
01
1*
#11390000
b10001110011 8
0*
#11395000
b1 <
b1011110000000010101111 :
b10101111 =
02
11
1*
#11396000
0(
b1000011101 5
#11400000
b10101111 :
1(
b0 '
b0 9
0+
b10001110100 8
0*
#11405000
b10 <
1*
#11406000
0(
b1000011110 5
#11410000
b10001110101 8
0*
#11415000
01
1*
#11420000
1(
b10000000 '
b10000000 9
b10001110110 8
0*
#11425000
0%
1"
b10101111 $
b10101111 >
b0 <
11
1*
#11426000
0(
b1000011111 5
#11430000
b1100000000000010101111 :
1(
b10110000 '
b10110000 9
b10001110111 8
0*
#11435000
b101110100 7
b10101111 ,
1.
01
1*
#11440000
b10001111000 8
0*
#11445000
b101110101 7
1*
#11450000
b10001111001 8
0*
#11455000
b101110110 7
1*
#11460000
b10001111010 8
0*
#11465000
b101110111 7
1*
#11470000
b10001111011 8
0*
#11475000
b101111000 7
1*
#11480000
b10001111100 8
0*
#11485000
b101111001 7
1*
#11490000
1+
b10001111101 8
0*
#11495000
1%
b10110010 ;
0"
b10110010 4
0.
12
1*
#11500000
b10001111110 8
0*
#11505000
b1 <
b1100000000000010110000 :
b10110000 =
02
11
1*
#11506000
0(
b1000100000 5
#11510000
b10110000 :
1(
b0 '
b0 9
b10001111111 8
0*
#11515000
b10 <
1*
#11516000
0(
b1000100001 5
#11520000
1(
b10010000000 8
0*
#11525000
0%
1"
b10110000 $
b10110000 >
b0 <
1*
#11526000
0(
b1000100010 5
#11530000
b1100010000000010110000 :
1(
b10110001 '
b10110001 9
b10010000001 8
0*
#11535000
1%
b10110011 ;
0"
b10110011 4
12
01
1*
#11540000
b10010000010 8
0*
#11545000
b1 <
b1100010000000010110001 :
b10110001 =
02
11
1*
#11546000
0(
b1000100011 5
#11550000
b10010000011 8
0*
#11555000
01
1*
#11560000
b10110001 :
1(
b0 '
b0 9
b10010000100 8
0*
#11565000
b10 <
11
1*
#11566000
0(
b1000100100 5
#11570000
1(
b10000000 '
b10000000 9
b10010000101 8
0*
#11575000
0%
1"
b10110001 $
b10110001 >
b0 <
1*
#11576000
0(
b1000100101 5
#11580000
b1100100000000010110001 :
1(
b10110010 '
b10110010 9
b10010000110 8
0*
#11585000
1%
b10110100 ;
0"
b10110100 4
12
01
1*
#11590000
0+
b10010000111 8
0*
#11595000
b1 <
b1100100000000010110010 :
b10110010 =
02
11
1*
#11596000
0(
b1000100110 5
#11600000
b10110010 :
1(
b0 '
b0 9
b10010001000 8
0*
#11605000
b10 <
1*
#11606000
0(
b1000100111 5
#11610000
1(
b10010001001 8
0*
#11615000
0%
1"
b10110010 $
b10110010 >
b0 <
1*
#11616000
0(
b1000101000 5
#11620000
b10010001010 8
0*
#11625000
b101111010 7
b10110010 ,
1.
01
1*
#11630000
b1100110000000010110010 :
1(
b10110011 '
b10110011 9
b10010001011 8
0*
#11635000
b101111011 7
1*
#11640000
b10010001100 8
0*
#11645000
b101111100 7
1*
#11650000
b10010001101 8
0*
#11655000
b101111101 7
1*
#11660000
b10010001110 8
0*
#11665000
b101111110 7
1*
#11670000
b10010001111 8
0*
#11675000
b101111111 7
1*
#11680000
1+
b10010010000 8
0*
#11685000
1%
b10110101 ;
0"
b10110101 4
0.
12
1*
#11690000
b10010010001 8
0*
#11695000
b1 <
b1100110000000010110011 :
b10110011 =
02
11
1*
#11696000
0(
b1000101001 5
#11700000
b10110011 :
1(
b0 '
b0 9
b10010010010 8
0*
#11705000
b10 <
1*
#11706000
0(
b1000101010 5
#11710000
1(
b10000000 '
b10000000 9
b10010010011 8
0*
#11715000
0%
1"
b10110011 $
b10110011 >
b0 <
1*
#11716000
0(
b1000101011 5
#11720000
b1101000000000010110011 :
1(
b10110100 '
b10110100 9
b10010010100 8
0*
#11725000
1%
b10110110 ;
0"
b10110110 4
12
01
1*
#11730000
b10010010101 8
0*
#11735000
b1 <
b1101000000000010110100 :
b10110100 =
02
11
1*
#11736000
0(
b1000101100 5
#11740000
b10110100 :
1(
b0 '
b0 9
b10010010110 8
0*
#11745000
b10 <
1*
#11746000
0(
b1000101101 5
#11750000
1(
b10010010111 8
0*
#11755000
0%
1"
b10110100 $
b10110100 >
b0 <
1*
#11756000
0(
b1000101110 5
#11760000
b10010011000 8
0*
#11765000
1%
b10110111 ;
0"
b10110111 4
12
01
1*
#11770000
b1101010000000010110100 :
1(
b10110101 '
b10110101 9
b10010011001 8
0*
#11775000
b1 <
b1101010000000010110101 :
b10110101 =
02
11
1*
#11776000
0(
b1000101111 5
#11780000
b10110101 :
1(
b0 '
b0 9
0+
b10010011010 8
0*
#11785000
b10 <
1*
#11786000
0(
b1000110000 5
#11790000
1(
b10000000 '
b10000000 9
b10010011011 8
0*
#11795000
0%
1"
b10110101 $
b10110101 >
b0 <
1*
#11796000
0(
b1000110001 5
#11800000
b1101100000000010110101 :
1(
b10110110 '
b10110110 9
b10010011100 8
0*
#11805000
b110000000 7
b10110101 ,
1.
01
1*
#11810000
b10010011101 8
0*
#11815000
b110000001 7
1*
#11820000
b10010011110 8
0*
#11825000
b110000010 7
1*
#11830000
b10010011111 8
0*
#11835000
b110000011 7
1*
#11840000
b10010100000 8
0*
#11845000
b110000100 7
1*
#11850000
b10010100001 8
0*
#11855000
b110000101 7
1*
#11860000
b10010100010 8
0*
#11865000
b110000110 7
1*
#11870000
1+
b10010100011 8
0*
#11875000
1%
b10111000 ;
0"
b10111000 4
0.
12
1*
#11880000
b10010100100 8
0*
#11885000
b1 <
b1101100000000010110110 :
b10110110 =
02
11
1*
#11886000
0(
b1000110010 5
#11890000
b10110110 :
1(
b0 '
b0 9
b10010100101 8
0*
#11895000
b10 <
1*
#11896000
0(
b1000110011 5
#11900000
b10010100110 8
0*
#11905000
01
1*
#11910000
1(
b10010100111 8
0*
#11915000
0%
1"
b10110110 $
b10110110 >
b0 <
11
1*
#11916000
0(
b1000110100 5
#11920000
b1101110000000010110110 :
1(
b10110111 '
b10110111 9
b10010101000 8
0*
#11925000
1%
b10111001 ;
0"
b10111001 4
12
01
1*
#11930000
b10010101001 8
0*
#11935000
b1 <
b1101110000000010110111 :
b10110111 =
02
11
1*
#11936000
0(
b1000110101 5
#11940000
b10110111 :
1(
b0 '
b0 9
b10010101010 8
0*
#11945000
b10 <
1*
#11946000
0(
b1000110110 5
#11950000
1(
b10000000 '
b10000000 9
b10010101011 8
0*
#11955000
0%
1"
b10110111 $
b10110111 >
b0 <
1*
#11956000
0(
b1000110111 5
#11960000
b1110000000000010110111 :
1(
b10111000 '
b10111000 9
b10010101100 8
0*
#11965000
1%
b10111010 ;
0"
b10111010 4
12
01
1*
#11970000
0+
b10010101101 8
0*
#11975000
b1 <
b1110000000000010111000 :
b10111000 =
02
11
1*
#11976000
0(
b1000111000 5
#11980000
b10111000 :
1(
b0 '
b0 9
b10010101110 8
0*
#11985000
b10 <
1*
#11986000
0(
b1000111001 5
#11990000
1(
b10010101111 8
0*
#11995000
0%
1"
b10111000 $
b10111000 >
b0 <
1*
#11996000
0(
b1000111010 5
#12000000
b1110010000000010111000 :
1(
b10111001 '
b10111001 9
b10010110000 8
0*
#12005000
b110000111 7
b10111000 ,
1.
01
1*
#12010000
b10010110001 8
0*
#12015000
b110001000 7
1*
#12020000
b10010110010 8
0*
#12025000
b110001001 7
1*
#12030000
b10010110011 8
0*
#12035000
b110001010 7
1*
#12040000
b10010110100 8
0*
#12045000
b110001011 7
1*
#12050000
b10010110101 8
0*
#12055000
b110001100 7
1*
#12060000
1+
b10010110110 8
0*
#12065000
1%
b10111011 ;
0"
b10111011 4
0.
12
1*
#12070000
b10010110111 8
0*
#12075000
b1 <
b1110010000000010111001 :
b10111001 =
02
11
1*
#12076000
0(
b1000111011 5
#12080000
b10111001 :
1(
b0 '
b0 9
b10010111000 8
0*
#12085000
b10 <
1*
#12086000
0(
b1000111100 5
#12090000
1(
b10000000 '
b10000000 9
b10010111001 8
0*
#12095000
0%
1"
b10111001 $
b10111001 >
b0 <
1*
#12096000
0(
b1000111101 5
#12100000
b1110100000000010111001 :
1(
b10111010 '
b10111010 9
b10010111010 8
0*
#12105000
1%
b10111100 ;
0"
b10111100 4
12
01
1*
#12110000
b10010111011 8
0*
#12115000
b1 <
b1110100000000010111010 :
b10111010 =
02
11
1*
#12116000
0(
b1000111110 5
#12120000
b10111010 :
1(
b0 '
b0 9
b10010111100 8
0*
#12125000
b10 <
1*
#12126000
0(
b1000111111 5
#12130000
1(
b10010111101 8
0*
#12135000
0%
1"
b10111010 $
b10111010 >
b0 <
1*
#12136000
0(
b1001000000 5
#12140000
b1110110000000010111010 :
1(
b10111011 '
b10111011 9
b10010111110 8
0*
#12145000
1%
b10111101 ;
0"
b10111101 4
12
01
1*
#12150000
b10010111111 8
0*
#12155000
b1 <
b1110110000000010111011 :
b10111011 =
02
11
1*
#12156000
0(
b1001000001 5
#12160000
b10111011 :
1(
b0 '
b0 9
0+
b10011000000 8
0*
#12165000
b10 <
1*
#12166000
0(
b1001000010 5
#12170000
1(
b10000000 '
b10000000 9
b10011000001 8
0*
#12175000
0%
1"
b10111011 $
b10111011 >
b0 <
1*
#12176000
0(
b1001000011 5
#12180000
b10011000010 8
0*
#12185000
b110001101 7
b10111011 ,
1.
01
1*
#12190000
b1111000000000010111011 :
1(
b10111100 '
b10111100 9
b10011000011 8
0*
#12195000
b110001110 7
1*
#12200000
b10011000100 8
0*
#12205000
b110001111 7
1*
#12210000
b10011000101 8
0*
#12215000
b110010000 7
1*
#12220000
b10011000110 8
0*
#12225000
b110010001 7
1*
#12230000
b10011000111 8
0*
#12235000
b110010010 7
1*
#12240000
b10011001000 8
0*
#12245000
b110010011 7
1*
#12250000
1+
b10011001001 8
0*
#12255000
1%
b10111110 ;
0"
b10111110 4
0.
12
1*
#12260000
b10011001010 8
0*
#12265000
b1 <
b1111000000000010111100 :
b10111100 =
02
11
1*
#12266000
0(
b1001000100 5
#12270000
b10111100 :
1(
b0 '
b0 9
b10011001011 8
0*
#12275000
b10 <
1*
#12276000
0(
b1001000101 5
#12280000
1(
b10011001100 8
0*
#12285000
0%
1"
b10111100 $
b10111100 >
b0 <
1*
#12286000
0(
b1001000110 5
#12290000
b1111010000000010111100 :
1(
b10111101 '
b10111101 9
b10011001101 8
0*
#12295000
1%
b10111111 ;
0"
b10111111 4
12
01
1*
#12300000
b10011001110 8
0*
#12305000
b1 <
b1111010000000010111101 :
b10111101 =
02
11
1*
#12306000
0(
b1001000111 5
#12310000
b10111101 :
1(
b0 '
b0 9
b10011001111 8
0*
#12315000
b10 <
1*
#12316000
0(
b1001001000 5
#12320000
b10011010000 8
0*
#12325000
01
1*
#12330000
1(
b10000000 '
b10000000 9
b10011010001 8
0*
#12335000
0%
1"
b10111101 $
b10111101 >
b0 <
11
1*
#12336000
0(
b1001001001 5
#12340000
b1111100000000010111101 :
1(
b10111110 '
b10111110 9
b10011010010 8
0*
#12345000
1%
b11000000 ;
0"
b11000000 4
12
01
1*
#12350000
0+
b10011010011 8
0*
#12355000
b1 <
b1111100000000010111110 :
b10111110 =
02
11
1*
#12356000
0(
b1001001010 5
#12360000
b10111110 :
1(
b0 '
b0 9
b10011010100 8
0*
#12365000
b10 <
1*
#12366000
0(
b1001001011 5
#12370000
1(
b10011010101 8
0*
#12375000
0%
1"
b10111110 $
b10111110 >
b0 <
1*
#12376000
0(
b1001001100 5
#12380000
b1111110000000010111110 :
1(
b10111111 '
b10111111 9
b10011010110 8
0*
#12385000
b110010100 7
b10111110 ,
1.
01
1*
#12390000
b10011010111 8
0*
#12395000
b110010101 7
1*
#12400000
b10011011000 8
0*
#12405000
b110010110 7
1*
#12410000
b10011011001 8
0*
#12415000
b110010111 7
1*
#12420000
b10011011010 8
0*
#12425000
b110011000 7
1*
#12430000
b10011011011 8
0*
#12435000
b110011001 7
1*
#12440000
1+
b10011011100 8
0*
#12445000
1%
b11000001 ;
0"
b11000001 4
0.
12
1*
#12450000
b10011011101 8
0*
#12455000
b1 <
b1111110000000010111111 :
b10111111 =
02
11
1*
#12456000
0(
b1001001101 5
#12460000
b10011011110 8
0*
#12465000
01
1*
#12470000
b10111111 :
1(
b0 '
b0 9
b10011011111 8
0*
#12475000
b10 <
11
1*
#12476000
0(
b1001001110 5
#12480000
1(
b10000000 '
b10000000 9
b10011100000 8
0*
#12485000
0%
1"
b10111111 $
b10111111 >
b0 <
1*
#12486000
0(
b1001001111 5
#12490000
b10000000000000010111111 :
1(
b11000000 '
b11000000 9
b10011100001 8
0*
#12495000
1%
b11000010 ;
0"
b11000010 4
12
01
1*
#12500000
b10011100010 8
0*
#12505000
b1 <
b10000000000000011000000 :
b11000000 =
02
11
1*
#12506000
0(
b1001010000 5
#12510000
b11000000 :
1(
b0 '
b0 9
b10011100011 8
0*
#12515000
b10 <
1*
#12516000
0(
b1001010001 5
#12520000
1(
b10011100100 8
0*
#12525000
0%
1"
b11000000 $
b11000000 >
b0 <
1*
#12526000
0(
b1001010010 5
#12530000
b10011100101 8
0*
#12535000
1%
b11000011 ;
0"
b11000011 4
12
01
1*
#12540000
b10000010000000011000000 :
1(
b11000001 '
b11000001 9
0+
b10011100110 8
0*
#12545000
b1 <
b10000010000000011000001 :
b11000001 =
02
11
1*
#12546000
0(
b1001010011 5
#12550000
b11000001 :
1(
b0 '
b0 9
b10011100111 8
0*
#12555000
b10 <
1*
#12556000
0(
b1001010100 5
#12560000
1(
b10000000 '
b10000000 9
b10011101000 8
0*
#12565000
0%
1"
b11000001 $
b11000001 >
b0 <
1*
#12566000
0(
b1001010101 5
#12570000
b10000100000000011000001 :
1(
b11000010 '
b11000010 9
b10011101001 8
0*
#12575000
b110011010 7
b11000001 ,
1.
01
1*
#12580000
b10011101010 8
0*
#12585000
b110011011 7
1*
#12590000
b10011101011 8
0*
#12595000
b110011100 7
1*
#12600000
b10011101100 8
0*
#12605000
b110011101 7
1*
#12610000
b10011101101 8
0*
#12615000
b110011110 7
1*
#12620000
b10011101110 8
0*
#12625000
b110011111 7
1*
#12630000
1+
b10011101111 8
0*
#12635000
1%
b11000100 ;
0"
b11000100 4
0.
12
1*
#12640000
b10011110000 8
0*
#12645000
b1 <
b10000100000000011000010 :
b11000010 =
02
11
1*
#12646000
0(
b1001010110 5
#12650000
b11000010 :
1(
b0 '
b0 9
b10011110001 8
0*
#12655000
b10 <
1*
#12656000
0(
b1001010111 5
#12660000
1(
b10011110010 8
0*
#12665000
0%
1"
b11000010 $
b11000010 >
b0 <
1*
#12666000
0(
b1001011000 5
#12670000
b10011110011 8
0*
#12675000
1%
b11000101 ;
0"
b11000101 4
12
01
1*
#12680000
b10000110000000011000010 :
1(
b11000011 '
b11000011 9
b10011110100 8
0*
#12685000
b1 <
b10000110000000011000011 :
b11000011 =
02
11
1*
#12686000
0(
b1001011001 5
#12690000
b11000011 :
1(
b0 '
b0 9
b10011110101 8
0*
#12695000
b10 <
1*
#12696000
0(
b1001011010 5
#12700000
1(
b10000000 '
b10000000 9
b10011110110 8
0*
#12705000
0%
1"
b11000011 $
b11000011 >
b0 <
1*
#12706000
0(
b1001011011 5
#12710000
b10001000000000011000011 :
1(
b11000100 '
b11000100 9
b10011110111 8
0*
#12715000
1%
b11000110 ;
0"
b11000110 4
12
01
1*
#12720000
b10011111000 8
0*
#12725000
b1 <
b10001000000000011000100 :
b11000100 =
02
11
1*
#12726000
0(
b1001011100 5
#12730000
b11000100 :
1(
b0 '
b0 9
0+
b10011111001 8
0*
#12735000
b10 <
1*
#12736000
0(
b1001011101 5
#12740000
b10011111010 8
0*
#12745000
01
1*
#12750000
1(
b10011111011 8
0*
#12755000
0%
1"
b11000100 $
b11000100 >
b0 <
11
1*
#12756000
0(
b1001011110 5
#12760000
b10001010000000011000100 :
1(
b11000101 '
b11000101 9
b10011111100 8
0*
#12765000
b110100000 7
b11000100 ,
1.
01
1*
#12770000
b10011111101 8
0*
#12775000
b110100001 7
1*
#12780000
b10011111110 8
0*
#12785000
b110100010 7
1*
#12790000
b10011111111 8
0*
#12795000
b110100011 7
1*
#12800000
b10100000000 8
0*
#12805000
b110100100 7
1*
#12810000
b10100000001 8
0*
#12815000
b110100101 7
1*
#12820000
1+
b10100000010 8
0*
#12825000
1%
b11000111 ;
0"
b11000111 4
0.
12
1*
#12830000
b10100000011 8
0*
#12835000
b1 <
b10001010000000011000101 :
b11000101 =
02
11
1*
#12836000
0(
b1001011111 5
#12840000
b11000101 :
1(
b0 '
b0 9
b10100000100 8
0*
#12845000
b10 <
1*
#12846000
0(
b1001100000 5
#12850000
1(
b10000000 '
b10000000 9
b10100000101 8
0*
#12855000
0%
1"
b11000101 $
b11000101 >
b0 <
1*
#12856000
0(
b1001100001 5
#12860000
b10001100000000011000101 :
1(
b11000110 '
b11000110 9
b10100000110 8
0*
#12865000
1%
b11001000 ;
0"
b11001000 4
12
01
1*
#12870000
b10100000111 8
0*
#12875000
b1 <
b10001100000000011000110 :
b11000110 =
02
11
1*
#12876000
0(
b1001100010 5
#12880000
b10100001000 8
0*
#12885000
01
1*
#12890000
b11000110 :
1(
b0 '
b0 9
b10100001001 8
0*
#12895000
b10 <
11
1*
#12896000
0(
b1001100011 5
#12900000
1(
b10100001010 8
0*
#12905000
0%
1"
b11000110 $
b11000110 >
b0 <
1*
#12906000
0(
b1001100100 5
#12910000
b10001110000000011000110 :
1(
b11000111 '
b11000111 9
b10100001011 8
0*
#12915000
1%
b11001001 ;
0"
b11001001 4
12
01
1*
#12920000
0+
b10100001100 8
0*
#12925000
b1 <
b10001110000000011000111 :
b11000111 =
02
11
1*
#12926000
0(
b1001100101 5
#12930000
b11000111 :
1(
b0 '
b0 9
b10100001101 8
0*
#12935000
b10 <
1*
#12936000
0(
b1001100110 5
#12940000
1(
b10000000 '
b10000000 9
b10100001110 8
0*
#12945000
0%
1"
b11000111 $
b11000111 >
b0 <
1*
#12946000
0(
b1001100111 5
#12950000
b10100001111 8
0*
#12955000
b110100110 7
b11000111 ,
1.
01
1*
#12960000
b10010000000000011000111 :
1(
b11001000 '
b11001000 9
b10100010000 8
0*
#12965000
b110100111 7
1*
#12970000
b10100010001 8
0*
#12975000
b110101000 7
1*
#12980000
b10100010010 8
0*
#12985000
b110101001 7
1*
#12990000
b10100010011 8
0*
#12995000
b110101010 7
1*
#13000000
b10100010100 8
0*
#13005000
b110101011 7
1*
#13010000
1+
b10100010101 8
0*
#13015000
1%
b11001010 ;
0"
b11001010 4
0.
12
1*
#13020000
b10100010110 8
0*
#13025000
b1 <
b10010000000000011001000 :
b11001000 =
02
11
1*
#13026000
0(
b1001101000 5
#13030000
b11001000 :
1(
b0 '
b0 9
b10100010111 8
0*
#13035000
b10 <
1*
#13036000
0(
b1001101001 5
#13040000
1(
b10100011000 8
0*
#13045000
0%
1"
b11001000 $
b11001000 >
b0 <
1*
#13046000
0(
b1001101010 5
#13050000
b10010010000000011001000 :
1(
b11001001 '
b11001001 9
b10100011001 8
0*
#13055000
1%
b11001011 ;
0"
b11001011 4
12
01
1*
#13060000
b10100011010 8
0*
#13065000
b1 <
b10010010000000011001001 :
b11001001 =
02
11
1*
#13066000
0(
b1001101011 5
#13070000
b11001001 :
1(
b0 '
b0 9
b10100011011 8
0*
#13075000
b10 <
1*
#13076000
0(
b1001101100 5
#13080000
1(
b10000000 '
b10000000 9
b10100011100 8
0*
#13085000
0%
1"
b11001001 $
b11001001 >
b0 <
1*
#13086000
0(
b1001101101 5
#13090000
b10100011101 8
0*
#13095000
1%
b11001100 ;
0"
b11001100 4
12
01
1*
#13100000
b10010100000000011001001 :
1(
b11001010 '
b11001010 9
b10100011110 8
0*
#13105000
b1 <
b10010100000000011001010 :
b11001010 =
02
11
1*
#13106000
0(
b1001101110 5
#13110000
b11001010 :
1(
b0 '
b0 9
0+
b10100011111 8
0*
#13115000
b10 <
1*
#13116000
0(
b1001101111 5
#13120000
1(
b10100100000 8
0*
#13125000
0%
1"
b11001010 $
b11001010 >
b0 <
1*
#13126000
0(
b1001110000 5
#13130000
b10010110000000011001010 :
1(
b11001011 '
b11001011 9
b10100100001 8
0*
#13135000
b110101100 7
b11001010 ,
1.
01
1*
#13140000
b10100100010 8
0*
#13145000
b110101101 7
1*
#13150000
b10100100011 8
0*
#13155000
b110101110 7
1*
#13160000
b10100100100 8
0*
#13165000
b110101111 7
1*
#13170000
b10100100101 8
0*
#13175000
b110110000 7
1*
#13180000
b10100100110 8
0*
#13185000
b110110001 7
1*
#13190000
b10100100111 8
0*
#13195000
b110110010 7
1*
#13200000
1+
b10100101000 8
0*
#13205000
1%
b11001101 ;
0"
b11001101 4
0.
12
1*
#13210000
b10100101001 8
0*
#13215000
b1 <
b10010110000000011001011 :
b11001011 =
02
11
1*
#13216000
0(
b1001110001 5
#13220000
b11001011 :
1(
b0 '
b0 9
b10100101010 8
0*
#13225000
b10 <
1*
#13226000
0(
b1001110010 5
#13230000
b10100101011 8
0*
#13235000
01
1*
#13240000
1(
b10000000 '
b10000000 9
b10100101100 8
0*
#13245000
0%
1"
b11001011 $
b11001011 >
b0 <
11
1*
#13246000
0(
b1001110011 5
#13250000
b10011000000000011001011 :
1(
b11001100 '
b11001100 9
b10100101101 8
0*
#13255000
1%
b11001110 ;
0"
b11001110 4
12
01
1*
#13260000
b10100101110 8
0*
#13265000
b1 <
b10011000000000011001100 :
b11001100 =
02
11
1*
#13266000
0(
b1001110100 5
#13270000
b11001100 :
1(
b0 '
b0 9
b10100101111 8
0*
#13275000
b10 <
1*
#13276000
0(
b1001110101 5
#13280000
1(
b10100110000 8
0*
#13285000
0%
1"
b11001100 $
b11001100 >
b0 <
1*
#13286000
0(
b1001110110 5
#13290000
b10011010000000011001100 :
1(
b11001101 '
b11001101 9
b10100110001 8
0*
#13295000
1%
b11001111 ;
0"
b11001111 4
12
01
1*
#13300000
0+
b10100110010 8
0*
#13305000
b1 <
b10011010000000011001101 :
b11001101 =
02
11
1*
#13306000
0(
b1001110111 5
#13310000
b11001101 :
1(
b0 '
b0 9
b10100110011 8
0*
#13315000
b10 <
1*
#13316000
0(
b1001111000 5
#13320000
1(
b10000000 '
b10000000 9
b10100110100 8
0*
#13325000
0%
1"
b11001101 $
b11001101 >
b0 <
1*
#13326000
0(
b1001111001 5
#13330000
b10011100000000011001101 :
1(
b11001110 '
b11001110 9
b10100110101 8
0*
#13335000
b110110011 7
b11001101 ,
1.
01
1*
#13340000
b10100110110 8
0*
#13345000
b110110100 7
1*
#13350000
b10100110111 8
0*
#13355000
b110110101 7
1*
#13360000
b10100111000 8
0*
#13365000
b110110110 7
1*
#13370000
b10100111001 8
0*
#13375000
b110110111 7
1*
#13380000
b10100111010 8
0*
#13385000
b110111000 7
1*
#13390000
1+
b10100111011 8
0*
#13395000
1%
b11010000 ;
0"
b11010000 4
0.
12
1*
#13400000
b10100111100 8
0*
#13405000
b1 <
b10011100000000011001110 :
b11001110 =
02
11
1*
#13406000
0(
b1001111010 5
#13410000
b11001110 :
1(
b0 '
b0 9
b10100111101 8
0*
#13415000
b10 <
1*
#13416000
0(
b1001111011 5
#13420000
1(
b10100111110 8
0*
#13425000
0%
1"
b11001110 $
b11001110 >
b0 <
1*
#13426000
0(
b1001111100 5
#13430000
b10011110000000011001110 :
1(
b11001111 '
b11001111 9
b10100111111 8
0*
#13435000
1%
b11010001 ;
0"
b11010001 4
12
01
1*
#13440000
b10101000000 8
0*
#13445000
b1 <
b10011110000000011001111 :
b11001111 =
02
11
1*
#13446000
0(
b1001111101 5
#13450000
b11001111 :
1(
b0 '
b0 9
b10101000001 8
0*
#13455000
b10 <
1*
#13456000
0(
b1001111110 5
#13460000
1(
b10000000 '
b10000000 9
b10101000010 8
0*
#13465000
0%
1"
b11001111 $
b11001111 >
b0 <
1*
#13466000
0(
b1001111111 5
#13470000
b10100000000000011001111 :
1(
b11010000 '
b11010000 9
b10101000011 8
0*
#13475000
1%
b11010010 ;
0"
b11010010 4
12
01
1*
#13480000
b10101000100 8
0*
#13485000
b1 <
b10100000000000011010000 :
b11010000 =
02
11
1*
#13486000
0(
b1010000000 5
#13490000
b11010000 :
1(
b0 '
b0 9
0+
b10101000101 8
0*
#13495000
b10 <
1*
#13496000
0(
b1010000001 5
#13500000
1(
b10101000110 8
0*
#13505000
0%
1"
b11010000 $
b11010000 >
b0 <
1*
#13506000
0(
b1010000010 5
#13510000
b10101000111 8
0*
#13515000
b110111001 7
b11010000 ,
1.
01
1*
#13520000
b10100010000000011010000 :
1(
b11010001 '
b11010001 9
b10101001000 8
0*
#13525000
b110111010 7
1*
#13530000
b10101001001 8
0*
#13535000
b110111011 7
1*
#13540000
b10101001010 8
0*
#13545000
b110111100 7
1*
#13550000
b10101001011 8
0*
#13555000
b110111101 7
1*
#13560000
b10101001100 8
0*
#13565000
b110111110 7
1*
#13570000
b10101001101 8
0*
#13575000
b110111111 7
1*
#13580000
1+
b10101001110 8
0*
#13585000
1%
b11010011 ;
0"
b11010011 4
0.
12
1*
#13590000
b10101001111 8
0*
#13595000
b1 <
b10100010000000011010001 :
b11010001 =
02
11
1*
#13596000
0(
b1010000011 5
#13600000
b11010001 :
1(
b0 '
b0 9
b10101010000 8
0*
#13605000
b10 <
1*
#13606000
0(
b1010000100 5
#13610000
1(
b10000000 '
b10000000 9
b10101010001 8
0*
#13615000
0%
1"
b11010001 $
b11010001 >
b0 <
1*
#13616000
0(
b1010000101 5
#13620000
b10100100000000011010001 :
1(
b11010010 '
b11010010 9
b10101010010 8
0*
#13625000
1%
b11010100 ;
0"
b11010100 4
12
01
1*
#13630000
b10101010011 8
0*
#13635000
b1 <
b10100100000000011010010 :
b11010010 =
02
11
1*
#13636000
0(
b1010000110 5
#13640000
b11010010 :
1(
b0 '
b0 9
b10101010100 8
0*
#13645000
b10 <
1*
#13646000
0(
b1010000111 5
#13650000
b10101010101 8
0*
#13655000
01
1*
#13660000
1(
b10101010110 8
0*
#13665000
0%
1"
b11010010 $
b11010010 >
b0 <
11
1*
#13666000
0(
b1010001000 5
#13670000
b10100110000000011010010 :
1(
b11010011 '
b11010011 9
b10101010111 8
0*
#13675000
1%
b11010101 ;
0"
b11010101 4
12
01
1*
#13680000
0+
b10101011000 8
0*
#13685000
b1 <
b10100110000000011010011 :
b11010011 =
02
11
1*
#13686000
0(
b1010001001 5
#13690000
b11010011 :
1(
b0 '
b0 9
b10101011001 8
0*
#13695000
b10 <
1*
#13696000
0(
b1010001010 5
#13700000
1(
b10000000 '
b10000000 9
b10101011010 8
0*
#13705000
0%
1"
b11010011 $
b11010011 >
b0 <
1*
#13706000
0(
b1010001011 5
#13710000
b10101000000000011010011 :
1(
b11010100 '
b11010100 9
b10101011011 8
0*
#13715000
b111000000 7
b11010011 ,
1.
01
1*
#13720000
b10101011100 8
0*
#13725000
b111000001 7
1*
#13730000
b10101011101 8
0*
#13735000
b111000010 7
1*
#13740000
b10101011110 8
0*
#13745000
b111000011 7
1*
#13750000
b10101011111 8
0*
#13755000
b111000100 7
1*
#13760000
b10101100000 8
0*
#13765000
b111000101 7
1*
#13770000
1+
b10101100001 8
0*
#13775000
1%
b11010110 ;
0"
b11010110 4
0.
12
1*
#13780000
b10101100010 8
0*
#13785000
b1 <
b10101000000000011010100 :
b11010100 =
02
11
1*
#13786000
0(
b1010001100 5
#13790000
b10101100011 8
0*
#13795000
01
1*
#13800000
b11010100 :
1(
b0 '
b0 9
b10101100100 8
0*
#13805000
b10 <
11
1*
#13806000
0(
b1010001101 5
#13810000
1(
b10101100101 8
0*
#13815000
0%
1"
b11010100 $
b11010100 >
b0 <
1*
#13816000
0(
b1010001110 5
#13820000
b10101010000000011010100 :
1(
b11010101 '
b11010101 9
b10101100110 8
0*
#13825000
1%
b11010111 ;
0"
b11010111 4
12
01
1*
#13830000
b10101100111 8
0*
#13835000
b1 <
b10101010000000011010101 :
b11010101 =
02
11
1*
#13836000
0(
b1010001111 5
#13840000
b11010101 :
1(
b0 '
b0 9
b10101101000 8
0*
#13845000
b10 <
1*
#13846000
0(
b1010010000 5
#13850000
1(
b10000000 '
b10000000 9
b10101101001 8
0*
#13855000
0%
1"
b11010101 $
b11010101 >
b0 <
1*
#13856000
0(
b1010010001 5
#13860000
b10101101010 8
0*
#13865000
1%
b11011000 ;
0"
b11011000 4
12
01
1*
#13870000
b10101100000000011010101 :
1(
b11010110 '
b11010110 9
0+
b10101101011 8
0*
#13875000
b1 <
b10101100000000011010110 :
b11010110 =
02
11
1*
#13876000
0(
b1010010010 5
#13880000
b11010110 :
1(
b0 '
b0 9
b10101101100 8
0*
#13885000
b10 <
1*
#13886000
0(
b1010010011 5
#13890000
1(
b10101101101 8
0*
#13895000
0%
1"
b11010110 $
b11010110 >
b0 <
1*
#13896000
0(
b1010010100 5
#13900000
b10101110000000011010110 :
1(
b11010111 '
b11010111 9
b10101101110 8
0*
#13905000
b111000110 7
b11010110 ,
1.
01
1*
#13910000
b10101101111 8
0*
#13915000
b111000111 7
1*
#13920000
b10101110000 8
0*
#13925000
b111001000 7
1*
#13930000
b10101110001 8
0*
#13935000
b111001001 7
1*
#13940000
b10101110010 8
0*
#13945000
b111001010 7
1*
#13950000
b10101110011 8
0*
#13955000
b111001011 7
1*
#13960000
1+
b10101110100 8
0*
#13965000
1%
b11011001 ;
0"
b11011001 4
0.
12
1*
#13970000
b10101110101 8
0*
#13975000
b1 <
b10101110000000011010111 :
b11010111 =
02
11
1*
#13976000
0(
b1010010101 5
#13980000
b11010111 :
1(
b0 '
b0 9
b10101110110 8
0*
#13985000
b10 <
1*
#13986000
0(
b1010010110 5
#13990000
1(
b10000000 '
b10000000 9
b10101110111 8
0*
#13995000
0%
1"
b11010111 $
b11010111 >
b0 <
1*
#13996000
0(
b1010010111 5
#14000000
b10101111000 8
0*
#14005000
1%
b11011010 ;
0"
b11011010 4
12
01
1*
#14010000
b10110000000000011010111 :
1(
b11011000 '
b11011000 9
b10101111001 8
0*
#14015000
b1 <
b10110000000000011011000 :
b11011000 =
02
11
1*
#14016000
0(
b1010011000 5
#14020000
b11011000 :
1(
b0 '
b0 9
b10101111010 8
0*
#14025000
b10 <
1*
#14026000
0(
b1010011001 5
#14030000
1(
b10101111011 8
0*
#14035000
0%
1"
b11011000 $
b11011000 >
b0 <
1*
#14036000
0(
b1010011010 5
#14040000
b10110010000000011011000 :
1(
b11011001 '
b11011001 9
b10101111100 8
0*
#14045000
1%
b11011011 ;
0"
b11011011 4
12
01
1*
#14050000
b10101111101 8
0*
#14055000
b1 <
b10110010000000011011001 :
b11011001 =
02
11
1*
#14056000
0(
b1010011011 5
#14060000
b11011001 :
1(
b0 '
b0 9
0+
b10101111110 8
0*
#14065000
b10 <
1*
#14066000
0(
b1010011100 5
#14070000
b10101111111 8
0*
#14075000
01
1*
#14080000
1(
b10000000 '
b10000000 9
b10110000000 8
0*
#14085000
0%
1"
b11011001 $
b11011001 >
b0 <
11
1*
#14086000
0(
b1010011101 5
#14090000
b10110100000000011011001 :
1(
b11011010 '
b11011010 9
b10110000001 8
0*
#14095000
b111001100 7
b11011001 ,
1.
01
1*
#14100000
b10110000010 8
0*
#14105000
b111001101 7
1*
#14110000
b10110000011 8
0*
#14115000
b111001110 7
1*
#14120000
b10110000100 8
0*
#14125000
b111001111 7
1*
#14130000
b10110000101 8
0*
#14135000
b111010000 7
1*
#14140000
b10110000110 8
0*
#14145000
b111010001 7
1*
#14150000
1+
b10110000111 8
0*
#14155000
1%
b11011100 ;
0"
b11011100 4
0.
12
1*
#14160000
b10110001000 8
0*
#14165000
b1 <
b10110100000000011011010 :
b11011010 =
02
11
1*
#14166000
0(
b1010011110 5
#14170000
b11011010 :
1(
b0 '
b0 9
b10110001001 8
0*
#14175000
b10 <
1*
#14176000
0(
b1010011111 5
#14180000
1(
b10110001010 8
0*
#14185000
0%
1"
b11011010 $
b11011010 >
b0 <
1*
#14186000
0(
b1010100000 5
#14190000
b10110110000000011011010 :
1(
b11011011 '
b11011011 9
b10110001011 8
0*
#14195000
1%
b11011101 ;
0"
b11011101 4
12
01
1*
#14200000
b10110001100 8
0*
#14205000
b1 <
b10110110000000011011011 :
b11011011 =
02
11
1*
#14206000
0(
b1010100001 5
#14210000
b10110001101 8
0*
#14215000
01
1*
#14220000
b11011011 :
1(
b0 '
b0 9
b10110001110 8
0*
#14225000
b10 <
11
1*
#14226000
0(
b1010100010 5
#14230000
1(
b10000000 '
b10000000 9
b10110001111 8
0*
#14235000
0%
1"
b11011011 $
b11011011 >
b0 <
1*
#14236000
0(
b1010100011 5
#14240000
b10111000000000011011011 :
1(
b11011100 '
b11011100 9
b10110010000 8
0*
#14245000
1%
b11011110 ;
0"
b11011110 4
12
01
1*
#14250000
0+
b10110010001 8
0*
#14255000
b1 <
b10111000000000011011100 :
b11011100 =
02
11
1*
#14256000
0(
b1010100100 5
#14260000
b11011100 :
1(
b0 '
b0 9
b10110010010 8
0*
#14265000
b10 <
1*
#14266000
0(
b1010100101 5
#14270000
1(
b10110010011 8
0*
#14275000
0%
1"
b11011100 $
b11011100 >
b0 <
1*
#14276000
0(
b1010100110 5
#14280000
b10110010100 8
0*
#14285000
b111010010 7
b11011100 ,
1.
01
1*
#14290000
b10111010000000011011100 :
1(
b11011101 '
b11011101 9
b10110010101 8
0*
#14295000
b111010011 7
1*
#14300000
b10110010110 8
0*
#14305000
b111010100 7
1*
#14310000
b10110010111 8
0*
#14315000
b111010101 7
1*
#14320000
b10110011000 8
0*
#14325000
b111010110 7
1*
#14330000
b10110011001 8
0*
#14335000
b111010111 7
1*
#14340000
1+
b10110011010 8
0*
#14345000
1%
b11011111 ;
0"
b11011111 4
0.
12
1*
#14350000
b10110011011 8
0*
#14355000
b1 <
b10111010000000011011101 :
b11011101 =
02
11
1*
#14356000
0(
b1010100111 5
#14360000
b11011101 :
1(
b0 '
b0 9
b10110011100 8
0*
#14365000
b10 <
1*
#14366000
0(
b1010101000 5
#14370000
1(
b10000000 '
b10000000 9
b10110011101 8
0*
#14375000
0%
1"
b11011101 $
b11011101 >
b0 <
1*
#14376000
0(
b1010101001 5
#14380000
b10111100000000011011101 :
1(
b11011110 '
b11011110 9
b10110011110 8
0*
#14385000
1%
b11100000 ;
0"
b11100000 4
12
01
1*
#14390000
b10110011111 8
0*
#14395000
b1 <
b10111100000000011011110 :
b11011110 =
02
11
1*
#14396000
0(
b1010101010 5
#14400000
b11011110 :
1(
b0 '
b0 9
b10110100000 8
0*
#14405000
b10 <
1*
#14406000
0(
b1010101011 5
#14410000
1(
b10110100001 8
0*
#14415000
0%
1"
b11011110 $
b11011110 >
b0 <
1*
#14416000
0(
b1010101100 5
#14420000
b10110100010 8
0*
#14425000
1%
b11100001 ;
0"
b11100001 4
12
01
1*
#14430000
b10111110000000011011110 :
1(
b11011111 '
b11011111 9
b10110100011 8
0*
#14435000
b1 <
b10111110000000011011111 :
b11011111 =
02
11
1*
#14436000
0(
b1010101101 5
#14440000
b11011111 :
1(
b0 '
b0 9
0+
b10110100100 8
0*
#14445000
b10 <
1*
#14446000
0(
b1010101110 5
#14450000
1(
b10000000 '
b10000000 9
b10110100101 8
0*
#14455000
0%
1"
b11011111 $
b11011111 >
b0 <
1*
#14456000
0(
b1010101111 5
#14460000
b11000000000000011011111 :
1(
b11100000 '
b11100000 9
b10110100110 8
0*
#14465000
b111011000 7
b11011111 ,
1.
01
1*
#14470000
b10110100111 8
0*
#14475000
b111011001 7
1*
#14480000
b10110101000 8
0*
#14485000
b111011010 7
1*
#14490000
b10110101001 8
0*
#14495000
b111011011 7
1*
#14500000
b10110101010 8
0*
#14505000
b111011100 7
1*
#14510000
b10110101011 8
0*
#14515000
b111011101 7
1*
#14520000
b10110101100 8
0*
#14525000
b111011110 7
1*
#14530000
1+
b10110101101 8
0*
#14535000
1%
b11100010 ;
0"
b11100010 4
0.
12
1*
#14540000
b10110101110 8
0*
#14545000
b1 <
b11000000000000011100000 :
b11100000 =
02
11
1*
#14546000
0(
b1010110000 5
#14550000
b11100000 :
1(
b0 '
b0 9
b10110101111 8
0*
#14555000
b10 <
1*
#14556000
0(
b1010110001 5
#14560000
b10110110000 8
0*
#14565000
01
1*
#14570000
1(
b10110110001 8
0*
#14575000
0%
1"
b11100000 $
b11100000 >
b0 <
11
1*
#14576000
0(
b1010110010 5
#14580000
b11000010000000011100000 :
1(
b11100001 '
b11100001 9
b10110110010 8
0*
#14585000
1%
b11100011 ;
0"
b11100011 4
12
01
1*
#14590000
b10110110011 8
0*
#14595000
b1 <
b11000010000000011100001 :
b11100001 =
02
11
1*
#14596000
0(
b1010110011 5
#14600000
b11100001 :
1(
b0 '
b0 9
b10110110100 8
0*
#14605000
b10 <
1*
#14606000
0(
b1010110100 5
#14610000
1(
b10000000 '
b10000000 9
b10110110101 8
0*
#14615000
0%
1"
b11100001 $
b11100001 >
b0 <
1*
#14616000
0(
b1010110101 5
#14620000
b11000100000000011100001 :
1(
b11100010 '
b11100010 9
b10110110110 8
0*
#14625000
1%
b11100100 ;
0"
b11100100 4
12
01
1*
#14630000
0+
b10110110111 8
0*
#14635000
b1 <
b11000100000000011100010 :
b11100010 =
02
11
1*
#14636000
0(
b1010110110 5
#14640000
b11100010 :
1(
b0 '
b0 9
b10110111000 8
0*
#14645000
b10 <
1*
#14646000
0(
b1010110111 5
#14650000
1(
b10110111001 8
0*
#14655000
0%
1"
b11100010 $
b11100010 >
b0 <
1*
#14656000
0(
b1010111000 5
#14660000
b11000110000000011100010 :
1(
b11100011 '
b11100011 9
b10110111010 8
0*
#14665000
b111011111 7
b11100010 ,
1.
01
1*
#14670000
b10110111011 8
0*
#14675000
b111100000 7
1*
#14680000
b10110111100 8
0*
#14685000
b111100001 7
1*
#14690000
b10110111101 8
0*
#14695000
b111100010 7
1*
#14700000
b10110111110 8
0*
#14705000
b111100011 7
1*
#14710000
b10110111111 8
0*
#14715000
b111100100 7
1*
#14720000
1+
b10111000000 8
0*
#14725000
1%
b11100101 ;
0"
b11100101 4
0.
12
1*
#14730000
b10111000001 8
0*
#14735000
b1 <
b11000110000000011100011 :
b11100011 =
02
11
1*
#14736000
0(
b1010111001 5
#14740000
b11100011 :
1(
b0 '
b0 9
b10111000010 8
0*
#14745000
b10 <
1*
#14746000
0(
b1010111010 5
#14750000
1(
b10000000 '
b10000000 9
b10111000011 8
0*
#14755000
0%
1"
b11100011 $
b11100011 >
b0 <
1*
#14756000
0(
b1010111011 5
#14760000
b11001000000000011100011 :
1(
b11100100 '
b11100100 9
b10111000100 8
0*
#14765000
1%
b11100110 ;
0"
b11100110 4
12
01
1*
#14770000
b10111000101 8
0*
#14775000
b1 <
b11001000000000011100100 :
b11100100 =
02
11
1*
#14776000
0(
b1010111100 5
#14780000
b11100100 :
1(
b0 '
b0 9
b10111000110 8
0*
#14785000
b10 <
1*
#14786000
0(
b1010111101 5
#14790000
1(
b10111000111 8
0*
#14795000
0%
1"
b11100100 $
b11100100 >
b0 <
1*
#14796000
0(
b1010111110 5
#14800000
b11001010000000011100100 :
1(
b11100101 '
b11100101 9
b10111001000 8
0*
#14805000
1%
b11100111 ;
0"
b11100111 4
12
01
1*
#14810000
b10111001001 8
0*
#14815000
b1 <
b11001010000000011100101 :
b11100101 =
02
11
1*
#14816000
0(
b1010111111 5
#14820000
b11100101 :
1(
b0 '
b0 9
0+
b10111001010 8
0*
#14825000
b10 <
1*
#14826000
0(
b1011000000 5
#14830000
1(
b10000000 '
b10000000 9
b10111001011 8
0*
#14835000
0%
1"
b11100101 $
b11100101 >
b0 <
1*
#14836000
0(
b1011000001 5
#14840000
b10111001100 8
0*
#14845000
b111100101 7
b11100101 ,
1.
01
1*
#14850000
b11001100000000011100101 :
1(
b11100110 '
b11100110 9
b10111001101 8
0*
#14855000
b111100110 7
1*
#14860000
b10111001110 8
0*
#14865000
b111100111 7
1*
#14870000
b10111001111 8
0*
#14875000
b111101000 7
1*
#14880000
b10111010000 8
0*
#14885000
b111101001 7
1*
#14890000
b10111010001 8
0*
#14895000
b111101010 7
1*
#14900000
b10111010010 8
0*
#14905000
b111101011 7
1*
#14910000
1+
b10111010011 8
0*
#14915000
1%
b11101000 ;
0"
b11101000 4
0.
12
1*
#14920000
b10111010100 8
0*
#14925000
b1 <
b11001100000000011100110 :
b11100110 =
02
11
1*
#14926000
0(
b1011000010 5
#14930000
b11100110 :
1(
b0 '
b0 9
b10111010101 8
0*
#14935000
b10 <
1*
#14936000
0(
b1011000011 5
#14940000
1(
b10111010110 8
0*
#14945000
0%
1"
b11100110 $
b11100110 >
b0 <
1*
#14946000
0(
b1011000100 5
#14950000
b11001110000000011100110 :
1(
b11100111 '
b11100111 9
b10111010111 8
0*
#14955000
1%
b11101001 ;
0"
b11101001 4
12
01
1*
#14960000
b10111011000 8
0*
#14965000
b1 <
b11001110000000011100111 :
b11100111 =
02
11
1*
#14966000
0(
b1011000101 5
#14970000
b11100111 :
1(
b0 '
b0 9
b10111011001 8
0*
#14975000
b10 <
1*
#14976000
0(
b1011000110 5
#14980000
b10111011010 8
0*
#14985000
01
1*
#14990000
1(
b10000000 '
b10000000 9
b10111011011 8
0*
#14995000
0%
1"
b11100111 $
b11100111 >
b0 <
11
1*
#14996000
0(
b1011000111 5
#15000000
b11010000000000011100111 :
1(
b11101000 '
b11101000 9
b10111011100 8
0*
#15005000
1%
b11101010 ;
0"
b11101010 4
12
01
1*
#15010000
0+
b10111011101 8
0*
#15015000
b1 <
b11010000000000011101000 :
b11101000 =
02
11
1*
#15016000
0(
b1011001000 5
#15020000
b11101000 :
1(
b0 '
b0 9
b10111011110 8
0*
#15025000
b10 <
1*
#15026000
0(
b1011001001 5
#15030000
1(
b10111011111 8
0*
#15035000
0%
1"
b11101000 $
b11101000 >
b0 <
1*
#15036000
0(
b1011001010 5
#15040000
b11010010000000011101000 :
1(
b11101001 '
b11101001 9
b10111100000 8
0*
#15045000
b111101100 7
b11101000 ,
1.
01
1*
#15050000
b10111100001 8
0*
#15055000
b111101101 7
1*
#15060000
b10111100010 8
0*
#15065000
b111101110 7
1*
#15070000
b10111100011 8
0*
#15075000
b111101111 7
1*
#15080000
b10111100100 8
0*
#15085000
b111110000 7
1*
#15090000
b10111100101 8
0*
#15095000
b111110001 7
1*
#15100000
1+
b10111100110 8
0*
#15105000
1%
b11101011 ;
0"
b11101011 4
0.
12
1*
#15110000
b10111100111 8
0*
#15115000
b1 <
b11010010000000011101001 :
b11101001 =
02
11
1*
#15116000
0(
b1011001011 5
#15120000
b10111101000 8
0*
#15125000
01
1*
#15130000
b11101001 :
1(
b0 '
b0 9
b10111101001 8
0*
#15135000
b10 <
11
1*
#15136000
0(
b1011001100 5
#15140000
1(
b10000000 '
b10000000 9
b10111101010 8
0*
#15145000
0%
1"
b11101001 $
b11101001 >
b0 <
1*
#15146000
0(
b1011001101 5
#15150000
b11010100000000011101001 :
1(
b11101010 '
b11101010 9
b10111101011 8
0*
#15155000
1%
b11101100 ;
0"
b11101100 4
12
01
1*
#15160000
b10111101100 8
0*
#15165000
b1 <
b11010100000000011101010 :
b11101010 =
02
11
1*
#15166000
0(
b1011001110 5
#15170000
b11101010 :
1(
b0 '
b0 9
b10111101101 8
0*
#15175000
b10 <
1*
#15176000
0(
b1011001111 5
#15180000
1(
b10111101110 8
0*
#15185000
0%
1"
b11101010 $
b11101010 >
b0 <
1*
#15186000
0(
b1011010000 5
#15190000
b10111101111 8
0*
#15195000
1%
b11101101 ;
0"
b11101101 4
12
01
1*
#15200000
b11010110000000011101010 :
1(
b11101011 '
b11101011 9
0+
b10111110000 8
0*
#15205000
b1 <
b11010110000000011101011 :
b11101011 =
02
11
1*
#15206000
0(
b1011010001 5
#15210000
b11101011 :
1(
b0 '
b0 9
b10111110001 8
0*
#15215000
b10 <
1*
#15216000
0(
b1011010010 5
#15220000
1(
b10000000 '
b10000000 9
b10111110010 8
0*
#15225000
0%
1"
b11101011 $
b11101011 >
b0 <
1*
#15226000
0(
b1011010011 5
#15230000
b11011000000000011101011 :
1(
b11101100 '
b11101100 9
b10111110011 8
0*
#15235000
b111110010 7
b11101011 ,
1.
01
1*
#15240000
b10111110100 8
0*
#15245000
b111110011 7
1*
#15250000
b10111110101 8
0*
#15255000
b111110100 7
1*
#15260000
b10111110110 8
0*
#15265000
b111110101 7
1*
#15270000
b10111110111 8
0*
#15275000
b111110110 7
1*
#15280000
b10111111000 8
0*
#15285000
b111110111 7
1*
#15290000
1+
b10111111001 8
0*
#15295000
1%
b11101110 ;
0"
b11101110 4
0.
12
1*
#15300000
b10111111010 8
0*
#15305000
b1 <
b11011000000000011101100 :
b11101100 =
02
11
1*
#15306000
0(
b1011010100 5
#15310000
b11101100 :
1(
b0 '
b0 9
b10111111011 8
0*
#15315000
b10 <
1*
#15316000
0(
b1011010101 5
#15320000
1(
b10111111100 8
0*
#15325000
0%
1"
b11101100 $
b11101100 >
b0 <
1*
#15326000
0(
b1011010110 5
#15330000
b10111111101 8
0*
#15335000
1%
b11101111 ;
0"
b11101111 4
12
01
1*
#15340000
b11011010000000011101100 :
1(
b11101101 '
b11101101 9
b10111111110 8
0*
#15345000
b1 <
b11011010000000011101101 :
b11101101 =
02
11
1*
#15346000
0(
b1011010111 5
#15350000
b11101101 :
1(
b0 '
b0 9
b10111111111 8
0*
#15355000
b10 <
1*
#15356000
0(
b1011011000 5
#15360000
1(
b10000000 '
b10000000 9
b11000000000 8
0*
#15365000
0%
1"
b11101101 $
b11101101 >
b0 <
1*
#15366000
0(
b1011011001 5
#15370000
b11011100000000011101101 :
1(
b11101110 '
b11101110 9
b11000000001 8
0*
#15375000
1%
b11110000 ;
0"
b11110000 4
12
01
1*
#15380000
b11000000010 8
0*
#15385000
b1 <
b11011100000000011101110 :
b11101110 =
02
11
1*
#15386000
0(
b1011011010 5
#15390000
b11101110 :
1(
b0 '
b0 9
0+
b11000000011 8
0*
#15395000
b10 <
1*
#15396000
0(
b1011011011 5
#15400000
b11000000100 8
0*
#15405000
01
1*
#15410000
1(
b11000000101 8
0*
#15415000
0%
1"
b11101110 $
b11101110 >
b0 <
11
1*
#15416000
0(
b1011011100 5
#15420000
b11011110000000011101110 :
1(
b11101111 '
b11101111 9
b11000000110 8
0*
#15425000
b111111000 7
b11101110 ,
1.
01
1*
#15430000
b11000000111 8
0*
#15435000
b111111001 7
1*
#15440000
b11000001000 8
0*
#15445000
b111111010 7
1*
#15450000
b11000001001 8
0*
#15455000
b111111011 7
1*
#15460000
b11000001010 8
0*
#15465000
b111111100 7
1*
#15470000
b11000001011 8
0*
#15475000
b111111101 7
1*
#15480000
1+
b11000001100 8
0*
#15485000
1%
b11110001 ;
0"
b11110001 4
0.
12
1*
#15490000
b11000001101 8
0*
#15495000
b1 <
b11011110000000011101111 :
b11101111 =
02
11
1*
#15496000
0(
b1011011101 5
#15500000
b11101111 :
1(
b0 '
b0 9
b11000001110 8
0*
#15505000
b10 <
1*
#15506000
0(
b1011011110 5
#15510000
1(
b10000000 '
b10000000 9
b11000001111 8
0*
#15515000
0%
1"
b11101111 $
b11101111 >
b0 <
1*
#15516000
0(
b1011011111 5
#15520000
b11100000000000011101111 :
1(
b11110000 '
b11110000 9
b11000010000 8
0*
#15525000
1%
b11110010 ;
0"
b11110010 4
12
01
1*
#15530000
b11000010001 8
0*
#15535000
b1 <
b11100000000000011110000 :
b11110000 =
02
11
1*
#15536000
0(
b1011100000 5
#15540000
b11000010010 8
0*
#15545000
01
1*
#15550000
b11110000 :
1(
b0 '
b0 9
b11000010011 8
0*
#15555000
b10 <
11
1*
#15556000
0(
b1011100001 5
#15560000
1(
b11000010100 8
0*
#15565000
0%
1"
b11110000 $
b11110000 >
b0 <
1*
#15566000
0(
b1011100010 5
#15570000
b11100010000000011110000 :
1(
b11110001 '
b11110001 9
b11000010101 8
0*
#15575000
1%
b11110011 ;
0"
b11110011 4
12
01
1*
#15580000
0+
b11000010110 8
0*
#15585000
b1 <
b11100010000000011110001 :
b11110001 =
02
11
1*
#15586000
0(
b1011100011 5
#15590000
b11110001 :
1(
b0 '
b0 9
b11000010111 8
0*
#15595000
b10 <
1*
#15596000
0(
b1011100100 5
#15600000
1(
b10000000 '
b10000000 9
b11000011000 8
0*
#15605000
0%
1"
b11110001 $
b11110001 >
b0 <
1*
#15606000
0(
b1011100101 5
#15610000
b11000011001 8
0*
#15615000
b111111110 7
b11110001 ,
1.
01
1*
#15620000
b11100100000000011110001 :
1(
b11110010 '
b11110010 9
b11000011010 8
0*
#15625000
b111111111 7
1*
#15630000
b11000011011 8
0*
#15635000
b1000000000 7
1*
#15640000
b11000011100 8
0*
#15645000
b1000000001 7
1*
#15650000
b11000011101 8
0*
#15655000
b1000000010 7
1*
#15660000
b11000011110 8
0*
#15665000
b1000000011 7
1*
#15670000
1+
b11000011111 8
0*
#15675000
1%
b11110100 ;
0"
b11110100 4
0.
12
1*
#15680000
b11000100000 8
0*
#15685000
b1 <
b11100100000000011110010 :
b11110010 =
02
11
1*
#15686000
0(
b1011100110 5
#15690000
b11110010 :
1(
b0 '
b0 9
b11000100001 8
0*
#15695000
b10 <
1*
#15696000
0(
b1011100111 5
#15700000
1(
b11000100010 8
0*
#15705000
0%
1"
b11110010 $
b11110010 >
b0 <
1*
#15706000
0(
b1011101000 5
#15710000
b11100110000000011110010 :
1(
b11110011 '
b11110011 9
b11000100011 8
0*
#15715000
1%
b11110101 ;
0"
b11110101 4
12
01
1*
#15720000
b11000100100 8
0*
#15725000
b1 <
b11100110000000011110011 :
b11110011 =
02
11
1*
#15726000
0(
b1011101001 5
#15730000
b11110011 :
1(
b0 '
b0 9
b11000100101 8
0*
#15735000
b10 <
1*
#15736000
0(
b1011101010 5
#15740000
1(
b10000000 '
b10000000 9
b11000100110 8
0*
#15745000
0%
1"
b11110011 $
b11110011 >
b0 <
1*
#15746000
0(
b1011101011 5
#15750000
b11000100111 8
0*
#15755000
1%
b11110110 ;
0"
b11110110 4
12
01
1*
#15760000
b11101000000000011110011 :
1(
b11110100 '
b11110100 9
b11000101000 8
0*
#15765000
b1 <
b11101000000000011110100 :
b11110100 =
02
11
1*
#15766000
0(
b1011101100 5
#15770000
b11110100 :
1(
b0 '
b0 9
0+
b11000101001 8
0*
#15775000
b10 <
1*
#15776000
0(
b1011101101 5
#15780000
1(
b11000101010 8
0*
#15785000
0%
1"
b11110100 $
b11110100 >
b0 <
1*
#15786000
0(
b1011101110 5
#15790000
b11101010000000011110100 :
1(
b11110101 '
b11110101 9
b11000101011 8
0*
#15795000
b1000000100 7
b11110100 ,
1.
01
1*
#15800000
b11000101100 8
0*
#15805000
b1000000101 7
1*
#15810000
b11000101101 8
0*
#15815000
b1000000110 7
1*
#15820000
b11000101110 8
0*
#15825000
b1000000111 7
1*
#15830000
b11000101111 8
0*
#15835000
b1000001000 7
1*
#15840000
b11000110000 8
0*
#15845000
b1000001001 7
1*
#15850000
b11000110001 8
0*
#15855000
b1000001010 7
1*
#15860000
1+
b11000110010 8
0*
#15865000
1%
b11110111 ;
0"
b11110111 4
0.
12
1*
#15870000
b11000110011 8
0*
#15875000
b1 <
b11101010000000011110101 :
b11110101 =
02
11
1*
#15876000
0(
b1011101111 5
#15880000
b11110101 :
1(
b0 '
b0 9
b11000110100 8
0*
#15885000
b10 <
1*
#15886000
0(
b1011110000 5
#15890000
b11000110101 8
0*
#15895000
01
1*
#15900000
1(
b10000000 '
b10000000 9
b11000110110 8
0*
#15905000
0%
1"
b11110101 $
b11110101 >
b0 <
11
1*
#15906000
0(
b1011110001 5
#15910000
b11101100000000011110101 :
1(
b11110110 '
b11110110 9
b11000110111 8
0*
#15915000
1%
b11111000 ;
0"
b11111000 4
12
01
1*
#15920000
b11000111000 8
0*
#15925000
b1 <
b11101100000000011110110 :
b11110110 =
02
11
1*
#15926000
0(
b1011110010 5
#15930000
b11110110 :
1(
b0 '
b0 9
b11000111001 8
0*
#15935000
b10 <
1*
#15936000
0(
b1011110011 5
#15940000
1(
b11000111010 8
0*
#15945000
0%
1"
b11110110 $
b11110110 >
b0 <
1*
#15946000
0(
b1011110100 5
#15950000
b11101110000000011110110 :
1(
b11110111 '
b11110111 9
b11000111011 8
0*
#15955000
1%
b11111001 ;
0"
b11111001 4
12
01
1*
#15960000
0+
b11000111100 8
0*
#15965000
b1 <
b11101110000000011110111 :
b11110111 =
02
11
1*
#15966000
0(
b1011110101 5
#15970000
b11110111 :
1(
b0 '
b0 9
b11000111101 8
0*
#15975000
b10 <
1*
#15976000
0(
b1011110110 5
#15980000
1(
b10000000 '
b10000000 9
b11000111110 8
0*
#15985000
0%
1"
b11110111 $
b11110111 >
b0 <
1*
#15986000
0(
b1011110111 5
#15990000
b11110000000000011110111 :
1(
b11111000 '
b11111000 9
b11000111111 8
0*
#15995000
b1000001011 7
b11110111 ,
1.
01
1*
#16000000
b11001000000 8
0*
#16005000
b1000001100 7
1*
#16010000
b11001000001 8
0*
#16015000
b1000001101 7
1*
#16020000
b11001000010 8
0*
#16025000
b1000001110 7
1*
#16030000
b11001000011 8
0*
#16035000
b1000001111 7
1*
#16040000
b11001000100 8
0*
#16045000
b1000010000 7
1*
#16050000
1+
b11001000101 8
0*
#16055000
1%
b11111010 ;
0"
b11111010 4
0.
12
1*
#16060000
b11001000110 8
0*
#16065000
b1 <
b11110000000000011111000 :
b11111000 =
02
11
1*
#16066000
0(
b1011111000 5
#16070000
b11111000 :
1(
b0 '
b0 9
b11001000111 8
0*
#16075000
b10 <
1*
#16076000
0(
b1011111001 5
#16080000
1(
b11001001000 8
0*
#16085000
0%
1"
b11111000 $
b11111000 >
b0 <
1*
#16086000
0(
b1011111010 5
#16090000
b11110010000000011111000 :
1(
b11111001 '
b11111001 9
b11001001001 8
0*
#16095000
1%
b11111011 ;
0"
b11111011 4
12
01
1*
#16100000
b11001001010 8
0*
#16105000
b1 <
b11110010000000011111001 :
b11111001 =
02
11
1*
#16106000
0(
b1011111011 5
#16110000
b11111001 :
1(
b0 '
b0 9
b11001001011 8
0*
#16115000
b10 <
1*
#16116000
0(
b1011111100 5
#16120000
1(
b10000000 '
b10000000 9
b11001001100 8
0*
#16125000
0%
1"
b11111001 $
b11111001 >
b0 <
1*
#16126000
0(
b1011111101 5
#16130000
b11110100000000011111001 :
1(
b11111010 '
b11111010 9
b11001001101 8
0*
#16135000
1%
b11111100 ;
0"
b11111100 4
12
01
1*
#16140000
b11001001110 8
0*
#16145000
b1 <
b11110100000000011111010 :
b11111010 =
02
11
1*
#16146000
0(
b1011111110 5
#16150000
b11111010 :
1(
b0 '
b0 9
0+
b11001001111 8
0*
#16155000
b10 <
1*
#16156000
0(
b1011111111 5
#16160000
1(
b11001010000 8
0*
#16165000
0%
1"
b11111010 $
b11111010 >
b0 <
1*
#16166000
0(
b1100000000 5
#16170000
b11001010001 8
0*
#16175000
b1000010001 7
b11111010 ,
1.
01
1*
#16180000
b11110110000000011111010 :
1(
b11111011 '
b11111011 9
b11001010010 8
0*
#16185000
b1000010010 7
1*
#16190000
b11001010011 8
0*
#16195000
b1000010011 7
1*
#16200000
b11001010100 8
0*
#16205000
b1000010100 7
1*
#16210000
b11001010101 8
0*
#16215000
b1000010101 7
1*
#16220000
b11001010110 8
0*
#16225000
b1000010110 7
1*
#16230000
b11001010111 8
0*
#16235000
b1000010111 7
1*
#16240000
1+
b11001011000 8
0*
#16245000
1%
b11111101 ;
0"
b11111101 4
0.
12
1*
#16250000
b11001011001 8
0*
#16255000
b1 <
b11110110000000011111011 :
b11111011 =
02
11
1*
#16256000
0(
b1100000001 5
#16260000
b11111011 :
1(
b0 '
b0 9
b11001011010 8
0*
#16265000
b10 <
1*
#16266000
0(
b1100000010 5
#16270000
1(
b10000000 '
b10000000 9
b11001011011 8
0*
#16275000
0%
1"
b11111011 $
b11111011 >
b0 <
1*
#16276000
0(
b1100000011 5
#16280000
b11111000000000011111011 :
1(
b11111100 '
b11111100 9
b11001011100 8
0*
#16285000
1%
b11111110 ;
0"
b11111110 4
12
01
1*
#16290000
b11001011101 8
0*
#16295000
b1 <
b11111000000000011111100 :
b11111100 =
02
11
1*
#16296000
0(
b1100000100 5
#16300000
b11111100 :
1(
b0 '
b0 9
b11001011110 8
0*
#16305000
b10 <
1*
#16306000
0(
b1100000101 5
#16310000
b11001011111 8
0*
#16315000
01
1*
#16320000
1(
b11001100000 8
0*
#16325000
0%
1"
b11111100 $
b11111100 >
b0 <
11
1*
#16326000
0(
b1100000110 5
#16330000
b11111010000000011111100 :
1(
b11111101 '
b11111101 9
b11001100001 8
0*
#16335000
1%
b11111111 ;
0"
b11111111 4
12
01
1*
#16340000
0+
b11001100010 8
0*
#16345000
b1 <
b11111010000000011111101 :
b11111101 =
02
11
1*
#16346000
0(
b1100000111 5
#16350000
b11111101 :
1(
b0 '
b0 9
b11001100011 8
0*
#16355000
b10 <
1*
#16356000
0(
b1100001000 5
#16360000
1(
b10000000 '
b10000000 9
b11001100100 8
0*
#16365000
0%
1#
1"
b11111101 $
b11111101 >
b0 <
1*
#16366000
0(
b1100001001 5
#16370000
b11111100000000011111101 :
1(
b11111110 '
b11111110 9
b11001100101 8
0*
#16375000
b1000011000 7
1-
b11111101 ,
1.
01
1*
#16380000
b11001100110 8
0*
#16385000
b1000011001 7
1*
#16390000
b11001100111 8
0*
#16395000
b1000011010 7
1*
#16400000
b11001101000 8
0*
#16405000
b1000011011 7
1*
#16410000
b11001101001 8
0*
#16415000
b1000011100 7
1*
#16420000
b11001101010 8
0*
#16425000
b1000011101 7
1*
#16430000
1+
b11001101011 8
0*
#16435000
0#
1!
0&
b100000000 ;
0"
b100000000 4
0.
12
1*
#16440000
b11001101100 8
0*
#16445000
0!
b1 6
13
02
1*
#16450000
b11001101101 8
0*
#16455000
03
1*
#16460000
b11001101110 8
0*
