job,row,col,byte_offset,expected_word_hex,actual_word_hex,match
0,0,0,0,89f7cbb942a14793759a77feaaf8a1e1,89f7cbb942a14793759a77feaaf8a1e1,1
0,0,0,16,a12dd12360642d9047cf89295b9b40d2,a12dd12360642d9047cf89295b9b40d2,1
0,0,0,32,6515ee520957b4907bbcaf6220372bdf,6515ee520957b4907bbcaf6220372bdf,1
0,0,0,48,b76c565c5597e7450fd9a881ff503bdf,b76c565c5597e7450fd9a881ff503bdf,1
0,0,0,64,760c2eecc8efa89b9a023ff646b379a7,760c2eecc8efa89b9a023ff646b379a7,1
0,0,0,80,1b13d69db33dc9e7749c8cfe09a4afab,1b13d69db33dc9e7749c8cfe09a4afab,1
0,0,0,96,bdc7c46fcd8413da84f9e1f92ba76d98,bdc7c46fcd8413da84f9e1f92ba76d98,1
0,0,0,112,e416b67239144f3733d6297b91b4f235,e416b67239144f3733d6297b91b4f235,1
0,0,0,128,2df581a326ad2c3f6e0dbf1f1cdc1e91,2df581a326ad2c3f6e0dbf1f1cdc1e91,1
0,0,0,144,772f6a9e5f9c8b9dbbe18adc7389c675,772f6a9e5f9c8b9dbbe18adc7389c675,1
0,0,0,160,ad1fef5777df442837fe7416f60abb70,ad1fef5777df442837fe7416f60abb70,1
0,0,0,176,143460d63dd274c078526ece571c120d,143460d63dd274c078526ece571c120d,1
0,0,0,192,362de21bd5ea833d1b591c453be94397,362de21bd5ea833d1b591c453be94397,1
0,0,0,208,2bbef85aed999837607da57f308a93cc,2bbef85aed999837607da57f308a93cc,1
0,0,0,224,9dcf981600583b8637e1b9ea12c9be02,9dcf981600583b8637e1b9ea12c9be02,1
0,0,0,240,a8053a0fbe8c70f6453472f675e7d74c,a8053a0fbe8c70f6453472f675e7d74c,1
0,0,0,256,af77c1529d59782b1279a882538a7926,af77c1529d59782b1279a882538a7926,1
0,0,0,272,a51c9ed5a52f66055ed7b8a21f65070c,a51c9ed5a52f66055ed7b8a21f65070c,1
0,0,0,288,9b8ff7a814d6ebee832abc0b92f22fed,9b8ff7a814d6ebee832abc0b92f22fed,1
0,0,0,304,bc335c82f5d15cb7c54e07fe30a6ea75,bc335c82f5d15cb7c54e07fe30a6ea75,1
0,0,0,320,b7a876f3765aca9239888a286a1ca57e,b7a876f3765aca9239888a286a1ca57e,1
0,0,0,336,1036751db413e745c02d0f4c211b9766,1036751db413e745c02d0f4c211b9766,1
0,0,0,352,70fa717416afa91f250fb71f94042e08,70fa717416afa91f250fb71f94042e08,1
0,0,0,368,2cd0a589f69fb71041c03a321a06e2bf,2cd0a589f69fb71041c03a321a06e2bf,1
0,0,0,384,95ab8d63d9dd92cd90cd2dfb52a63371,95ab8d63d9dd92cd90cd2dfb52a63371,1
0,0,0,400,46c72666a5b49e81d0ddff47ae7356c6,46c72666a5b49e81d0ddff47ae7356c6,1
0,0,0,416,8eb2505bfe2eaacac7fd0d164f6d3b93,8eb2505bfe2eaacac7fd0d164f6d3b93,1
0,0,0,432,2f74d4c8ff9c670bc54a8134a52196ef,2f74d4c8ff9c670bc54a8134a52196ef,1
0,0,0,448,fe7e7043a3c980b1392ffad866694502,fe7e7043a3c980b1392ffad866694502,1
0,0,0,464,6fd6cd2fd7ccc9093f9d178655abc3cb,6fd6cd2fd7ccc9093f9d178655abc3cb,1
0,0,0,480,404c26dad228bcfa072c489696b644b3,404c26dad228bcfa072c489696b644b3,1
0,0,0,496,9978c97ef12a473d367f56edb889ef8a,9978c97ef12a473d367f56edb889ef8a,1
0,0,0,512,9c1119bf95bc285928f0734fe101eae8,9c1119bf95bc285928f0734fe101eae8,1
0,0,0,528,5faa00ee3484ec39e7ba53024ac02dab,5faa00ee3484ec39e7ba53024ac02dab,1
0,0,0,544,4a934d22c236096acc0f8b40d3f36559,4a934d22c236096acc0f8b40d3f36559,1
0,0,0,560,eb599aea5301414e2c96d2400d2e653b,eb599aea5301414e2c96d2400d2e653b,1
0,0,0,576,d10a7f36e676b6568b8c15e05743e507,d10a7f36e676b6568b8c15e05743e507,1
0,0,0,592,1fb686073848e8093a07643eb56336ba,1fb686073848e8093a07643eb56336ba,1
0,0,0,608,399687dc48a28cfbb4c08b9cf2938b86,399687dc48a28cfbb4c08b9cf2938b86,1
0,0,0,624,971e799b0aebcb6fb7911d2e9f19c0b8,971e799b0aebcb6fb7911d2e9f19c0b8,1
0,0,0,640,d68fa0583a9bb60f364a0aeb756c0c33,d68fa0583a9bb60f364a0aeb756c0c33,1
0,0,0,656,474ad74fb90ca9592a7fa0c21ed3bbfd,474ad74fb90ca9592a7fa0c21ed3bbfd,1
0,0,0,672,490c9817c331d751c41976ec9c3c41ee,490c9817c331d751c41976ec9c3c41ee,1
0,0,0,688,336e6198820ddb5a4109763356a47449,336e6198820ddb5a4109763356a47449,1
0,0,0,704,e4d7ef1454b45ce7c323cfbc62299c87,e4d7ef1454b45ce7c323cfbc62299c87,1
0,0,0,720,8f9cd3c2959a903768121cb0cc0f3139,8f9cd3c2959a903768121cb0cc0f3139,1
0,0,0,736,e32e7d20ddf5539e655a592b7a9de12e,e32e7d20ddf5539e655a592b7a9de12e,1
0,0,0,752,ea205ee113e15f9e08a5ae21c53f2f37,ea205ee113e15f9e08a5ae21c53f2f37,1
0,0,1,0,8ca65830e8a951a30006f280a13e131d,8ca65830e8a951a30006f280a13e131d,1
0,0,1,16,c2ac3dab206220c227a1569880f7d096,c2ac3dab206220c227a1569880f7d096,1
0,0,1,32,5f10aa5722648f015f7e2f5ef68c88c4,5f10aa5722648f015f7e2f5ef68c88c4,1
0,0,1,48,8e86c199ed560d82d254fa703ac2ffbc,8e86c199ed560d82d254fa703ac2ffbc,1
0,0,1,64,b06271489a6b71a2dff1be18452c6c27,b06271489a6b71a2dff1be18452c6c27,1
0,0,1,80,111b085f301ca8b0d6eef941f7fd113f,111b085f301ca8b0d6eef941f7fd113f,1
0,0,1,96,2c15dc040b1a9435f5080d20f6b53192,2c15dc040b1a9435f5080d20f6b53192,1
0,0,1,112,10070fe5dd6519c61243bd55b3563b50,10070fe5dd6519c61243bd55b3563b50,1
0,0,1,128,843ace3309364fa2754bba5f89ea156e,843ace3309364fa2754bba5f89ea156e,1
0,0,1,144,29562001c78a24358981f7be533eeba9,29562001c78a24358981f7be533eeba9,1
0,0,1,160,01424980789cf2c64c52186857632c39,01424980789cf2c64c52186857632c39,1
0,0,1,176,b602b7738321493b86253905d36769e3,b602b7738321493b86253905d36769e3,1
0,0,1,192,fdb397129cb37db58e9d6effe778b574,fdb397129cb37db58e9d6effe778b574,1
0,0,1,208,fc61f553c558633f697fc0a374175f90,fc61f553c558633f697fc0a374175f90,1
0,0,1,224,d6922124ab89e8c073791caeff92f175,d6922124ab89e8c073791caeff92f175,1
0,0,1,240,c34d7200ef07417c4d2c676c73683655,c34d7200ef07417c4d2c676c73683655,1
0,0,1,256,d96c24ac618b4533187fe5c22ebc3824,d96c24ac618b4533187fe5c22ebc3824,1
0,0,1,272,0ad68798223da4869d1de29609c30034,0ad68798223da4869d1de29609c30034,1
0,0,1,288,e832ddb4dc6879f87a8df6c67f16c3c9,e832ddb4dc6879f87a8df6c67f16c3c9,1
0,0,1,304,f69b2dde26c599e2e1797fdd42d05bf3,f69b2dde26c599e2e1797fdd42d05bf3,1
0,0,1,320,1f63b6bcc2ffe276ab94901a14fa4a20,1f63b6bcc2ffe276ab94901a14fa4a20,1
0,0,1,336,7054e02ce48955f8ed01a2fc884721aa,7054e02ce48955f8ed01a2fc884721aa,1
0,0,1,352,93aea12e7ff63e676a10ad83136b91e5,93aea12e7ff63e676a10ad83136b91e5,1
0,0,1,368,4d410fe7bcd2e64b9d7a6b2548d3ce71,4d410fe7bcd2e64b9d7a6b2548d3ce71,1
0,0,1,384,5ceb79d66c10f20606122a1d6b8b668d,5ceb79d66c10f20606122a1d6b8b668d,1
0,0,1,400,89af47c1c864afc770f39c5660478e07,89af47c1c864afc770f39c5660478e07,1
0,0,1,416,4362f54ac497e9a2c9919d948a00ee86,4362f54ac497e9a2c9919d948a00ee86,1
0,0,1,432,1f6d7d1e09aee9f4df6ec2d2c4c61c76,1f6d7d1e09aee9f4df6ec2d2c4c61c76,1
0,0,1,448,504ffef58b451b1a01709a554e9bc99f,504ffef58b451b1a01709a554e9bc99f,1
0,0,1,464,7c32352ce6547a93d25df5b556f7dd00,7c32352ce6547a93d25df5b556f7dd00,1
0,0,1,480,2d5a2890978b2107686d73b237a746e7,2d5a2890978b2107686d73b237a746e7,1
0,0,1,496,b3c1e372e7ce452cf1951bdcca6a2485,b3c1e372e7ce452cf1951bdcca6a2485,1
0,0,1,512,d8c19095b24d7ed171faca30f0175a5d,d8c19095b24d7ed171faca30f0175a5d,1
0,0,1,528,31f55a0cd98b75bec93d10735f64b205,31f55a0cd98b75bec93d10735f64b205,1
0,0,1,544,1afdb60ffe8a7681aede6d1d4981a449,1afdb60ffe8a7681aede6d1d4981a449,1
0,0,1,560,6046b79c3cdd05b1bd935dc4a99ca78c,6046b79c3cdd05b1bd935dc4a99ca78c,1
0,0,1,576,86c3c8aa47e01787763b7820ab30f5c2,86c3c8aa47e01787763b7820ab30f5c2,1
0,0,1,592,a2faddf8574624b122c46408c608c642,a2faddf8574624b122c46408c608c642,1
0,0,1,608,00f61a38f4fd749ee5376cda986a19cd,00f61a38f4fd749ee5376cda986a19cd,1
0,0,1,624,fa55b08d0877f7d53cbf3a93be447c5c,fa55b08d0877f7d53cbf3a93be447c5c,1
0,0,1,640,3bf0ca84add4ee8c21f445b97132ae83,3bf0ca84add4ee8c21f445b97132ae83,1
0,0,1,656,a024a042568841c506331ce1236b5192,a024a042568841c506331ce1236b5192,1
0,0,1,672,fa0aafce96b906bab20ea548ffe8e77b,fa0aafce96b906bab20ea548ffe8e77b,1
0,0,1,688,613ad2a2b7372167c0965a2be89b5bd6,613ad2a2b7372167c0965a2be89b5bd6,1
0,0,1,704,51638a38ae24d5202c451809aa487693,51638a38ae24d5202c451809aa487693,1
0,0,1,720,dbf8866af7c62b1e1fca0e3ce34cce5e,dbf8866af7c62b1e1fca0e3ce34cce5e,1
0,0,1,736,9c489851cbd0f628a8046af2ce27d18b,9c489851cbd0f628a8046af2ce27d18b,1
0,0,1,752,8bec1aea5e5fe108ad5803618aad130f,8bec1aea5e5fe108ad5803618aad130f,1
0,0,2,0,7aa6d001b6d6c9d82b25e4f7d6ef215a,7aa6d001b6d6c9d82b25e4f7d6ef215a,1
0,0,2,16,9fab74d598dbf5aa44e41f7d14641463,9fab74d598dbf5aa44e41f7d14641463,1
0,0,2,32,8eaf9ac797b24330c76582ea20d9c1da,8eaf9ac797b24330c76582ea20d9c1da,1
0,0,2,48,95bc3f560197e1ea049afb6ddde58bc2,95bc3f560197e1ea049afb6ddde58bc2,1
0,0,2,64,5310119b421d7ede7e0efdecaaad334b,5310119b421d7ede7e0efdecaaad334b,1
0,0,2,80,83fff52b806c5b783950e2a5d0f488f4,83fff52b806c5b783950e2a5d0f488f4,1
0,0,2,96,4f0c4c5f5cd95950b9dbf645c0406742,4f0c4c5f5cd95950b9dbf645c0406742,1
0,0,2,112,47d33bf007054c0bd82e82e624512c37,47d33bf007054c0bd82e82e624512c37,1
0,0,2,128,12cbe6c2200bc290ea13e55063a5a58d,12cbe6c2200bc290ea13e55063a5a58d,1
0,0,2,144,d09942f1e00752bca21aeafaca7a5432,d09942f1e00752bca21aeafaca7a5432,1
0,0,2,160,8296bc69eb101331ba9bab2e3e8f947e,8296bc69eb101331ba9bab2e3e8f947e,1
0,0,2,176,31a4e367d972344e6375cb30ed631dac,31a4e367d972344e6375cb30ed631dac,1
0,0,2,192,d6925e75f0ce934dfd077c4814d33175,d6925e75f0ce934dfd077c4814d33175,1
0,0,2,208,fd3160fd34e4336e4e05f1c04437fa47,fd3160fd34e4336e4e05f1c04437fa47,1
0,0,2,224,9f24cf952f0914140466a67f0719386a,9f24cf952f0914140466a67f0719386a,1
0,0,2,240,1041bf1833b4185624f449d5e8f179a0,1041bf1833b4185624f449d5e8f179a0,1
0,0,2,256,5bcf533f459a4f54a4f470b7782ab91f,5bcf533f459a4f54a4f470b7782ab91f,1
0,0,2,272,fe7e4d4f5160a0f39fd67ed44f30ec34,fe7e4d4f5160a0f39fd67ed44f30ec34,1
0,0,2,288,e4a63843a1e9c77e799efefbbbd341c5,e4a63843a1e9c77e799efefbbbd341c5,1
0,0,2,304,8d7fd159e11a1625effc78e96e7b7a59,8d7fd159e11a1625effc78e96e7b7a59,1
0,0,2,320,9cab4d8d7bdf0187af26494d87ebb8f1,9cab4d8d7bdf0187af26494d87ebb8f1,1
0,0,2,336,81b513fdcc3e4ddec42d893dac4c76f6,81b513fdcc3e4ddec42d893dac4c76f6,1
0,0,2,352,678d1671f185e0cc6eaac5505971b7c0,678d1671f185e0cc6eaac5505971b7c0,1
0,0,2,368,c39e9da60e0df0669682105480b30812,c39e9da60e0df0669682105480b30812,1
0,0,2,384,a34a9da4660d42fb95bbc89c530562d7,a34a9da4660d42fb95bbc89c530562d7,1
0,0,2,400,e66e1897785bbd07d881187635396b1c,e66e1897785bbd07d881187635396b1c,1
0,0,2,416,41c924fc89bd69a93e092b77db69eafd,41c924fc89bd69a93e092b77db69eafd,1
0,0,2,432,003cd61449ecbc81ed55ad0764849581,003cd61449ecbc81ed55ad0764849581,1
0,0,2,448,f50802cf5e8e29a11c6bb3a2be73bc16,f50802cf5e8e29a11c6bb3a2be73bc16,1
0,0,2,464,418c4749f9188467e7ce7b312ceb1653,418c4749f9188467e7ce7b312ceb1653,1
0,0,2,480,40ec4453bfe19f0fdad5b6403704ef4a,40ec4453bfe19f0fdad5b6403704ef4a,1
0,0,2,496,c4f600b986bfc81d1db7346933f7fedf,c4f600b986bfc81d1db7346933f7fedf,1
0,0,2,512,0a7cb4f02967a648d15688bab5ccea7f,0a7cb4f02967a648d15688bab5ccea7f,1
0,0,2,528,fa81032a58aa8494bce5b8ae46b2f533,fa81032a58aa8494bce5b8ae46b2f533,1
0,0,2,544,a1abacf43674e030f3a568a0fa69e09c,a1abacf43674e030f3a568a0fa69e09c,1
0,0,2,560,cddeb85691fa698f15feae31322254fe,cddeb85691fa698f15feae31322254fe,1
0,0,2,576,fd8ebf80a126d8e6f0fa9f02388b8b05,fd8ebf80a126d8e6f0fa9f02388b8b05,1
0,0,2,592,e300b9a340bbca212b8042556b3ba3f0,e300b9a340bbca212b8042556b3ba3f0,1
0,0,2,608,f20372687daa49dcd6f1bdddcb18b042,f20372687daa49dcd6f1bdddcb18b042,1
0,0,2,624,c2165979a09b45be72da5c09ebae42a1,c2165979a09b45be72da5c09ebae42a1,1
0,0,2,640,14bbd5c7ceb5ee3aa92416a9d6309888,14bbd5c7ceb5ee3aa92416a9d6309888,1
0,0,2,656,3b6f67fa84bc3c9e53bcdbb34ee61197,3b6f67fa84bc3c9e53bcdbb34ee61197,1
0,0,2,672,87a616aada28f9954c0f2176a91d4f5d,87a616aada28f9954c0f2176a91d4f5d,1
0,0,2,688,6f1ea5fd0b540719df138eb6b9c2a3ec,6f1ea5fd0b540719df138eb6b9c2a3ec,1
0,0,2,704,c3f2247d740274621af8fc1c1ca5f396,c3f2247d740274621af8fc1c1ca5f396,1
0,0,2,720,2e6966566eaf28e76e5c2884270bac0c,2e6966566eaf28e76e5c2884270bac0c,1
0,0,2,736,9cd6a97936239e95bc7e9230de6b843c,9cd6a97936239e95bc7e9230de6b843c,1
0,0,2,752,e967d04046bacba2aaa57898ab40c974,e967d04046bacba2aaa57898ab40c974,1
0,0,3,0,8d6b7a804b53e716257ce7ee45c79404,8d6b7a804b53e716257ce7ee45c79404,1
0,0,3,16,9b634feb156abada4e41b5eeda334501,9b634feb156abada4e41b5eeda334501,1
0,0,3,32,6427a91f262b3183989b13a4a146172b,6427a91f262b3183989b13a4a146172b,1
0,0,3,48,5f6e55562c7df8ceb5a1ce4d0f438f0d,5f6e55562c7df8ceb5a1ce4d0f438f0d,1
0,0,3,64,b27efc06500c2cbf22dd9605b70637b1,b27efc06500c2cbf22dd9605b70637b1,1
0,0,3,80,dea9c339e77ee28990541d221cc144f9,dea9c339e77ee28990541d221cc144f9,1
0,0,3,96,f4314c7f202edb9301200fb28f49987c,f4314c7f202edb9301200fb28f49987c,1
0,0,3,112,9145a1be59bda9bd6ba3d2db87e6b875,9145a1be59bda9bd6ba3d2db87e6b875,1
0,0,3,128,ff4ed899cf3de5b91283cbe1de45f179,ff4ed899cf3de5b91283cbe1de45f179,1
0,0,3,144,5ebabfcb016d6367af0583c88bcd82cd,5ebabfcb016d6367af0583c88bcd82cd,1
0,0,3,160,360d82aa3a396244d7d4bf1656b1f9be,360d82aa3a396244d7d4bf1656b1f9be,1
0,0,3,176,4fc281903a3827b264df8e6b68129433,4fc281903a3827b264df8e6b68129433,1
0,0,3,192,32da3c8c10e70c57f0431b2a5b20bfd4,32da3c8c10e70c57f0431b2a5b20bfd4,1
0,0,3,208,3899e2fbbca3adcb1ba77107d6f23f61,3899e2fbbca3adcb1ba77107d6f23f61,1
0,0,3,224,1b2c573cab57d577997f775714ed5817,1b2c573cab57d577997f775714ed5817,1
0,0,3,240,aa0bdf9eb98197786cb26783c2ecd2c6,aa0bdf9eb98197786cb26783c2ecd2c6,1
0,0,3,256,9802fa0dad8fb8440481fdefee38e3cd,9802fa0dad8fb8440481fdefee38e3cd,1
0,0,3,272,8ed6b8664231f7dec60008e6faa77f62,8ed6b8664231f7dec60008e6faa77f62,1
0,0,3,288,cfa186bb4fd7ba2176bc43a3d811f85c,cfa186bb4fd7ba2176bc43a3d811f85c,1
0,0,3,304,f5533c3606ff20b076f256ec53ff7d4b,f5533c3606ff20b076f256ec53ff7d4b,1
0,0,3,320,26e7fc08197795401ec35da548fdc1af,26e7fc08197795401ec35da548fdc1af,1
0,0,3,336,949a1ee7fae717c61115f5d08e5d0b60,949a1ee7fae717c61115f5d08e5d0b60,1
0,0,3,352,fdd53ff98b25e3fd5efa8d80c2e363b8,fdd53ff98b25e3fd5efa8d80c2e363b8,1
0,0,3,368,c6739462cfeed602577c1557c5d2693f,c6739462cfeed602577c1557c5d2693f,1
0,0,3,384,721e508cdb5a2d790f1982df3cae3aa3,721e508cdb5a2d790f1982df3cae3aa3,1
0,0,3,400,bb413eec0bf791f786325b089f73900f,bb413eec0bf791f786325b089f73900f,1
0,0,3,416,88e836734b4db8e94b4284240af241de,88e836734b4db8e94b4284240af241de,1
0,0,3,432,823341788cd99b3d9d7556cec8c6c2c2,823341788cd99b3d9d7556cec8c6c2c2,1
0,0,3,448,d46c756cbb4aa8afba9ed5c1092506d4,d46c756cbb4aa8afba9ed5c1092506d4,1
0,0,3,464,cdb8d454dc401a057bb54b4ebfee4ae5,cdb8d454dc401a057bb54b4ebfee4ae5,1
0,0,3,480,fd8595cf56d0da9589d6763b7b4cba00,fd8595cf56d0da9589d6763b7b4cba00,1
0,0,3,496,ed32cde2f875a707bda40698563b4cb5,ed32cde2f875a707bda40698563b4cb5,1
0,0,3,512,66f4b22fcd896a4b8691d63c2dcf7100,66f4b22fcd896a4b8691d63c2dcf7100,1
0,0,3,528,68da4053b289009f0585befddebf7c33,68da4053b289009f0585befddebf7c33,1
0,0,3,544,6c8f6c2670b810c04d718557408e7438,6c8f6c2670b810c04d718557408e7438,1
0,0,3,560,bce038b543bdbdbf76b6b0399b94490e,bce038b543bdbdbf76b6b0399b94490e,1
0,0,3,576,1c1fe1b897f50f4912fb732aa0316ed2,1c1fe1b897f50f4912fb732aa0316ed2,1
0,0,3,592,48a63d871ee9c1448cffaf95f71d31d7,48a63d871ee9c1448cffaf95f71d31d7,1
0,0,3,608,e4f81f0cb2cead9646510aa028c36eda,e4f81f0cb2cead9646510aa028c36eda,1
0,0,3,624,a62895dfb1f9e32b3b7d207c142e92c5,a62895dfb1f9e32b3b7d207c142e92c5,1
0,0,3,640,ba6b4319734044eb9db864aa65351a3f,ba6b4319734044eb9db864aa65351a3f,1
0,0,3,656,6417900600eed1dfe42349f5ae3ec9c5,6417900600eed1dfe42349f5ae3ec9c5,1
0,0,3,672,937f1ae6e61556e70950e9940cdf4b54,937f1ae6e61556e70950e9940cdf4b54,1
0,0,3,688,afef25c5f2a7407b99fe285697dc002e,afef25c5f2a7407b99fe285697dc002e,1
0,0,3,704,0325394ae30d2661deecba10d68e8e4a,0325394ae30d2661deecba10d68e8e4a,1
0,0,3,720,f0b7d56479e72a52acf4a5039765d3b2,f0b7d56479e72a52acf4a5039765d3b2,1
0,0,3,736,71124f5b9dc225a03a94d870eb49dd2f,71124f5b9dc225a03a94d870eb49dd2f,1
0,0,3,752,1bf2a73159a062c3c4074bbc4d67da87,1bf2a73159a062c3c4074bbc4d67da87,1
0,1,0,0,9a6950153a83ac5258538d304b4a39d0,9a6950153a83ac5258538d304b4a39d0,1
0,1,0,16,6694eb8be59ace49adcac4fcab6bc772,6694eb8be59ace49adcac4fcab6bc772,1
0,1,0,32,abb8d0448fc855245994533e4c0dd153,abb8d0448fc855245994533e4c0dd153,1
0,1,0,48,63a856f813967c2ec4f8aa68eb79ad95,63a856f813967c2ec4f8aa68eb79ad95,1
0,1,0,64,5011d1cbed5ffb860fdd3d2509a5b7c0,5011d1cbed5ffb860fdd3d2509a5b7c0,1
0,1,0,80,7bd35f2995d80b5dd0892feebb2c45cc,7bd35f2995d80b5dd0892feebb2c45cc,1
0,1,0,96,c47f53f81bae014adf2bc65d456bd90f,c47f53f81bae014adf2bc65d456bd90f,1
0,1,0,112,957322f93a891d0a92392f6d643dcaf3,957322f93a891d0a92392f6d643dcaf3,1
0,1,0,128,ee42452994941bd173354d64e238b826,ee42452994941bd173354d64e238b826,1
0,1,0,144,2e8a2ea7f4569adebdfca565b988c5c3,2e8a2ea7f4569adebdfca565b988c5c3,1
0,1,0,160,dd2b14784d7d27f0ab7d044b2f2fea97,dd2b14784d7d27f0ab7d044b2f2fea97,1
0,1,0,176,c617539a307631dd07485d8405371c00,c617539a307631dd07485d8405371c00,1
0,1,0,192,f579f899e4fd77590f3fcef8668efe34,f579f899e4fd77590f3fcef8668efe34,1
0,1,0,208,d1da1456df13a96ea47a4ef36045143d,d1da1456df13a96ea47a4ef36045143d,1
0,1,0,224,d631826a5156bd34dbf1c2234e4a252e,d631826a5156bd34dbf1c2234e4a252e,1
0,1,0,240,48792675968cdbd81adaf8d1ed817f78,48792675968cdbd81adaf8d1ed817f78,1
0,1,0,256,cb0f0c7914ff4370fa9bb3d5eaa54e7c,cb0f0c7914ff4370fa9bb3d5eaa54e7c,1
0,1,0,272,db870d9443f868465ade005dffac66a2,db870d9443f868465ade005dffac66a2,1
0,1,0,288,401e39c406cc5d847ab2b334c57399d7,401e39c406cc5d847ab2b334c57399d7,1
0,1,0,304,fb4d3bea323f8a88e460c6f6816f0632,fb4d3bea323f8a88e460c6f6816f0632,1
0,1,0,320,6715ef720a84cae56c43734d6c1fb969,6715ef720a84cae56c43734d6c1fb969,1
0,1,0,336,60fc4c23b1bdcb5eb0a140a9b7bc80d5,60fc4c23b1bdcb5eb0a140a9b7bc80d5,1
0,1,0,352,a520a29643930e999c10cfa99386f097,a520a29643930e999c10cfa99386f097,1
0,1,0,368,46ddcb78b94568a69f60add081b4b075,46ddcb78b94568a69f60add081b4b075,1
0,1,0,384,dc7a921623adca4ffcea83c4f4f5b1ef,dc7a921623adca4ffcea83c4f4f5b1ef,1
0,1,0,400,f162ad74fe76895f8fffc9b88f771cf2,f162ad74fe76895f8fffc9b88f771cf2,1
0,1,0,416,a135665d2a6432822323a4522e0bb48b,a135665d2a6432822323a4522e0bb48b,1
0,1,0,432,ba4e41ec03be1a9535cb2ef09f00dc32,ba4e41ec03be1a9535cb2ef09f00dc32,1
0,1,0,448,f1f627d309cd5f10b4566c496adc6fee,f1f627d309cd5f10b4566c496adc6fee,1
0,1,0,464,b12661e1b3574f5d06ca4b22ca191013,b12661e1b3574f5d06ca4b22ca191013,1
0,1,0,480,927527aa6c0133acf4e3c797515e8eb5,927527aa6c0133acf4e3c797515e8eb5,1
0,1,0,496,5e7e62a769b0a29427256c4530bc0667,5e7e62a769b0a29427256c4530bc0667,1
0,1,0,512,f5ceb4ecdfd1c7be0d8601f971e1a54a,f5ceb4ecdfd1c7be0d8601f971e1a54a,1
0,1,0,528,cb54729b6ff95b0349db21f93a62fbed,cb54729b6ff95b0349db21f93a62fbed,1
0,1,0,544,274e279993c4bce016a1ccd15923ec4d,274e279993c4bce016a1ccd15923ec4d,1
0,1,0,560,7c2e056dc2f7223fe33c7c60acaf7951,7c2e056dc2f7223fe33c7c60acaf7951,1
0,1,0,576,9077d62daa4f63fc45eb50a18cd405c3,9077d62daa4f63fc45eb50a18cd405c3,1
0,1,0,592,7166abddaf7f016f3bd208f8ddd2cd71,7166abddaf7f016f3bd208f8ddd2cd71,1
0,1,0,608,a06781e589dfaec2abdd5b6a75475849,a06781e589dfaec2abdd5b6a75475849,1
0,1,0,624,3bfee617bc76cf15b13888c5cda0fdef,3bfee617bc76cf15b13888c5cda0fdef,1
0,1,0,640,b0d8a3020dd7f8ea5680a1c638f7c1d4,b0d8a3020dd7f8ea5680a1c638f7c1d4,1
0,1,0,656,94af538c31ad229d775ef164044d2185,94af538c31ad229d775ef164044d2185,1
0,1,0,672,f35d1fd3eaa9ebea3b2ebaf0ba9be20c,f35d1fd3eaa9ebea3b2ebaf0ba9be20c,1
0,1,0,688,4eab503b3e230b7f6a5c8907425708ae,4eab503b3e230b7f6a5c8907425708ae,1
0,1,0,704,cb489b829d553d482ba9a20c79c58d09,cb489b829d553d482ba9a20c79c58d09,1
0,1,0,720,71b06d9c23e162d87c6a3db47e7b56a4,71b06d9c23e162d87c6a3db47e7b56a4,1
0,1,0,736,3c2b8415455462de3f97b8df46329273,3c2b8415455462de3f97b8df46329273,1
0,1,0,752,f469f2c7d71a9922af7ce1929fe46d23,f469f2c7d71a9922af7ce1929fe46d23,1
0,1,1,0,0ece319d5317881d17649eb6c12b29df,0ece319d5317881d17649eb6c12b29df,1
0,1,1,16,6086651324045637cf107f834d64be68,6086651324045637cf107f834d64be68,1
0,1,1,32,079c10f98814dd53a06fd327232d1c0e,079c10f98814dd53a06fd327232d1c0e,1
0,1,1,48,ac1f973e53f50f33d504ddc6c9471763,ac1f973e53f50f33d504ddc6c9471763,1
0,1,1,64,3de01ac79d18f301e995ad41d9bb67ff,3de01ac79d18f301e995ad41d9bb67ff,1
0,1,1,80,22f278361f636f4789c995563b4eb612,22f278361f636f4789c995563b4eb612,1
0,1,1,96,b68be6fda6cb7f9d717a42baac6c22ca,b68be6fda6cb7f9d717a42baac6c22ca,1
0,1,1,112,fdc522c24b87a771eb96b98862c236d9,fdc522c24b87a771eb96b98862c236d9,1
0,1,1,128,820610176d842df80647ea2384d1ec50,820610176d842df80647ea2384d1ec50,1
0,1,1,144,b8d43745c0ce16ea29d2e8ce9e725978,b8d43745c0ce16ea29d2e8ce9e725978,1
0,1,1,160,2093f46775777a842b09d463991192ee,2093f46775777a842b09d463991192ee,1
0,1,1,176,bc8f6af9ecf129bcb779238c843913d3,bc8f6af9ecf129bcb779238c843913d3,1
0,1,1,192,9847b54e8a93fbb28e8703c83626bb12,9847b54e8a93fbb28e8703c83626bb12,1
0,1,1,208,bd072d3877cc305e4fa01ffc6627bd23,bd072d3877cc305e4fa01ffc6627bd23,1
0,1,1,224,58c0c59e349060b7bc9b133b96373918,58c0c59e349060b7bc9b133b96373918,1
0,1,1,240,32a5108a781e59bc458ed873da15e75c,32a5108a781e59bc458ed873da15e75c,1
0,1,1,256,104b43bd2d63ebab8d2667b49f60446a,104b43bd2d63ebab8d2667b49f60446a,1
0,1,1,272,4812d8c1a94a5c83387501349ba336ee,4812d8c1a94a5c83387501349ba336ee,1
0,1,1,288,2dad83a8230cfc02cc23d77e40dbd854,2dad83a8230cfc02cc23d77e40dbd854,1
0,1,1,304,d1fc4290d056528ed102fb70f094668c,d1fc4290d056528ed102fb70f094668c,1
0,1,1,320,df3b67363e2abd09719d171ae935294d,df3b67363e2abd09719d171ae935294d,1
0,1,1,336,703ba8ca942a9c3ed1e0cc1f6fd3d061,703ba8ca942a9c3ed1e0cc1f6fd3d061,1
0,1,1,352,e7966ab7469aa3441fb663b0bc1d61ab,e7966ab7469aa3441fb663b0bc1d61ab,1
0,1,1,368,bfd826ce9b290459bcb51fd314beca7e,bfd826ce9b290459bcb51fd314beca7e,1
0,1,1,384,d226388a37e2d3171229a2289e288cf6,d226388a37e2d3171229a2289e288cf6,1
0,1,1,400,f8dfdd3fe12043d028961291222b94c0,f8dfdd3fe12043d028961291222b94c0,1
0,1,1,416,9d5c90b2ad55f1cca650574a029267a2,9d5c90b2ad55f1cca650574a029267a2,1
0,1,1,432,1783ba4e5cc89963b70a77d246ea2248,1783ba4e5cc89963b70a77d246ea2248,1
0,1,1,448,ca78a3095bc33819f94802083db92fa2,ca78a3095bc33819f94802083db92fa2,1
0,1,1,464,857cbda1411ed364bdf3a0f54d8be827,857cbda1411ed364bdf3a0f54d8be827,1
0,1,1,480,612cb8347d2ceed0590cb03415408257,612cb8347d2ceed0590cb03415408257,1
0,1,1,496,c62e949a97be3582e21a2e37fb659cdb,c62e949a97be3582e21a2e37fb659cdb,1
0,1,1,512,d7dc3e8a959664774c5af7f84a463c97,d7dc3e8a959664774c5af7f84a463c97,1
0,1,1,528,e7fe52f9b28d3cc454edc8f8853ab8c1,e7fe52f9b28d3cc454edc8f8853ab8c1,1
0,1,1,544,b0255d815f86aad11cc38a47270e28d0,b0255d815f86aad11cc38a47270e28d0,1
0,1,1,560,7069b2144d3b4b8a554e02defe6b26c0,7069b2144d3b4b8a554e02defe6b26c0,1
0,1,1,576,78280f99f9e9cfac4f5792cc08f1a082,78280f99f9e9cfac4f5792cc08f1a082,1
0,1,1,592,fa9b3b4ce5cad99e4b334e46bc0954bb,fa9b3b4ce5cad99e4b334e46bc0954bb,1
0,1,1,608,d2e595e234b768ec671024ef645841ef,d2e595e234b768ec671024ef645841ef,1
0,1,1,624,37674a8cb06723812633426d8090615e,37674a8cb06723812633426d8090615e,1
0,1,1,640,774613e6843f2edbc1d8745ddb69dfb2,774613e6843f2edbc1d8745ddb69dfb2,1
0,1,1,656,05a347abd97ddd2ea10bd983ed0797cd,05a347abd97ddd2ea10bd983ed0797cd,1
0,1,1,672,c58e48caf4fd223fe02bb13ccffdc258,c58e48caf4fd223fe02bb13ccffdc258,1
0,1,1,688,4c8e69d2b718559315f168eaffd6fd29,4c8e69d2b718559315f168eaffd6fd29,1
0,1,1,704,1cc8842188d42290778876ed9597b783,1cc8842188d42290778876ed9597b783,1
0,1,1,720,45ca4a98de42a05bd44db868a20d1eaf,45ca4a98de42a05bd44db868a20d1eaf,1
0,1,1,736,013e67addf2a129796f3e341c60ea299,013e67addf2a129796f3e341c60ea299,1
0,1,1,752,07ead9984f14e49f73e137cdcb6b0a89,07ead9984f14e49f73e137cdcb6b0a89,1
0,1,2,0,7fed88f1b1b10f0dbfeda57776226870,7fed88f1b1b10f0dbfeda57776226870,1
0,1,2,16,0190025edc41b81f37876b87381eb41f,0190025edc41b81f37876b87381eb41f,1
0,1,2,32,114c4aa5abff1915c0646fa7b134ee58,114c4aa5abff1915c0646fa7b134ee58,1
0,1,2,48,b7d9c25d3a310893199e4ceb5579834c,b7d9c25d3a310893199e4ceb5579834c,1
0,1,2,64,7952e87fc868c90848c2cd8581eb565d,7952e87fc868c90848c2cd8581eb565d,1
0,1,2,80,324b313cc007ecd008ccc845468fbe57,324b313cc007ecd008ccc845468fbe57,1
0,1,2,96,7411ce9769f20cd665da836120d38aed,7411ce9769f20cd665da836120d38aed,1
0,1,2,112,fab7a71157c829716b1f098564019f02,fab7a71157c829716b1f098564019f02,1
0,1,2,128,a2f5e02e2c1efc83f0b0ef327f7e6adc,a2f5e02e2c1efc83f0b0ef327f7e6adc,1
0,1,2,144,8b21df008f28bee3b9b8c632554b743b,8b21df008f28bee3b9b8c632554b743b,1
0,1,2,160,461c24eccf4641f7152bd00d82f256fd,461c24eccf4641f7152bd00d82f256fd,1
0,1,2,176,ca32abd426258432cf59bb7c15826f90,ca32abd426258432cf59bb7c15826f90,1
0,1,2,192,457dc2017bb1e471e1ffbbd46105e2fa,457dc2017bb1e471e1ffbbd46105e2fa,1
0,1,2,208,0f31d91cf44068b41ff37afe2056f6fa,0f31d91cf44068b41ff37afe2056f6fa,1
0,1,2,224,317a28d7ed741df18d1c6cf0eb729b3a,317a28d7ed741df18d1c6cf0eb729b3a,1
0,1,2,240,b6390acbf6e3534683a4553cdbdda595,b6390acbf6e3534683a4553cdbdda595,1
0,1,2,256,7dd52fd86dd9bc13077a3d5b928d7ad4,7dd52fd86dd9bc13077a3d5b928d7ad4,1
0,1,2,272,9d55b50375dd210ff802d8718f94cef0,9d55b50375dd210ff802d8718f94cef0,1
0,1,2,288,686fa6c87a0dca58c6b065c3bd3eea42,686fa6c87a0dca58c6b065c3bd3eea42,1
0,1,2,304,7a37d4babaf4c274de83c8b37eda5852,7a37d4babaf4c274de83c8b37eda5852,1
0,1,2,320,c34b46b5b83c7b9a70caa02810073fa5,c34b46b5b83c7b9a70caa02810073fa5,1
0,1,2,336,a08e67b58a32f9a2ca28785d794acea0,a08e67b58a32f9a2ca28785d794acea0,1
0,1,2,352,79dc64c19435ce06c75bee1845f13c97,79dc64c19435ce06c75bee1845f13c97,1
0,1,2,368,e1efdfbff5d8b3a799a26bbc0838b0cf,e1efdfbff5d8b3a799a26bbc0838b0cf,1
0,1,2,384,e41624898a5fc08abfca49353d4863c4,e41624898a5fc08abfca49353d4863c4,1
0,1,2,400,758c9245c3687283fd78bbf4a6cf0dde,758c9245c3687283fd78bbf4a6cf0dde,1
0,1,2,416,7ba002984cdb835abbae58894cfb7241,7ba002984cdb835abbae58894cfb7241,1
0,1,2,432,6518ce70f20fea619f3ac02b0acbb13f,6518ce70f20fea619f3ac02b0acbb13f,1
0,1,2,448,b3f2d1b6a3b00e9ba53b966603c4c48c,b3f2d1b6a3b00e9ba53b966603c4c48c,1
0,1,2,464,f143ac410120fc6fa2d078c0c9ae3166,f143ac410120fc6fa2d078c0c9ae3166,1
0,1,2,480,549957fd256c5a54979dd35a30f1b629,549957fd256c5a54979dd35a30f1b629,1
0,1,2,496,2b2cb387db4e8a821f89e4aebba9602d,2b2cb387db4e8a821f89e4aebba9602d,1
0,1,2,512,be20c19d501de422f7c209b1f57bf200,be20c19d501de422f7c209b1f57bf200,1
0,1,2,528,e845658518fa221a35ee61daaf3ab5dc,e845658518fa221a35ee61daaf3ab5dc,1
0,1,2,544,d9f48c489a05fde2231516e5b0531c2b,d9f48c489a05fde2231516e5b0531c2b,1
0,1,2,560,5b5557d2b9b936021db99b7bca1512c7,5b5557d2b9b936021db99b7bca1512c7,1
0,1,2,576,f3c0220ec10c5ffb1be02256e6fdffc5,f3c0220ec10c5ffb1be02256e6fdffc5,1
0,1,2,592,fde744f0804bb29342b1b632dd19a4a6,fde744f0804bb29342b1b632dd19a4a6,1
0,1,2,608,1b9fdced9c9192bb0a3407123fab1213,1b9fdced9c9192bb0a3407123fab1213,1
0,1,2,624,c8f4f2cd1a857484297224f46548d0f0,c8f4f2cd1a857484297224f46548d0f0,1
0,1,2,640,1f56a789a379ea39ba8b1f70a82df823,1f56a789a379ea39ba8b1f70a82df823,1
0,1,2,656,99de3f8309a2a0cf9bd28818c8a27e2f,99de3f8309a2a0cf9bd28818c8a27e2f,1
0,1,2,672,e3d72e663762a7328b63034b8cf7fd35,e3d72e663762a7328b63034b8cf7fd35,1
0,1,2,688,6c4f25ca127a887d9817719ac169b80d,6c4f25ca127a887d9817719ac169b80d,1
0,1,2,704,0e9421421c1c4fda89f75554f8953570,0e9421421c1c4fda89f75554f8953570,1
0,1,2,720,9cec10727c235e02325ca0a059eec51d,9cec10727c235e02325ca0a059eec51d,1
0,1,2,736,900c94d8454076e2e2d6f7b81ca06269,900c94d8454076e2e2d6f7b81ca06269,1
0,1,2,752,1dd64916d2fb5ff82428afd7ec213932,1dd64916d2fb5ff82428afd7ec213932,1
0,1,3,0,94566a9a06ebf9a625342f1a0f62076b,94566a9a06ebf9a625342f1a0f62076b,1
0,1,3,16,2dedd4b0617494bc6caedf9111989210,2dedd4b0617494bc6caedf9111989210,1
0,1,3,32,7857565ad54d3ea9cf486ed342ed846f,7857565ad54d3ea9cf486ed342ed846f,1
0,1,3,48,d73b0f321e8519c028a5c4786274890c,d73b0f321e8519c028a5c4786274890c,1
0,1,3,64,98f78ea1de343d43fae2c42bee1c8e40,98f78ea1de343d43fae2c42bee1c8e40,1
0,1,3,80,6b28a17eb757ee76bdc045bd683b7898,6b28a17eb757ee76bdc045bd683b7898,1
0,1,3,96,da17ba9e29493074500b4b778a844860,da17ba9e29493074500b4b778a844860,1
0,1,3,112,b7ab582fa405d079d70a1883a6d25720,b7ab582fa405d079d70a1883a6d25720,1
0,1,3,128,4cba6d46ed2a8bdf853b8e187c468c27,4cba6d46ed2a8bdf853b8e187c468c27,1
0,1,3,144,ac46956323a81d51a10ec6e161a86e57,ac46956323a81d51a10ec6e161a86e57,1
0,1,3,160,456bb1c3218b8af65e4b46f897692e2f,456bb1c3218b8af65e4b46f897692e2f,1
0,1,3,176,4afb966dba0661eb2838c155fb68624e,4afb966dba0661eb2838c155fb68624e,1
0,1,3,192,a1c6fe2e5ee88a8581631afde0455300,a1c6fe2e5ee88a8581631afde0455300,1
0,1,3,208,b3c80a982fc98a41d4eaf90fb2f5a710,b3c80a982fc98a41d4eaf90fb2f5a710,1
0,1,3,224,f10bad0ba048a94f238005d3298195e7,f10bad0ba048a94f238005d3298195e7,1
0,1,3,240,c204911b536debeda82fc22aa0f6e538,c204911b536debeda82fc22aa0f6e538,1
0,1,3,256,bd72faa4ae7c244c8b374167b1f3af96,bd72faa4ae7c244c8b374167b1f3af96,1
0,1,3,272,2211dfc5cd1bf5302b74ce2c97b7e5e8,2211dfc5cd1bf5302b74ce2c97b7e5e8,1
0,1,3,288,4609bdff6f4dd7e0476c2eb371dad05a,4609bdff6f4dd7e0476c2eb371dad05a,1
0,1,3,304,91985ff0596d66c4c19911986e3583e7,91985ff0596d66c4c19911986e3583e7,1
0,1,3,320,02b28edad6fa9b258606d16f282e8849,02b28edad6fa9b258606d16f282e8849,1
0,1,3,336,c91209b6a56a94f0440e16f83d21e10b,c91209b6a56a94f0440e16f83d21e10b,1
0,1,3,352,9551160c4e9aaf5fc347fe79a3664454,9551160c4e9aaf5fc347fe79a3664454,1
0,1,3,368,8ddf64b8d91dc703df8ed81e8e8bb490,8ddf64b8d91dc703df8ed81e8e8bb490,1
0,1,3,384,d7632bd83ae3b5352364a82b3cc6aed7,d7632bd83ae3b5352364a82b3cc6aed7,1
0,1,3,400,a969633887009be9146d6aa6c9b69a98,a969633887009be9146d6aa6c9b69a98,1
0,1,3,416,05af5a88df006390a2e2d1ed7cabf15f,05af5a88df006390a2e2d1ed7cabf15f,1
0,1,3,432,ad3a7c8937520a7d4a24f3b3d5328c3f,ad3a7c8937520a7d4a24f3b3d5328c3f,1
0,1,3,448,730706113046494f8dfcdd0ecc11bdc7,730706113046494f8dfcdd0ecc11bdc7,1
0,1,3,464,c314dc575ccf008fd9d60db70a03e99c,c314dc575ccf008fd9d60db70a03e99c,1
0,1,3,480,9aea761f2ec8e68572cf42966f1aa744,9aea761f2ec8e68572cf42966f1aa744,1
0,1,3,496,0267880f4340d93dda17663bfdf448bc,0267880f4340d93dda17663bfdf448bc,1
0,1,3,512,1e2d62c76f70d32118226aceb733284e,1e2d62c76f70d32118226aceb733284e,1
0,1,3,528,8f19ddf17c942054a3b944881397a8de,8f19ddf17c942054a3b944881397a8de,1
0,1,3,544,cfc415a72d8dd3ccfa244fe78e589183,cfc415a72d8dd3ccfa244fe78e589183,1
0,1,3,560,8a0637ff11d3be94338f0cc7fce995c4,8a0637ff11d3be94338f0cc7fce995c4,1
0,1,3,576,c09c5e1efd06135ed8249de7952de4f8,c09c5e1efd06135ed8249de7952de4f8,1
0,1,3,592,8892176d1d9a2669dd43e1cdcdab6ff2,8892176d1d9a2669dd43e1cdcdab6ff2,1
0,1,3,608,e0a71645239604cb66415fe702321e21,e0a71645239604cb66415fe702321e21,1
0,1,3,624,43eb40506aafc3dd71f71cf89527b87a,43eb40506aafc3dd71f71cf89527b87a,1
0,1,3,640,525245572f05ab8a27a118f54edc81e1,525245572f05ab8a27a118f54edc81e1,1
0,1,3,656,f0c5679d613d975a9f8c398ee915068e,f0c5679d613d975a9f8c398ee915068e,1
0,1,3,672,ab63a963c9e1a5ec6ffe0b2ad305e82b,ab63a963c9e1a5ec6ffe0b2ad305e82b,1
0,1,3,688,74a03e2d480411d879cdbd1b0bfb3fbf,74a03e2d480411d879cdbd1b0bfb3fbf,1
0,1,3,704,f337c41392409af900b8abf4dd55ec1e,f337c41392409af900b8abf4dd55ec1e,1
0,1,3,720,e2f9b85b30a738ab54c7e7dc48766a5a,e2f9b85b30a738ab54c7e7dc48766a5a,1
0,1,3,736,8cbbf4befc563703249f445de26faf82,8cbbf4befc563703249f445de26faf82,1
0,1,3,752,3e080e95d36943221bbfb327a5636293,3e080e95d36943221bbfb327a5636293,1
0,2,0,0,737de2f07ef1c1edc8a162b838604dab,737de2f07ef1c1edc8a162b838604dab,1
0,2,0,16,9c5d19e0a6378cef1d178240da8f1cfe,9c5d19e0a6378cef1d178240da8f1cfe,1
0,2,0,32,902f2bedf98ea514d245acec1c248cb5,902f2bedf98ea514d245acec1c248cb5,1
0,2,0,48,86324ba4a0605276e602fd69a96ca8ab,86324ba4a0605276e602fd69a96ca8ab,1
0,2,0,64,e06344383543e222eb6f8bbbeb9c2f9a,e06344383543e222eb6f8bbbeb9c2f9a,1
0,2,0,80,e02bd7b2780429aec6443421edb94080,e02bd7b2780429aec6443421edb94080,1
0,2,0,96,5e78f521a02bcf548ffb43af0a8ab720,5e78f521a02bcf548ffb43af0a8ab720,1
0,2,0,112,9bed20e8432c67a268aedb438b8435a6,9bed20e8432c67a268aedb438b8435a6,1
0,2,0,128,16cff6a4c6c1984326a19bfa9598d123,16cff6a4c6c1984326a19bfa9598d123,1
0,2,0,144,4ead3176d955d01b79579b1738793b76,4ead3176d955d01b79579b1738793b76,1
0,2,0,160,034cf32d54807cf72882e3fbaaea1e65,034cf32d54807cf72882e3fbaaea1e65,1
0,2,0,176,e57f37687be04946ad29164d776896e6,e57f37687be04946ad29164d776896e6,1
0,2,0,192,43b175b75a748be97a11020cd1229285,43b175b75a748be97a11020cd1229285,1
0,2,0,208,bac03e4415d3459b6a2187779543acdb,bac03e4415d3459b6a2187779543acdb,1
0,2,0,224,66e31fb34001f07340bc809fdd8dd2bb,66e31fb34001f07340bc809fdd8dd2bb,1
0,2,0,240,8319e9ca05ef19ec534ce189de1c14de,8319e9ca05ef19ec534ce189de1c14de,1
0,2,0,256,7965a25987e1111b93c3f9c74a9baf0e,7965a25987e1111b93c3f9c74a9baf0e,1
0,2,0,272,2dcc4db6f5e7074666f34c07b3807828,2dcc4db6f5e7074666f34c07b3807828,1
0,2,0,288,6c69b34891c0c760ae1cfb9953c26246,6c69b34891c0c760ae1cfb9953c26246,1
0,2,0,304,62cdb5d91eb8ec122a8f71c8048ca555,62cdb5d91eb8ec122a8f71c8048ca555,1
0,2,0,320,262a0e2af00d6e1b2529d3400cadb01e,262a0e2af00d6e1b2529d3400cadb01e,1
0,2,0,336,0c989417c08494f15bfd2871323a8a9d,0c989417c08494f15bfd2871323a8a9d,1
0,2,0,352,69bf3224e4a6bffc6e0a970ef23a8767,69bf3224e4a6bffc6e0a970ef23a8767,1
0,2,0,368,395b36db0cc7130ecbd9a75bc593d63b,395b36db0cc7130ecbd9a75bc593d63b,1
0,2,0,384,73a7e4ca3c762d6d2bee2f2c7f8287d6,73a7e4ca3c762d6d2bee2f2c7f8287d6,1
0,2,0,400,8a69df28a38b187e81a9426ba7ecc72e,8a69df28a38b187e81a9426ba7ecc72e,1
0,2,0,416,1309c1876bdf2b856fdbbfe0108a7379,1309c1876bdf2b856fdbbfe0108a7379,1
0,2,0,432,5871fa593f01782bcd802c1e0e75aea0,5871fa593f01782bcd802c1e0e75aea0,1
0,2,0,448,0fc71fa8eae0b7e12ebafaa6c2912acd,0fc71fa8eae0b7e12ebafaa6c2912acd,1
0,2,0,464,40e5dc548a7c68fdc5b758b4fa760485,40e5dc548a7c68fdc5b758b4fa760485,1
0,2,0,480,75d5f3db68565d57abd92ddec23786f9,75d5f3db68565d57abd92ddec23786f9,1
0,2,0,496,450ba9cde3b2d3f1d83857b413fbbbef,450ba9cde3b2d3f1d83857b413fbbbef,1
0,2,0,512,c7e8ac127cdaecf1bce7d4bc3cefb698,c7e8ac127cdaecf1bce7d4bc3cefb698,1
0,2,0,528,e29c0e7dd7b01da9bd7c4dc13f113995,e29c0e7dd7b01da9bd7c4dc13f113995,1
0,2,0,544,dc65fc2917a8762ec72cdc6c5509176d,dc65fc2917a8762ec72cdc6c5509176d,1
0,2,0,560,fd88e274d88be992f5af36d557349944,fd88e274d88be992f5af36d557349944,1
0,2,0,576,29534986bcf3cf653c44834d947c3217,29534986bcf3cf653c44834d947c3217,1
0,2,0,592,301f81d8714ad683267658495c5347c8,301f81d8714ad683267658495c5347c8,1
0,2,0,608,328755724c760af61aa9c3f640212d6d,328755724c760af61aa9c3f640212d6d,1
0,2,0,624,10b3102206f26f32377e848efc5ac73d,10b3102206f26f32377e848efc5ac73d,1
0,2,0,640,e4c262d53abd87d58554830585901403,e4c262d53abd87d58554830585901403,1
0,2,0,656,bd752a0294ca2a531a938dddbe7a076f,bd752a0294ca2a531a938dddbe7a076f,1
0,2,0,672,c797dec75bd8871a336523e2fb7c42ed,c797dec75bd8871a336523e2fb7c42ed,1
0,2,0,688,922be7e8d1becf71210a3f9560593c4d,922be7e8d1becf71210a3f9560593c4d,1
0,2,0,704,a5df58b73f0941939fdee896add3939e,a5df58b73f0941939fdee896add3939e,1
0,2,0,720,aa7cd76fccb72eec8a86bfcc861aef56,aa7cd76fccb72eec8a86bfcc861aef56,1
0,2,0,736,2e9d35b2c742226192f3a431f909eb4f,2e9d35b2c742226192f3a431f909eb4f,1
0,2,0,752,deb7fe8bbcc77a658d4d7c764a44aae0,deb7fe8bbcc77a658d4d7c764a44aae0,1
0,2,1,0,fa913693fbc12159cc84ced52466ae02,fa913693fbc12159cc84ced52466ae02,1
0,2,1,16,4b2360c653cbfdcc3c3476dc220a0c17,4b2360c653cbfdcc3c3476dc220a0c17,1
0,2,1,32,d1c11ec8c6af9f297986990c51339632,d1c11ec8c6af9f297986990c51339632,1
0,2,1,48,2db0b40ba610014a6d99371172c99f67,2db0b40ba610014a6d99371172c99f67,1
0,2,1,64,08f02366dcce8e0ab18fdbcae405e47e,08f02366dcce8e0ab18fdbcae405e47e,1
0,2,1,80,39053946bfa08e72f2da77394df9e1ac,39053946bfa08e72f2da77394df9e1ac,1
0,2,1,96,36733f7e50fb00bf61a5b24b93961a4b,36733f7e50fb00bf61a5b24b93961a4b,1
0,2,1,112,1a0b52007b2071c6fdf4b89922d82a29,1a0b52007b2071c6fdf4b89922d82a29,1
0,2,1,128,be513f0b88d0debc56f89b5352054c13,be513f0b88d0debc56f89b5352054c13,1
0,2,1,144,e8f1dccf1514040f0f4878cf95b59559,e8f1dccf1514040f0f4878cf95b59559,1
0,2,1,160,dce48b308c903f4d57c2503ed02d6c07,dce48b308c903f4d57c2503ed02d6c07,1
0,2,1,176,c7297a5b0699dd82a295823c0be5a74b,c7297a5b0699dd82a295823c0be5a74b,1
0,2,1,192,28a47d4978d6b5f184e7d9a2ce248c44,28a47d4978d6b5f184e7d9a2ce248c44,1
0,2,1,208,e7207019c3024a305b83ead5961a3b39,e7207019c3024a305b83ead5961a3b39,1
0,2,1,224,73f3fb97165716bdb5c327e949b4a3a3,73f3fb97165716bdb5c327e949b4a3a3,1
0,2,1,240,e2d484ae28c66616a2af967c345af047,e2d484ae28c66616a2af967c345af047,1
0,2,1,256,6f36a982bed7ab5c60c934654c491efb,6f36a982bed7ab5c60c934654c491efb,1
0,2,1,272,dc9fc7e52252316af5c8e0397c805166,dc9fc7e52252316af5c8e0397c805166,1
0,2,1,288,27258c7f7ceec4695a14667236cb6afc,27258c7f7ceec4695a14667236cb6afc,1
0,2,1,304,c77d207c9c6fd3041a1f09d4fe563951,c77d207c9c6fd3041a1f09d4fe563951,1
0,2,1,320,aaeb6bd8d24f3df1086650a00448b69a,aaeb6bd8d24f3df1086650a00448b69a,1
0,2,1,336,63e0d78d0af61c59ba8dfd506198d076,63e0d78d0af61c59ba8dfd506198d076,1
0,2,1,352,6361b9ea7ba6a9958e500f0cd2500ea9,6361b9ea7ba6a9958e500f0cd2500ea9,1
0,2,1,368,b149cb63ac2e9df31d0cc3514c74a5f5,b149cb63ac2e9df31d0cc3514c74a5f5,1
0,2,1,384,fe1397ddefe4b4badbdfb6ed097deac1,fe1397ddefe4b4badbdfb6ed097deac1,1
0,2,1,400,62b89918429c7167777c3f1f65a12d58,62b89918429c7167777c3f1f65a12d58,1
0,2,1,416,5d2260fcab4202b07d04a917c087acaf,5d2260fcab4202b07d04a917c087acaf,1
0,2,1,432,d449d9b391f52cb637af63558d992df2,d449d9b391f52cb637af63558d992df2,1
0,2,1,448,bb9f8d65750831dcee9f2e5aeb1f7b5e,bb9f8d65750831dcee9f2e5aeb1f7b5e,1
0,2,1,464,377c0717694e87b7a9b4ecd826b9ee6c,377c0717694e87b7a9b4ecd826b9ee6c,1
0,2,1,480,7d36e820226e423f20ca540227983dc1,7d36e820226e423f20ca540227983dc1,1
0,2,1,496,52e56cd3128194ad4910364f55ffe4a1,52e56cd3128194ad4910364f55ffe4a1,1
0,2,1,512,751be8c0a3704effaa0fdcce059fca53,751be8c0a3704effaa0fdcce059fca53,1
0,2,1,528,59b3185f841e3b6312a6803da8f9f0b7,59b3185f841e3b6312a6803da8f9f0b7,1
0,2,1,544,390bca29889a7f56887b6beddb6f83a4,390bca29889a7f56887b6beddb6f83a4,1
0,2,1,560,495de7864990901fd5f98a0d4720057e,495de7864990901fd5f98a0d4720057e,1
0,2,1,576,b24af9a0c7201eb8e9187325c6b0baa1,b24af9a0c7201eb8e9187325c6b0baa1,1
0,2,1,592,4d21a63559920bb9442acbc50575ecb8,4d21a63559920bb9442acbc50575ecb8,1
0,2,1,608,92237141bb56e59523e19faf1eebd8bc,92237141bb56e59523e19faf1eebd8bc,1
0,2,1,624,95b31377e54ec0e034ce4a401ebc3b81,95b31377e54ec0e034ce4a401ebc3b81,1
0,2,1,640,b2cb5d7e333ec14c405a8f69f8449a11,b2cb5d7e333ec14c405a8f69f8449a11,1
0,2,1,656,9be863a18e5eb69cfee939c50d5de01f,9be863a18e5eb69cfee939c50d5de01f,1
0,2,1,672,114fe642f6f1f14bbb3e1c32d6565129,114fe642f6f1f14bbb3e1c32d6565129,1
0,2,1,688,5a1b61d45ac1981674c4dc8f00326fcb,5a1b61d45ac1981674c4dc8f00326fcb,1
0,2,1,704,e5bb3c56bd6f616281690125cfc17705,e5bb3c56bd6f616281690125cfc17705,1
0,2,1,720,24938f31129a78077938acab68452ab2,24938f31129a78077938acab68452ab2,1
0,2,1,736,63a75300c701078e8ccda00c8aa27094,63a75300c701078e8ccda00c8aa27094,1
0,2,1,752,481b7a358ebe33d033b21e0f6a9a6ae0,481b7a358ebe33d033b21e0f6a9a6ae0,1
0,2,2,0,a94142e9e6c74380363f1368fcd93de8,a94142e9e6c74380363f1368fcd93de8,1
0,2,2,16,bfcd322cb496be276bf75640c5e1b2e5,bfcd322cb496be276bf75640c5e1b2e5,1
0,2,2,32,f57d74be6d2ac4021e5faaa726756e8a,f57d74be6d2ac4021e5faaa726756e8a,1
0,2,2,48,5f74d92013122bf718f85fb7e72eb763,5f74d92013122bf718f85fb7e72eb763,1
0,2,2,64,d2eb0d71a49c3d0f7be5245f55d22363,d2eb0d71a49c3d0f7be5245f55d22363,1
0,2,2,80,f0188508aee856c3f0b5ffbba25e5912,f0188508aee856c3f0b5ffbba25e5912,1
0,2,2,96,1359319c72d61d6fc45b0f2191f91b2d,1359319c72d61d6fc45b0f2191f91b2d,1
0,2,2,112,c19a443d1e582900a123f2842b221307,c19a443d1e582900a123f2842b221307,1
0,2,2,128,bf719f4d30702ee8e3bafacf79721c00,bf719f4d30702ee8e3bafacf79721c00,1
0,2,2,144,972dabee7ba9f25ab314477c98e74f86,972dabee7ba9f25ab314477c98e74f86,1
0,2,2,160,b58d5000fc62707f1e7ef1c3b81f3f80,b58d5000fc62707f1e7ef1c3b81f3f80,1
0,2,2,176,7f800a399203aab70203be80f8f55627,7f800a399203aab70203be80f8f55627,1
0,2,2,192,f796f0323c3275561b22a9a6de094df6,f796f0323c3275561b22a9a6de094df6,1
0,2,2,208,e3ddcfe8644f2f35a3ea7c859c194892,e3ddcfe8644f2f35a3ea7c859c194892,1
0,2,2,224,b0aeed0b3b73bc95118a8c0d8938623e,b0aeed0b3b73bc95118a8c0d8938623e,1
0,2,2,240,cde05f2c7484cf53e45aab9392060cbe,cde05f2c7484cf53e45aab9392060cbe,1
0,2,2,256,da683061b7facad20bde5f6a00ea8c03,da683061b7facad20bde5f6a00ea8c03,1
0,2,2,272,f38191a0426d859e4c6092b31a32131c,f38191a0426d859e4c6092b31a32131c,1
0,2,2,288,f6dc057ded461a6462c985d225837bcd,f6dc057ded461a6462c985d225837bcd,1
0,2,2,304,ccb385f532cb4a211c31a953ab6f95a3,ccb385f532cb4a211c31a953ab6f95a3,1
0,2,2,320,072250dcab840d5a6bc6870ebe3dcd1a,072250dcab840d5a6bc6870ebe3dcd1a,1
0,2,2,336,c789b39634db323cbf714e6ee4790cf7,c789b39634db323cbf714e6ee4790cf7,1
0,2,2,352,f4c69463c1880f82a1234b1302ef1849,f4c69463c1880f82a1234b1302ef1849,1
0,2,2,368,0ca8b0515e2254db3b98ac0405f65eb8,0ca8b0515e2254db3b98ac0405f65eb8,1
0,2,2,384,4516a0c25eae0c790e2c987a807dbefa,4516a0c25eae0c790e2c987a807dbefa,1
0,2,2,400,3f61ddd603fe246a8242542e6dbc9ac8,3f61ddd603fe246a8242542e6dbc9ac8,1
0,2,2,416,5b8f3483b4a9e246cc29811a66bee5af,5b8f3483b4a9e246cc29811a66bee5af,1
0,2,2,432,e250a716b6620f1008866bb458ab58d0,e250a716b6620f1008866bb458ab58d0,1
0,2,2,448,369791ee844a11869ba00f0229cd2371,369791ee844a11869ba00f0229cd2371,1
0,2,2,464,f1f74f642ea5501458a186a24ca46c94,f1f74f642ea5501458a186a24ca46c94,1
0,2,2,480,de68c48c111892d2a05a4e4aeea56197,de68c48c111892d2a05a4e4aeea56197,1
0,2,2,496,d34c568e0ae59dccc33a28f7a5afdeb7,d34c568e0ae59dccc33a28f7a5afdeb7,1
0,2,2,512,3a6f1540d6dfd9313efa5ef25b792626,3a6f1540d6dfd9313efa5ef25b792626,1
0,2,2,528,c52f407edd41127c2ecb0f60aeecf3c9,c52f407edd41127c2ecb0f60aeecf3c9,1
0,2,2,544,cd6d615b5c8ed871b408efdbd7e0622b,cd6d615b5c8ed871b408efdbd7e0622b,1
0,2,2,560,af0b9a270ef9ac0479ed8ee7f306a691,af0b9a270ef9ac0479ed8ee7f306a691,1
0,2,2,576,eaba28bd7bb05bd0387d8e9083062dbc,eaba28bd7bb05bd0387d8e9083062dbc,1
0,2,2,592,444086ebab70e3b5114b43b147299e36,444086ebab70e3b5114b43b147299e36,1
0,2,2,608,0de91caf2187f95a94496328b155a7be,0de91caf2187f95a94496328b155a7be,1
0,2,2,624,f16b59bca85dfa5e8061af395eae93fb,f16b59bca85dfa5e8061af395eae93fb,1
0,2,2,640,f932327d21c191a1e493c0f0504477ec,f932327d21c191a1e493c0f0504477ec,1
0,2,2,656,516e5f7b1268fa817d87b0eb91957c1d,516e5f7b1268fa817d87b0eb91957c1d,1
0,2,2,672,25197967cb462925782063f0013b095e,25197967cb462925782063f0013b095e,1
0,2,2,688,4811e3be1fb27f6b43d84d65396f59ba,4811e3be1fb27f6b43d84d65396f59ba,1
0,2,2,704,e1b95e49bab25be11739ac942e1252aa,e1b95e49bab25be11739ac942e1252aa,1
0,2,2,720,daed956f9a0fdbd121a8e3c6c205b438,daed956f9a0fdbd121a8e3c6c205b438,1
0,2,2,736,affcf9465cc5e57f8d8e724f2f8ae6af,affcf9465cc5e57f8d8e724f2f8ae6af,1
0,2,2,752,ea41778a84773b36947cd0ba66b9da0e,ea41778a84773b36947cd0ba66b9da0e,1
0,2,3,0,aefb0711172008c139b722dfcc40c2f9,aefb0711172008c139b722dfcc40c2f9,1
0,2,3,16,34e0e7933801c301b5338d7a1367d6dd,34e0e7933801c301b5338d7a1367d6dd,1
0,2,3,32,c0df238a8ecc06c0796f43d10abc5444,c0df238a8ecc06c0796f43d10abc5444,1
0,2,3,48,c7b0f6172339bdfcc692e153fa8abd3b,c7b0f6172339bdfcc692e153fa8abd3b,1
0,2,3,64,fe5d0e95aadf9756ba47c48e056824d4,fe5d0e95aadf9756ba47c48e056824d4,1
0,2,3,80,6faa147f3af34044178c51ec665e32f0,6faa147f3af34044178c51ec665e32f0,1
0,2,3,96,0215d60fa56ad1526b3d51a61d54afaf,0215d60fa56ad1526b3d51a61d54afaf,1
0,2,3,112,6e618e33c1943edd7dcc19136b5dba76,6e618e33c1943edd7dcc19136b5dba76,1
0,2,3,128,451e23379167196c43146dd85ac21345,451e23379167196c43146dd85ac21345,1
0,2,3,144,bc960f01b192035d8bb99fc4330d19b3,bc960f01b192035d8bb99fc4330d19b3,1
0,2,3,160,c30d987455bec8ecff02a7ed3dfda418,c30d987455bec8ecff02a7ed3dfda418,1
0,2,3,176,fee636a28d86cb23423e9529c7116d67,fee636a28d86cb23423e9529c7116d67,1
0,2,3,192,b5dc05c7e72156e7d5864dfd901cc2b9,b5dc05c7e72156e7d5864dfd901cc2b9,1
0,2,3,208,967be8fcb1f116e8f811f51cdd6e8ac4,967be8fcb1f116e8f811f51cdd6e8ac4,1
0,2,3,224,5da66b0d866446a1059201d739d81d91,5da66b0d866446a1059201d739d81d91,1
0,2,3,240,5c81f37272bd70b38d39ef5df9cde792,5c81f37272bd70b38d39ef5df9cde792,1
0,2,3,256,ecb18e88c0c9b69ea03327ba3f651d72,ecb18e88c0c9b69ea03327ba3f651d72,1
0,2,3,272,df9b240f13ce6377d0d8620bdf2f6e18,df9b240f13ce6377d0d8620bdf2f6e18,1
0,2,3,288,01f5ad42840f33b9d85e3b03337526e2,01f5ad42840f33b9d85e3b03337526e2,1
0,2,3,304,8233aa9cc8a5de12c23f3973db202eb4,8233aa9cc8a5de12c23f3973db202eb4,1
0,2,3,320,66be01aba039985c61932124300c8f2c,66be01aba039985c61932124300c8f2c,1
0,2,3,336,42188a37a5affe301cd6c49664e38187,42188a37a5affe301cd6c49664e38187,1
0,2,3,352,a7fd21d1e5ca06ddaf65323f8851f974,a7fd21d1e5ca06ddaf65323f8851f974,1
0,2,3,368,7aa2ee8ffdcad4d69093d0087ee81f73,7aa2ee8ffdcad4d69093d0087ee81f73,1
0,2,3,384,358753dbdda4966ab7d6f99b39e37968,358753dbdda4966ab7d6f99b39e37968,1
0,2,3,400,a0242be3fbfe8b6d854e082e8dcd3cd1,a0242be3fbfe8b6d854e082e8dcd3cd1,1
0,2,3,416,eb728a844c6bea9847bbfbc841e8b3f5,eb728a844c6bea9847bbfbc841e8b3f5,1
0,2,3,432,20fdd3c8e6141624bb1bc9d87b08fdcf,20fdd3c8e6141624bb1bc9d87b08fdcf,1
0,2,3,448,e238c84bf12d6a43605e29d5a563e09e,e238c84bf12d6a43605e29d5a563e09e,1
0,2,3,464,9d6eac3b932bfd6bb67eb0466073ec41,9d6eac3b932bfd6bb67eb0466073ec41,1
0,2,3,480,efb50b7cd169f7000ed3abf16acf6034,efb50b7cd169f7000ed3abf16acf6034,1
0,2,3,496,a96427714354cab28f06bd0647b58bda,a96427714354cab28f06bd0647b58bda,1
0,2,3,512,1403376d99f09c14a4de634d5ea620fa,1403376d99f09c14a4de634d5ea620fa,1
0,2,3,528,267b7da8f9368ee36363734c37c9dd7c,267b7da8f9368ee36363734c37c9dd7c,1
0,2,3,544,0e14206cd8b8a34925d9b87d5a718ac6,0e14206cd8b8a34925d9b87d5a718ac6,1
0,2,3,560,9ab9f95d30bba015193f08704125e047,9ab9f95d30bba015193f08704125e047,1
0,2,3,576,6ff682e8b7e0ba26c2dba46451ec330b,6ff682e8b7e0ba26c2dba46451ec330b,1
0,2,3,592,b427db4f45b76ba2c4c578def13edc58,b427db4f45b76ba2c4c578def13edc58,1
0,2,3,608,799d6cbc94c9d3992ffa4853034d9255,799d6cbc94c9d3992ffa4853034d9255,1
0,2,3,624,f3584d92166b9d21ec0efac2bc864e47,f3584d92166b9d21ec0efac2bc864e47,1
0,2,3,640,2ba354b267108c875e7b0a9348d09810,2ba354b267108c875e7b0a9348d09810,1
0,2,3,656,d1a46b1548305365b1996412e5735170,d1a46b1548305365b1996412e5735170,1
0,2,3,672,e156835ea310c22b09ea058707dbf646,e156835ea310c22b09ea058707dbf646,1
0,2,3,688,b53b06d71ace738891d201c7f3073641,b53b06d71ace738891d201c7f3073641,1
0,2,3,704,3c1da3b96b64b8083149b44caf56754e,3c1da3b96b64b8083149b44caf56754e,1
0,2,3,720,769025682700048245d6bde66692cdc7,769025682700048245d6bde66692cdc7,1
0,2,3,736,82464a13fb460a44c14c962eef26fdd4,82464a13fb460a44c14c962eef26fdd4,1
0,2,3,752,660770d2f28c044309845f80739c428c,660770d2f28c044309845f80739c428c,1
0,3,0,0,0699521cdff3b5e1e8c8075133f5434d,0699521cdff3b5e1e8c8075133f5434d,1
0,3,0,16,df6212ae885735ec4ffcfccf5a69e9b3,df6212ae885735ec4ffcfccf5a69e9b3,1
0,3,0,32,8f3b7e7cf3f3ae287a3ba46f7dfc903d,8f3b7e7cf3f3ae287a3ba46f7dfc903d,1
0,3,0,48,5a36bbdd5d92038acb89efcf4a3751f8,5a36bbdd5d92038acb89efcf4a3751f8,1
0,3,0,64,55f63e262ece3c58c68a28a8cfa98c9a,55f63e262ece3c58c68a28a8cfa98c9a,1
0,3,0,80,741634219c8f22aa3f47d910f0d85b3b,741634219c8f22aa3f47d910f0d85b3b,1
0,3,0,96,62380a5b6bbc0b2a93a0c1cbe543b733,62380a5b6bbc0b2a93a0c1cbe543b733,1
0,3,0,112,d4d718a2e1c094a08f40b6601fc18b48,d4d718a2e1c094a08f40b6601fc18b48,1
0,3,0,128,530ac2bedf5aa07da5cdecd090c074a9,530ac2bedf5aa07da5cdecd090c074a9,1
0,3,0,144,2a2c62cf386f7972d54d7f4d960ade0c,2a2c62cf386f7972d54d7f4d960ade0c,1
0,3,0,160,cef97e8aed428bf7220135fb9dea253f,cef97e8aed428bf7220135fb9dea253f,1
0,3,0,176,86b92a90a848c2fd47d24bb5c8255b2a,86b92a90a848c2fd47d24bb5c8255b2a,1
0,3,0,192,caa8a4f46814d33274604728ed51f9b6,caa8a4f46814d33274604728ed51f9b6,1
0,3,0,208,98a81280257ed5e5b6a8c2beb9a43462,98a81280257ed5e5b6a8c2beb9a43462,1
0,3,0,224,1052c54e04ff3e25c86ccfa9497c0a18,1052c54e04ff3e25c86ccfa9497c0a18,1
0,3,0,240,faaa1d0db2cd9a62e685e62e5ed52092,faaa1d0db2cd9a62e685e62e5ed52092,1
0,3,0,256,25ca25cb367c840d1042b717f8eb0ef2,25ca25cb367c840d1042b717f8eb0ef2,1
0,3,0,272,4524623f90735f7a33eaf1ff339f1a21,4524623f90735f7a33eaf1ff339f1a21,1
0,3,0,288,a554893295993c5f70df826234ff8395,a554893295993c5f70df826234ff8395,1
0,3,0,304,bb14f06693031b8d64b841ca143208bd,bb14f06693031b8d64b841ca143208bd,1
0,3,0,320,bd4ed989c425fe7bdabe1315c75b4a0b,bd4ed989c425fe7bdabe1315c75b4a0b,1
0,3,0,336,42c83dd9bb83527dcc182e0fe282fda9,42c83dd9bb83527dcc182e0fe282fda9,1
0,3,0,352,afdd71f75b66c3a429f679fe167bcea7,afdd71f75b66c3a429f679fe167bcea7,1
0,3,0,368,dd9e8fc8820ff90b1b937cfa355dd8db,dd9e8fc8820ff90b1b937cfa355dd8db,1
0,3,0,384,6fcb3db5f2a78ce55e2a3aea4040b779,6fcb3db5f2a78ce55e2a3aea4040b779,1
0,3,0,400,8f304482378dcac4512bda09bd06a83f,8f304482378dcac4512bda09bd06a83f,1
0,3,0,416,4be29d89f835c5ec131c5858e09409bc,4be29d89f835c5ec131c5858e09409bc,1
0,3,0,432,ece8197eca299c743807195b00210d8d,ece8197eca299c743807195b00210d8d,1
0,3,0,448,b9278ffa2acb416097a781fad8e9e06a,b9278ffa2acb416097a781fad8e9e06a,1
0,3,0,464,0d6321978007f63c09b456fa13e30b88,0d6321978007f63c09b456fa13e30b88,1
0,3,0,480,5ad1b8c0da563d687efda4925ecad778,5ad1b8c0da563d687efda4925ecad778,1
0,3,0,496,6992166488579b1530eec63d1610f4cb,6992166488579b1530eec63d1610f4cb,1
0,3,0,512,4382fae7a8a857aaa2ce5f47714b530e,4382fae7a8a857aaa2ce5f47714b530e,1
0,3,0,528,0606c1f886ee48a274e216b314691c95,0606c1f886ee48a274e216b314691c95,1
0,3,0,544,64e137361c78809bd5c8f097bafa1d48,64e137361c78809bd5c8f097bafa1d48,1
0,3,0,560,44148922eeaf5e86d65c9eb026c0302b,44148922eeaf5e86d65c9eb026c0302b,1
0,3,0,576,a0d8e1901dbf10933439074c3dd4b1de,a0d8e1901dbf10933439074c3dd4b1de,1
0,3,0,592,0c2c80660d226ee5346459c71c9b54d9,0c2c80660d226ee5346459c71c9b54d9,1
0,3,0,608,964927f0431c089daf741c6c19ffc902,964927f0431c089daf741c6c19ffc902,1
0,3,0,624,f9faa15ab6795e38cc6b973df7597cb2,f9faa15ab6795e38cc6b973df7597cb2,1
0,3,0,640,a365df94e0090078fa7fa3a9de9d5485,a365df94e0090078fa7fa3a9de9d5485,1
0,3,0,656,4b868f2b4d91a7d461430328fde0e20a,4b868f2b4d91a7d461430328fde0e20a,1
0,3,0,672,f1457e4769ad524b1cefb3324085ec39,f1457e4769ad524b1cefb3324085ec39,1
0,3,0,688,306279a93638d707077aaa2e7076130b,306279a93638d707077aaa2e7076130b,1
0,3,0,704,2a5fa45a9c308c7a435233fbb6c864c3,2a5fa45a9c308c7a435233fbb6c864c3,1
0,3,0,720,2b964dab5817c1f54cd1e8287795b3f6,2b964dab5817c1f54cd1e8287795b3f6,1
0,3,0,736,f27b58fe005a254c2c2d73ac2e80540a,f27b58fe005a254c2c2d73ac2e80540a,1
0,3,0,752,4a159ce2ab5cb048f2b3253b0519fda1,4a159ce2ab5cb048f2b3253b0519fda1,1
0,3,1,0,c91b81faea252ef72defc9ee7bfd8d2c,c91b81faea252ef72defc9ee7bfd8d2c,1
0,3,1,16,99a9d108d352a48f8f9cdea9baf32a24,99a9d108d352a48f8f9cdea9baf32a24,1
0,3,1,32,780af9386c31b6203af8c60553d21d17,780af9386c31b6203af8c60553d21d17,1
0,3,1,48,5d041834940b9b4ed6fa8b24e9252a7b,5d041834940b9b4ed6fa8b24e9252a7b,1
0,3,1,64,96a4e35d3b982b99ef640ca9186e67b4,96a4e35d3b982b99ef640ca9186e67b4,1
0,3,1,80,c1fb8c094526132d2e3818d9ebb4ed85,c1fb8c094526132d2e3818d9ebb4ed85,1
0,3,1,96,fd5e528e54d5321157925899a895b7ba,fd5e528e54d5321157925899a895b7ba,1
0,3,1,112,1b6f492b5ac445660aa65c189a0e30f2,1b6f492b5ac445660aa65c189a0e30f2,1
0,3,1,128,ca87976f3cf0f30fea0dfa7aef7a80af,ca87976f3cf0f30fea0dfa7aef7a80af,1
0,3,1,144,2f478dc0a4aae853f8caa9556f9b655b,2f478dc0a4aae853f8caa9556f9b655b,1
0,3,1,160,f19abe1a11a91a1be65a44f39256f526,f19abe1a11a91a1be65a44f39256f526,1
0,3,1,176,6293cdd4a14cc24fe308fd7771bc2d40,6293cdd4a14cc24fe308fd7771bc2d40,1
0,3,1,192,af21d2c16aed82f0b8148b86d4d5bddf,af21d2c16aed82f0b8148b86d4d5bddf,1
0,3,1,208,be70ab161eaffc3fa2a466f99824379a,be70ab161eaffc3fa2a466f99824379a,1
0,3,1,224,ca95fd87bde786df72e7ff9033a50f8f,ca95fd87bde786df72e7ff9033a50f8f,1
0,3,1,240,76f10d8c29b63d87d81df6d1422c8abd,76f10d8c29b63d87d81df6d1422c8abd,1
0,3,1,256,c59def1a71cd37141c9ed94472924536,c59def1a71cd37141c9ed94472924536,1
0,3,1,272,edba9ede3cb53fc52f176785a9bb0c74,edba9ede3cb53fc52f176785a9bb0c74,1
0,3,1,288,bf70a786facae480413ce16a2bcf81fc,bf70a786facae480413ce16a2bcf81fc,1
0,3,1,304,250b0358151bedca6b369b177dac1dec,250b0358151bedca6b369b177dac1dec,1
0,3,1,320,50322e730ff98f620b5d0ef5887cd7e1,50322e730ff98f620b5d0ef5887cd7e1,1
0,3,1,336,d6e50ec6535c9ae757bfded388186392,d6e50ec6535c9ae757bfded388186392,1
0,3,1,352,1b52262c3fae147bebaaf8fd6973b1e9,1b52262c3fae147bebaaf8fd6973b1e9,1
0,3,1,368,91819bea3c70a12461cc8517834ffdd6,91819bea3c70a12461cc8517834ffdd6,1
0,3,1,384,8beb737955c928c8e1b79ec4b6f8bd97,8beb737955c928c8e1b79ec4b6f8bd97,1
0,3,1,400,b75a8c446ad30b4705aebe810169f652,b75a8c446ad30b4705aebe810169f652,1
0,3,1,416,b307f0c521ded21447332c6881a8a646,b307f0c521ded21447332c6881a8a646,1
0,3,1,432,efca2907cb84b0dc1589c64feb422ca7,efca2907cb84b0dc1589c64feb422ca7,1
0,3,1,448,e08eb45cd2574bb1b666bf7e0b544621,e08eb45cd2574bb1b666bf7e0b544621,1
0,3,1,464,20fb19486cab1a7458393de07d98cf4e,20fb19486cab1a7458393de07d98cf4e,1
0,3,1,480,ae9d7a668f6c9a2ff1e0fd8cd7f7c955,ae9d7a668f6c9a2ff1e0fd8cd7f7c955,1
0,3,1,496,5f7a3439e41ed32eac9bdad48629e141,5f7a3439e41ed32eac9bdad48629e141,1
0,3,1,512,112392d025de6ac33118ea736cedcd2e,112392d025de6ac33118ea736cedcd2e,1
0,3,1,528,26593c89877c57e5fdf1d0959f050da4,26593c89877c57e5fdf1d0959f050da4,1
0,3,1,544,0333be75f00470936620c6888ba80bf5,0333be75f00470936620c6888ba80bf5,1
0,3,1,560,f40191c1a6925b43818ea07f28f439ab,f40191c1a6925b43818ea07f28f439ab,1
0,3,1,576,e6f19347e02bb1837a4c841dc0e37c64,e6f19347e02bb1837a4c841dc0e37c64,1
0,3,1,592,124d962dedeeac97edf86a968bdd0dde,124d962dedeeac97edf86a968bdd0dde,1
0,3,1,608,19848c43823e68ebc55921d80c1be508,19848c43823e68ebc55921d80c1be508,1
0,3,1,624,397fe5b1e351868358bcdd8eedc4739e,397fe5b1e351868358bcdd8eedc4739e,1
0,3,1,640,fe63982c82cb5733b8fc6ef85dbef94d,fe63982c82cb5733b8fc6ef85dbef94d,1
0,3,1,656,91ea6995194ed56b4192074a3d3c8c17,91ea6995194ed56b4192074a3d3c8c17,1
0,3,1,672,bc9ac384a489b063f5ca4048420e91a2,bc9ac384a489b063f5ca4048420e91a2,1
0,3,1,688,96f16927291132d34f259ca8f083bb64,96f16927291132d34f259ca8f083bb64,1
0,3,1,704,9ebdbc7740f71f26d354e349f6c7ae5b,9ebdbc7740f71f26d354e349f6c7ae5b,1
0,3,1,720,60a53f3611e9e453efdf3d8e1375fc44,60a53f3611e9e453efdf3d8e1375fc44,1
0,3,1,736,d3d55cdbf7d075ce9e08ac94fabe1067,d3d55cdbf7d075ce9e08ac94fabe1067,1
0,3,1,752,a8159c298799697b9ae7db1be40d5721,a8159c298799697b9ae7db1be40d5721,1
0,3,1,768,6b792b44306ed776f45d4bc70e5d5279,6b792b44306ed776f45d4bc70e5d5279,1
0,3,2,0,a7d8b6b048d517a3b1141dd6e5e93249,a7d8b6b048d517a3b1141dd6e5e93249,1
0,3,2,16,a9b88237297f924c31e4e0e919ab0f6d,a9b88237297f924c31e4e0e919ab0f6d,1
0,3,2,32,841c8675ae5768b090ef75177c78cc6f,841c8675ae5768b090ef75177c78cc6f,1
0,3,2,48,e0077def4432667781359d78ed619ec1,e0077def4432667781359d78ed619ec1,1
0,3,2,64,16ca3a7df67b9096a7d7dfc6e464c5bf,16ca3a7df67b9096a7d7dfc6e464c5bf,1
0,3,2,80,c5fdb7e428d8cac4a2fcf96b070b1b45,c5fdb7e428d8cac4a2fcf96b070b1b45,1
0,3,2,96,9e9949572630e2f77a883f4a9c795e30,9e9949572630e2f77a883f4a9c795e30,1
0,3,2,112,0091635fcb31b1768f843073713ebdda,0091635fcb31b1768f843073713ebdda,1
0,3,2,128,13816b0311b5663e91aea6100615ba8d,13816b0311b5663e91aea6100615ba8d,1
0,3,2,144,27e6e2631c5bb0ecbecafc02828ee014,27e6e2631c5bb0ecbecafc02828ee014,1
0,3,2,160,9993cf77a878dd1452869873e9177f1a,9993cf77a878dd1452869873e9177f1a,1
0,3,2,176,3d9a2e566edf561c0cb7f8e9bab53fd0,3d9a2e566edf561c0cb7f8e9bab53fd0,1
0,3,2,192,4e14b2108419075b93b552432a465117,4e14b2108419075b93b552432a465117,1
0,3,2,208,216a5eb65efbffb33ca833132553599a,216a5eb65efbffb33ca833132553599a,1
0,3,2,224,5046b189bdca1a77bd041e2497cfb41a,5046b189bdca1a77bd041e2497cfb41a,1
0,3,2,240,775d723078c1f466a125e873c5109bba,775d723078c1f466a125e873c5109bba,1
0,3,2,256,51e1cf9c68ea4eac3922d53eb9fdad1b,51e1cf9c68ea4eac3922d53eb9fdad1b,1
0,3,2,272,3bd013b10c79559e7d55c4ab056ffb98,3bd013b10c79559e7d55c4ab056ffb98,1
0,3,2,288,8c17805c251c3fec6dba5bdb60cf14ec,8c17805c251c3fec6dba5bdb60cf14ec,1
0,3,2,304,e40e6773dd99d624343998f245b2671b,e40e6773dd99d624343998f245b2671b,1
0,3,2,320,d6e9d15b9bf4b911938bbaf9573e2dde,d6e9d15b9bf4b911938bbaf9573e2dde,1
0,3,2,336,7132e0b7cb5acdf5f18072c57bbc8ecb,7132e0b7cb5acdf5f18072c57bbc8ecb,1
0,3,2,352,faf2eb4f69172a5493fcc2e375dcbcdd,faf2eb4f69172a5493fcc2e375dcbcdd,1
0,3,2,368,46ed23f2c0985e2d63aec5813e8f9bfc,46ed23f2c0985e2d63aec5813e8f9bfc,1
0,3,2,384,92c53b7ea721b8aa5d26b336bb08866b,92c53b7ea721b8aa5d26b336bb08866b,1
0,3,2,400,18fc2cf56d3e730fbc531a36b4baca3e,18fc2cf56d3e730fbc531a36b4baca3e,1
0,3,2,416,e47efe97c7919b17fdd8cc8d4d4846c6,e47efe97c7919b17fdd8cc8d4d4846c6,1
0,3,2,432,1fd773560904e47316dedce41bb4138a,1fd773560904e47316dedce41bb4138a,1
0,3,2,448,2ff57e58508199c1961e789c669616bd,2ff57e58508199c1961e789c669616bd,1
0,3,2,464,59eea30a0d7e5dc6ab0ccc2b6b5d9729,59eea30a0d7e5dc6ab0ccc2b6b5d9729,1
0,3,2,480,24c18f1ab0086f8fd953bea476b83b74,24c18f1ab0086f8fd953bea476b83b74,1
0,3,2,496,11e91cb92e58f071677b9139beb72119,11e91cb92e58f071677b9139beb72119,1
0,3,2,512,6f24edaba5d4836abf7cc1b151b480aa,6f24edaba5d4836abf7cc1b151b480aa,1
0,3,2,528,b3b9a6497ed0f10c2e858ad81f1b54d8,b3b9a6497ed0f10c2e858ad81f1b54d8,1
0,3,2,544,943a91de15f4ac4949844b4d0673f779,943a91de15f4ac4949844b4d0673f779,1
0,3,2,560,ed490f6c3769c96ecd6bddf8bcf89359,ed490f6c3769c96ecd6bddf8bcf89359,1
0,3,2,576,a7ab5ed317fec6aab6819624073b8fa1,a7ab5ed317fec6aab6819624073b8fa1,1
0,3,2,592,4a3803e7bfae015492a2212c67bea823,4a3803e7bfae015492a2212c67bea823,1
0,3,2,608,60591003fa8507ba1d2323b66168e258,60591003fa8507ba1d2323b66168e258,1
0,3,2,624,9eea151ee8166710dcdd9bdc030ea18b,9eea151ee8166710dcdd9bdc030ea18b,1
0,3,2,640,c5f831aedc93dfde9ddf609c42b4dcbe,c5f831aedc93dfde9ddf609c42b4dcbe,1
0,3,2,656,82c71ae8c0aa80dae150814bc12da43a,82c71ae8c0aa80dae150814bc12da43a,1
0,3,2,672,4459ea02bdf0bdddd8b7ed105c0c9141,4459ea02bdf0bdddd8b7ed105c0c9141,1
0,3,2,688,b6f525e266b99633a0ccb116e544027c,b6f525e266b99633a0ccb116e544027c,1
0,3,2,704,9224f7e422d0539cea24270eb286eae8,9224f7e422d0539cea24270eb286eae8,1
0,3,2,720,1eb0e12c52cf59a27c8e8fb17881a904,1eb0e12c52cf59a27c8e8fb17881a904,1
0,3,2,736,fc80ff2561b9953bd55ca3fcc0422c73,fc80ff2561b9953bd55ca3fcc0422c73,1
0,3,2,752,f1fa5c4d34b3cfce4c69544f86136fc9,f1fa5c4d34b3cfce4c69544f86136fc9,1
0,3,3,0,fd696651c082631f9f96e4d518a21eec,fd696651c082631f9f96e4d518a21eec,1
0,3,3,16,9f81221956a71f8ce901134556c3a2b4,9f81221956a71f8ce901134556c3a2b4,1
0,3,3,32,79b29cd7a813edbd479923e23474fce8,79b29cd7a813edbd479923e23474fce8,1
0,3,3,48,1cddf990e19a71d2fe629e7c54aed3c1,1cddf990e19a71d2fe629e7c54aed3c1,1
0,3,3,64,5ac1243b94e9499460ebdaac7bf8fabe,5ac1243b94e9499460ebdaac7bf8fabe,1
0,3,3,80,ae40627b7a0cbf21e4be38bd4dc10cff,ae40627b7a0cbf21e4be38bd4dc10cff,1
0,3,3,96,132817c868713ee0b9cb2cac0dd329c7,132817c868713ee0b9cb2cac0dd329c7,1
0,3,3,112,81c99ed91b9adc2811e6b7099a758aa6,81c99ed91b9adc2811e6b7099a758aa6,1
0,3,3,128,8e1748affc598ea6f0452f7450f789f8,8e1748affc598ea6f0452f7450f789f8,1
0,3,3,144,8e00dd51e5bd2aba86d0216b8b54b844,8e00dd51e5bd2aba86d0216b8b54b844,1
0,3,3,160,d33e2f18d2b250115832a9e9c66190f4,d33e2f18d2b250115832a9e9c66190f4,1
0,3,3,176,305d95f593c570b9e2c63e4cb284840f,305d95f593c570b9e2c63e4cb284840f,1
0,3,3,192,e3b88e62b3af00cac8d4b452eb61d6ed,e3b88e62b3af00cac8d4b452eb61d6ed,1
0,3,3,208,875194b7ab3c982b5da06a83d7b60201,875194b7ab3c982b5da06a83d7b60201,1
0,3,3,224,35321c758507ce899502cc530763cb09,35321c758507ce899502cc530763cb09,1
0,3,3,240,f701cdee86a175c03d7ac0699e9e49f2,f701cdee86a175c03d7ac0699e9e49f2,1
0,3,3,256,52d86e1ff88c5287e75ee1b62e0c5e94,52d86e1ff88c5287e75ee1b62e0c5e94,1
0,3,3,272,6b5fc38dfd87be85a0e0e081b9ccde6b,6b5fc38dfd87be85a0e0e081b9ccde6b,1
0,3,3,288,c424a1275411e750053c1313833a1af0,c424a1275411e750053c1313833a1af0,1
0,3,3,304,40111de304a132c41aabddbd7db8e13c,40111de304a132c41aabddbd7db8e13c,1
0,3,3,320,a41e13994585fa9002f6e52fd4f97b4b,a41e13994585fa9002f6e52fd4f97b4b,1
0,3,3,336,9358a79be607d29f7355f7c62f52d9a3,9358a79be607d29f7355f7c62f52d9a3,1
0,3,3,352,2fa5246875f741af7c5a91058b49e00b,2fa5246875f741af7c5a91058b49e00b,1
0,3,3,368,d7c6bf80df449613c88df52dd23d5ab6,d7c6bf80df449613c88df52dd23d5ab6,1
0,3,3,384,fe47e8915cce3964d2d43d6a4589e0cb,fe47e8915cce3964d2d43d6a4589e0cb,1
0,3,3,400,59cfe8136f9766d96e2fb0ca7c3c29a4,59cfe8136f9766d96e2fb0ca7c3c29a4,1
0,3,3,416,64f9c5ab3fe4d05be46a5346bb11e56f,64f9c5ab3fe4d05be46a5346bb11e56f,1
0,3,3,432,d8c99d28af37849c570e4a873871a5d2,d8c99d28af37849c570e4a873871a5d2,1
0,3,3,448,d091c64f0052453a27369f960287d9bb,d091c64f0052453a27369f960287d9bb,1
0,3,3,464,61a9910f1399ed11d89b90fbee34a64b,61a9910f1399ed11d89b90fbee34a64b,1
0,3,3,480,b307dc930e4c6eec875ccffaef01f5de,b307dc930e4c6eec875ccffaef01f5de,1
0,3,3,496,f54f48ab2dd1a6d67aeabc4728640131,f54f48ab2dd1a6d67aeabc4728640131,1
0,3,3,512,be97acbaab21fb63911130b47e18dbfc,be97acbaab21fb63911130b47e18dbfc,1
0,3,3,528,9eb0a64c03ed9c1ec7fac9a619b98480,9eb0a64c03ed9c1ec7fac9a619b98480,1
0,3,3,544,30b281659ee9dd433dbacbd56277cb3e,30b281659ee9dd433dbacbd56277cb3e,1
0,3,3,560,ab4760e18d20824c002b300f5fd5cddc,ab4760e18d20824c002b300f5fd5cddc,1
0,3,3,576,d360c4cd96acb12ead5cc37e7dd61713,d360c4cd96acb12ead5cc37e7dd61713,1
0,3,3,592,223fb906f02d2ea63cf0fed4badd145f,223fb906f02d2ea63cf0fed4badd145f,1
0,3,3,608,cffaef4c36682bce02daee4b692bced4,cffaef4c36682bce02daee4b692bced4,1
0,3,3,624,5324cd7de3c6b7e2d6904ce9005740cc,5324cd7de3c6b7e2d6904ce9005740cc,1
0,3,3,640,db65a8195ce5bc926b1d47040a324194,db65a8195ce5bc926b1d47040a324194,1
0,3,3,656,dc366923c5621a389357c758d23447b4,dc366923c5621a389357c758d23447b4,1
0,3,3,672,300f4e5639439f70c5d2c6e26e66f550,300f4e5639439f70c5d2c6e26e66f550,1
0,3,3,688,510dca5fb401e52433e3fb631ea870df,510dca5fb401e52433e3fb631ea870df,1
0,3,3,704,918a8cad489c55df528c41d1bafca7c1,918a8cad489c55df528c41d1bafca7c1,1
0,3,3,720,9bf4c5b4b232a17af62d87619b989987,9bf4c5b4b232a17af62d87619b989987,1
0,3,3,736,b13691d8fd42fc3d89d2ccb2e57e7606,b13691d8fd42fc3d89d2ccb2e57e7606,1
0,3,3,752,1a6b8a54ee5b152ee5eb2dbb6bb22cd7,1a6b8a54ee5b152ee5eb2dbb6bb22cd7,1
1,0,0,0,edf5199a6accab4a0154bc9b80d9df49,edf5199a6accab4a0154bc9b80d9df49,1
1,0,0,16,5ec7c62a7889b60172910219d957ad48,5ec7c62a7889b60172910219d957ad48,1
1,0,0,32,b9c8b85564194d5fc72e342e10aaa96d,b9c8b85564194d5fc72e342e10aaa96d,1
1,0,0,48,15c7c0bc8a1a97ea6a1659f7995f75bc,15c7c0bc8a1a97ea6a1659f7995f75bc,1
1,0,0,64,a07537606b11e05646698b529e3dc9ef,a07537606b11e05646698b529e3dc9ef,1
1,0,0,80,2c86c6c5a182652f69fa9541b2aa95d5,2c86c6c5a182652f69fa9541b2aa95d5,1
1,0,0,96,a4245b55825f1ff5dc85b102c5d209f4,a4245b55825f1ff5dc85b102c5d209f4,1
1,0,0,112,f90d9247f3c6c617bd474782d95b8939,f90d9247f3c6c617bd474782d95b8939,1
1,0,0,128,92cd3a9b517c899f995055084a5f3af7,92cd3a9b517c899f995055084a5f3af7,1
1,0,0,144,0648def0c50d851dbdea4be2d4916b7c,0648def0c50d851dbdea4be2d4916b7c,1
1,0,0,160,10a91fbf76a50348e126437e2015c20f,10a91fbf76a50348e126437e2015c20f,1
1,0,0,176,f038ac138ff473d30907fb5de713ea4c,f038ac138ff473d30907fb5de713ea4c,1
1,0,0,192,0159736384c1a12d5cdc5749ba64351f,0159736384c1a12d5cdc5749ba64351f,1
1,0,0,208,b6ae72fa2352cda2e870c853629dfe1c,b6ae72fa2352cda2e870c853629dfe1c,1
1,0,0,224,9b61125a8fa5b8f1af572105c822addf,9b61125a8fa5b8f1af572105c822addf,1
1,0,0,240,5c1410bc5947d9bb437a00742c690176,5c1410bc5947d9bb437a00742c690176,1
1,0,0,256,e13d180b074ce295fd41689707bff712,e13d180b074ce295fd41689707bff712,1
1,0,0,272,24490350ae3ab077b12fdfada54baa94,24490350ae3ab077b12fdfada54baa94,1
1,0,0,288,1cbdfda0885c13961b9fbb0a15d9814b,1cbdfda0885c13961b9fbb0a15d9814b,1
1,0,0,304,a929834bc76c921a712ebd666398cbb7,a929834bc76c921a712ebd666398cbb7,1
1,0,0,320,13ac54d5e229ffb3dd1f3480ac0a2c6a,13ac54d5e229ffb3dd1f3480ac0a2c6a,1
1,0,0,336,8eecd233b6ad977f50c77ef9d4979f34,8eecd233b6ad977f50c77ef9d4979f34,1
1,0,0,352,60fd9588a3d753c7c5591bb0d97309fa,60fd9588a3d753c7c5591bb0d97309fa,1
1,0,0,368,a64e1df9d0bc8665ecac1d795e957e78,a64e1df9d0bc8665ecac1d795e957e78,1
1,0,0,384,91fee4f248193a755a6e18f808543f36,91fee4f248193a755a6e18f808543f36,1
1,0,0,400,2968101f3d54c826b03b4a53f012d0ee,2968101f3d54c826b03b4a53f012d0ee,1
1,0,0,416,cdaf4d9ded2c8ce6258e2188a87d643f,cdaf4d9ded2c8ce6258e2188a87d643f,1
1,0,0,432,a153bd2eb50c7b078b9360cd8a040df7,a153bd2eb50c7b078b9360cd8a040df7,1
1,0,0,448,2e0b6b9d6534771d7b37c7996c5e66d9,2e0b6b9d6534771d7b37c7996c5e66d9,1
1,0,0,464,b63be9dc9813163ac1c977bd7aa3df70,b63be9dc9813163ac1c977bd7aa3df70,1
1,0,0,480,07f892cee30eccc0c73c4b2938be743a,07f892cee30eccc0c73c4b2938be743a,1
1,0,0,496,9d594eb060024d1152a8419291451cf5,9d594eb060024d1152a8419291451cf5,1
1,0,0,512,7b4deead074338584985f909b76a0ee4,7b4deead074338584985f909b76a0ee4,1
1,0,0,528,d145382356ecc3c7fbd4338cd2af360f,d145382356ecc3c7fbd4338cd2af360f,1
1,0,0,544,a85c3ac7d5f0ab20fbd400a2c112fe8b,a85c3ac7d5f0ab20fbd400a2c112fe8b,1
1,0,0,560,0e87664dc6ac2e40ee3f688f09157b82,0e87664dc6ac2e40ee3f688f09157b82,1
1,0,0,576,3eeda88cb406eeef0878d67387dff4ee,3eeda88cb406eeef0878d67387dff4ee,1
1,0,0,592,51a29718f2ba7d54f4bfef1f3256da9f,51a29718f2ba7d54f4bfef1f3256da9f,1
1,0,0,608,dc320c6638e66c4a45f5be5813be0118,dc320c6638e66c4a45f5be5813be0118,1
1,0,0,624,5cc64a5bac2f3e3346f967a4fd4cc3e9,5cc64a5bac2f3e3346f967a4fd4cc3e9,1
1,0,0,640,5915ffe5bd0af8d8c1c0d0b8545491c9,5915ffe5bd0af8d8c1c0d0b8545491c9,1
1,0,0,656,ee1fe77738dd3abfa4d947f0183ff31f,ee1fe77738dd3abfa4d947f0183ff31f,1
1,0,0,672,92073a113821f7fc8f763cd6a770fca5,92073a113821f7fc8f763cd6a770fca5,1
1,0,0,688,79806d275764d2ea1531740b30819ece,79806d275764d2ea1531740b30819ece,1
1,0,0,704,b2ca9320f574afc56f4449863bb9e02c,b2ca9320f574afc56f4449863bb9e02c,1
1,0,0,720,ea5bcbc51a8fd91e20d151d0cf2c93cc,ea5bcbc51a8fd91e20d151d0cf2c93cc,1
1,0,0,736,3f426cf1d0d307c8b10189c0136db78c,3f426cf1d0d307c8b10189c0136db78c,1
1,0,0,752,9078d9a34421927341417737be79f85f,9078d9a34421927341417737be79f85f,1
1,0,0,768,cfc82842ce044c96531bf25308838ee4,cfc82842ce044c96531bf25308838ee4,1
1,0,1,0,f3f26640cac6412a79b05a0c62d4b56d,f3f26640cac6412a79b05a0c62d4b56d,1
1,0,1,16,f0b2e09ce9d6b14e9ab4c27da766b4f9,f0b2e09ce9d6b14e9ab4c27da766b4f9,1
1,0,1,32,4916c4b8a9837ed74870c96500fb5ce0,4916c4b8a9837ed74870c96500fb5ce0,1
1,0,1,48,da10351f7e8455bff1ea046ed8a9a7b3,da10351f7e8455bff1ea046ed8a9a7b3,1
1,0,1,64,a1b52e0cefb5524079219f6304c3978c,a1b52e0cefb5524079219f6304c3978c,1
1,0,1,80,8fb8e559f254d584f77eebc0de208499,8fb8e559f254d584f77eebc0de208499,1
1,0,1,96,ab98406922a9e8353ebb706c409178eb,ab98406922a9e8353ebb706c409178eb,1
1,0,1,112,4a54290644944423de9539202a05e0e8,4a54290644944423de9539202a05e0e8,1
1,0,1,128,433d913953f483ecab3ff2f7492d5104,433d913953f483ecab3ff2f7492d5104,1
1,0,1,144,d3a9a223108dcaf06560744f92eac603,d3a9a223108dcaf06560744f92eac603,1
1,0,1,160,3a32aca99dde32fe566da01401bc0fdc,3a32aca99dde32fe566da01401bc0fdc,1
1,0,1,176,6b1795ffbcd5c5b01322ca22af956da8,6b1795ffbcd5c5b01322ca22af956da8,1
1,0,1,192,1660f6115b83843753361763dc48fe05,1660f6115b83843753361763dc48fe05,1
1,0,1,208,79f12dd5c1f42d07be67c7f17c482e93,79f12dd5c1f42d07be67c7f17c482e93,1
1,0,1,224,daa9e6001ab9c6f0deabf4fe094f4e66,daa9e6001ab9c6f0deabf4fe094f4e66,1
1,0,1,240,b2f34de860ad95fecfcfe1a438bd60dc,b2f34de860ad95fecfcfe1a438bd60dc,1
1,0,1,256,3a5a2f9794150416c78893e7588c0bd9,3a5a2f9794150416c78893e7588c0bd9,1
1,0,1,272,045d34044a10c2453410fa8597557525,045d34044a10c2453410fa8597557525,1
1,0,1,288,ab1835b2fee5c093ab632e6f5b3fcd6c,ab1835b2fee5c093ab632e6f5b3fcd6c,1
1,0,1,304,a0a3cba9309c2d5aa50c2dbfea4bf02d,a0a3cba9309c2d5aa50c2dbfea4bf02d,1
1,0,1,320,9a723ad34afa07b0b258026a383a5af1,9a723ad34afa07b0b258026a383a5af1,1
1,0,1,336,b4d1f842cfe20bebd9964ff70bddf264,b4d1f842cfe20bebd9964ff70bddf264,1
1,0,1,352,3d1b71c3c73fa3b43005ffebb3a27dd7,3d1b71c3c73fa3b43005ffebb3a27dd7,1
1,0,1,368,9412a7d341ada6633b74f81f7b01a014,9412a7d341ada6633b74f81f7b01a014,1
1,0,1,384,71b48bcf499130761aa2ceefaf7651e4,71b48bcf499130761aa2ceefaf7651e4,1
1,0,1,400,a0a231efc51754c297fadba636089904,a0a231efc51754c297fadba636089904,1
1,0,1,416,2c8005fd784df4476210e45e65fa92c8,2c8005fd784df4476210e45e65fa92c8,1
1,0,1,432,6098b95fa8067f9fe7586b94a1e89c24,6098b95fa8067f9fe7586b94a1e89c24,1
1,0,1,448,fe31b18b9b03d3f3e2f4b4025c6b9b51,fe31b18b9b03d3f3e2f4b4025c6b9b51,1
1,0,1,464,25056b056d92f908e3c1a914baec73da,25056b056d92f908e3c1a914baec73da,1
1,0,1,480,bc41ec1b803c5dee155622163d79e8bb,bc41ec1b803c5dee155622163d79e8bb,1
1,0,1,496,a11cafc8398d129d1f3451ec0430fcb1,a11cafc8398d129d1f3451ec0430fcb1,1
1,0,1,512,b84967934b8d79052af1fe209b607d93,b84967934b8d79052af1fe209b607d93,1
1,0,1,528,fb516e1b548ea369ea77595cc213eff6,fb516e1b548ea369ea77595cc213eff6,1
1,0,1,544,6e71d6b80f7a628f6499534f32d7c492,6e71d6b80f7a628f6499534f32d7c492,1
1,0,1,560,a246322b0332b6f9bd4a2356a7cd3812,a246322b0332b6f9bd4a2356a7cd3812,1
1,0,1,576,cf7f04109893ad65fc98029513438ed8,cf7f04109893ad65fc98029513438ed8,1
1,0,1,592,46d0e53967f1fd0e102cecd9437ac3d0,46d0e53967f1fd0e102cecd9437ac3d0,1
1,0,1,608,8d7e05f020d7ac478c8b841ae458d5d6,8d7e05f020d7ac478c8b841ae458d5d6,1
1,0,1,624,1765c8f87a3000c036f17d925f296053,1765c8f87a3000c036f17d925f296053,1
1,0,1,640,906a3f81ae40eaa596bf384da0a8e02e,906a3f81ae40eaa596bf384da0a8e02e,1
1,0,1,656,2ecca6124a4dca91bf10aad18f99dfc3,2ecca6124a4dca91bf10aad18f99dfc3,1
1,0,1,672,fbe8fb1563ceaf340536752a164970b5,fbe8fb1563ceaf340536752a164970b5,1
1,0,1,688,c109982ce66fcc69f0a7da23a93b1340,c109982ce66fcc69f0a7da23a93b1340,1
1,0,1,704,de132568a7ada77c350fca054a683b16,de132568a7ada77c350fca054a683b16,1
1,0,1,720,c497c8a71ccbe4a45682cb305ab11969,c497c8a71ccbe4a45682cb305ab11969,1
1,0,1,736,1497ed057dd9ad40f09293b3b77a01b3,1497ed057dd9ad40f09293b3b77a01b3,1
1,0,1,752,2ba98c9ed16aa1c57095dc733a4a5c3a,2ba98c9ed16aa1c57095dc733a4a5c3a,1
1,0,2,0,73ba16943c21857c6a4c822b61c2f7ef,73ba16943c21857c6a4c822b61c2f7ef,1
1,0,2,16,9b2442b1fdd80907895b6802a94a6757,9b2442b1fdd80907895b6802a94a6757,1
1,0,2,32,06a52d193ad821b24b69e48ae9083790,06a52d193ad821b24b69e48ae9083790,1
1,0,2,48,3be0e0befffcc28e1c282f1d378bf491,3be0e0befffcc28e1c282f1d378bf491,1
1,0,2,64,839b0b4ecc8bf0bbb24e51ded3631ecd,839b0b4ecc8bf0bbb24e51ded3631ecd,1
1,0,2,80,4cfb4527364c998a1b32ec78c0a15374,4cfb4527364c998a1b32ec78c0a15374,1
1,0,2,96,1b2215a1a36435f65f8673af9dbc0007,1b2215a1a36435f65f8673af9dbc0007,1
1,0,2,112,11fcc64f753e7a481773affce0d49869,11fcc64f753e7a481773affce0d49869,1
1,0,2,128,e8176b3acf32b94bf42952829f375850,e8176b3acf32b94bf42952829f375850,1
1,0,2,144,6a01e1c5a7206e76a3e25825754f1e67,6a01e1c5a7206e76a3e25825754f1e67,1
1,0,2,160,baaa47fbbd9197bea9efb29251321224,baaa47fbbd9197bea9efb29251321224,1
1,0,2,176,3b257e7819e2a6bfa5139d3aa62e3ec5,3b257e7819e2a6bfa5139d3aa62e3ec5,1
1,0,2,192,e6ae3dc1f73f00a0f0b0fa0dcaff5aa1,e6ae3dc1f73f00a0f0b0fa0dcaff5aa1,1
1,0,2,208,80e6376c21064360f4a282e776ebb709,80e6376c21064360f4a282e776ebb709,1
1,0,2,224,e53c84f74d3bf6e0ccf97e04fc60a364,e53c84f74d3bf6e0ccf97e04fc60a364,1
1,0,2,240,f9a1760471cef9485f096f73f6bf2ab3,f9a1760471cef9485f096f73f6bf2ab3,1
1,0,2,256,7baa3c504b2502a8d27de4a2b7889841,7baa3c504b2502a8d27de4a2b7889841,1
1,0,2,272,82ebdd7dba7961fe68bad837018e6f92,82ebdd7dba7961fe68bad837018e6f92,1
1,0,2,288,a439ff359ffdc71f2072cc8a5fe2b844,a439ff359ffdc71f2072cc8a5fe2b844,1
1,0,2,304,bc261652df03489ff34e22c0ab3a7ebc,bc261652df03489ff34e22c0ab3a7ebc,1
1,0,2,320,e0152dfef78c327f3648524e546f05f2,e0152dfef78c327f3648524e546f05f2,1
1,0,2,336,c69f26e03c05cb568b093813ce221a14,c69f26e03c05cb568b093813ce221a14,1
1,0,2,352,5adcc40d5f470e7b2e3df2169209dfcc,5adcc40d5f470e7b2e3df2169209dfcc,1
1,0,2,368,58e340f3a370653fb8ad7d838f355a5c,58e340f3a370653fb8ad7d838f355a5c,1
1,0,2,384,82512824f8f3f2b900a3f8838f2e4947,82512824f8f3f2b900a3f8838f2e4947,1
1,0,2,400,e7aa9eca81489cae72681df338b0295c,e7aa9eca81489cae72681df338b0295c,1
1,0,2,416,9e709eca8fafa6a0c11ae4b83cdd03cc,9e709eca8fafa6a0c11ae4b83cdd03cc,1
1,0,2,432,256bc78036bd0c977f8281a935b6ff55,256bc78036bd0c977f8281a935b6ff55,1
1,0,2,448,cf6500ef1096e4e1b75c1f5e1123930d,cf6500ef1096e4e1b75c1f5e1123930d,1
1,0,2,464,af2aeebc831ff075f436d206696c53f2,af2aeebc831ff075f436d206696c53f2,1
1,0,2,480,cb15adacb1a37fb4f701550ae5da687c,cb15adacb1a37fb4f701550ae5da687c,1
1,0,2,496,a6cfded6b52e76d11ac367c903cd6aec,a6cfded6b52e76d11ac367c903cd6aec,1
1,0,2,512,aa21585a87cd57d9fc7d823b7441aeed,aa21585a87cd57d9fc7d823b7441aeed,1
1,0,2,528,7d2b04ae36c2d240d16ac873c2306e0f,7d2b04ae36c2d240d16ac873c2306e0f,1
1,0,2,544,ef8f019e9e06f65600f3d18d123eff86,ef8f019e9e06f65600f3d18d123eff86,1
1,0,2,560,8b3d887c5121afe1eae2e2b06e469518,8b3d887c5121afe1eae2e2b06e469518,1
1,0,2,576,42e874db3d8d03fce3604b9961ced643,42e874db3d8d03fce3604b9961ced643,1
1,0,2,592,75f449ada870605efdc2b9d8f06bfe3b,75f449ada870605efdc2b9d8f06bfe3b,1
1,0,2,608,e290006e29e882193487c78d76c3fc9f,e290006e29e882193487c78d76c3fc9f,1
1,0,2,624,ce3869f8d6cd54d359c256ad708369cc,ce3869f8d6cd54d359c256ad708369cc,1
1,0,2,640,beb70c53ae47a82167aac49c5ebf5580,beb70c53ae47a82167aac49c5ebf5580,1
1,0,2,656,fe55794de6ed93a4b11e3f680db9ec95,fe55794de6ed93a4b11e3f680db9ec95,1
1,0,2,672,9b6f72b81a1e759954fb18b1e170a9e7,9b6f72b81a1e759954fb18b1e170a9e7,1
1,0,2,688,c61bd41c1af1183bf9012704f0532719,c61bd41c1af1183bf9012704f0532719,1
1,0,2,704,eb11217fd68a3a759cedb6ccbfdcb667,eb11217fd68a3a759cedb6ccbfdcb667,1
1,0,2,720,648edc3592decd74a3ce0b8179c82496,648edc3592decd74a3ce0b8179c82496,1
1,0,2,736,7b7fb5fd42b95f61c1ddb40ec2b3d78b,7b7fb5fd42b95f61c1ddb40ec2b3d78b,1
1,0,2,752,073684997c53f20a75a01ac59e81ca0e,073684997c53f20a75a01ac59e81ca0e,1
1,0,2,768,9435d8005f8bb48e01006bae5ee173c9,9435d8005f8bb48e01006bae5ee173c9,1
1,0,3,0,6304546f4b544366f66519cd039a9753,6304546f4b544366f66519cd039a9753,1
1,0,3,16,c55823b94d39390535198d064aba4bdb,c55823b94d39390535198d064aba4bdb,1
1,0,3,32,a2bfb06a1e1820477eda069959a1fe16,a2bfb06a1e1820477eda069959a1fe16,1
1,0,3,48,dfa6c1caf0259aa5f78d3034e4eab17b,dfa6c1caf0259aa5f78d3034e4eab17b,1
1,0,3,64,774c313e5cb5f735e4019f8c5e300b65,774c313e5cb5f735e4019f8c5e300b65,1
1,0,3,80,a3f73487eadc0b82aa09dd6f5404d731,a3f73487eadc0b82aa09dd6f5404d731,1
1,0,3,96,a7af2c6b8d2d712bc46b28b9769ddabe,a7af2c6b8d2d712bc46b28b9769ddabe,1
1,0,3,112,4fe182621628f0b6adb7350f31f6f524,4fe182621628f0b6adb7350f31f6f524,1
1,0,3,128,b116091a9f8f320dfa96328f62ace126,b116091a9f8f320dfa96328f62ace126,1
1,0,3,144,894a21efc00bfc7a5d21a2e086c27b33,894a21efc00bfc7a5d21a2e086c27b33,1
1,0,3,160,1dbbb72d5a787a1ad9b4245dbad55ca1,1dbbb72d5a787a1ad9b4245dbad55ca1,1
1,0,3,176,fc0790fea307e5e4f0dc700861ef96c3,fc0790fea307e5e4f0dc700861ef96c3,1
1,0,3,192,3053eae8be18c3151bf4878b6f3c212d,3053eae8be18c3151bf4878b6f3c212d,1
1,0,3,208,1679473a299fdf4e9e96037f523fabc3,1679473a299fdf4e9e96037f523fabc3,1
1,0,3,224,b523ca842aaaeb1ca40bc6f8b96168b7,b523ca842aaaeb1ca40bc6f8b96168b7,1
1,0,3,240,be2dc0cc702d40c1b73e4e998376fd7e,be2dc0cc702d40c1b73e4e998376fd7e,1
1,0,3,256,dba664e371b66fe93173e9eaadac9978,dba664e371b66fe93173e9eaadac9978,1
1,0,3,272,6c8e018ab8556d652fdea8e4b39c1120,6c8e018ab8556d652fdea8e4b39c1120,1
1,0,3,288,a4fa82e56289b8cd833eb2a4d75d5f14,a4fa82e56289b8cd833eb2a4d75d5f14,1
1,0,3,304,a94ea79fd47344424cb548244adc1fda,a94ea79fd47344424cb548244adc1fda,1
1,0,3,320,f1596f4a9ae3379d40021820017dc354,f1596f4a9ae3379d40021820017dc354,1
1,0,3,336,44397197c1c6f73cbf6630ae4bc547c9,44397197c1c6f73cbf6630ae4bc547c9,1
1,0,3,352,5f515b5255f0966cf3c5bf6fe45d0d77,5f515b5255f0966cf3c5bf6fe45d0d77,1
1,0,3,368,b9c68d14d960e76f0f6b6a3bc78bd455,b9c68d14d960e76f0f6b6a3bc78bd455,1
1,0,3,384,6bf2c6672de2e9297606040d277fe522,6bf2c6672de2e9297606040d277fe522,1
1,0,3,400,a277998f7d774b78769829422fd8f652,a277998f7d774b78769829422fd8f652,1
1,0,3,416,b72befe8ebeb1b74db46ea9340919717,b72befe8ebeb1b74db46ea9340919717,1
1,0,3,432,319c54309ad5e0ade1477708f970124e,319c54309ad5e0ade1477708f970124e,1
1,0,3,448,f7008e80ab4c0e9f1661c93c54826650,f7008e80ab4c0e9f1661c93c54826650,1
1,0,3,464,9d55c8dcf2e52447bcb3b976b447fcae,9d55c8dcf2e52447bcb3b976b447fcae,1
1,0,3,480,d945f80f340c121e8afe942878728485,d945f80f340c121e8afe942878728485,1
1,0,3,496,4e4f3f87ca20c6816cc803931127e10e,4e4f3f87ca20c6816cc803931127e10e,1
1,0,3,512,a403c2347ce5733d397e71d6f112633d,a403c2347ce5733d397e71d6f112633d,1
1,0,3,528,f51bc13813aba436630fe4a538e6d153,f51bc13813aba436630fe4a538e6d153,1
1,0,3,544,a6093cf25d344fa4352213a647446ea2,a6093cf25d344fa4352213a647446ea2,1
1,0,3,560,6481d27ab7fd8dfeda4e6c14dd530d74,6481d27ab7fd8dfeda4e6c14dd530d74,1
1,0,3,576,cd007dd3ab2a775178b3f7ba7babe5b2,cd007dd3ab2a775178b3f7ba7babe5b2,1
1,0,3,592,1d2ea62b9f5953e9841556d5e8ed5a5d,1d2ea62b9f5953e9841556d5e8ed5a5d,1
1,0,3,608,65a876cdda8756cc8224a71b92faa527,65a876cdda8756cc8224a71b92faa527,1
1,0,3,624,3e1077e66ac12cd75f325da3a7b9aadd,3e1077e66ac12cd75f325da3a7b9aadd,1
1,0,3,640,47ec521223033a92bd0a43661b7977a6,47ec521223033a92bd0a43661b7977a6,1
1,0,3,656,ce57f9e7ac23307b46a4ec692e5be3d2,ce57f9e7ac23307b46a4ec692e5be3d2,1
1,0,3,672,bb07dd839eea778a0523abaffc3aa6e9,bb07dd839eea778a0523abaffc3aa6e9,1
1,0,3,688,879a1a63eb66e240a549852894e64fe3,879a1a63eb66e240a549852894e64fe3,1
1,0,3,704,8cf32cfaa8ca49d64bf5e04d3633b10f,8cf32cfaa8ca49d64bf5e04d3633b10f,1
1,0,3,720,96a26045a069cd72c164f668f64352b6,96a26045a069cd72c164f668f64352b6,1
1,0,3,736,5bb931a5eb0012f2fab7267add5d216c,5bb931a5eb0012f2fab7267add5d216c,1
1,0,3,752,ff6271acacfc550dc9b57781832868f2,ff6271acacfc550dc9b57781832868f2,1
1,0,3,768,460fd46b9f469224e144e4abe741d85c,460fd46b9f469224e144e4abe741d85c,1
1,1,0,0,2d2675bfbf8ed797f3df140df004dca4,2d2675bfbf8ed797f3df140df004dca4,1
1,1,0,16,9cae3096507273ce1d259b7a182780c5,9cae3096507273ce1d259b7a182780c5,1
1,1,0,32,9a40f70930ee47f8292d559027ffca7e,9a40f70930ee47f8292d559027ffca7e,1
1,1,0,48,c350d5ccfc51243d836d5894470cccc6,c350d5ccfc51243d836d5894470cccc6,1
1,1,0,64,d1f2d25f444b7f5c1caa254c5d32c461,d1f2d25f444b7f5c1caa254c5d32c461,1
1,1,0,80,b5951893a46aa8bfb20c40e9854be38b,b5951893a46aa8bfb20c40e9854be38b,1
1,1,0,96,b5a348977ad77d195e9791ad77e04165,b5a348977ad77d195e9791ad77e04165,1
1,1,0,112,c7bec606233b7929e96cee9f6e3dae94,c7bec606233b7929e96cee9f6e3dae94,1
1,1,0,128,f96a11776b02c8704697fa43e8b80ef9,f96a11776b02c8704697fa43e8b80ef9,1
1,1,0,144,01319216e9ee5e1699fdab0b67bc25f5,01319216e9ee5e1699fdab0b67bc25f5,1
1,1,0,160,1d8aa159870dfcca6cd3890c54b88545,1d8aa159870dfcca6cd3890c54b88545,1
1,1,0,176,b3c8f86db1b72a32f293d13ef395b62e,b3c8f86db1b72a32f293d13ef395b62e,1
1,1,0,192,e86105032e053ab1852fd3ac27cb71d7,e86105032e053ab1852fd3ac27cb71d7,1
1,1,0,208,df78370a7e0cb136cc99656eb2bcd743,df78370a7e0cb136cc99656eb2bcd743,1
1,1,0,224,26e738e156cb16363fc19dc065cec64c,26e738e156cb16363fc19dc065cec64c,1
1,1,0,240,6a83dc0959c74a6a072606323a5ae433,6a83dc0959c74a6a072606323a5ae433,1
1,1,0,256,0da8fc90675328fd4d8be3846d21889b,0da8fc90675328fd4d8be3846d21889b,1
1,1,0,272,148b1ca9238aebae5a9236d4bc97ef51,148b1ca9238aebae5a9236d4bc97ef51,1
1,1,0,288,3062d2e4bd03c260794eb1ae7bc904d1,3062d2e4bd03c260794eb1ae7bc904d1,1
1,1,0,304,4aa8607f612f57a04e1fca5e0c91da6d,4aa8607f612f57a04e1fca5e0c91da6d,1
1,1,0,320,1231444ad259a21c61316db6472564cd,1231444ad259a21c61316db6472564cd,1
1,1,0,336,6c56d298417215c266bb617b224902c1,6c56d298417215c266bb617b224902c1,1
1,1,0,352,73cb5983b8994f49e466d6f178c9d212,73cb5983b8994f49e466d6f178c9d212,1
1,1,0,368,96d970bfb19f564570af91e191385ad8,96d970bfb19f564570af91e191385ad8,1
1,1,0,384,ad2cb274fdc2691485bb2d31b785ae4d,ad2cb274fdc2691485bb2d31b785ae4d,1
1,1,0,400,14a2693d67c2932aa6bf8d722ff03f74,14a2693d67c2932aa6bf8d722ff03f74,1
1,1,0,416,867a00a3dcecbd002bcfde3b2479b8e7,867a00a3dcecbd002bcfde3b2479b8e7,1
1,1,0,432,37f55e32ab8e45354be9be19f4972b60,37f55e32ab8e45354be9be19f4972b60,1
1,1,0,448,3dc5d6719beb1cd9697e889945ba8711,3dc5d6719beb1cd9697e889945ba8711,1
1,1,0,464,fa2c8b7e4eeb8be100cecfc3d41e63b6,fa2c8b7e4eeb8be100cecfc3d41e63b6,1
1,1,0,480,071b2f901c00ccc0e88d3eeb2f2ecf36,071b2f901c00ccc0e88d3eeb2f2ecf36,1
1,1,0,496,ef82250aa0a4e725569a3c985f706313,ef82250aa0a4e725569a3c985f706313,1
1,1,0,512,b1648d89d69ef9042acc56d5ba5d6031,b1648d89d69ef9042acc56d5ba5d6031,1
1,1,0,528,095a5cffaf59ab6e3d810ab11ee1c57b,095a5cffaf59ab6e3d810ab11ee1c57b,1
1,1,0,544,4c5f75b581dc41ca4f6643835244a7b7,4c5f75b581dc41ca4f6643835244a7b7,1
1,1,0,560,49d9b26d417a338ec3b574bc1f263f61,49d9b26d417a338ec3b574bc1f263f61,1
1,1,0,576,068cd9df634344c0a88dd8bd285a478e,068cd9df634344c0a88dd8bd285a478e,1
1,1,0,592,46833a4b804b583a704eab9bdba1581b,46833a4b804b583a704eab9bdba1581b,1
1,1,0,608,ff95823657472c1f6d78286d07c8000a,ff95823657472c1f6d78286d07c8000a,1
1,1,0,624,88cfdeef348ecea6bada8678a6a88a30,88cfdeef348ecea6bada8678a6a88a30,1
1,1,0,640,f07056a570b27c55f38bb4aa8c42c4ae,f07056a570b27c55f38bb4aa8c42c4ae,1
1,1,0,656,1a899cdecbe0e08944524cd5096d2393,1a899cdecbe0e08944524cd5096d2393,1
1,1,0,672,ea3af4cdef832c6206a55dcf56e66889,ea3af4cdef832c6206a55dcf56e66889,1
1,1,0,688,800bc7c8aba343e62e5eaa7684623027,800bc7c8aba343e62e5eaa7684623027,1
1,1,0,704,9370dd31c9f08c783b9702b0d6716ef2,9370dd31c9f08c783b9702b0d6716ef2,1
1,1,0,720,9815e49254b865def9104c4066c60a58,9815e49254b865def9104c4066c60a58,1
1,1,0,736,a06b1e683f0aa53234bf828cc66ced48,a06b1e683f0aa53234bf828cc66ced48,1
1,1,0,752,6678c2b33cb8f60044ee1742c8962664,6678c2b33cb8f60044ee1742c8962664,1
1,1,1,0,c71385236479407f93c0cf3127a4be50,c71385236479407f93c0cf3127a4be50,1
1,1,1,16,2d76386d143d7437f439f59cf527faf0,2d76386d143d7437f439f59cf527faf0,1
1,1,1,32,515f0f5ebf3e59d1309acfa5996fa3dc,515f0f5ebf3e59d1309acfa5996fa3dc,1
1,1,1,48,8b438c0cd671915306ce1e238a31c447,8b438c0cd671915306ce1e238a31c447,1
1,1,1,64,d9010271697f7ce6cb550fefb9411b7b,d9010271697f7ce6cb550fefb9411b7b,1
1,1,1,80,642477e0fcaedb4baf6e1650140fa1b2,642477e0fcaedb4baf6e1650140fa1b2,1
1,1,1,96,aae7a14d9f1d5c87a55360f46c485e6d,aae7a14d9f1d5c87a55360f46c485e6d,1
1,1,1,112,3c18ad0f94141a3195fd95f2f5d7d19f,3c18ad0f94141a3195fd95f2f5d7d19f,1
1,1,1,128,306177899a4b975f1fd4025fafa200c1,306177899a4b975f1fd4025fafa200c1,1
1,1,1,144,f56c0228c30ceb29aceb6363b653b53b,f56c0228c30ceb29aceb6363b653b53b,1
1,1,1,160,11fa188198cc7abf1768e1a2a423ef30,11fa188198cc7abf1768e1a2a423ef30,1
1,1,1,176,9f2cf7e0b56352bda921d31289500325,9f2cf7e0b56352bda921d31289500325,1
1,1,1,192,4548f654a5a810e14f48feef9e8b4804,4548f654a5a810e14f48feef9e8b4804,1
1,1,1,208,e969332cc473b782acd5d60382e11041,e969332cc473b782acd5d60382e11041,1
1,1,1,224,e6105780d567d9092195a4ad9824da2d,e6105780d567d9092195a4ad9824da2d,1
1,1,1,240,1f30953de3997874fd91a0f25ed51e2a,1f30953de3997874fd91a0f25ed51e2a,1
1,1,1,256,bef827bddce67008c4c493774340f0a1,bef827bddce67008c4c493774340f0a1,1
1,1,1,272,17f7910d27a92657de9ad166c5bb5bf3,17f7910d27a92657de9ad166c5bb5bf3,1
1,1,1,288,86cb61c142d05540ba88aa01717024a3,86cb61c142d05540ba88aa01717024a3,1
1,1,1,304,9b0fe061963f38e930ed15f6d82c7990,9b0fe061963f38e930ed15f6d82c7990,1
1,1,1,320,2473d6a87b3662a6e84057b672b6f1fc,2473d6a87b3662a6e84057b672b6f1fc,1
1,1,1,336,0066ad17c224b51e47ab8205ae079702,0066ad17c224b51e47ab8205ae079702,1
1,1,1,352,14f4a5eb7a5025ce4f7979f74a41f4a5,14f4a5eb7a5025ce4f7979f74a41f4a5,1
1,1,1,368,b9867a68ca385bea31142a4055696243,b9867a68ca385bea31142a4055696243,1
1,1,1,384,ef522001d7ff79356ca35ea7b6803f76,ef522001d7ff79356ca35ea7b6803f76,1
1,1,1,400,e7f28dec6e66f69f86eca96dfcd1ffc1,e7f28dec6e66f69f86eca96dfcd1ffc1,1
1,1,1,416,14008d0ec0edddad13f4d7a50e73a5c7,14008d0ec0edddad13f4d7a50e73a5c7,1
1,1,1,432,1b15ea8bb51baf93fb5a910f258428c2,1b15ea8bb51baf93fb5a910f258428c2,1
1,1,1,448,b3c070e1c8c9eb0244d878c12d97fa05,b3c070e1c8c9eb0244d878c12d97fa05,1
1,1,1,464,45286e24db2fb2db2a978239734ec180,45286e24db2fb2db2a978239734ec180,1
1,1,1,480,12f3bc7d32df1fa8e155600b35f51ecc,12f3bc7d32df1fa8e155600b35f51ecc,1
1,1,1,496,7fb86e8443c49e2f189d4247a4385dd8,7fb86e8443c49e2f189d4247a4385dd8,1
1,1,1,512,7c5611d2bd3bfc9b2102fc379359fdfd,7c5611d2bd3bfc9b2102fc379359fdfd,1
1,1,1,528,017c9a81388f7cda211b6ba1f1b7316a,017c9a81388f7cda211b6ba1f1b7316a,1
1,1,1,544,ba764c1ba0757393897b196df79515ef,ba764c1ba0757393897b196df79515ef,1
1,1,1,560,30a5e2c175ff62218d0aabe8c4b5edf7,30a5e2c175ff62218d0aabe8c4b5edf7,1
1,1,1,576,24f2999df3c65b5f0d56a8e9c5aec8dd,24f2999df3c65b5f0d56a8e9c5aec8dd,1
1,1,1,592,643457326913e03350421aae06b2a21a,643457326913e03350421aae06b2a21a,1
1,1,1,608,a95906de85d05841cd0244156f5bb038,a95906de85d05841cd0244156f5bb038,1
1,1,1,624,3c04a5d21ec5a55efe624e9c9b6cb906,3c04a5d21ec5a55efe624e9c9b6cb906,1
1,1,1,640,0f2982eb24c0f1f4d3f16333eabda184,0f2982eb24c0f1f4d3f16333eabda184,1
1,1,1,656,a6574270d585ef24aafe936f649dae73,a6574270d585ef24aafe936f649dae73,1
1,1,1,672,4766024370b2ef14a90104f030e2aa11,4766024370b2ef14a90104f030e2aa11,1
1,1,1,688,e48756b012a818d9844967aeddbc6aac,e48756b012a818d9844967aeddbc6aac,1
1,1,1,704,4819babf70b6ecd5d7fe4d97ecf4f3a9,4819babf70b6ecd5d7fe4d97ecf4f3a9,1
1,1,1,720,325c6b638cefa68973d90d5672df7a41,325c6b638cefa68973d90d5672df7a41,1
1,1,1,736,fb09ec84309f17025c24b146198ae9c2,fb09ec84309f17025c24b146198ae9c2,1
1,1,1,752,3e13ee52647c787aaac628c2eeb7c31c,3e13ee52647c787aaac628c2eeb7c31c,1
1,1,2,0,0170c862467fd14315c05d63712918a7,0170c862467fd14315c05d63712918a7,1
1,1,2,16,2caca5ebf462156039cfb4e34cfcb5c9,2caca5ebf462156039cfb4e34cfcb5c9,1
1,1,2,32,3d6120a30d3c55c6cec909ccb7d79856,3d6120a30d3c55c6cec909ccb7d79856,1
1,1,2,48,623f076c231ed068a94e0f8c9ee226dc,623f076c231ed068a94e0f8c9ee226dc,1
1,1,2,64,1a8b2724dca6bbb2769513d5ba007d3f,1a8b2724dca6bbb2769513d5ba007d3f,1
1,1,2,80,e0b6d1731f0e119902147f38efc0c9ff,e0b6d1731f0e119902147f38efc0c9ff,1
1,1,2,96,175f82205d2cea899b1f6834027e31a2,175f82205d2cea899b1f6834027e31a2,1
1,1,2,112,fa2f66d81335f25a9b87eef8e81b08c4,fa2f66d81335f25a9b87eef8e81b08c4,1
1,1,2,128,11613194d030dff9739487f0ac833863,11613194d030dff9739487f0ac833863,1
1,1,2,144,c74876ff95ebb91bcc2ef78833846644,c74876ff95ebb91bcc2ef78833846644,1
1,1,2,160,c7ef544dc9661cb2f215bae75d595126,c7ef544dc9661cb2f215bae75d595126,1
1,1,2,176,d98b7cba7c522b7517c2ee5dbb4236cc,d98b7cba7c522b7517c2ee5dbb4236cc,1
1,1,2,192,70ea659180040bd25ad2e60a8ac7503e,70ea659180040bd25ad2e60a8ac7503e,1
1,1,2,208,498bfa34b5b26c8f064deb656625c79b,498bfa34b5b26c8f064deb656625c79b,1
1,1,2,224,cbcd837aaa604ff8a5c9887e544bcc28,cbcd837aaa604ff8a5c9887e544bcc28,1
1,1,2,240,c8944973799dfca3c7c6d5815418aeb4,c8944973799dfca3c7c6d5815418aeb4,1
1,1,2,256,6ccd46c03d1239ae4cbfee3d9a7d0ee9,6ccd46c03d1239ae4cbfee3d9a7d0ee9,1
1,1,2,272,005d9150af2bc693c53a860d92c3a3d1,005d9150af2bc693c53a860d92c3a3d1,1
1,1,2,288,30e1767e85bccdc892ed12fb39f04e85,30e1767e85bccdc892ed12fb39f04e85,1
1,1,2,304,26ba9c79dff743790566dc37f39e1b90,26ba9c79dff743790566dc37f39e1b90,1
1,1,2,320,aa2d4a965ee38798cc16a8325774ccc7,aa2d4a965ee38798cc16a8325774ccc7,1
1,1,2,336,850355ffefc00537990898bc61e51b6c,850355ffefc00537990898bc61e51b6c,1
1,1,2,352,ca8ceef7c77c5c5766f2ddb1a9d0aa77,ca8ceef7c77c5c5766f2ddb1a9d0aa77,1
1,1,2,368,1f5340e1020cac29438f6c210a495439,1f5340e1020cac29438f6c210a495439,1
1,1,2,384,d9f7f9c43899d0c68f38cbab5faca15e,d9f7f9c43899d0c68f38cbab5faca15e,1
1,1,2,400,7810c6229a4f7d425ee1e3e78342fb3f,7810c6229a4f7d425ee1e3e78342fb3f,1
1,1,2,416,8791db6be5a175e22d28e81984fa1d3f,8791db6be5a175e22d28e81984fa1d3f,1
1,1,2,432,b3edf9500f593d3f399dd126b006a153,b3edf9500f593d3f399dd126b006a153,1
1,1,2,448,18a2991464646ae2055f7bcfe1aa1a2f,18a2991464646ae2055f7bcfe1aa1a2f,1
1,1,2,464,60bc8517de0b156624c7edec4fd213a4,60bc8517de0b156624c7edec4fd213a4,1
1,1,2,480,c57a252646b3c75ccc2bf57b664cc858,c57a252646b3c75ccc2bf57b664cc858,1
1,1,2,496,9787966ae65ea93a01b39428eb86eef1,9787966ae65ea93a01b39428eb86eef1,1
1,1,2,512,1c5787e88f57d077954748021de3a31f,1c5787e88f57d077954748021de3a31f,1
1,1,2,528,35f33efe2a60cb60b6da23c6af09b625,35f33efe2a60cb60b6da23c6af09b625,1
1,1,2,544,654ddb3fc6744fd8a1003c34e5bf4412,654ddb3fc6744fd8a1003c34e5bf4412,1
1,1,2,560,11bf8f774a0419a38ee97145d3995cf8,11bf8f774a0419a38ee97145d3995cf8,1
1,1,2,576,d3cc43b8923fb22bd7e15a46f7f9a6d7,d3cc43b8923fb22bd7e15a46f7f9a6d7,1
1,1,2,592,1032b6488e77a628926584f2d411777e,1032b6488e77a628926584f2d411777e,1
1,1,2,608,1e0b442c1fd29bbbe020405d5b3712d6,1e0b442c1fd29bbbe020405d5b3712d6,1
1,1,2,624,509f94294b4fd9e559c4d3b16894cc95,509f94294b4fd9e559c4d3b16894cc95,1
1,1,2,640,12df5be9500a34e143f221a9e9c81ebc,12df5be9500a34e143f221a9e9c81ebc,1
1,1,2,656,416e214f2ec5809bff19161503580731,416e214f2ec5809bff19161503580731,1
1,1,2,672,b4eb6e4d24641abb6e7647950001e68a,b4eb6e4d24641abb6e7647950001e68a,1
1,1,2,688,7fd5b8c41bcc0d43a6ca5ad1134e302c,7fd5b8c41bcc0d43a6ca5ad1134e302c,1
1,1,2,704,79a765d3f60490e7dec340b16bcefc8f,79a765d3f60490e7dec340b16bcefc8f,1
1,1,2,720,7582a463650cc85f8fb9accbee46f6a4,7582a463650cc85f8fb9accbee46f6a4,1
1,1,2,736,f3ab006fc254a2551249f88617292ce5,f3ab006fc254a2551249f88617292ce5,1
1,1,2,752,ebc3a3306e09c814092a2dba403cd7ba,ebc3a3306e09c814092a2dba403cd7ba,1
1,1,3,0,53ee66577be319e883c73a351fea90ea,53ee66577be319e883c73a351fea90ea,1
1,1,3,16,cee83a01c27c85f11ddb6186b244ae83,cee83a01c27c85f11ddb6186b244ae83,1
1,1,3,32,2908b9f3b7d527b874fbb5459ffe8adc,2908b9f3b7d527b874fbb5459ffe8adc,1
1,1,3,48,d35b33f21fa7af61fda177191ec19216,d35b33f21fa7af61fda177191ec19216,1
1,1,3,64,9f4b6d1bcd3f814b6de102ea1b9bcc64,9f4b6d1bcd3f814b6de102ea1b9bcc64,1
1,1,3,80,36da58c9e3bc11a4435e847fa627b783,36da58c9e3bc11a4435e847fa627b783,1
1,1,3,96,e970f1fcc7645fc96f331f36420b1d1f,e970f1fcc7645fc96f331f36420b1d1f,1
1,1,3,112,3d70a38a8a88feac0791e1a4403bb72a,3d70a38a8a88feac0791e1a4403bb72a,1
1,1,3,128,03170b7ba646c1c4d8b70baf028c81c7,03170b7ba646c1c4d8b70baf028c81c7,1
1,1,3,144,1c6ddd9788a2cc087e7136174fa8b9c3,1c6ddd9788a2cc087e7136174fa8b9c3,1
1,1,3,160,df089bc1167f19563781decc7827d9c0,df089bc1167f19563781decc7827d9c0,1
1,1,3,176,083b783b61f66ca60f45bb9efa23f478,083b783b61f66ca60f45bb9efa23f478,1
1,1,3,192,d7dda7455120d04b6040b679748aa11f,d7dda7455120d04b6040b679748aa11f,1
1,1,3,208,21f930a51ff650c6133201190e667062,21f930a51ff650c6133201190e667062,1
1,1,3,224,154187242f952b3090391d3c1f4b53e3,154187242f952b3090391d3c1f4b53e3,1
1,1,3,240,3d065266eb9ffa58defdddb699f331e1,3d065266eb9ffa58defdddb699f331e1,1
1,1,3,256,b28a440672f3fe5d5cde2b68c5be8a62,b28a440672f3fe5d5cde2b68c5be8a62,1
1,1,3,272,e49c7a058a5075aa381b09bdf3f43a8d,e49c7a058a5075aa381b09bdf3f43a8d,1
1,1,3,288,e4d52c3336f089dfa4b10f54fd27e8d3,e4d52c3336f089dfa4b10f54fd27e8d3,1
1,1,3,304,522efd829db897c457a3b54d479b0542,522efd829db897c457a3b54d479b0542,1
1,1,3,320,015aa62ce0370a4ceead0c136f53fa43,015aa62ce0370a4ceead0c136f53fa43,1
1,1,3,336,52906d1245180306ed67d8039cb34c27,52906d1245180306ed67d8039cb34c27,1
1,1,3,352,592eff015c12877ee29b0aaf83c3df39,592eff015c12877ee29b0aaf83c3df39,1
1,1,3,368,6ad0842c4b4676dabc4376a9291565a9,6ad0842c4b4676dabc4376a9291565a9,1
1,1,3,384,9c6496c8636a1df85b2d6c06ea7c767d,9c6496c8636a1df85b2d6c06ea7c767d,1
1,1,3,400,e1d9ff4c7c02f926ba9618a2680aed14,e1d9ff4c7c02f926ba9618a2680aed14,1
1,1,3,416,9b35776fb3733d8def53f58c8151c864,9b35776fb3733d8def53f58c8151c864,1
1,1,3,432,7667ff95f048003187e289a43011f6f3,7667ff95f048003187e289a43011f6f3,1
1,1,3,448,d0a2779c676ee9f31539e452be17b87a,d0a2779c676ee9f31539e452be17b87a,1
1,1,3,464,494d01b0735cfef7eaadfd466325f80d,494d01b0735cfef7eaadfd466325f80d,1
1,1,3,480,5c95544f84e21c2af0f2527a5363188e,5c95544f84e21c2af0f2527a5363188e,1
1,1,3,496,e4e25b52e139010c2c77bef84cf1cfac,e4e25b52e139010c2c77bef84cf1cfac,1
1,1,3,512,614d4dfe4a6bee7466033e070bc2fd42,614d4dfe4a6bee7466033e070bc2fd42,1
1,1,3,528,c5ae5961bd5d505f686a718f05495b12,c5ae5961bd5d505f686a718f05495b12,1
1,1,3,544,b1fc7f7ca67bc1f6aa0e7455cdcca3b4,b1fc7f7ca67bc1f6aa0e7455cdcca3b4,1
1,1,3,560,6e8736a815a775a029a8b1534f77601b,6e8736a815a775a029a8b1534f77601b,1
1,1,3,576,d4f9f15f1eb42a7f2648cab17bd5a11d,d4f9f15f1eb42a7f2648cab17bd5a11d,1
1,1,3,592,53c35902d07a772b34d06de16c5a6798,53c35902d07a772b34d06de16c5a6798,1
1,1,3,608,ea3563e6f9899fe453951393b8a7ebb9,ea3563e6f9899fe453951393b8a7ebb9,1
1,1,3,624,c22d319e1b64cbf1de6fc5da9b6674e7,c22d319e1b64cbf1de6fc5da9b6674e7,1
1,1,3,640,cfa1439552c4b995d1c6a464731871d3,cfa1439552c4b995d1c6a464731871d3,1
1,1,3,656,a4e2b98587725294e83de41ee3a71f56,a4e2b98587725294e83de41ee3a71f56,1
1,1,3,672,4e9cc0877dea9bf2ad26331a66901240,4e9cc0877dea9bf2ad26331a66901240,1
1,1,3,688,a57232b290c658e4bfc56d2314b0c6d3,a57232b290c658e4bfc56d2314b0c6d3,1
1,1,3,704,1d9bf2b0d379456f02e8a93ea251057b,1d9bf2b0d379456f02e8a93ea251057b,1
1,1,3,720,b3f0fa98a52a848d5baab7026045471d,b3f0fa98a52a848d5baab7026045471d,1
1,1,3,736,e68ba7873a7d2b0feac334bd7bfef3fb,e68ba7873a7d2b0feac334bd7bfef3fb,1
1,1,3,752,5c3b48134b7d03350adf1e05dff6946e,5c3b48134b7d03350adf1e05dff6946e,1
1,2,0,0,d0fc4bc23540edbe978e5dd7423ce9c4,d0fc4bc23540edbe978e5dd7423ce9c4,1
1,2,0,16,359211a2cc97962fd9ad58786989a9c7,359211a2cc97962fd9ad58786989a9c7,1
1,2,0,32,f11d5c673a3829af729a918e4ae4cbb7,f11d5c673a3829af729a918e4ae4cbb7,1
1,2,0,48,9135601e0cdb79f0f1f783673ca76876,9135601e0cdb79f0f1f783673ca76876,1
1,2,0,64,4c31008efa5cb5a0ff40096b5571e236,4c31008efa5cb5a0ff40096b5571e236,1
1,2,0,80,2666ac85c312532500fe1a1e90526d5e,2666ac85c312532500fe1a1e90526d5e,1
1,2,0,96,cd45e065ee3d7d2d7e9adda4280445d8,cd45e065ee3d7d2d7e9adda4280445d8,1
1,2,0,112,bf87975c5fd6cf205898607fd23c777b,bf87975c5fd6cf205898607fd23c777b,1
1,2,0,128,8c28ee2d429e5242f2eb0324cc316285,8c28ee2d429e5242f2eb0324cc316285,1
1,2,0,144,ebb19e5bfbf6ddf0cca11df1a65df963,ebb19e5bfbf6ddf0cca11df1a65df963,1
1,2,0,160,d1873419efd3b4e4faba82408f1d323a,d1873419efd3b4e4faba82408f1d323a,1
1,2,0,176,f504780214bf62681e3d590ee6ebca44,f504780214bf62681e3d590ee6ebca44,1
1,2,0,192,d28e61272d3894ef37cc3f2a9927f2fa,d28e61272d3894ef37cc3f2a9927f2fa,1
1,2,0,208,e5ca14b9c8a11bf9ef5bdf45a800c7fe,e5ca14b9c8a11bf9ef5bdf45a800c7fe,1
1,2,0,224,582c6f9491c4f0f49ff8dfaa9d585aa2,582c6f9491c4f0f49ff8dfaa9d585aa2,1
1,2,0,240,c897c0d2204648f1cd9af7ada643451e,c897c0d2204648f1cd9af7ada643451e,1
1,2,0,256,a2312db349dfb41a626e8b5a288cc1a8,a2312db349dfb41a626e8b5a288cc1a8,1
1,2,0,272,671e09d8d662f6c6316c06e63dec723d,671e09d8d662f6c6316c06e63dec723d,1
1,2,0,288,ee1c189857985ebef7733cba36d49c19,ee1c189857985ebef7733cba36d49c19,1
1,2,0,304,f868d6efe3163b1bd845848b6397a188,f868d6efe3163b1bd845848b6397a188,1
1,2,0,320,3bcd6a0a3535c5b0b5acf97de81cc277,3bcd6a0a3535c5b0b5acf97de81cc277,1
1,2,0,336,41830316e599275dd2aa620ad8845250,41830316e599275dd2aa620ad8845250,1
1,2,0,352,5ad3f70c1e58ab2f4e03f177b6c84a51,5ad3f70c1e58ab2f4e03f177b6c84a51,1
1,2,0,368,976162d762a1510e650349fa29c45dcd,976162d762a1510e650349fa29c45dcd,1
1,2,0,384,85254b830436da97b697c80f94663130,85254b830436da97b697c80f94663130,1
1,2,0,400,e3f5996922cf5f708746c4ad858bfbfb,e3f5996922cf5f708746c4ad858bfbfb,1
1,2,0,416,c214a8abe8aa532a610316f95376805a,c214a8abe8aa532a610316f95376805a,1
1,2,0,432,2be183e7f3e571e6b2c1bca3dbeef7a8,2be183e7f3e571e6b2c1bca3dbeef7a8,1
1,2,0,448,4467db6e8678daae637805981a048f84,4467db6e8678daae637805981a048f84,1
1,2,0,464,ecac2ba14c141fc5fae07d69c07fba73,ecac2ba14c141fc5fae07d69c07fba73,1
1,2,0,480,e285cafc93fe2ebafa92857bb7388b37,e285cafc93fe2ebafa92857bb7388b37,1
1,2,0,496,3ad5fb32f4c57e511a28da53fa864c50,3ad5fb32f4c57e511a28da53fa864c50,1
1,2,0,512,4dce3b821974a39741fede62e03c4b43,4dce3b821974a39741fede62e03c4b43,1
1,2,0,528,48c2c1e8ad2f819fc44fc9d23b2477a7,48c2c1e8ad2f819fc44fc9d23b2477a7,1
1,2,0,544,c4d80a31c734bf24ad6baba93967bf52,c4d80a31c734bf24ad6baba93967bf52,1
1,2,0,560,2a943540c0da5205a12818e020fdaab1,2a943540c0da5205a12818e020fdaab1,1
1,2,0,576,cd6b5639c73c054ce128ab9a52168d3d,cd6b5639c73c054ce128ab9a52168d3d,1
1,2,0,592,d2210d20806824f36b094db68a215c61,d2210d20806824f36b094db68a215c61,1
1,2,0,608,16aed00e97efaaf8d9b489a84fda8463,16aed00e97efaaf8d9b489a84fda8463,1
1,2,0,624,3cb4c6ebd02313299bfa648a9d9be738,3cb4c6ebd02313299bfa648a9d9be738,1
1,2,0,640,e0a418e9635e772b4986d4d8524489e2,e0a418e9635e772b4986d4d8524489e2,1
1,2,0,656,e282ec049294ff139301fad84e6b8ca8,e282ec049294ff139301fad84e6b8ca8,1
1,2,0,672,138ae71f53710298e3a8b551cea5bcfb,138ae71f53710298e3a8b551cea5bcfb,1
1,2,0,688,4c6c8678625e3474d415acf9be9b23d9,4c6c8678625e3474d415acf9be9b23d9,1
1,2,0,704,5a7fd59528524750f89120bff8e63d29,5a7fd59528524750f89120bff8e63d29,1
1,2,0,720,f8f9382d7d6832feacb7730ac9932fa9,f8f9382d7d6832feacb7730ac9932fa9,1
1,2,0,736,8329be8ab4d9372568ae03d7f44c35ed,8329be8ab4d9372568ae03d7f44c35ed,1
1,2,0,752,1c8f9836f5b30cf27756f5449f754336,1c8f9836f5b30cf27756f5449f754336,1
1,2,1,0,67d581e4fbe6a580088ab80907e6408a,67d581e4fbe6a580088ab80907e6408a,1
1,2,1,16,d5c47b5b774896dab237d928ce12b610,d5c47b5b774896dab237d928ce12b610,1
1,2,1,32,7130bab3d5bec7e6f86d2d4fe36b6c5a,7130bab3d5bec7e6f86d2d4fe36b6c5a,1
1,2,1,48,8853c7f3e13060f311b74f6446ab4d84,8853c7f3e13060f311b74f6446ab4d84,1
1,2,1,64,dd6070fbc8caebb88d05171c7af6a264,dd6070fbc8caebb88d05171c7af6a264,1
1,2,1,80,9781c602262c34cc48230967ea3c11b8,9781c602262c34cc48230967ea3c11b8,1
1,2,1,96,2d5f0da3d8e4ab40c09df27ca6d702eb,2d5f0da3d8e4ab40c09df27ca6d702eb,1
1,2,1,112,6fdac763e787f6312c5dfa681631ab1d,6fdac763e787f6312c5dfa681631ab1d,1
1,2,1,128,ce40fa3ea9e48c9bd59ef6c9ba0b18aa,ce40fa3ea9e48c9bd59ef6c9ba0b18aa,1
1,2,1,144,1263f9c53ea1013b466fc559a2bf2b76,1263f9c53ea1013b466fc559a2bf2b76,1
1,2,1,160,b07eeeb947d212f55c2ca1d2a7a9b071,b07eeeb947d212f55c2ca1d2a7a9b071,1
1,2,1,176,92de43670f6e237afe6335a952454cee,92de43670f6e237afe6335a952454cee,1
1,2,1,192,7d4d24671c87256aeba5b35ce4d8aec2,7d4d24671c87256aeba5b35ce4d8aec2,1
1,2,1,208,b9d6cbd91b2515b8e8b3c4f78cb8bc59,b9d6cbd91b2515b8e8b3c4f78cb8bc59,1
1,2,1,224,871c585529c8a7adee294186fb46b197,871c585529c8a7adee294186fb46b197,1
1,2,1,240,7bff405f55e22914c6d2ca5dd7560901,7bff405f55e22914c6d2ca5dd7560901,1
1,2,1,256,653bba7a2fc52da435bf79ecbb807faf,653bba7a2fc52da435bf79ecbb807faf,1
1,2,1,272,110b920d397323737bbada062dc5d7db,110b920d397323737bbada062dc5d7db,1
1,2,1,288,fe0ff8fdaac758caf4a211f4719c8ce8,fe0ff8fdaac758caf4a211f4719c8ce8,1
1,2,1,304,cfca9ad27f5f32bcc6d3151f52bfb6a4,cfca9ad27f5f32bcc6d3151f52bfb6a4,1
1,2,1,320,5b77823b9505281aaa7e7f15bba45948,5b77823b9505281aaa7e7f15bba45948,1
1,2,1,336,6cc771f5ac41a3addb415190e4466b2e,6cc771f5ac41a3addb415190e4466b2e,1
1,2,1,352,0001832f8c5c91b3cf404eab8a12f60f,0001832f8c5c91b3cf404eab8a12f60f,1
1,2,1,368,cfe0ef7fd8da0ec3bc60b9224b116a70,cfe0ef7fd8da0ec3bc60b9224b116a70,1
1,2,1,384,dbd0348b09f43d11e4505206585d6759,dbd0348b09f43d11e4505206585d6759,1
1,2,1,400,d580fdd2626f957ce17ef83a50c06028,d580fdd2626f957ce17ef83a50c06028,1
1,2,1,416,66a86d83e938361421093c53fc9aeb25,66a86d83e938361421093c53fc9aeb25,1
1,2,1,432,811014d1ebfd3658a8f6147dcaadc7ea,811014d1ebfd3658a8f6147dcaadc7ea,1
1,2,1,448,f82c963e5e04376d1040f9a6f21afb31,f82c963e5e04376d1040f9a6f21afb31,1
1,2,1,464,f5de0465b0170469143d9cb2cbadc399,f5de0465b0170469143d9cb2cbadc399,1
1,2,1,480,4e799929874b7ee213dc83a88b8cfdee,4e799929874b7ee213dc83a88b8cfdee,1
1,2,1,496,9408075f8b8fc219c73fb6455de791c4,9408075f8b8fc219c73fb6455de791c4,1
1,2,1,512,39648a6f96fb60ce124a7288f66721a3,39648a6f96fb60ce124a7288f66721a3,1
1,2,1,528,d450e4d1d82cc3203dc6ef81af24f0b3,d450e4d1d82cc3203dc6ef81af24f0b3,1
1,2,1,544,36f51cc3f5c3847eee9ffb73789c5741,36f51cc3f5c3847eee9ffb73789c5741,1
1,2,1,560,855d80aa8f7ed3536bf8c861f404d48c,855d80aa8f7ed3536bf8c861f404d48c,1
1,2,1,576,44106deb67e807d163cb68def016ed5f,44106deb67e807d163cb68def016ed5f,1
1,2,1,592,178731b1fa3f928dbae8fb1dc012c4e6,178731b1fa3f928dbae8fb1dc012c4e6,1
1,2,1,608,20d85cc586132206c3345e5fb87d285c,20d85cc586132206c3345e5fb87d285c,1
1,2,1,624,ae56a16de2272de0566e98d7807d3692,ae56a16de2272de0566e98d7807d3692,1
1,2,1,640,af5b841004d7e8da2970ee325b6a6a7f,af5b841004d7e8da2970ee325b6a6a7f,1
1,2,1,656,a5706bc4c67eb44100ba31005da314b7,a5706bc4c67eb44100ba31005da314b7,1
1,2,1,672,38e2a2ac995206f1f916f72e3690cc4b,38e2a2ac995206f1f916f72e3690cc4b,1
1,2,1,688,0b57ae6b897a4cae0c436867c2de4c15,0b57ae6b897a4cae0c436867c2de4c15,1
1,2,1,704,1bee4c8d561c7396c1c1fda2cd747ec2,1bee4c8d561c7396c1c1fda2cd747ec2,1
1,2,1,720,d3b67eb8643838d72a155730e8e5f45a,d3b67eb8643838d72a155730e8e5f45a,1
1,2,1,736,046367bc45e11361cbcb57233b780ce1,046367bc45e11361cbcb57233b780ce1,1
1,2,1,752,74580495cb25934db59065aeb7e389d8,74580495cb25934db59065aeb7e389d8,1
1,2,2,0,d44d3d3aee442be2de8ec8527a7f0cea,d44d3d3aee442be2de8ec8527a7f0cea,1
1,2,2,16,25bec0591321b7594d13a954d2d4d3d5,25bec0591321b7594d13a954d2d4d3d5,1
1,2,2,32,da25715d8c4aa1a99563c9534b65e7c1,da25715d8c4aa1a99563c9534b65e7c1,1
1,2,2,48,e4c191441f6c3c1552170568b68d8169,e4c191441f6c3c1552170568b68d8169,1
1,2,2,64,bf8f4de7cfcdaeb67eab1b43d67ac9f3,bf8f4de7cfcdaeb67eab1b43d67ac9f3,1
1,2,2,80,60fd3a74f34455d966a311a21b5cdefb,60fd3a74f34455d966a311a21b5cdefb,1
1,2,2,96,d21d5173e816e78f0656918d3ae97caa,d21d5173e816e78f0656918d3ae97caa,1
1,2,2,112,97fc6cbf35ce63c6c054c246ea2696e4,97fc6cbf35ce63c6c054c246ea2696e4,1
1,2,2,128,6c8cf3ccedb6a5db384a3162ab257beb,6c8cf3ccedb6a5db384a3162ab257beb,1
1,2,2,144,9659d57a3e8b69bf590ad9a6656dc394,9659d57a3e8b69bf590ad9a6656dc394,1
1,2,2,160,ad03e4fe9be73a99321b37627cb99e33,ad03e4fe9be73a99321b37627cb99e33,1
1,2,2,176,3b65de915d2096657b6ad745b84e8ac9,3b65de915d2096657b6ad745b84e8ac9,1
1,2,2,192,6bcca4006bbb98cfbda4240eedbb168e,6bcca4006bbb98cfbda4240eedbb168e,1
1,2,2,208,04d9c9d94a881a5877c406d5439810e2,04d9c9d94a881a5877c406d5439810e2,1
1,2,2,224,0cb053a8754c7aae40f3c8e1fd887d04,0cb053a8754c7aae40f3c8e1fd887d04,1
1,2,2,240,78a634f0edc9a13eb4e78224743b0fda,78a634f0edc9a13eb4e78224743b0fda,1
1,2,2,256,e1219ff59f269e291cd8bc83f6b6cda2,e1219ff59f269e291cd8bc83f6b6cda2,1
1,2,2,272,da1395121851f64524fa6194a24fef95,da1395121851f64524fa6194a24fef95,1
1,2,2,288,c3577ffd57f5bd9d30b6ee6a2c4ecf82,c3577ffd57f5bd9d30b6ee6a2c4ecf82,1
1,2,2,304,39891b01b0fca6e993c29e5f7a3fef4b,39891b01b0fca6e993c29e5f7a3fef4b,1
1,2,2,320,fa5b53fd5e361674e5b0f7f57b82c4c6,fa5b53fd5e361674e5b0f7f57b82c4c6,1
1,2,2,336,c517071fb8123332f5240c5cc63738be,c517071fb8123332f5240c5cc63738be,1
1,2,2,352,6ef56c1569759b09c91d4efd62ab8b31,6ef56c1569759b09c91d4efd62ab8b31,1
1,2,2,368,3100136e384026ccc953c7e84fbc9966,3100136e384026ccc953c7e84fbc9966,1
1,2,2,384,dcb7556ecf2ecd08a85b9a1bcebc71e7,dcb7556ecf2ecd08a85b9a1bcebc71e7,1
1,2,2,400,0c6586f6ff98cb9c3dbc0c37b895f492,0c6586f6ff98cb9c3dbc0c37b895f492,1
1,2,2,416,78ec55f4aee4612481707fcaede2e0dc,78ec55f4aee4612481707fcaede2e0dc,1
1,2,2,432,d6c4b5ea4e61e1344f8bd46b254d9fe8,d6c4b5ea4e61e1344f8bd46b254d9fe8,1
1,2,2,448,480498d2844729f3d49ce8ba3542638c,480498d2844729f3d49ce8ba3542638c,1
1,2,2,464,764110e5be0190a948434614bdd0c4c3,764110e5be0190a948434614bdd0c4c3,1
1,2,2,480,3a2cf8854244069feabf2cc36623e717,3a2cf8854244069feabf2cc36623e717,1
1,2,2,496,e4ae484c3f6ba3560796b5aa95eb0e50,e4ae484c3f6ba3560796b5aa95eb0e50,1
1,2,2,512,4d22d869fa55bc769a9079b03b9e9f29,4d22d869fa55bc769a9079b03b9e9f29,1
1,2,2,528,9f1c4ddf83f94697e164d80da93b6dc8,9f1c4ddf83f94697e164d80da93b6dc8,1
1,2,2,544,3ab4c5651b1fa30462551ae86a3b2591,3ab4c5651b1fa30462551ae86a3b2591,1
1,2,2,560,f1bff4b18504c173b84d30d789672f90,f1bff4b18504c173b84d30d789672f90,1
1,2,2,576,17ddcd556c7fed184b9020d967abdb60,17ddcd556c7fed184b9020d967abdb60,1
1,2,2,592,98c72d39e461b4b3320deda976541963,98c72d39e461b4b3320deda976541963,1
1,2,2,608,00830a715dc6bd48cf32fb8793bea0a6,00830a715dc6bd48cf32fb8793bea0a6,1
1,2,2,624,c20993b84634e807e495f1cbeca3d269,c20993b84634e807e495f1cbeca3d269,1
1,2,2,640,5fde0811a2847511556ebc3669fc5ab9,5fde0811a2847511556ebc3669fc5ab9,1
1,2,2,656,260228f05343124e08a4cb085b33cb31,260228f05343124e08a4cb085b33cb31,1
1,2,2,672,ba771854bf2d8b6d02d1ddff1aee72b2,ba771854bf2d8b6d02d1ddff1aee72b2,1
1,2,2,688,7d5595e227827f979913c695523129e7,7d5595e227827f979913c695523129e7,1
1,2,2,704,74788f63bb1daaf1d62d40b5aefcf266,74788f63bb1daaf1d62d40b5aefcf266,1
1,2,2,720,9f619bfb66d3dfdc8bdba2fa0455e10a,9f619bfb66d3dfdc8bdba2fa0455e10a,1
1,2,2,736,75f2477b94a384cfaf89e6f9368b3ca9,75f2477b94a384cfaf89e6f9368b3ca9,1
1,2,2,752,c45c536ae9fb6f075cac09cef2c1ca5c,c45c536ae9fb6f075cac09cef2c1ca5c,1
1,2,3,0,5b88465dac619571705e11b48ebc7b7c,5b88465dac619571705e11b48ebc7b7c,1
1,2,3,16,41534727b0a2485413fa3d5ee10b3581,41534727b0a2485413fa3d5ee10b3581,1
1,2,3,32,909bf65958eb535e98c6a653bc564ccc,909bf65958eb535e98c6a653bc564ccc,1
1,2,3,48,c6f2e6b25f41303a962b78afa575ed39,c6f2e6b25f41303a962b78afa575ed39,1
1,2,3,64,6dd2a3cfe1e419ae6e37c16edd944675,6dd2a3cfe1e419ae6e37c16edd944675,1
1,2,3,80,e2c46b4cd3c0cf89c278688fdada49e2,e2c46b4cd3c0cf89c278688fdada49e2,1
1,2,3,96,0f81e335636fd3eef68cb199998df72a,0f81e335636fd3eef68cb199998df72a,1
1,2,3,112,dc1a5828bf22a7afd4cee0bdf85eac28,dc1a5828bf22a7afd4cee0bdf85eac28,1
1,2,3,128,85565950b3cd61123ae9a608b24e8fcf,85565950b3cd61123ae9a608b24e8fcf,1
1,2,3,144,e5bcd9afe226a9c8b49985535c833bb9,e5bcd9afe226a9c8b49985535c833bb9,1
1,2,3,160,356b1630759163954dadd1352278d205,356b1630759163954dadd1352278d205,1
1,2,3,176,06b0c8c1603473b38057466a92f928f7,06b0c8c1603473b38057466a92f928f7,1
1,2,3,192,ad8a16fd584ab7c6ff39dba3a3fe3e20,ad8a16fd584ab7c6ff39dba3a3fe3e20,1
1,2,3,208,cf2d36f0a5b4aceed768be4c3838c381,cf2d36f0a5b4aceed768be4c3838c381,1
1,2,3,224,39728d9e5115e6f456b20d318af6756a,39728d9e5115e6f456b20d318af6756a,1
1,2,3,240,88a4eb479da280eb7d2e7a8f82efc9e6,88a4eb479da280eb7d2e7a8f82efc9e6,1
1,2,3,256,af61b62a250be421326d1e305ea85b46,af61b62a250be421326d1e305ea85b46,1
1,2,3,272,d569544ec8802e00ba6e79668436a368,d569544ec8802e00ba6e79668436a368,1
1,2,3,288,48c2c9cf924e4751ee72b545117b0a3e,48c2c9cf924e4751ee72b545117b0a3e,1
1,2,3,304,044bdadde9c0770ca8ad52779238c27d,044bdadde9c0770ca8ad52779238c27d,1
1,2,3,320,3eebd17c56c40a13691aa4e65f9bb767,3eebd17c56c40a13691aa4e65f9bb767,1
1,2,3,336,3b8e576e81ae6492f9016bdaa17122fc,3b8e576e81ae6492f9016bdaa17122fc,1
1,2,3,352,719120a1a030bc496fbeab04bb3d944f,719120a1a030bc496fbeab04bb3d944f,1
1,2,3,368,da3eeadc15ff3c5794aacee41a6fa8f2,da3eeadc15ff3c5794aacee41a6fa8f2,1
1,2,3,384,726170b8735aee973cba0b5b187ed306,726170b8735aee973cba0b5b187ed306,1
1,2,3,400,41d74a1d6990824f8846061a8c045760,41d74a1d6990824f8846061a8c045760,1
1,2,3,416,ffd348e1b2cdda7271f91e8521fa0e3c,ffd348e1b2cdda7271f91e8521fa0e3c,1
1,2,3,432,c514d613d4cb56a02218d3666d4fad8c,c514d613d4cb56a02218d3666d4fad8c,1
1,2,3,448,3bba10af61d1341846a4c7242d9e4752,3bba10af61d1341846a4c7242d9e4752,1
1,2,3,464,5d7e497c63891b3f97cc1f8b7df3f030,5d7e497c63891b3f97cc1f8b7df3f030,1
1,2,3,480,1dafaf5531701b397db796e3ecf82010,1dafaf5531701b397db796e3ecf82010,1
1,2,3,496,69cfb1c4626d7ec15a3a4730206ef297,69cfb1c4626d7ec15a3a4730206ef297,1
1,2,3,512,2532c70a4f3b547cf407a877586896a7,2532c70a4f3b547cf407a877586896a7,1
1,2,3,528,c04efe660538ae3d87783253577db23a,c04efe660538ae3d87783253577db23a,1
1,2,3,544,3b0e85a95466e25dc48bab786e61b7eb,3b0e85a95466e25dc48bab786e61b7eb,1
1,2,3,560,82e6add709b27df73070d1964e42d12d,82e6add709b27df73070d1964e42d12d,1
1,2,3,576,2629c28de8c2395bb697529d822275fe,2629c28de8c2395bb697529d822275fe,1
1,2,3,592,68d032b0a22499f29593e05889073e2f,68d032b0a22499f29593e05889073e2f,1
1,2,3,608,a748a7064c476bccf1722e38e1cf8c81,a748a7064c476bccf1722e38e1cf8c81,1
1,2,3,624,c64c5de607b31317e8a4677654d3569a,c64c5de607b31317e8a4677654d3569a,1
1,2,3,640,280e0c64da5bfbf6a74f651d511772f3,280e0c64da5bfbf6a74f651d511772f3,1
1,2,3,656,b6c82c40798c643406220aa7c5331504,b6c82c40798c643406220aa7c5331504,1
1,2,3,672,9d7d3463c57dee64a99bc4f66483cf19,9d7d3463c57dee64a99bc4f66483cf19,1
1,2,3,688,94a3db0db4a9c27e36d2b913d4f01988,94a3db0db4a9c27e36d2b913d4f01988,1
1,2,3,704,b24d24fa0ca5572f48eaf910a7a88e77,b24d24fa0ca5572f48eaf910a7a88e77,1
1,2,3,720,482d4a380f8328088a711974fbeaf832,482d4a380f8328088a711974fbeaf832,1
1,2,3,736,dfcccc1ee5d1d920ecdc97208ddd39e3,dfcccc1ee5d1d920ecdc97208ddd39e3,1
1,2,3,752,f6a47b531d4989bf0f80d1470b068221,f6a47b531d4989bf0f80d1470b068221,1
1,3,0,0,e5ad1c44e73cf6ce54e52175322ccc9f,e5ad1c44e73cf6ce54e52175322ccc9f,1
1,3,0,16,fd86104cd671aa8264299bbd1d9a233c,fd86104cd671aa8264299bbd1d9a233c,1
1,3,0,32,4d77e88f05e7c5bbe8b5d44ac84a961f,4d77e88f05e7c5bbe8b5d44ac84a961f,1
1,3,0,48,e96614c2ee1f59597bc6015575ea3cc8,e96614c2ee1f59597bc6015575ea3cc8,1
1,3,0,64,1be4604c7c2543a507a2cfd74f2db70a,1be4604c7c2543a507a2cfd74f2db70a,1
1,3,0,80,f474c5d76496fcfe980fe249e635b1a1,f474c5d76496fcfe980fe249e635b1a1,1
1,3,0,96,57e15ca8dca22044684e068b34691d0f,57e15ca8dca22044684e068b34691d0f,1
1,3,0,112,9dbf17de0d604e718528d7e2d4fccdad,9dbf17de0d604e718528d7e2d4fccdad,1
1,3,0,128,36651354fdf2149340b3359c16b7093d,36651354fdf2149340b3359c16b7093d,1
1,3,0,144,09e6be8664e1f82c11c295d06c5a2a16,09e6be8664e1f82c11c295d06c5a2a16,1
1,3,0,160,fbe852ef1e439a2d9419dcb71a7c461e,fbe852ef1e439a2d9419dcb71a7c461e,1
1,3,0,176,e57a21a064f5ef4ad78a7299141cc1e6,e57a21a064f5ef4ad78a7299141cc1e6,1
1,3,0,192,58102309581615a3d21802a2faaca486,58102309581615a3d21802a2faaca486,1
1,3,0,208,c8dbf201be5e8b9736c34bb0620b6172,c8dbf201be5e8b9736c34bb0620b6172,1
1,3,0,224,36edbfa514637915b9cda6d5a37c19e6,36edbfa514637915b9cda6d5a37c19e6,1
1,3,0,240,f6c39382d0f62b272578f079be501da2,f6c39382d0f62b272578f079be501da2,1
1,3,0,256,2c5cec3929652a5d7a8148b285154df6,2c5cec3929652a5d7a8148b285154df6,1
1,3,0,272,1b107a6c027a1180df87e2671879d54e,1b107a6c027a1180df87e2671879d54e,1
1,3,0,288,9c3254346d0c328f3f49013fae6c0a79,9c3254346d0c328f3f49013fae6c0a79,1
1,3,0,304,343c9ab291bc48b73886487810307e7a,343c9ab291bc48b73886487810307e7a,1
1,3,0,320,3ffe0dc924244d6c137f063f70df4be3,3ffe0dc924244d6c137f063f70df4be3,1
1,3,0,336,393beb5f622f929eeb7b31135ed7bfee,393beb5f622f929eeb7b31135ed7bfee,1
1,3,0,352,a65e2ac8d2911e2e622a0023ee9ca6d5,a65e2ac8d2911e2e622a0023ee9ca6d5,1
1,3,0,368,7a571c1d5e807f28d14157bb867df738,7a571c1d5e807f28d14157bb867df738,1
1,3,0,384,cace34e70173b99ff3739b77cc03cd36,cace34e70173b99ff3739b77cc03cd36,1
1,3,0,400,2001f9f312329acecb528c66e1a8e56b,2001f9f312329acecb528c66e1a8e56b,1
1,3,0,416,c8086f9434a4ff8df1b156abe936209b,c8086f9434a4ff8df1b156abe936209b,1
1,3,0,432,271e1084b7ff10aa427faef5f3c176b9,271e1084b7ff10aa427faef5f3c176b9,1
1,3,0,448,e6fe495a1932f38488c12688056ffb2a,e6fe495a1932f38488c12688056ffb2a,1
1,3,0,464,ac44fea454d415a23c7212c6376dcfed,ac44fea454d415a23c7212c6376dcfed,1
1,3,0,480,33d47df9642c0bf93e9d6c4107b44d5c,33d47df9642c0bf93e9d6c4107b44d5c,1
1,3,0,496,139cbaeac4038236f02c35a4239d2f41,139cbaeac4038236f02c35a4239d2f41,1
1,3,0,512,ff36a479a6bdb57a7ae3e9bc80e1e19d,ff36a479a6bdb57a7ae3e9bc80e1e19d,1
1,3,0,528,378eeba3d0e0c679974f05811d81ecfa,378eeba3d0e0c679974f05811d81ecfa,1
1,3,0,544,c109020c7018615db58393ad6af3f41d,c109020c7018615db58393ad6af3f41d,1
1,3,0,560,bd5bc442b6c1ad59cfde6da1145f707f,bd5bc442b6c1ad59cfde6da1145f707f,1
1,3,0,576,d6ac4cb087ef005502420e82e815f294,d6ac4cb087ef005502420e82e815f294,1
1,3,0,592,87bfdae5a57bb790af1f12d0145001d5,87bfdae5a57bb790af1f12d0145001d5,1
1,3,0,608,8061167ee7627872064e9409fa97e297,8061167ee7627872064e9409fa97e297,1
1,3,0,624,2641685aa044e008069eb3292592d301,2641685aa044e008069eb3292592d301,1
1,3,0,640,01b6ed785b71722992dc94887f102260,01b6ed785b71722992dc94887f102260,1
1,3,0,656,f6ebefcd12b0346a282e75f87161f037,f6ebefcd12b0346a282e75f87161f037,1
1,3,0,672,771490f1523830c95fadc36e040d3321,771490f1523830c95fadc36e040d3321,1
1,3,0,688,430e1da6a138b80254ee9d305433e48c,430e1da6a138b80254ee9d305433e48c,1
1,3,0,704,493ba11e1bfcc54d7a1017c873ee48a2,493ba11e1bfcc54d7a1017c873ee48a2,1
1,3,0,720,891e92de8676094673361ff4c5ffa8b5,891e92de8676094673361ff4c5ffa8b5,1
1,3,0,736,e7ae0fd635f1130cca2d643980c5b398,e7ae0fd635f1130cca2d643980c5b398,1
1,3,0,752,d09b0b6026ab0c76ae9f5db3a76898f0,d09b0b6026ab0c76ae9f5db3a76898f0,1
1,3,1,0,02e96e227068ba7d3433f937f58cd5e8,02e96e227068ba7d3433f937f58cd5e8,1
1,3,1,16,24329f231374b1fb055e22b7b53ff75a,24329f231374b1fb055e22b7b53ff75a,1
1,3,1,32,a3dcf60fd245654553d8ef39658d15e7,a3dcf60fd245654553d8ef39658d15e7,1
1,3,1,48,d96d6dbf7f7dc54e041df0094d5cdd5c,d96d6dbf7f7dc54e041df0094d5cdd5c,1
1,3,1,64,274e87df190ae1f1b01b294b4a39756e,274e87df190ae1f1b01b294b4a39756e,1
1,3,1,80,f6765b84ff16cef3221fc598999bd586,f6765b84ff16cef3221fc598999bd586,1
1,3,1,96,f10339ad804acf2beb9dd3d9d953821f,f10339ad804acf2beb9dd3d9d953821f,1
1,3,1,112,3e3489af11c4781f45be0f91eb2f47b3,3e3489af11c4781f45be0f91eb2f47b3,1
1,3,1,128,f52b192426d8ee3f9d44a2cb4d157758,f52b192426d8ee3f9d44a2cb4d157758,1
1,3,1,144,60ed7a3178c1f9419c77f98c5aca09f0,60ed7a3178c1f9419c77f98c5aca09f0,1
1,3,1,160,f90bb68e35e7db23fc3a5036a19fd4d0,f90bb68e35e7db23fc3a5036a19fd4d0,1
1,3,1,176,67a27e2a9ef61244b0839f2522fe9c75,67a27e2a9ef61244b0839f2522fe9c75,1
1,3,1,192,8c42aaa83804df96368a29a86f7ced5d,8c42aaa83804df96368a29a86f7ced5d,1
1,3,1,208,5e6e84430e9bfc838f4aaa1e82626140,5e6e84430e9bfc838f4aaa1e82626140,1
1,3,1,224,34ff8e9de9e6d07dfc73ff14fe8a8305,34ff8e9de9e6d07dfc73ff14fe8a8305,1
1,3,1,240,6276a3f1a784c0c1f281b31c1fe50fe7,6276a3f1a784c0c1f281b31c1fe50fe7,1
1,3,1,256,473e7fc9bd530084d07fafc6dc1a8b22,473e7fc9bd530084d07fafc6dc1a8b22,1
1,3,1,272,1e42c3e134ddfaa71296c4c10cb05383,1e42c3e134ddfaa71296c4c10cb05383,1
1,3,1,288,f735986416e3c53f113a1b5ff283db1a,f735986416e3c53f113a1b5ff283db1a,1
1,3,1,304,a656bd297389af20181d3b4dd30c5f00,a656bd297389af20181d3b4dd30c5f00,1
1,3,1,320,021a696a377e2f799d79ed98541a4e99,021a696a377e2f799d79ed98541a4e99,1
1,3,1,336,a395e91d630dc7aaffe688b5f004f611,a395e91d630dc7aaffe688b5f004f611,1
1,3,1,352,01aca65cfbb6114303c7ebb3fb5a5a3e,01aca65cfbb6114303c7ebb3fb5a5a3e,1
1,3,1,368,2b33fd842bab07544092161fbcde9d39,2b33fd842bab07544092161fbcde9d39,1
1,3,1,384,d95c1f5a334e7209cbd179f455f5dc5d,d95c1f5a334e7209cbd179f455f5dc5d,1
1,3,1,400,412060d98f22c8b5cce729ffda1e4ed8,412060d98f22c8b5cce729ffda1e4ed8,1
1,3,1,416,2e57241e45545088cc35c6d428d42395,2e57241e45545088cc35c6d428d42395,1
1,3,1,432,3f35cc94a528b975df10c986bfdbe1eb,3f35cc94a528b975df10c986bfdbe1eb,1
1,3,1,448,c01ccae93e5791086af7d8775e31635d,c01ccae93e5791086af7d8775e31635d,1
1,3,1,464,3ab07205808b3a47019988cfa5dcd302,3ab07205808b3a47019988cfa5dcd302,1
1,3,1,480,26add2a9abc40a92a0f999a3411aae70,26add2a9abc40a92a0f999a3411aae70,1
1,3,1,496,535cef16243e28cbe7f0f7ddf43d6e85,535cef16243e28cbe7f0f7ddf43d6e85,1
1,3,1,512,93ee01f6b9a4c5fd6d50b0092440b714,93ee01f6b9a4c5fd6d50b0092440b714,1
1,3,1,528,7c1fcdd7a08cfffd8e95b6f4238e141b,7c1fcdd7a08cfffd8e95b6f4238e141b,1
1,3,1,544,6fd1090644ee87c84d9176a88fb2b976,6fd1090644ee87c84d9176a88fb2b976,1
1,3,1,560,88229a8fc3f9a7097e971e3ce04461bf,88229a8fc3f9a7097e971e3ce04461bf,1
1,3,1,576,81548434ac6cc25c3d37ce3a4916585c,81548434ac6cc25c3d37ce3a4916585c,1
1,3,1,592,e5b8bb0e67d0db27614c93ccaf16b958,e5b8bb0e67d0db27614c93ccaf16b958,1
1,3,1,608,0839253538a1d7481175befc244379d0,0839253538a1d7481175befc244379d0,1
1,3,1,624,f9c1ae665f38567aef3f2e225f5dcf60,f9c1ae665f38567aef3f2e225f5dcf60,1
1,3,1,640,ec65b306087ba260a124bb17c549225c,ec65b306087ba260a124bb17c549225c,1
1,3,1,656,45cb388474f8dfb45abc1bcba50be09d,45cb388474f8dfb45abc1bcba50be09d,1
1,3,1,672,9f630c8bc4bceee0b54e04055e9c2df8,9f630c8bc4bceee0b54e04055e9c2df8,1
1,3,1,688,120ff69edbb440b3c01e3acca2c8a72c,120ff69edbb440b3c01e3acca2c8a72c,1
1,3,1,704,547553cd84c3d923d31c1525637de3f5,547553cd84c3d923d31c1525637de3f5,1
1,3,1,720,f1b8e4588245436f362e46f282253d20,f1b8e4588245436f362e46f282253d20,1
1,3,1,736,8526f81a84da8e47e3c2b3ade301fce7,8526f81a84da8e47e3c2b3ade301fce7,1
1,3,1,752,5614d679aa3a96c77a24df46a8daae39,5614d679aa3a96c77a24df46a8daae39,1
1,3,2,0,f382c9961d858d4bd09b4a4bf175d2ef,f382c9961d858d4bd09b4a4bf175d2ef,1
1,3,2,16,2676a964d3ab9b18ee74f49ad32a6b70,2676a964d3ab9b18ee74f49ad32a6b70,1
1,3,2,32,84a67082eb345915e31453bb4cce0e74,84a67082eb345915e31453bb4cce0e74,1
1,3,2,48,4e161a1c7ef9bded15c20f9b0b27376b,4e161a1c7ef9bded15c20f9b0b27376b,1
1,3,2,64,b635f52b416a57979b29a187bc22c5af,b635f52b416a57979b29a187bc22c5af,1
1,3,2,80,ec4826df2762c80a9299183385960ca0,ec4826df2762c80a9299183385960ca0,1
1,3,2,96,10d6e3f47eb4353b3cfe831d13c75f84,10d6e3f47eb4353b3cfe831d13c75f84,1
1,3,2,112,145da366ac4a14be93027a3f4a0b148d,145da366ac4a14be93027a3f4a0b148d,1
1,3,2,128,5bf72dc12cb30aac7e69778579901875,5bf72dc12cb30aac7e69778579901875,1
1,3,2,144,f84aa084b19d7b86c162b600d18e38bc,f84aa084b19d7b86c162b600d18e38bc,1
1,3,2,160,05737052334df95ced3c0800c0efad2e,05737052334df95ced3c0800c0efad2e,1
1,3,2,176,2abcf6556a320f0d0f829afa7b850009,2abcf6556a320f0d0f829afa7b850009,1
1,3,2,192,33b9c26539aef4d8d3255a77a2e46e0b,33b9c26539aef4d8d3255a77a2e46e0b,1
1,3,2,208,a1f7c934431fd1343162e216d593218a,a1f7c934431fd1343162e216d593218a,1
1,3,2,224,21fca3c227f662412e8f017ddd3b653a,21fca3c227f662412e8f017ddd3b653a,1
1,3,2,240,224e7415745687b6a8e500a3eb48dbb5,224e7415745687b6a8e500a3eb48dbb5,1
1,3,2,256,65823cedcb67e1a33e3e9cf882c8f454,65823cedcb67e1a33e3e9cf882c8f454,1
1,3,2,272,b55987d8adf89591991657cb1c679e10,b55987d8adf89591991657cb1c679e10,1
1,3,2,288,390ea7b084796698d8c1cf671f95eea1,390ea7b084796698d8c1cf671f95eea1,1
1,3,2,304,6ba7d81d3b2dc101b005541952563d2f,6ba7d81d3b2dc101b005541952563d2f,1
1,3,2,320,c44d195ac3dfaa197857547755bf52d2,c44d195ac3dfaa197857547755bf52d2,1
1,3,2,336,4743d9aae9f92e9eaa4913000fc858a5,4743d9aae9f92e9eaa4913000fc858a5,1
1,3,2,352,ccaca8e1eae269262c2a624b897c34a0,ccaca8e1eae269262c2a624b897c34a0,1
1,3,2,368,22e8a25f344a5457ffd7e222db9509ca,22e8a25f344a5457ffd7e222db9509ca,1
1,3,2,384,8a6cb9433b50bfd0b9e35ac53a4f1d09,8a6cb9433b50bfd0b9e35ac53a4f1d09,1
1,3,2,400,dbfed631ac7d979fa2ec27c7ed043a3d,dbfed631ac7d979fa2ec27c7ed043a3d,1
1,3,2,416,dbc25bb187e921e8735b94975e267e84,dbc25bb187e921e8735b94975e267e84,1
1,3,2,432,ede2ff9f090017c2788a1358375d60de,ede2ff9f090017c2788a1358375d60de,1
1,3,2,448,cc7f526250a3176c30d236c5c3e9dda0,cc7f526250a3176c30d236c5c3e9dda0,1
1,3,2,464,a886e40b5be09e6e16786374263ae484,a886e40b5be09e6e16786374263ae484,1
1,3,2,480,556d250ae1fecbe170eb725365743e8f,556d250ae1fecbe170eb725365743e8f,1
1,3,2,496,aeaa0f32ba4dd8373ebae6cefcc27e48,aeaa0f32ba4dd8373ebae6cefcc27e48,1
1,3,2,512,12a4a8a638f5f65aeb8d0ca7f14aca3a,12a4a8a638f5f65aeb8d0ca7f14aca3a,1
1,3,2,528,77ffff156c4d5bfdc79be97a66e9d228,77ffff156c4d5bfdc79be97a66e9d228,1
1,3,2,544,1426216277393eb863c66a86d3fb03b6,1426216277393eb863c66a86d3fb03b6,1
1,3,2,560,29ad1f909e803bc19548b15a0911531e,29ad1f909e803bc19548b15a0911531e,1
1,3,2,576,9c28986d7e52cef7c05df3931c870d34,9c28986d7e52cef7c05df3931c870d34,1
1,3,2,592,1cd6fba383ce5f3aa3535bab96262ba7,1cd6fba383ce5f3aa3535bab96262ba7,1
1,3,2,608,104d701a54893768a074a6df6e0a4abb,104d701a54893768a074a6df6e0a4abb,1
1,3,2,624,809a05f965d2dc8678d62e4ff6bbe338,809a05f965d2dc8678d62e4ff6bbe338,1
1,3,2,640,f39eae39d63718871b5696b79c18bf77,f39eae39d63718871b5696b79c18bf77,1
1,3,2,656,9d6cac319309957078b87ee51fe49208,9d6cac319309957078b87ee51fe49208,1
1,3,2,672,c07d39e92e7af6952dc7fe2866bf6ea0,c07d39e92e7af6952dc7fe2866bf6ea0,1
1,3,2,688,0050add380b47cfe84b68a1da2346dc3,0050add380b47cfe84b68a1da2346dc3,1
1,3,2,704,a4adfcc19a03145a7956542d58b08078,a4adfcc19a03145a7956542d58b08078,1
1,3,2,720,023faf6ccaf31a8deae2323646453298,023faf6ccaf31a8deae2323646453298,1
1,3,2,736,a1f888e4f757957824366ff089753306,a1f888e4f757957824366ff089753306,1
1,3,2,752,6999cb5229d06d819f81f3b66856c10b,6999cb5229d06d819f81f3b66856c10b,1
1,3,2,768,bab5c87d0db2de5058828c50c0426609,bab5c87d0db2de5058828c50c0426609,1
1,3,3,0,de1fb03baa1dea283517b221d88b1b09,de1fb03baa1dea283517b221d88b1b09,1
1,3,3,16,e2c30d93309e82b3e6a3f7fa5a0be3a9,e2c30d93309e82b3e6a3f7fa5a0be3a9,1
1,3,3,32,3345fbe7af4bd9f8394ac0aadb620312,3345fbe7af4bd9f8394ac0aadb620312,1
1,3,3,48,125229073ff1ceba44bd7fb5088d0cb4,125229073ff1ceba44bd7fb5088d0cb4,1
1,3,3,64,cb658ffb58cce8651bad8f8ac0d32799,cb658ffb58cce8651bad8f8ac0d32799,1
1,3,3,80,bc4285b2418936aa4e3ebac5bdc5b021,bc4285b2418936aa4e3ebac5bdc5b021,1
1,3,3,96,84ba620c045992c4ef136898e7b35e52,84ba620c045992c4ef136898e7b35e52,1
1,3,3,112,e9b1ac0c6ef3cf24c7a60a13dc17d5fd,e9b1ac0c6ef3cf24c7a60a13dc17d5fd,1
1,3,3,128,3248906cc252b98ca2aa805d2c7e450e,3248906cc252b98ca2aa805d2c7e450e,1
1,3,3,144,db0f2f8ad307c38c438005a371eca7f4,db0f2f8ad307c38c438005a371eca7f4,1
1,3,3,160,1ef3e3300161cf99998fcc123ab5f71f,1ef3e3300161cf99998fcc123ab5f71f,1
1,3,3,176,83d39a5c8afa7dacf66bc56e06130389,83d39a5c8afa7dacf66bc56e06130389,1
1,3,3,192,0fb630c86aeabe378b213ff9a966b0fd,0fb630c86aeabe378b213ff9a966b0fd,1
1,3,3,208,7620e3973632b69534d920ffec023e35,7620e3973632b69534d920ffec023e35,1
1,3,3,224,d6a9913538f9e651cbd36ea3b9265b46,d6a9913538f9e651cbd36ea3b9265b46,1
1,3,3,240,d1691e8e92f9b68506c98812eee83a41,d1691e8e92f9b68506c98812eee83a41,1
1,3,3,256,66f103ebe9177aff1fbb7726036605cd,66f103ebe9177aff1fbb7726036605cd,1
1,3,3,272,ed0d365670530265e0d95d891a294ad5,ed0d365670530265e0d95d891a294ad5,1
1,3,3,288,796b92a7ffef168e33dc944407038919,796b92a7ffef168e33dc944407038919,1
1,3,3,304,1b38fea6096a82ccb02b910fb4ad729c,1b38fea6096a82ccb02b910fb4ad729c,1
1,3,3,320,254b9fcbc0812ea354ad24dd2c3fc51b,254b9fcbc0812ea354ad24dd2c3fc51b,1
1,3,3,336,8b783ce34dd9d24ef80f2808ac6a651a,8b783ce34dd9d24ef80f2808ac6a651a,1
1,3,3,352,597ea218b83ea715ffde81d0c6fd1f16,597ea218b83ea715ffde81d0c6fd1f16,1
1,3,3,368,b24606da6dcae6a5bc826571f48148a4,b24606da6dcae6a5bc826571f48148a4,1
1,3,3,384,fe2440c343c3d92c8e44f7a1edb3500b,fe2440c343c3d92c8e44f7a1edb3500b,1
1,3,3,400,660c5051a04e4ab368094afa706f88f1,660c5051a04e4ab368094afa706f88f1,1
1,3,3,416,eef6d53f4fe9e22ce7e6393e19a9f6e4,eef6d53f4fe9e22ce7e6393e19a9f6e4,1
1,3,3,432,623dbd5f2afb3f37a65fbf74ddbf902a,623dbd5f2afb3f37a65fbf74ddbf902a,1
1,3,3,448,77ab30641317a1b7fb5a4ff844046102,77ab30641317a1b7fb5a4ff844046102,1
1,3,3,464,cd7370d0cf9849ca6d0fbcf168ef358a,cd7370d0cf9849ca6d0fbcf168ef358a,1
1,3,3,480,bb2ed1f6fe3251cd43b69cc4036bb185,bb2ed1f6fe3251cd43b69cc4036bb185,1
1,3,3,496,78eb1623a84dc9a8d8de5e717194b3da,78eb1623a84dc9a8d8de5e717194b3da,1
1,3,3,512,129c8253b5603949e261c8a9c9003c1b,129c8253b5603949e261c8a9c9003c1b,1
1,3,3,528,9872b32e2a7a935ed2c103a7061291c6,9872b32e2a7a935ed2c103a7061291c6,1
1,3,3,544,ea1cb27f75056882f74c1a50def4b6ec,ea1cb27f75056882f74c1a50def4b6ec,1
1,3,3,560,ac12dc45d728b2b9d36d75f9dd9a8993,ac12dc45d728b2b9d36d75f9dd9a8993,1
1,3,3,576,a2e7b93094e773a22cebaca747a15754,a2e7b93094e773a22cebaca747a15754,1
1,3,3,592,5428d1490e097af9090eadd6f3d35719,5428d1490e097af9090eadd6f3d35719,1
1,3,3,608,b01701172b32d3d85600cc451633dd61,b01701172b32d3d85600cc451633dd61,1
1,3,3,624,08386692b6573dd7dcabbef020113691,08386692b6573dd7dcabbef020113691,1
1,3,3,640,6fda9da4c3f838dc1a0fa676914004f7,6fda9da4c3f838dc1a0fa676914004f7,1
1,3,3,656,21fd57939ec48c033e32d88110c42fba,21fd57939ec48c033e32d88110c42fba,1
1,3,3,672,cf372c2702282e30511d1357316bf004,cf372c2702282e30511d1357316bf004,1
1,3,3,688,b622423e5bcff5d8ec2d9e96c2a63d14,b622423e5bcff5d8ec2d9e96c2a63d14,1
1,3,3,704,515b21de0d354ce5a13f6ccbca40ac25,515b21de0d354ce5a13f6ccbca40ac25,1
1,3,3,720,0db2b97519d45ddd66f564b9f457da19,0db2b97519d45ddd66f564b9f457da19,1
1,3,3,736,abee2136723e5024f7531a4bcbccfe25,abee2136723e5024f7531a4bcbccfe25,1
1,3,3,752,398e51f62b26e7af802ae96f3d02988a,398e51f62b26e7af802ae96f3d02988a,1
1,3,3,768,2865dda222439b64b1f3f39bd8e5c085,2865dda222439b64b1f3f39bd8e5c085,1
2,0,0,0,c92b9d9666f0d1a6f0c087d5b86f3bf8,c92b9d9666f0d1a6f0c087d5b86f3bf8,1
2,0,0,16,57183c6ca21a3727f0e96cb92bc861d1,57183c6ca21a3727f0e96cb92bc861d1,1
2,0,0,32,78fd4bb36c8d1b351702fa4be06e3dc4,78fd4bb36c8d1b351702fa4be06e3dc4,1
2,0,0,48,459de8f656ad6c25637da31e9a3fa6f4,459de8f656ad6c25637da31e9a3fa6f4,1
2,0,0,64,25dc4cf6c14da0fe947712f4292acfa8,25dc4cf6c14da0fe947712f4292acfa8,1
2,0,0,80,ab214960690431255b91c90c3ed6dac3,ab214960690431255b91c90c3ed6dac3,1
2,0,0,96,f252dcbc94690f1fe0044914fef3dfc2,f252dcbc94690f1fe0044914fef3dfc2,1
2,0,0,112,165ef9a05216cc860497d4580797b916,165ef9a05216cc860497d4580797b916,1
2,0,0,128,a3baf847ac05c9364203b7e2c0ce82b7,a3baf847ac05c9364203b7e2c0ce82b7,1
2,0,0,144,fe0d1f16510fca2640be3b38ef301ba4,fe0d1f16510fca2640be3b38ef301ba4,1
2,0,0,160,382fcb1373579ec4a7699cc94d1ace84,382fcb1373579ec4a7699cc94d1ace84,1
2,0,0,176,c890d45426886c65bdf2bcafbdb867d1,c890d45426886c65bdf2bcafbdb867d1,1
2,0,0,192,2462475299ac147a8674ab2dbbb33228,2462475299ac147a8674ab2dbbb33228,1
2,0,0,208,7c7cd5777ee3fbe6887b41953023d81d,7c7cd5777ee3fbe6887b41953023d81d,1
2,0,0,224,0d0996faa899cbff22c158dd3e1e1eda,0d0996faa899cbff22c158dd3e1e1eda,1
2,0,0,240,1da58dc82516bd83e7fc65947ed1d944,1da58dc82516bd83e7fc65947ed1d944,1
2,0,0,256,8e57c6eebb1eb2f07ed7657029788444,8e57c6eebb1eb2f07ed7657029788444,1
2,0,0,272,d34f94791b13d8b5b119e41d1ffd8c49,d34f94791b13d8b5b119e41d1ffd8c49,1
2,0,0,288,a9578b039c4dcda3b1b772b06ee8b629,a9578b039c4dcda3b1b772b06ee8b629,1
2,0,0,304,47dcf5d7e0eb650f82ab6d04f4488b9f,47dcf5d7e0eb650f82ab6d04f4488b9f,1
2,0,0,320,6c70c379412fce39bb7a4b31605b4f7f,6c70c379412fce39bb7a4b31605b4f7f,1
2,0,0,336,3fe0a9255d5aa2d2b7a58cf0eeab90c9,3fe0a9255d5aa2d2b7a58cf0eeab90c9,1
2,0,0,352,46e1c31811077b451d4f85a99ce1302f,46e1c31811077b451d4f85a99ce1302f,1
2,0,0,368,a145e43b769397afc93278dc6f8894f7,a145e43b769397afc93278dc6f8894f7,1
2,0,0,384,d8909dd03501150b02e2d9b00476121c,d8909dd03501150b02e2d9b00476121c,1
2,0,0,400,78c2f22d16f4be1ac2f0adabe1936843,78c2f22d16f4be1ac2f0adabe1936843,1
2,0,0,416,a06e34aebdb58cee4f79424d008cffb4,a06e34aebdb58cee4f79424d008cffb4,1
2,0,0,432,6d7d988a66ceb742c010063697c4bb9b,6d7d988a66ceb742c010063697c4bb9b,1
2,0,0,448,e2860d369f2c8c213389d34242fcaa27,e2860d369f2c8c213389d34242fcaa27,1
2,0,0,464,3305ee5ff26048d6a4bdde4b8b14f163,3305ee5ff26048d6a4bdde4b8b14f163,1
2,0,0,480,355b18940103cbbc26e3a4a0764aed6b,355b18940103cbbc26e3a4a0764aed6b,1
2,0,0,496,b26c7298a9048eddec0985670f2ef67d,b26c7298a9048eddec0985670f2ef67d,1
2,0,0,512,ceab5287b423d2671a21b05e8ab98f5b,ceab5287b423d2671a21b05e8ab98f5b,1
2,0,0,528,1ceae9c06d8a9dc99b91b70e91bed09e,1ceae9c06d8a9dc99b91b70e91bed09e,1
2,0,0,544,e56e8fd6454b24003e669889fafd0594,e56e8fd6454b24003e669889fafd0594,1
2,0,0,560,ce5f5e9cfc0cb2d0b50afa45125635fc,ce5f5e9cfc0cb2d0b50afa45125635fc,1
2,0,0,576,a946b14d92ac6011c67ec0342ac8afc6,a946b14d92ac6011c67ec0342ac8afc6,1
2,0,0,592,1301f70f703baf9b0d2c080ceabeb801,1301f70f703baf9b0d2c080ceabeb801,1
2,0,0,608,8ca9e48a05a8f48210d869b843cbe722,8ca9e48a05a8f48210d869b843cbe722,1
2,0,0,624,dfae4123a6992f1169815ee91e9fcf08,dfae4123a6992f1169815ee91e9fcf08,1
2,0,0,640,83ed37ed1f22b7dbd5a000926b5a0963,83ed37ed1f22b7dbd5a000926b5a0963,1
2,0,0,656,dbea44e5f480da34e39db270cec29f4a,dbea44e5f480da34e39db270cec29f4a,1
2,0,0,672,4e2d71b68c7e5523f18bd34150eb14e5,4e2d71b68c7e5523f18bd34150eb14e5,1
2,0,0,688,3091d94fbeb0db5138fd1e9b234e1469,3091d94fbeb0db5138fd1e9b234e1469,1
2,0,0,704,30552c2bc3060cbb5d1de034aaa4df1b,30552c2bc3060cbb5d1de034aaa4df1b,1
2,0,0,720,3dbcdbe6f47297834867d5df9707b4ac,3dbcdbe6f47297834867d5df9707b4ac,1
2,0,0,736,4d5eb852221ff072f8aa65c7b7a3c133,4d5eb852221ff072f8aa65c7b7a3c133,1
2,0,0,752,9ba1ddd5a02c6ec69496994153aee3b9,9ba1ddd5a02c6ec69496994153aee3b9,1
2,0,1,0,5d43a742292eb348234a450f4c16f615,5d43a742292eb348234a450f4c16f615,1
2,0,1,16,7ca775f97bbef2b1809bbbd77f08dfda,7ca775f97bbef2b1809bbbd77f08dfda,1
2,0,1,32,6b3a3c2731775d5bb533d5c39b97ad11,6b3a3c2731775d5bb533d5c39b97ad11,1
2,0,1,48,8579a418c429d522298978bf03e93976,8579a418c429d522298978bf03e93976,1
2,0,1,64,6231f304e840e851fb0de55e7cdb9b29,6231f304e840e851fb0de55e7cdb9b29,1
2,0,1,80,eaa2d7a5ccb8cffa8c2ca111ce2b442d,eaa2d7a5ccb8cffa8c2ca111ce2b442d,1
2,0,1,96,9cf2dc5cb3ee7825e654efa42879fcec,9cf2dc5cb3ee7825e654efa42879fcec,1
2,0,1,112,235755be74a6bec833874b2934e9b104,235755be74a6bec833874b2934e9b104,1
2,0,1,128,f147f644ed4060ace656bf8f8f34a715,f147f644ed4060ace656bf8f8f34a715,1
2,0,1,144,0e8cc268100d9ddee011ed960f0d2769,0e8cc268100d9ddee011ed960f0d2769,1
2,0,1,160,f20981486929c13e0bf428c79c3d9ec8,f20981486929c13e0bf428c79c3d9ec8,1
2,0,1,176,dd026199ff1528919550765e9cac2aa4,dd026199ff1528919550765e9cac2aa4,1
2,0,1,192,02d8337678a5eba1f02c12837adf707a,02d8337678a5eba1f02c12837adf707a,1
2,0,1,208,20d471e589fff526e18cf724f1cc9eee,20d471e589fff526e18cf724f1cc9eee,1
2,0,1,224,4568336ce01fcf6bb5955352fa390623,4568336ce01fcf6bb5955352fa390623,1
2,0,1,240,76777865b34ec3b28f05d94dcfbb99df,76777865b34ec3b28f05d94dcfbb99df,1
2,0,1,256,6fc1f3aeca7f793b7f959105bd1f96fe,6fc1f3aeca7f793b7f959105bd1f96fe,1
2,0,1,272,fa84f5e51c7b9e404ea14ca071a86e08,fa84f5e51c7b9e404ea14ca071a86e08,1
2,0,1,288,727539ff43dbc9cb2d195b0a87bb2e2f,727539ff43dbc9cb2d195b0a87bb2e2f,1
2,0,1,304,785ee1ef249d8e5bf4ca08d009567f81,785ee1ef249d8e5bf4ca08d009567f81,1
2,0,1,320,a04ca8e1d70fa91b53cc24ad3d6f546e,a04ca8e1d70fa91b53cc24ad3d6f546e,1
2,0,1,336,7cec7aa9636025d42acaecce88f3d828,7cec7aa9636025d42acaecce88f3d828,1
2,0,1,352,3a8ecc37f8f25ad34d23f789687da4ef,3a8ecc37f8f25ad34d23f789687da4ef,1
2,0,1,368,a42ed8ae3131234a120c4632ba5f069d,a42ed8ae3131234a120c4632ba5f069d,1
2,0,1,384,6b4397a2dc63d14450ba3c6a3a2feb5b,6b4397a2dc63d14450ba3c6a3a2feb5b,1
2,0,1,400,f8c1ff5dafbdae90998e36469bd92dcb,f8c1ff5dafbdae90998e36469bd92dcb,1
2,0,1,416,6d59912ea3bb7672e74e27b9d47d781c,6d59912ea3bb7672e74e27b9d47d781c,1
2,0,1,432,d8dbed48cefa3dae17bc0c75167c9e3c,d8dbed48cefa3dae17bc0c75167c9e3c,1
2,0,1,448,a8e7737b03c5c8d9214f952efbfc4c07,a8e7737b03c5c8d9214f952efbfc4c07,1
2,0,1,464,4c9c3a3631f82d2f1312fe845df57967,4c9c3a3631f82d2f1312fe845df57967,1
2,0,1,480,48fd470ddfb880f39f24ff6a347ca48c,48fd470ddfb880f39f24ff6a347ca48c,1
2,0,1,496,2d3df6216d0b716a4d26d758d411fe41,2d3df6216d0b716a4d26d758d411fe41,1
2,0,1,512,51b15eb42616fff59f92fbf3c54ba932,51b15eb42616fff59f92fbf3c54ba932,1
2,0,1,528,41428cc32824cda5c92030bc8da4480b,41428cc32824cda5c92030bc8da4480b,1
2,0,1,544,a27c1081c6b8963f95e20c2a23cd0396,a27c1081c6b8963f95e20c2a23cd0396,1
2,0,1,560,937a069a123b636047e056ce329cfa40,937a069a123b636047e056ce329cfa40,1
2,0,1,576,2f50e5ffec6ea2ebcc2c0e36edbb095c,2f50e5ffec6ea2ebcc2c0e36edbb095c,1
2,0,1,592,ed351d24189533e778511e12096658f3,ed351d24189533e778511e12096658f3,1
2,0,1,608,bf290d5a2ee468cf74e56792cc60df6a,bf290d5a2ee468cf74e56792cc60df6a,1
2,0,1,624,420b0e2cbdf93e6647decb856133458e,420b0e2cbdf93e6647decb856133458e,1
2,0,1,640,38b35adbd0c9cfbd8d846b92f6d996fa,38b35adbd0c9cfbd8d846b92f6d996fa,1
2,0,1,656,d4dc89f813308b0c96dfc14f8c3d652c,d4dc89f813308b0c96dfc14f8c3d652c,1
2,0,1,672,318404b4f2b3684912647cfe339bf665,318404b4f2b3684912647cfe339bf665,1
2,0,1,688,e528c758ceeab582c8488c1c9572d2ba,e528c758ceeab582c8488c1c9572d2ba,1
2,0,1,704,f9fdac947678100d95495e0291f0fa16,f9fdac947678100d95495e0291f0fa16,1
2,0,1,720,0e2c165bf5a1c9a57cebbe34472e875b,0e2c165bf5a1c9a57cebbe34472e875b,1
2,0,1,736,33972c5b38b34b6170a403c78eec4446,33972c5b38b34b6170a403c78eec4446,1
2,0,1,752,c3d165ecea68076dbc71cf7955a41073,c3d165ecea68076dbc71cf7955a41073,1
2,0,1,768,a50fbb4e8795dc91b7c540c79e703372,a50fbb4e8795dc91b7c540c79e703372,1
2,0,2,0,8db97773ced77a5c2edabf4e0bb6cab3,8db97773ced77a5c2edabf4e0bb6cab3,1
2,0,2,16,a41c1f57e8994acc72612fff3940a658,a41c1f57e8994acc72612fff3940a658,1
2,0,2,32,d79cfa6b3bc56713233f8dd7a9df8b48,d79cfa6b3bc56713233f8dd7a9df8b48,1
2,0,2,48,04b96f439bc585c7fa31845d7bb1214e,04b96f439bc585c7fa31845d7bb1214e,1
2,0,2,64,9553b569daf3d0c2c996d0e13826bb94,9553b569daf3d0c2c996d0e13826bb94,1
2,0,2,80,3d57bc49c4da5e24a725d213f98fef93,3d57bc49c4da5e24a725d213f98fef93,1
2,0,2,96,a3dd0eeb0f8b33adcf8919970609e8bd,a3dd0eeb0f8b33adcf8919970609e8bd,1
2,0,2,112,c20a323834adc2b10ba2b9b979cf27d4,c20a323834adc2b10ba2b9b979cf27d4,1
2,0,2,128,4c85add5834eb02eb634ee5d5a3cf1c5,4c85add5834eb02eb634ee5d5a3cf1c5,1
2,0,2,144,4d209138d6cadd5f7585706d0375ea7c,4d209138d6cadd5f7585706d0375ea7c,1
2,0,2,160,747bc645d885ac59eb5f54e354e8acbb,747bc645d885ac59eb5f54e354e8acbb,1
2,0,2,176,9add2c76497fecd99537aa6e58359db4,9add2c76497fecd99537aa6e58359db4,1
2,0,2,192,91d54b9a6662afaaaef7239990a42c75,91d54b9a6662afaaaef7239990a42c75,1
2,0,2,208,6f439665fb0b7ec8070b0f792ac8fe89,6f439665fb0b7ec8070b0f792ac8fe89,1
2,0,2,224,36f97621ad739a08c0219d2e330c40a5,36f97621ad739a08c0219d2e330c40a5,1
2,0,2,240,9230ce2470c604d92c6d88a222169727,9230ce2470c604d92c6d88a222169727,1
2,0,2,256,82f6223a54a53a5c2aba5ed90b0ca768,82f6223a54a53a5c2aba5ed90b0ca768,1
2,0,2,272,5d655645ab05faf733287c89fcb4194a,5d655645ab05faf733287c89fcb4194a,1
2,0,2,288,f6abc9107f0d5bd0547a649aaaec640e,f6abc9107f0d5bd0547a649aaaec640e,1
2,0,2,304,190ec8db342e327827b1b1d2fc4f6aae,190ec8db342e327827b1b1d2fc4f6aae,1
2,0,2,320,e9e45dd8fa8781e0c66d11a6deb52dd2,e9e45dd8fa8781e0c66d11a6deb52dd2,1
2,0,2,336,d08099f4a006b5a112029c09f03069f5,d08099f4a006b5a112029c09f03069f5,1
2,0,2,352,c3d691b81dc05eafa550480d5f275574,c3d691b81dc05eafa550480d5f275574,1
2,0,2,368,ee872cc0409bef06d7701b9ace54cb17,ee872cc0409bef06d7701b9ace54cb17,1
2,0,2,384,e0ec2f7afb19545aa36903f931a7cd42,e0ec2f7afb19545aa36903f931a7cd42,1
2,0,2,400,be3b4176a07c5e8b4e503d03c1e1e3f0,be3b4176a07c5e8b4e503d03c1e1e3f0,1
2,0,2,416,2f910a1ff6fc1e3d639577a4a28e871a,2f910a1ff6fc1e3d639577a4a28e871a,1
2,0,2,432,21add26f1c5c7013f14ae1d2d9f82314,21add26f1c5c7013f14ae1d2d9f82314,1
2,0,2,448,7439f051db5c7787c4685f70eb9c41fc,7439f051db5c7787c4685f70eb9c41fc,1
2,0,2,464,1e57d1ec3653cde1e966226d61321180,1e57d1ec3653cde1e966226d61321180,1
2,0,2,480,092cb9cc9de3c6781fbfa405fce222fe,092cb9cc9de3c6781fbfa405fce222fe,1
2,0,2,496,1aa565e2f7c3fddf5c655712c5c485dd,1aa565e2f7c3fddf5c655712c5c485dd,1
2,0,2,512,92893264cf9cf4c27d471fd8f83e3dd1,92893264cf9cf4c27d471fd8f83e3dd1,1
2,0,2,528,4ae7d927d2275525ae59f85e2404153a,4ae7d927d2275525ae59f85e2404153a,1
2,0,2,544,567177a5379efb1d7ec0ad8218e60894,567177a5379efb1d7ec0ad8218e60894,1
2,0,2,560,f2fd427a71ea41e96adbb521aba2be36,f2fd427a71ea41e96adbb521aba2be36,1
2,0,2,576,a04d4efa0f6750abbaadf259993ab553,a04d4efa0f6750abbaadf259993ab553,1
2,0,2,592,6f158fa61ab26c03212b0f6146b9249f,6f158fa61ab26c03212b0f6146b9249f,1
2,0,2,608,739f9c069200994e2c444fd74d692853,739f9c069200994e2c444fd74d692853,1
2,0,2,624,7bb4594008a55ae74c7306a221fac00b,7bb4594008a55ae74c7306a221fac00b,1
2,0,2,640,ffc34ff5b94ecdcb61cb268dd875f5d5,ffc34ff5b94ecdcb61cb268dd875f5d5,1
2,0,2,656,b3e65d9a1d234546c3fe66197c63d5b3,b3e65d9a1d234546c3fe66197c63d5b3,1
2,0,2,672,3c34ba71cb17cab8a256cd4835a81d05,3c34ba71cb17cab8a256cd4835a81d05,1
2,0,2,688,58dc6e7b9b5b75385268adf097b544fa,58dc6e7b9b5b75385268adf097b544fa,1
2,0,2,704,69913dfde99180148d916e8fbe97b436,69913dfde99180148d916e8fbe97b436,1
2,0,2,720,84a57a1c628891b839998e9d5a578e5a,84a57a1c628891b839998e9d5a578e5a,1
2,0,2,736,1296e155d8c0b45eb4a2e27130c8b52c,1296e155d8c0b45eb4a2e27130c8b52c,1
2,0,2,752,d3734872d4b2a1d75f6c4f33f5b6f7c5,d3734872d4b2a1d75f6c4f33f5b6f7c5,1
2,0,3,0,dc5a5047d65da2fbd8f6e5779e8ed0a6,dc5a5047d65da2fbd8f6e5779e8ed0a6,1
2,0,3,16,664558656872113b9170fa083757205e,664558656872113b9170fa083757205e,1
2,0,3,32,f3c288a9657dcfd54b78054e25036cb5,f3c288a9657dcfd54b78054e25036cb5,1
2,0,3,48,9037d5ba848010e3dde5e53589f8b7e4,9037d5ba848010e3dde5e53589f8b7e4,1
2,0,3,64,6ad5110707b91001e367d28e1a8cdf0c,6ad5110707b91001e367d28e1a8cdf0c,1
2,0,3,80,fc51e4ed1975022659ba683461be6e24,fc51e4ed1975022659ba683461be6e24,1
2,0,3,96,2d028ad17ef1756d1a76463e891f6f4c,2d028ad17ef1756d1a76463e891f6f4c,1
2,0,3,112,f415f017e29ed1dac9c7eef897770c47,f415f017e29ed1dac9c7eef897770c47,1
2,0,3,128,043e4198ec6bee48d59acd3f13e2df4c,043e4198ec6bee48d59acd3f13e2df4c,1
2,0,3,144,8cc242d7d617ffd6035348fe75c926b2,8cc242d7d617ffd6035348fe75c926b2,1
2,0,3,160,390d80739de1e294ca5ca9961e5333cc,390d80739de1e294ca5ca9961e5333cc,1
2,0,3,176,da43dd69f1293b0f9a84be7c73e9b020,da43dd69f1293b0f9a84be7c73e9b020,1
2,0,3,192,84e89f418ce1c074fa32b2b43f962c3f,84e89f418ce1c074fa32b2b43f962c3f,1
2,0,3,208,32bf78ebd566039fa2c00f19adf32c5c,32bf78ebd566039fa2c00f19adf32c5c,1
2,0,3,224,21700cafcb5e237c6e266624128d54b8,21700cafcb5e237c6e266624128d54b8,1
2,0,3,240,ee9f5289be9b4e7899f663a2c62b8226,ee9f5289be9b4e7899f663a2c62b8226,1
2,0,3,256,20cd940a851cb15957aafd5f9bc65ce3,20cd940a851cb15957aafd5f9bc65ce3,1
2,0,3,272,988599b9fa697f4ec0419b6661157c8f,988599b9fa697f4ec0419b6661157c8f,1
2,0,3,288,4357d89adafca623d5e7bb769875876c,4357d89adafca623d5e7bb769875876c,1
2,0,3,304,569e2687282780092199db8daee17819,569e2687282780092199db8daee17819,1
2,0,3,320,6d14dd625828489efcddfc4c2dfd628c,6d14dd625828489efcddfc4c2dfd628c,1
2,0,3,336,6627c4f83f24b536a8725b7bbd32b8f6,6627c4f83f24b536a8725b7bbd32b8f6,1
2,0,3,352,837eda2fec6eb74f95eb2cc891a23822,837eda2fec6eb74f95eb2cc891a23822,1
2,0,3,368,7650a64e2a1b5e9e6412dafdb9b95c22,7650a64e2a1b5e9e6412dafdb9b95c22,1
2,0,3,384,d9c5fe708dc8cc385f153942d89b3f46,d9c5fe708dc8cc385f153942d89b3f46,1
2,0,3,400,2edae3d4f914821c28d5dc29d4510693,2edae3d4f914821c28d5dc29d4510693,1
2,0,3,416,3d0f67c3f11b99795cd12d06e2f81984,3d0f67c3f11b99795cd12d06e2f81984,1
2,0,3,432,0b85fd2213b4217f70f0c0a26979e96a,0b85fd2213b4217f70f0c0a26979e96a,1
2,0,3,448,b0504fc6273d4c9a2c464087886117c8,b0504fc6273d4c9a2c464087886117c8,1
2,0,3,464,69ac03358fe507438a4c4657e06fec3c,69ac03358fe507438a4c4657e06fec3c,1
2,0,3,480,14f11113cd080d82a56ab96242e1f6fa,14f11113cd080d82a56ab96242e1f6fa,1
2,0,3,496,abfdd5c5f99b0c629aa1d2f35089bc2a,abfdd5c5f99b0c629aa1d2f35089bc2a,1
2,0,3,512,5ea5a3ba206d15375dd8c258bfe9f208,5ea5a3ba206d15375dd8c258bfe9f208,1
2,0,3,528,5f51273f84ce4ab362c5b0f0884eb44d,5f51273f84ce4ab362c5b0f0884eb44d,1
2,0,3,544,59c9fe35ad4f84365b8fd960152fa34d,59c9fe35ad4f84365b8fd960152fa34d,1
2,0,3,560,1c9f09c92dca6354143ce28a6786e00c,1c9f09c92dca6354143ce28a6786e00c,1
2,0,3,576,b5428d76eba1d7de256c17220c327231,b5428d76eba1d7de256c17220c327231,1
2,0,3,592,b7b51bc4d421ec56054198b114e5ebd6,b7b51bc4d421ec56054198b114e5ebd6,1
2,0,3,608,0c1825c304c69b9322608c7e337e50fa,0c1825c304c69b9322608c7e337e50fa,1
2,0,3,624,4e30be63739f444eb5eeaafe444f4a66,4e30be63739f444eb5eeaafe444f4a66,1
2,0,3,640,b6f2a2341dafbd51f0c82c2f9c9cd03a,b6f2a2341dafbd51f0c82c2f9c9cd03a,1
2,0,3,656,ab239fc808ef8d4dbc926f04ce1a6200,ab239fc808ef8d4dbc926f04ce1a6200,1
2,0,3,672,ccbdbcaae9f30510f9c7bea982aae4f0,ccbdbcaae9f30510f9c7bea982aae4f0,1
2,0,3,688,2854178de975a4badced70f4d6564f06,2854178de975a4badced70f4d6564f06,1
2,0,3,704,0a91345b18c43d27e80d30b3c92f2108,0a91345b18c43d27e80d30b3c92f2108,1
2,0,3,720,7df66be309f0f3bc0e6693f3390e12a1,7df66be309f0f3bc0e6693f3390e12a1,1
2,0,3,736,53136e6ab3a04cc564b0354bdc350d04,53136e6ab3a04cc564b0354bdc350d04,1
2,0,3,752,4989cbdf92f90871efa570565f98d817,4989cbdf92f90871efa570565f98d817,1
2,1,0,0,76965061d575657ab714b550ab655c2a,76965061d575657ab714b550ab655c2a,1
2,1,0,16,49e6326d1e84539d9f23c2fa9866610d,49e6326d1e84539d9f23c2fa9866610d,1
2,1,0,32,a0668b4a4431291ed110240b652ead32,a0668b4a4431291ed110240b652ead32,1
2,1,0,48,97bc2d159afe3681f96b8f232733fb25,97bc2d159afe3681f96b8f232733fb25,1
2,1,0,64,892ffe98e6d537da8d3eeab7435cdac5,892ffe98e6d537da8d3eeab7435cdac5,1
2,1,0,80,31250f3bdd31941d112e7389f85412c2,31250f3bdd31941d112e7389f85412c2,1
2,1,0,96,dbbc1e2275815dbb940e39e0d39a2c44,dbbc1e2275815dbb940e39e0d39a2c44,1
2,1,0,112,0aed0d1350dc54104a5b110520c2285d,0aed0d1350dc54104a5b110520c2285d,1
2,1,0,128,83aa52fd24fae71a8b04e2bbfaa99106,83aa52fd24fae71a8b04e2bbfaa99106,1
2,1,0,144,d46b936b9e63910b12ee7614dca99f56,d46b936b9e63910b12ee7614dca99f56,1
2,1,0,160,9962365da1444cd426d1755c900143e9,9962365da1444cd426d1755c900143e9,1
2,1,0,176,625aa15e3c594637fa4609ffcfce5cb4,625aa15e3c594637fa4609ffcfce5cb4,1
2,1,0,192,c38776338e8fba9d6bcc342d64f58471,c38776338e8fba9d6bcc342d64f58471,1
2,1,0,208,4536b42fb9c827ef38d15af77538e129,4536b42fb9c827ef38d15af77538e129,1
2,1,0,224,bbd86e22ca05998b19b9c147e2bb6d0d,bbd86e22ca05998b19b9c147e2bb6d0d,1
2,1,0,240,99ed096acd6b07285e19086b30909688,99ed096acd6b07285e19086b30909688,1
2,1,0,256,f53d7e09bd86a4b4e3917bf86fabaf2c,f53d7e09bd86a4b4e3917bf86fabaf2c,1
2,1,0,272,bf754900921a54d3b46df85a9e9aae49,bf754900921a54d3b46df85a9e9aae49,1
2,1,0,288,d6ff414411e03c08051cfd374d7192ae,d6ff414411e03c08051cfd374d7192ae,1
2,1,0,304,7d7c34c7e6d01c87d517aff72a2a847d,7d7c34c7e6d01c87d517aff72a2a847d,1
2,1,0,320,ea227950d47618279f72cfd5dea01f08,ea227950d47618279f72cfd5dea01f08,1
2,1,0,336,9f6c095f34762c438ba623ed5608cfb6,9f6c095f34762c438ba623ed5608cfb6,1
2,1,0,352,b94e2232fe74edcb1d5ea75a682ce9d8,b94e2232fe74edcb1d5ea75a682ce9d8,1
2,1,0,368,f094d5d87de2be25cdc33a38d0692e63,f094d5d87de2be25cdc33a38d0692e63,1
2,1,0,384,b8718bf5815f2e7bf3563afe53c5e512,b8718bf5815f2e7bf3563afe53c5e512,1
2,1,0,400,8c9c802f72e3f0a0bc21ff1519f43fdd,8c9c802f72e3f0a0bc21ff1519f43fdd,1
2,1,0,416,469ad28062e9f16642a824e999dbd4b8,469ad28062e9f16642a824e999dbd4b8,1
2,1,0,432,b9fe3855c67d7eab7e8be8711aef412e,b9fe3855c67d7eab7e8be8711aef412e,1
2,1,0,448,3e1acfa7384c4e740058bb8f1c37448d,3e1acfa7384c4e740058bb8f1c37448d,1
2,1,0,464,821db90f52073fd435ccd274e40455b9,821db90f52073fd435ccd274e40455b9,1
2,1,0,480,7f03341cde015158b1c66bd859d881df,7f03341cde015158b1c66bd859d881df,1
2,1,0,496,3528976c531be1cff446ba9c33389812,3528976c531be1cff446ba9c33389812,1
2,1,0,512,d69a4c50f0d1ea9b3ea6abc0ffe4948c,d69a4c50f0d1ea9b3ea6abc0ffe4948c,1
2,1,0,528,b70b8d676756deb1545989e327eadb37,b70b8d676756deb1545989e327eadb37,1
2,1,0,544,d586ade6d764c0020d2f70f4f9943b45,d586ade6d764c0020d2f70f4f9943b45,1
2,1,0,560,c8bb7babca3fba3ca3a0f43db8d77f8a,c8bb7babca3fba3ca3a0f43db8d77f8a,1
2,1,0,576,430f1d3dc39af1ccf4cf9083b1aa13c5,430f1d3dc39af1ccf4cf9083b1aa13c5,1
2,1,0,592,1cf54a0cf1726b9f49a528ead4b64730,1cf54a0cf1726b9f49a528ead4b64730,1
2,1,0,608,1e7541b0728a59584d8f3a02772afec5,1e7541b0728a59584d8f3a02772afec5,1
2,1,0,624,312f3baada208d4240bd5f73b86348c6,312f3baada208d4240bd5f73b86348c6,1
2,1,0,640,5fd9f2619ee5dc7d54eda893156285f6,5fd9f2619ee5dc7d54eda893156285f6,1
2,1,0,656,2ea777b94202e92fac45066c7b34c903,2ea777b94202e92fac45066c7b34c903,1
2,1,0,672,f37f38291ca668920a02fb770f4c48a0,f37f38291ca668920a02fb770f4c48a0,1
2,1,0,688,9e1af493ab6b150e573c38ae82942646,9e1af493ab6b150e573c38ae82942646,1
2,1,0,704,94454043ac7d79f33b3c9f2a9a042512,94454043ac7d79f33b3c9f2a9a042512,1
2,1,0,720,cb4dcb35a634859952982e64b91e771e,cb4dcb35a634859952982e64b91e771e,1
2,1,0,736,13f1ed68ea48362c0a44682c719eaaa4,13f1ed68ea48362c0a44682c719eaaa4,1
2,1,0,752,a0344538d1e1f148beb109cd5138d09b,a0344538d1e1f148beb109cd5138d09b,1
2,1,0,768,aefdb538c25d8f80bb49d424041bf1a1,aefdb538c25d8f80bb49d424041bf1a1,1
2,1,1,0,189e4f0675d359b1accf93d77678aeb4,189e4f0675d359b1accf93d77678aeb4,1
2,1,1,16,fe22ce3fa9f9bf43dfed3646e9436221,fe22ce3fa9f9bf43dfed3646e9436221,1
2,1,1,32,850bce22c724956c8cf2d94713169f5d,850bce22c724956c8cf2d94713169f5d,1
2,1,1,48,06c04282802846df685d75ab7f732b14,06c04282802846df685d75ab7f732b14,1
2,1,1,64,df8985eca0459b1c5c73af579df8d88e,df8985eca0459b1c5c73af579df8d88e,1
2,1,1,80,e9344347aff1bbae07a972c6e9761cee,e9344347aff1bbae07a972c6e9761cee,1
2,1,1,96,def2b07725df34db370e976d82ff3569,def2b07725df34db370e976d82ff3569,1
2,1,1,112,30965dce0874a5605652da8a26ff7fc1,30965dce0874a5605652da8a26ff7fc1,1
2,1,1,128,b0c6e3ac4a7ba0e9c1dd9e3a35bb9621,b0c6e3ac4a7ba0e9c1dd9e3a35bb9621,1
2,1,1,144,35fab914314725f83ebe330578c34709,35fab914314725f83ebe330578c34709,1
2,1,1,160,15f885274112031f448f390e0aea222a,15f885274112031f448f390e0aea222a,1
2,1,1,176,7c1efbed5714c73565c2fcc87b4b9db3,7c1efbed5714c73565c2fcc87b4b9db3,1
2,1,1,192,e76074c632f52cdb128e9a7bc6b258f0,e76074c632f52cdb128e9a7bc6b258f0,1
2,1,1,208,b9debcb968d0a6fb9a826e1ca76f2c43,b9debcb968d0a6fb9a826e1ca76f2c43,1
2,1,1,224,dddcac1d3e664485f4d2ccdc2f5e5487,dddcac1d3e664485f4d2ccdc2f5e5487,1
2,1,1,240,34e9920cf1430582f9b3da2c9eb77dc1,34e9920cf1430582f9b3da2c9eb77dc1,1
2,1,1,256,2b76303272493d13cb661dc29e07691a,2b76303272493d13cb661dc29e07691a,1
2,1,1,272,eb2dcb8dd587ae2409f5192d90d32113,eb2dcb8dd587ae2409f5192d90d32113,1
2,1,1,288,7c57a3e58973bd5ecd2faf78544d2970,7c57a3e58973bd5ecd2faf78544d2970,1
2,1,1,304,bd785e5f8632079cf02400455448bba6,bd785e5f8632079cf02400455448bba6,1
2,1,1,320,a26b01e21007cb3e8678ccc9362a1a37,a26b01e21007cb3e8678ccc9362a1a37,1
2,1,1,336,648c08834961de2922b4e691490b87af,648c08834961de2922b4e691490b87af,1
2,1,1,352,31b00255df57225ee63a494f0e1a2c66,31b00255df57225ee63a494f0e1a2c66,1
2,1,1,368,4cb78f64932fbd619c0ed76d671ac70d,4cb78f64932fbd619c0ed76d671ac70d,1
2,1,1,384,1fbc7dc3bc4fbbf923824a02c4c60919,1fbc7dc3bc4fbbf923824a02c4c60919,1
2,1,1,400,85391fd476fed301420a81f2de248cd1,85391fd476fed301420a81f2de248cd1,1
2,1,1,416,cefd021d2f2cce3fdd93e83c51cf9ad7,cefd021d2f2cce3fdd93e83c51cf9ad7,1
2,1,1,432,eaef7a330e097cba8b3de7a72a8d9763,eaef7a330e097cba8b3de7a72a8d9763,1
2,1,1,448,d0286f28237a06e7ca116b2791a008c0,d0286f28237a06e7ca116b2791a008c0,1
2,1,1,464,e1145973ed8d1ef2b0c085770de8fb7e,e1145973ed8d1ef2b0c085770de8fb7e,1
2,1,1,480,07761268b0968fb37dfe9c9af411e4a4,07761268b0968fb37dfe9c9af411e4a4,1
2,1,1,496,efe64ba1b17f9af402f12e7cc36b1127,efe64ba1b17f9af402f12e7cc36b1127,1
2,1,1,512,cc1ff8d6acd54178e464038e4637a6d3,cc1ff8d6acd54178e464038e4637a6d3,1
2,1,1,528,4fb84343cc39f4b3033810b08be652d3,4fb84343cc39f4b3033810b08be652d3,1
2,1,1,544,29ce071b44068a103381ec725586c86c,29ce071b44068a103381ec725586c86c,1
2,1,1,560,807bf5362d635ca75a9eabf0ecbe26a1,807bf5362d635ca75a9eabf0ecbe26a1,1
2,1,1,576,a99b251ed88c7dd65bd6d2e3b6154e20,a99b251ed88c7dd65bd6d2e3b6154e20,1
2,1,1,592,a012debb5cb8c4c49c6dbc7602443313,a012debb5cb8c4c49c6dbc7602443313,1
2,1,1,608,42f950af2441b1f05d27a5108756da75,42f950af2441b1f05d27a5108756da75,1
2,1,1,624,e890f97d70b274f18e87275eea3b3e0a,e890f97d70b274f18e87275eea3b3e0a,1
2,1,1,640,c18b243320a7394f546587d373e7f113,c18b243320a7394f546587d373e7f113,1
2,1,1,656,c9b288230ed44b73190a990a41aa2fbe,c9b288230ed44b73190a990a41aa2fbe,1
2,1,1,672,40dfcbd07e34c0642bf7dc1ce5431cab,40dfcbd07e34c0642bf7dc1ce5431cab,1
2,1,1,688,4c9dad6fb87c04c149d21970f26c1f10,4c9dad6fb87c04c149d21970f26c1f10,1
2,1,1,704,f2adb88015cdfa6ee789eb1507563df8,f2adb88015cdfa6ee789eb1507563df8,1
2,1,1,720,46b78fec0e2f5d6eeb2438ec2b3db65c,46b78fec0e2f5d6eeb2438ec2b3db65c,1
2,1,1,736,5ef224222d448a5c5c11d6bd985223f1,5ef224222d448a5c5c11d6bd985223f1,1
2,1,1,752,1ca1f9924390783505e6c5db5864d36c,1ca1f9924390783505e6c5db5864d36c,1
2,1,2,0,a4aee4b36d01939be58f7f1cd1cd02f3,a4aee4b36d01939be58f7f1cd1cd02f3,1
2,1,2,16,a38dd5f1a557051811d0efbb1a514de5,a38dd5f1a557051811d0efbb1a514de5,1
2,1,2,32,9e7998861741e53210e04cc9e51f14d2,9e7998861741e53210e04cc9e51f14d2,1
2,1,2,48,e1dac87cacae11135decdb13df2366f1,e1dac87cacae11135decdb13df2366f1,1
2,1,2,64,c8ab1c254b57f17cba38aa64912f2bc4,c8ab1c254b57f17cba38aa64912f2bc4,1
2,1,2,80,df8793a8ddeb0714b6418c443bdc1514,df8793a8ddeb0714b6418c443bdc1514,1
2,1,2,96,786c8a39dda1e8af6dd0a50cc647e57f,786c8a39dda1e8af6dd0a50cc647e57f,1
2,1,2,112,05a4b7c9f56feb66b2e107986aeabb6d,05a4b7c9f56feb66b2e107986aeabb6d,1
2,1,2,128,ea65b6c33911cca8cc325f3af6762f68,ea65b6c33911cca8cc325f3af6762f68,1
2,1,2,144,2f67ef9e0cb5458a4af01c5188cf0d59,2f67ef9e0cb5458a4af01c5188cf0d59,1
2,1,2,160,059a54ae9dbe63bf32b6c8d89405500b,059a54ae9dbe63bf32b6c8d89405500b,1
2,1,2,176,e56a45e69f756e822513d59bcb7c0d6f,e56a45e69f756e822513d59bcb7c0d6f,1
2,1,2,192,940f51d59bc895c28f7d5c118f4e4d37,940f51d59bc895c28f7d5c118f4e4d37,1
2,1,2,208,f8fce8150967cf4843f7697e494fd760,f8fce8150967cf4843f7697e494fd760,1
2,1,2,224,9d959085f8f2d2dbacb0bc4f52472979,9d959085f8f2d2dbacb0bc4f52472979,1
2,1,2,240,c98c8081305264441b3a7548629924c8,c98c8081305264441b3a7548629924c8,1
2,1,2,256,136b4f50970f46123718247dc6fd4a6b,136b4f50970f46123718247dc6fd4a6b,1
2,1,2,272,ce7b6ca6d239302a9e4ff966f6b1bdbb,ce7b6ca6d239302a9e4ff966f6b1bdbb,1
2,1,2,288,1291290399896cdb6fbd4cba5ca5e4b7,1291290399896cdb6fbd4cba5ca5e4b7,1
2,1,2,304,cbff7176bcbedc373afc070b314f25e2,cbff7176bcbedc373afc070b314f25e2,1
2,1,2,320,d76b94ce7553bbc872c1a43477c2d93e,d76b94ce7553bbc872c1a43477c2d93e,1
2,1,2,336,4dd00ef97d6117c3f4ec6a6548898ad0,4dd00ef97d6117c3f4ec6a6548898ad0,1
2,1,2,352,fa7ddd2df0828a63f74849ba967db2c9,fa7ddd2df0828a63f74849ba967db2c9,1
2,1,2,368,722e3c4c739412100df99da54b48454b,722e3c4c739412100df99da54b48454b,1
2,1,2,384,aa82f1fd836cbb035b95f37dd33e17eb,aa82f1fd836cbb035b95f37dd33e17eb,1
2,1,2,400,453cca938b3d752bf7ef98deaac6b900,453cca938b3d752bf7ef98deaac6b900,1
2,1,2,416,8330b48edfd5dbbd940cb1d50aa02d07,8330b48edfd5dbbd940cb1d50aa02d07,1
2,1,2,432,3ee6cfb610f12faf6a90e6468e969bab,3ee6cfb610f12faf6a90e6468e969bab,1
2,1,2,448,4acbf7d0483641de0c3a8a2843caa01e,4acbf7d0483641de0c3a8a2843caa01e,1
2,1,2,464,bc5d64aed32ca45aa4ee366e0bbd4714,bc5d64aed32ca45aa4ee366e0bbd4714,1
2,1,2,480,e7ef76712d45bec8377c424f25c273d3,e7ef76712d45bec8377c424f25c273d3,1
2,1,2,496,d47f5c2bef07244f46e93bafe68419fe,d47f5c2bef07244f46e93bafe68419fe,1
2,1,2,512,352ba70be219b9680fdbcba231dcbea5,352ba70be219b9680fdbcba231dcbea5,1
2,1,2,528,4073e1d0d5429ac2d688855571494084,4073e1d0d5429ac2d688855571494084,1
2,1,2,544,39120da3f79cc91b7e7f88d3181e92f8,39120da3f79cc91b7e7f88d3181e92f8,1
2,1,2,560,42b44cef91cf23722f4f8e369ecc173a,42b44cef91cf23722f4f8e369ecc173a,1
2,1,2,576,be333f390e2fc6766651ec8a5e0becd5,be333f390e2fc6766651ec8a5e0becd5,1
2,1,2,592,1620b71e5f4dd9582ad6f82d523dc2b2,1620b71e5f4dd9582ad6f82d523dc2b2,1
2,1,2,608,d66533f507259f2019ce09b3efd64048,d66533f507259f2019ce09b3efd64048,1
2,1,2,624,7c15a36ea79a894f72be8968050b30c3,7c15a36ea79a894f72be8968050b30c3,1
2,1,2,640,e3c784fd600bfb73680e5de6252cae3e,e3c784fd600bfb73680e5de6252cae3e,1
2,1,2,656,ad497584ed3164640cbdd5ce9888012c,ad497584ed3164640cbdd5ce9888012c,1
2,1,2,672,88fad298a6475401b9b3321bebe87774,88fad298a6475401b9b3321bebe87774,1
2,1,2,688,cd739beb0a63a942e5b6d5d66cc8e4e2,cd739beb0a63a942e5b6d5d66cc8e4e2,1
2,1,2,704,408eee3212603872b7321a0fd026efc2,408eee3212603872b7321a0fd026efc2,1
2,1,2,720,0d808eb36c06b3bf49efa62bdff98693,0d808eb36c06b3bf49efa62bdff98693,1
2,1,2,736,548a07c244ef81e725ee38480c897fa0,548a07c244ef81e725ee38480c897fa0,1
2,1,2,752,6dcc5e77cb86cc35dd59d75510741391,6dcc5e77cb86cc35dd59d75510741391,1
2,1,3,0,7241c296ebaf33e8fdd7589998037de8,7241c296ebaf33e8fdd7589998037de8,1
2,1,3,16,5d808b7d09a3a41461963f76d33f54da,5d808b7d09a3a41461963f76d33f54da,1
2,1,3,32,a2fb3a05914867fffbd1922dd661c285,a2fb3a05914867fffbd1922dd661c285,1
2,1,3,48,c7d871e0f25667f3860152cf83c645bc,c7d871e0f25667f3860152cf83c645bc,1
2,1,3,64,b9796ded3e5e1d6c363e1e0de33fa28e,b9796ded3e5e1d6c363e1e0de33fa28e,1
2,1,3,80,e69c8f4b8a5ebe48c619f66abcfef8b3,e69c8f4b8a5ebe48c619f66abcfef8b3,1
2,1,3,96,eb8aaecccea01e906bdc98edc3f5987b,eb8aaecccea01e906bdc98edc3f5987b,1
2,1,3,112,cc935daad1cc3419aad8263325de0165,cc935daad1cc3419aad8263325de0165,1
2,1,3,128,5480f2f43772ad9ce54fccdcc8d420f1,5480f2f43772ad9ce54fccdcc8d420f1,1
2,1,3,144,ffc0b06ab0df4f8aaaa64e225c34258f,ffc0b06ab0df4f8aaaa64e225c34258f,1
2,1,3,160,5a33511b3cced6cd77dd3c4b3e22153c,5a33511b3cced6cd77dd3c4b3e22153c,1
2,1,3,176,5717f3f494821fb4ca25c56fda4179ae,5717f3f494821fb4ca25c56fda4179ae,1
2,1,3,192,321571ba0cbef07ae7138782a57bdde3,321571ba0cbef07ae7138782a57bdde3,1
2,1,3,208,5e22bf0a08c152ef3f8720881551d0f1,5e22bf0a08c152ef3f8720881551d0f1,1
2,1,3,224,356b7f58b6a9914f20913ba139b516ae,356b7f58b6a9914f20913ba139b516ae,1
2,1,3,240,8fc9669c7cba913459fa99721e932f45,8fc9669c7cba913459fa99721e932f45,1
2,1,3,256,16d65cb740746ae66f41c7d1d1e25200,16d65cb740746ae66f41c7d1d1e25200,1
2,1,3,272,0946db38785f1843ad0bbf09a11821b9,0946db38785f1843ad0bbf09a11821b9,1
2,1,3,288,4c7202245ffc1605bbaa87a14f15ba25,4c7202245ffc1605bbaa87a14f15ba25,1
2,1,3,304,a43276d00d00f89b7e399010956faacd,a43276d00d00f89b7e399010956faacd,1
2,1,3,320,b8fd268822ae217357107635ecc442a6,b8fd268822ae217357107635ecc442a6,1
2,1,3,336,aaf57ca11dfba7ef78733addf51374ce,aaf57ca11dfba7ef78733addf51374ce,1
2,1,3,352,f9781c8fad92022335340add2ccc11ff,f9781c8fad92022335340add2ccc11ff,1
2,1,3,368,051cb891e7926002e0343e2665b709dc,051cb891e7926002e0343e2665b709dc,1
2,1,3,384,e952a86ac8f6fa1f869b1ceeaf11a2e6,e952a86ac8f6fa1f869b1ceeaf11a2e6,1
2,1,3,400,761f298adf7cd48089330ee899300152,761f298adf7cd48089330ee899300152,1
2,1,3,416,378a746f85a5bf3f81b0f9ca53ccfa81,378a746f85a5bf3f81b0f9ca53ccfa81,1
2,1,3,432,8ec97021424849d855716ad5b2a8e04c,8ec97021424849d855716ad5b2a8e04c,1
2,1,3,448,2d916630418df45bcd7960faec9c456c,2d916630418df45bcd7960faec9c456c,1
2,1,3,464,dad3bf3f062cca15ee45997716ba186c,dad3bf3f062cca15ee45997716ba186c,1
2,1,3,480,01c36209afd13dd3bdc9798eca39c573,01c36209afd13dd3bdc9798eca39c573,1
2,1,3,496,e7d97294cda15206885dd8a19a6ba68a,e7d97294cda15206885dd8a19a6ba68a,1
2,1,3,512,033f933338038592eb428489f8630790,033f933338038592eb428489f8630790,1
2,1,3,528,367117ac0e5dc21d8b30937edf7e30be,367117ac0e5dc21d8b30937edf7e30be,1
2,1,3,544,7d14df41bf3ce976f50434118f3b249f,7d14df41bf3ce976f50434118f3b249f,1
2,1,3,560,7f28647cc4fc898209e43601cde10bfe,7f28647cc4fc898209e43601cde10bfe,1
2,1,3,576,5c7b467a893b227b63f4f4177a4ae58d,5c7b467a893b227b63f4f4177a4ae58d,1
2,1,3,592,12032a4fe4e0d5c7cde9d91de7f7303b,12032a4fe4e0d5c7cde9d91de7f7303b,1
2,1,3,608,7c4468d36f32287084726205c0e356c6,7c4468d36f32287084726205c0e356c6,1
2,1,3,624,75236268c3d6f4a12ac894621e188a93,75236268c3d6f4a12ac894621e188a93,1
2,1,3,640,71034ad7439ca8f11d11b7905c8cb4ec,71034ad7439ca8f11d11b7905c8cb4ec,1
2,1,3,656,b28670ddc4cc063952ecb53ac8594074,b28670ddc4cc063952ecb53ac8594074,1
2,1,3,672,852f564dc4184d666f4c62be4d16d3b2,852f564dc4184d666f4c62be4d16d3b2,1
2,1,3,688,c4cb59333c5e245225a573a0af2bda00,c4cb59333c5e245225a573a0af2bda00,1
2,1,3,704,5597a214fc65e21d5edcefe13c5a097d,5597a214fc65e21d5edcefe13c5a097d,1
2,1,3,720,4eb26a3384cea139026a6be63de77892,4eb26a3384cea139026a6be63de77892,1
2,1,3,736,7abed60f9a09a48bdef78d9c4e3ff1c7,7abed60f9a09a48bdef78d9c4e3ff1c7,1
2,1,3,752,58dd8df5dc2f92c206fd778988a7d05e,58dd8df5dc2f92c206fd778988a7d05e,1
2,2,0,0,28cb4f22bddc7cb4fb78fe90a47aba70,28cb4f22bddc7cb4fb78fe90a47aba70,1
2,2,0,16,89aee79a30c3a59fe588b3a09d72fba5,89aee79a30c3a59fe588b3a09d72fba5,1
2,2,0,32,7cba420f8be0228e883ebc34d2bf6ca3,7cba420f8be0228e883ebc34d2bf6ca3,1
2,2,0,48,995205be8cfc04a29dcb5b170fabcad6,995205be8cfc04a29dcb5b170fabcad6,1
2,2,0,64,f30e6f196f5f490582114146f97630f2,f30e6f196f5f490582114146f97630f2,1
2,2,0,80,2c9ee74efca3fb25f72c794f5b5294a8,2c9ee74efca3fb25f72c794f5b5294a8,1
2,2,0,96,0eb49220964498caa946dc743caf4f0d,0eb49220964498caa946dc743caf4f0d,1
2,2,0,112,52ab914c8c2d8e963dc5be0a95de5af9,52ab914c8c2d8e963dc5be0a95de5af9,1
2,2,0,128,3cfd381217e3157853595a4dc57ad5d2,3cfd381217e3157853595a4dc57ad5d2,1
2,2,0,144,26d3e570c9a87ab2fb12bf76134965a6,26d3e570c9a87ab2fb12bf76134965a6,1
2,2,0,160,0930eea16605c1c3d982972ace8790e7,0930eea16605c1c3d982972ace8790e7,1
2,2,0,176,8829bea50ac75ead167ca278b3cbba11,8829bea50ac75ead167ca278b3cbba11,1
2,2,0,192,852de498a34be9f496c1effa297a05f6,852de498a34be9f496c1effa297a05f6,1
2,2,0,208,c5b5b4f34dc796345afc922b7a98a491,c5b5b4f34dc796345afc922b7a98a491,1
2,2,0,224,7d231638b71cdb1fb38021d6e3213fcf,7d231638b71cdb1fb38021d6e3213fcf,1
2,2,0,240,bc9ed646e306d57b004b446042080d00,bc9ed646e306d57b004b446042080d00,1
2,2,0,256,cab13717ef9508b841608a6b0b8825dc,cab13717ef9508b841608a6b0b8825dc,1
2,2,0,272,8edef9f04840be44bc0d035090028ff6,8edef9f04840be44bc0d035090028ff6,1
2,2,0,288,bc0933c9765ec39aaaa2dcca05406760,bc0933c9765ec39aaaa2dcca05406760,1
2,2,0,304,841be6b43efddf98827f0f7e0621c338,841be6b43efddf98827f0f7e0621c338,1
2,2,0,320,fff5af0d8b2fcf3d9610cf3bb8b2e950,fff5af0d8b2fcf3d9610cf3bb8b2e950,1
2,2,0,336,78b1269a9aec0c7eb5b986ec95e76426,78b1269a9aec0c7eb5b986ec95e76426,1
2,2,0,352,57b4dbf7de125ff1e0fddca50d640f4d,57b4dbf7de125ff1e0fddca50d640f4d,1
2,2,0,368,d819f9e9e3dec3c4d53376a9b9934ffe,d819f9e9e3dec3c4d53376a9b9934ffe,1
2,2,0,384,96f9457be180a5c72571f51d5a12b272,96f9457be180a5c72571f51d5a12b272,1
2,2,0,400,6ba6e813a0fa62b39152ae32a6483d8f,6ba6e813a0fa62b39152ae32a6483d8f,1
2,2,0,416,0fecc4a02771bb0263b029182fc49d3c,0fecc4a02771bb0263b029182fc49d3c,1
2,2,0,432,17e63c1db7c84d733b0b3585889c91e8,17e63c1db7c84d733b0b3585889c91e8,1
2,2,0,448,9d164a736b89140d75f40e573269e8f1,9d164a736b89140d75f40e573269e8f1,1
2,2,0,464,b0bdf9b435555cfdbded616d34e465da,b0bdf9b435555cfdbded616d34e465da,1
2,2,0,480,4a2c86da07093e86c56178fbff1470d7,4a2c86da07093e86c56178fbff1470d7,1
2,2,0,496,e3e1e1af72ca611e4ff51aee22e68f42,e3e1e1af72ca611e4ff51aee22e68f42,1
2,2,0,512,e17d705307fb64f76002647bb9c81e12,e17d705307fb64f76002647bb9c81e12,1
2,2,0,528,0ed9ec09a402fd2fce92dd3618763e91,0ed9ec09a402fd2fce92dd3618763e91,1
2,2,0,544,b2fe48a7b61f1fcf515aefe45bee0dd1,b2fe48a7b61f1fcf515aefe45bee0dd1,1
2,2,0,560,477ac73a1d25d660e3c592e1b7e13482,477ac73a1d25d660e3c592e1b7e13482,1
2,2,0,576,5606a3dc78b94a57ace420ea10f75d0a,5606a3dc78b94a57ace420ea10f75d0a,1
2,2,0,592,b0def484788d9a9ba0e6a60a9e961e04,b0def484788d9a9ba0e6a60a9e961e04,1
2,2,0,608,8df1de88519f20de2dd9fee4cf86a003,8df1de88519f20de2dd9fee4cf86a003,1
2,2,0,624,71c099679bcbc56892791fd90067c5a0,71c099679bcbc56892791fd90067c5a0,1
2,2,0,640,a4215201663537ee800b04f4fe0372d0,a4215201663537ee800b04f4fe0372d0,1
2,2,0,656,2f4812206ae1575dc7e8da6b019f5fbf,2f4812206ae1575dc7e8da6b019f5fbf,1
2,2,0,672,498f7faa083efd599e2255581e0d49c9,498f7faa083efd599e2255581e0d49c9,1
2,2,0,688,7b7c3c27072eb643a1b3716ccccd0d93,7b7c3c27072eb643a1b3716ccccd0d93,1
2,2,0,704,6ccd45ea533526fb50635c41a910a0a8,6ccd45ea533526fb50635c41a910a0a8,1
2,2,0,720,589c8b202eca291e06f7830ddd188e71,589c8b202eca291e06f7830ddd188e71,1
2,2,0,736,c457eccb1581a93e854aaf5f097cbafa,c457eccb1581a93e854aaf5f097cbafa,1
2,2,0,752,77030accd91b58585f490d4b50002060,77030accd91b58585f490d4b50002060,1
2,2,0,768,41f0e8134f859d0f4fa8c11e6364ee1d,41f0e8134f859d0f4fa8c11e6364ee1d,1
2,2,1,0,3e61e87ed27bd6ec7f899efa37253d27,3e61e87ed27bd6ec7f899efa37253d27,1
2,2,1,16,5e909550931203c6834af854ef2ce2c9,5e909550931203c6834af854ef2ce2c9,1
2,2,1,32,b1dfd994857f5dd9066a4ae98bf4b532,b1dfd994857f5dd9066a4ae98bf4b532,1
2,2,1,48,ac4ffaac5ac179e435d3a03892248e97,ac4ffaac5ac179e435d3a03892248e97,1
2,2,1,64,698486edd9ecca6905af40a82f0d08b0,698486edd9ecca6905af40a82f0d08b0,1
2,2,1,80,119ad6df3f32b597b099545bea4974aa,119ad6df3f32b597b099545bea4974aa,1
2,2,1,96,9daad032d8f49f1580896d7917f4496c,9daad032d8f49f1580896d7917f4496c,1
2,2,1,112,eac8d2a898dce18d959af6e569fc0c4d,eac8d2a898dce18d959af6e569fc0c4d,1
2,2,1,128,5275fd38f99ddcafbb99972f22abb3b2,5275fd38f99ddcafbb99972f22abb3b2,1
2,2,1,144,3fb1292d69e8e1c06198ae1b69e56a93,3fb1292d69e8e1c06198ae1b69e56a93,1
2,2,1,160,b54740b81db04166fbf7e09b4c600b28,b54740b81db04166fbf7e09b4c600b28,1
2,2,1,176,c3f3d01a3b185ecc4fa64c8a12b09c19,c3f3d01a3b185ecc4fa64c8a12b09c19,1
2,2,1,192,804ea5c1151f55a106774acf3dfa5844,804ea5c1151f55a106774acf3dfa5844,1
2,2,1,208,4fe3fd6cba7f8096fed0dde810781520,4fe3fd6cba7f8096fed0dde810781520,1
2,2,1,224,b32f7d317672ecfc7f68d5629967d80a,b32f7d317672ecfc7f68d5629967d80a,1
2,2,1,240,0b7aa2f562b18d1cdba5b800727f77e1,0b7aa2f562b18d1cdba5b800727f77e1,1
2,2,1,256,2b86c88794727d798746f1d5a4ff6367,2b86c88794727d798746f1d5a4ff6367,1
2,2,1,272,caca5037386d0f950a8e4331722a56a5,caca5037386d0f950a8e4331722a56a5,1
2,2,1,288,4d0049a577dc86c473409eee21294f8a,4d0049a577dc86c473409eee21294f8a,1
2,2,1,304,8402a5c7b09810bf6eaa29fbb55d8d8d,8402a5c7b09810bf6eaa29fbb55d8d8d,1
2,2,1,320,8367e7284da707e4db91557965cdb42b,8367e7284da707e4db91557965cdb42b,1
2,2,1,336,2d63e6277594ac4c10ad65f3b4aa9ecc,2d63e6277594ac4c10ad65f3b4aa9ecc,1
2,2,1,352,a6162d48529f568c09b3cecdcf9d8f27,a6162d48529f568c09b3cecdcf9d8f27,1
2,2,1,368,ba10b086c53fea80513ad3bcc582be58,ba10b086c53fea80513ad3bcc582be58,1
2,2,1,384,91b7072dc7f2e24af6dcbbd4e2129366,91b7072dc7f2e24af6dcbbd4e2129366,1
2,2,1,400,919f20b9dfc82336fcd27511a323ed62,919f20b9dfc82336fcd27511a323ed62,1
2,2,1,416,f1f0895cc0ebd5bad8d864aa1bf08220,f1f0895cc0ebd5bad8d864aa1bf08220,1
2,2,1,432,624bafbcffd72c23a6134ccc20772b72,624bafbcffd72c23a6134ccc20772b72,1
2,2,1,448,959238169e989d316130e40c9c9121cc,959238169e989d316130e40c9c9121cc,1
2,2,1,464,9e90610349aee55cfc1b4bec606307e6,9e90610349aee55cfc1b4bec606307e6,1
2,2,1,480,25782db6d594d1f15d15d52f46d7f7d1,25782db6d594d1f15d15d52f46d7f7d1,1
2,2,1,496,43b0945e56187762466291b526754d5f,43b0945e56187762466291b526754d5f,1
2,2,1,512,93fc669b00ec3f40e7ae3fa7f9a272f3,93fc669b00ec3f40e7ae3fa7f9a272f3,1
2,2,1,528,2db02c13853d45e015c12b6ad49deb53,2db02c13853d45e015c12b6ad49deb53,1
2,2,1,544,984173c8d4ce9106962a9ec394a15253,984173c8d4ce9106962a9ec394a15253,1
2,2,1,560,275e08a063cacb213f7263f310e6bd30,275e08a063cacb213f7263f310e6bd30,1
2,2,1,576,5a1419c580ec1b0c321de154ed3a6583,5a1419c580ec1b0c321de154ed3a6583,1
2,2,1,592,29791743368cdf6cfa91686236522b77,29791743368cdf6cfa91686236522b77,1
2,2,1,608,485e5195913ffc80b73a6714148cdfa1,485e5195913ffc80b73a6714148cdfa1,1
2,2,1,624,f4bf96dfc574b0020e6f19487b395fcf,f4bf96dfc574b0020e6f19487b395fcf,1
2,2,1,640,b790a8f0718c57f222675fcaf2262cfb,b790a8f0718c57f222675fcaf2262cfb,1
2,2,1,656,6af59036050a4c8c15a1d543bf0c07e2,6af59036050a4c8c15a1d543bf0c07e2,1
2,2,1,672,cbe0a81ae553f16dadb8ef9ace80d3ff,cbe0a81ae553f16dadb8ef9ace80d3ff,1
2,2,1,688,778c107e5dbbddda59901df7bbb8c5ae,778c107e5dbbddda59901df7bbb8c5ae,1
2,2,1,704,91c1ea62710b153d6dca0819db7152e5,91c1ea62710b153d6dca0819db7152e5,1
2,2,1,720,6f9894151122c606a79c88d2714025ed,6f9894151122c606a79c88d2714025ed,1
2,2,1,736,e071c64d17ae6f451a9c3bb613c92823,e071c64d17ae6f451a9c3bb613c92823,1
2,2,1,752,1a3fb32f0d2ed1d4ca67bdef908f55df,1a3fb32f0d2ed1d4ca67bdef908f55df,1
2,2,2,0,daa1f08ed38d0a231109511545e04dbe,daa1f08ed38d0a231109511545e04dbe,1
2,2,2,16,10332f90df5ffc5e7f0f97aabc00aca7,10332f90df5ffc5e7f0f97aabc00aca7,1
2,2,2,32,bf616d8f4ccc5b44cf98b6de68a2a0d9,bf616d8f4ccc5b44cf98b6de68a2a0d9,1
2,2,2,48,20da3d96fc0d4bf75f987692ec9a3ea9,20da3d96fc0d4bf75f987692ec9a3ea9,1
2,2,2,64,7a15f6571a300d2e7a96c9a1dafaedc0,7a15f6571a300d2e7a96c9a1dafaedc0,1
2,2,2,80,928c4e325f2cdae12c82834a946ab4a1,928c4e325f2cdae12c82834a946ab4a1,1
2,2,2,96,e13555fb05095d081c73d2b84e224a80,e13555fb05095d081c73d2b84e224a80,1
2,2,2,112,01cc112f9ebdc8fb36cd701009d6aea4,01cc112f9ebdc8fb36cd701009d6aea4,1
2,2,2,128,6241f96bb081e6340e1ebdb273aea612,6241f96bb081e6340e1ebdb273aea612,1
2,2,2,144,e98d89b614ec5f48c93c0efdf07a7a8d,e98d89b614ec5f48c93c0efdf07a7a8d,1
2,2,2,160,67d7bffeedd925c411eebafbf881e05f,67d7bffeedd925c411eebafbf881e05f,1
2,2,2,176,27d75104b3c96c8378e3716dffe5d9dd,27d75104b3c96c8378e3716dffe5d9dd,1
2,2,2,192,b057065cba3a791b379a782b854330a6,b057065cba3a791b379a782b854330a6,1
2,2,2,208,1d35cec60db708d0321c28e81af8b012,1d35cec60db708d0321c28e81af8b012,1
2,2,2,224,837b6b6b89d0e63c391a1e3bc2f70eb2,837b6b6b89d0e63c391a1e3bc2f70eb2,1
2,2,2,240,9cc24ce72160701324934facdbda4e61,9cc24ce72160701324934facdbda4e61,1
2,2,2,256,6ae8504020f88c1892cb3b49addd2188,6ae8504020f88c1892cb3b49addd2188,1
2,2,2,272,ad6a4a35eae55ccb4444eb1959e8969c,ad6a4a35eae55ccb4444eb1959e8969c,1
2,2,2,288,13dc23ff7da10a72d3a1434715bb2f6b,13dc23ff7da10a72d3a1434715bb2f6b,1
2,2,2,304,988c6dff90e5809869d678e4a41ff5c5,988c6dff90e5809869d678e4a41ff5c5,1
2,2,2,320,0efac48d244c2dd83fa2e74abe819d07,0efac48d244c2dd83fa2e74abe819d07,1
2,2,2,336,b6e0c5b7cda0a91046497d3ca064cdff,b6e0c5b7cda0a91046497d3ca064cdff,1
2,2,2,352,1e0761a544c52f4b3ac21e3ee71f4471,1e0761a544c52f4b3ac21e3ee71f4471,1
2,2,2,368,6b849d80427738def2b3d3e85aab92f2,6b849d80427738def2b3d3e85aab92f2,1
2,2,2,384,6bbd2f818f98c364f4c8f28c4f296db3,6bbd2f818f98c364f4c8f28c4f296db3,1
2,2,2,400,0082a4bed1102275203bc2a1e46223af,0082a4bed1102275203bc2a1e46223af,1
2,2,2,416,165fd4cdf9761c973218b7d0d758d20e,165fd4cdf9761c973218b7d0d758d20e,1
2,2,2,432,67c654aa802b1d7b0acc0bf195a0e222,67c654aa802b1d7b0acc0bf195a0e222,1
2,2,2,448,ff14eea4d3ef6625dabd02ae12059c6c,ff14eea4d3ef6625dabd02ae12059c6c,1
2,2,2,464,c12c61641995ef637b2a826c5eb387e3,c12c61641995ef637b2a826c5eb387e3,1
2,2,2,480,bf8f37fde5f9c9ebbbaa249271331bc6,bf8f37fde5f9c9ebbbaa249271331bc6,1
2,2,2,496,0a686b9f77d270b824a21fa015cac4e4,0a686b9f77d270b824a21fa015cac4e4,1
2,2,2,512,126bac301e12bcf030df8374573a4d75,126bac301e12bcf030df8374573a4d75,1
2,2,2,528,d0c0a7e22a310e4e3372855251b12cfd,d0c0a7e22a310e4e3372855251b12cfd,1
2,2,2,544,e67a17bfee20d0c8933a17d76cf0c792,e67a17bfee20d0c8933a17d76cf0c792,1
2,2,2,560,aaec15a46cea8ed0cb6369817c452ed5,aaec15a46cea8ed0cb6369817c452ed5,1
2,2,2,576,577c02e097df90c4b48bc705c6fbf8b3,577c02e097df90c4b48bc705c6fbf8b3,1
2,2,2,592,c9a70b8fedcb2ad0e6e736903ab82d6d,c9a70b8fedcb2ad0e6e736903ab82d6d,1
2,2,2,608,ae855aee7f1fa3da42005c2757098500,ae855aee7f1fa3da42005c2757098500,1
2,2,2,624,38fd245371fd959e60ed8a4679a98bbe,38fd245371fd959e60ed8a4679a98bbe,1
2,2,2,640,9709308af258f36a8cdf1e1f69d2060b,9709308af258f36a8cdf1e1f69d2060b,1
2,2,2,656,2b7ae594283283165c3ce1f93eb975bc,2b7ae594283283165c3ce1f93eb975bc,1
2,2,2,672,7107717488d67dc5b51b1adbcbf8b953,7107717488d67dc5b51b1adbcbf8b953,1
2,2,2,688,4c138849a420cc869ac9a710dad7e9f8,4c138849a420cc869ac9a710dad7e9f8,1
2,2,2,704,b2a8e08d3664a6d14225ac65624b53a0,b2a8e08d3664a6d14225ac65624b53a0,1
2,2,2,720,4f3b78dcbbff0270de5babfc838e9629,4f3b78dcbbff0270de5babfc838e9629,1
2,2,2,736,e115b862b389db428be1d25ba3eab73f,e115b862b389db428be1d25ba3eab73f,1
2,2,2,752,7a173b45390e82d46ac58d7f548e67ee,7a173b45390e82d46ac58d7f548e67ee,1
2,2,2,768,7de34329c1f0fcf52001213043b7b01e,7de34329c1f0fcf52001213043b7b01e,1
2,2,3,0,a4999827a107404651d9576a5221c35d,a4999827a107404651d9576a5221c35d,1
2,2,3,16,66cdbc255de1847a295fdceb7493f4e4,66cdbc255de1847a295fdceb7493f4e4,1
2,2,3,32,414b34ecc8d79498498ea91e034e3f9e,414b34ecc8d79498498ea91e034e3f9e,1
2,2,3,48,268814f569f5f18fc5683faaccca41b5,268814f569f5f18fc5683faaccca41b5,1
2,2,3,64,8215cb1dd5bf2dfaedd0bb467d7050fb,8215cb1dd5bf2dfaedd0bb467d7050fb,1
2,2,3,80,7e217070a1997497fc2d0591cba6532a,7e217070a1997497fc2d0591cba6532a,1
2,2,3,96,365786625367424bcde3a941814f144d,365786625367424bcde3a941814f144d,1
2,2,3,112,92ccb84f753f5157ea061f33b17d0f03,92ccb84f753f5157ea061f33b17d0f03,1
2,2,3,128,9874d3d14c7fb60d68823a2cadae2bca,9874d3d14c7fb60d68823a2cadae2bca,1
2,2,3,144,1fa3d9b4ba6409a6f7d53b5967ae8311,1fa3d9b4ba6409a6f7d53b5967ae8311,1
2,2,3,160,ba62883716bbcee2499c9ecea622c9ee,ba62883716bbcee2499c9ecea622c9ee,1
2,2,3,176,f8ade599ddae1c21c61cb7d5eae5d31e,f8ade599ddae1c21c61cb7d5eae5d31e,1
2,2,3,192,b09f955e74802790aff05b95cd459b23,b09f955e74802790aff05b95cd459b23,1
2,2,3,208,588ed841c75efb56c7e3d2e58abe423a,588ed841c75efb56c7e3d2e58abe423a,1
2,2,3,224,36634dec7a1cf2f0a178df5a31f67c87,36634dec7a1cf2f0a178df5a31f67c87,1
2,2,3,240,9bc7611bc1700511b303226abf46249a,9bc7611bc1700511b303226abf46249a,1
2,2,3,256,8e8a88e3eba6f6b52e931d5fddaff9e3,8e8a88e3eba6f6b52e931d5fddaff9e3,1
2,2,3,272,fd8d36046ab6bb8bca8d675485e68027,fd8d36046ab6bb8bca8d675485e68027,1
2,2,3,288,1ba5097bcb430d1d164f02e654bb38d1,1ba5097bcb430d1d164f02e654bb38d1,1
2,2,3,304,5897d1b5fc6f5c6450f39b39a320afde,5897d1b5fc6f5c6450f39b39a320afde,1
2,2,3,320,ba2d16bfb4d1a6a7527ba5c67bc0b404,ba2d16bfb4d1a6a7527ba5c67bc0b404,1
2,2,3,336,fc979c9fde755fd656de1455dcb7b295,fc979c9fde755fd656de1455dcb7b295,1
2,2,3,352,d49beb90ced52df56bcea2f66cc92a4b,d49beb90ced52df56bcea2f66cc92a4b,1
2,2,3,368,2e8c87c3a297988eff85242768e69edc,2e8c87c3a297988eff85242768e69edc,1
2,2,3,384,90922bc0a93eb797bddc3b0c97472b3f,90922bc0a93eb797bddc3b0c97472b3f,1
2,2,3,400,e17baf27b91d95bd6eeba9b52032193c,e17baf27b91d95bd6eeba9b52032193c,1
2,2,3,416,e0c40660fb54e2d6eed49173ad718f0b,e0c40660fb54e2d6eed49173ad718f0b,1
2,2,3,432,b09546324e0f7b8a2da3ba71dbdd59ba,b09546324e0f7b8a2da3ba71dbdd59ba,1
2,2,3,448,47ab54574354e59cb63e9ffc2cc993e4,47ab54574354e59cb63e9ffc2cc993e4,1
2,2,3,464,b01294edf6d0aecef332ffce01e38bf2,b01294edf6d0aecef332ffce01e38bf2,1
2,2,3,480,98af59e6afb360c26d82571607d37606,98af59e6afb360c26d82571607d37606,1
2,2,3,496,c783f6f5f03182158bae1d6d9a77d2bc,c783f6f5f03182158bae1d6d9a77d2bc,1
2,2,3,512,0f9fe76e2c7ca255674c93dcb19512e9,0f9fe76e2c7ca255674c93dcb19512e9,1
2,2,3,528,27a7f37c31bdf13d7d5e0370da20d115,27a7f37c31bdf13d7d5e0370da20d115,1
2,2,3,544,b4644fec28a65a1c5c8a159c24245c73,b4644fec28a65a1c5c8a159c24245c73,1
2,2,3,560,bee49136032db181816aa841c885ff00,bee49136032db181816aa841c885ff00,1
2,2,3,576,ee83a2aa513d5b2d158d4c6b462f0a05,ee83a2aa513d5b2d158d4c6b462f0a05,1
2,2,3,592,69dd2aa9c1ea854199d202d9da590084,69dd2aa9c1ea854199d202d9da590084,1
2,2,3,608,4fe0de6916b979c1b05967a150641a7b,4fe0de6916b979c1b05967a150641a7b,1
2,2,3,624,d68f94446e282f73f54efd92c7ce1f09,d68f94446e282f73f54efd92c7ce1f09,1
2,2,3,640,2596a4d1d98c7f233c82d43704421cc6,2596a4d1d98c7f233c82d43704421cc6,1
2,2,3,656,a1fd704802d46efbb7cbbc06d21c17ce,a1fd704802d46efbb7cbbc06d21c17ce,1
2,2,3,672,2a85678445b994e58c737cb319c626e0,2a85678445b994e58c737cb319c626e0,1
2,2,3,688,0a125e8c3add8c366d0e605ff51067fa,0a125e8c3add8c366d0e605ff51067fa,1
2,2,3,704,aee655bfc75793c3dae7370dd32a595f,aee655bfc75793c3dae7370dd32a595f,1
2,2,3,720,6baeb1199988993814952b3bd41baf9b,6baeb1199988993814952b3bd41baf9b,1
2,2,3,736,04ed1675a2cbc0a1cf2729dd5244dc08,04ed1675a2cbc0a1cf2729dd5244dc08,1
2,2,3,752,51bb03fda4fd7c3310e0147cf1e428e7,51bb03fda4fd7c3310e0147cf1e428e7,1
2,3,0,0,9615a89f42945aebb213d87e450ce567,9615a89f42945aebb213d87e450ce567,1
2,3,0,16,fbf21021664432e45185d3d3a4e78f91,fbf21021664432e45185d3d3a4e78f91,1
2,3,0,32,e9ac9dac92355678ec13fd2881bc733a,e9ac9dac92355678ec13fd2881bc733a,1
2,3,0,48,0069f47d1bcec43926ddd1ce9b3a5902,0069f47d1bcec43926ddd1ce9b3a5902,1
2,3,0,64,3985b55d64658a27f1ae1809647f1f69,3985b55d64658a27f1ae1809647f1f69,1
2,3,0,80,095259e6515443525233ad4f2f2b5281,095259e6515443525233ad4f2f2b5281,1
2,3,0,96,60dc2e05fd9b45de48e1a0270f97ccd9,60dc2e05fd9b45de48e1a0270f97ccd9,1
2,3,0,112,ddb7106d415294fa69db790e60e61536,ddb7106d415294fa69db790e60e61536,1
2,3,0,128,749e2cb35a3462f1b8353648f898c8f3,749e2cb35a3462f1b8353648f898c8f3,1
2,3,0,144,29429a882c92b36d6dce9c1f1ccbbdfa,29429a882c92b36d6dce9c1f1ccbbdfa,1
2,3,0,160,77b93e273b25f963e5989c86783f2e8e,77b93e273b25f963e5989c86783f2e8e,1
2,3,0,176,51facbd2523af7057b045dbe1843f93f,51facbd2523af7057b045dbe1843f93f,1
2,3,0,192,06b3099a3c3e7caa957dd1a237a438fc,06b3099a3c3e7caa957dd1a237a438fc,1
2,3,0,208,0a8f4183ba59e9c40c6208c437ffbda5,0a8f4183ba59e9c40c6208c437ffbda5,1
2,3,0,224,35592e1a576b31995d46d6e6405e7f7c,35592e1a576b31995d46d6e6405e7f7c,1
2,3,0,240,6714bf3ec053a45b707ed18c5b36899f,6714bf3ec053a45b707ed18c5b36899f,1
2,3,0,256,9302534b1dc87399255153ef9361ce21,9302534b1dc87399255153ef9361ce21,1
2,3,0,272,955443546e7c85120fd3d1acbf4e645b,955443546e7c85120fd3d1acbf4e645b,1
2,3,0,288,027d13505dded4b2bf8a7f53d71494d9,027d13505dded4b2bf8a7f53d71494d9,1
2,3,0,304,fc29c6094f0c02edf097fc344fbea94a,fc29c6094f0c02edf097fc344fbea94a,1
2,3,0,320,f702cf40eb5ddaf77dbbc2524387f44e,f702cf40eb5ddaf77dbbc2524387f44e,1
2,3,0,336,3e61df542391d8f79c519b17694a8300,3e61df542391d8f79c519b17694a8300,1
2,3,0,352,a53591240fd044e302eb1f0e6a70b95e,a53591240fd044e302eb1f0e6a70b95e,1
2,3,0,368,71144910716427ed82ee9057aeb5ef7a,71144910716427ed82ee9057aeb5ef7a,1
2,3,0,384,1111a8137adcec7df543291c3641a693,1111a8137adcec7df543291c3641a693,1
2,3,0,400,e48f249a19396a2385732d767a014784,e48f249a19396a2385732d767a014784,1
2,3,0,416,3f5ce9cb2cf3bc0c3abe6be89501b25a,3f5ce9cb2cf3bc0c3abe6be89501b25a,1
2,3,0,432,f30584224026105d8024dccb13aa0f3d,f30584224026105d8024dccb13aa0f3d,1
2,3,0,448,efd22e702105bdcdb4814eb60a717c06,efd22e702105bdcdb4814eb60a717c06,1
2,3,0,464,9bed553b6809150142414b247d4b2930,9bed553b6809150142414b247d4b2930,1
2,3,0,480,1d98a48cb58a654c890391b85dfdd59d,1d98a48cb58a654c890391b85dfdd59d,1
2,3,0,496,1c991d99d06208e204af00a06c284775,1c991d99d06208e204af00a06c284775,1
2,3,0,512,af9b4ef38bad84d6d9d7f26515f4ce5c,af9b4ef38bad84d6d9d7f26515f4ce5c,1
2,3,0,528,927882070d0e22ec870ef86733bf2626,927882070d0e22ec870ef86733bf2626,1
2,3,0,544,87b8a6a9bf4f707b4c50da83dfdf0f0d,87b8a6a9bf4f707b4c50da83dfdf0f0d,1
2,3,0,560,5b526ddf7aa89534c031d4c49417272c,5b526ddf7aa89534c031d4c49417272c,1
2,3,0,576,a681068be2e9bf752dee0e01d975ea3e,a681068be2e9bf752dee0e01d975ea3e,1
2,3,0,592,39e586930879194e352d1c0761a1e10b,39e586930879194e352d1c0761a1e10b,1
2,3,0,608,6a3549c36970761946e231488e2ce7ae,6a3549c36970761946e231488e2ce7ae,1
2,3,0,624,130e18256cac808294dc20edc3e25aad,130e18256cac808294dc20edc3e25aad,1
2,3,0,640,a826ccd8f82c25652d920c66a84bbdf7,a826ccd8f82c25652d920c66a84bbdf7,1
2,3,0,656,0648cb48de637b8c01dea2c52219918c,0648cb48de637b8c01dea2c52219918c,1
2,3,0,672,8d36da6101abb06b8d0d35cb59f283ed,8d36da6101abb06b8d0d35cb59f283ed,1
2,3,0,688,eef7af5c0f25003229a3855425aabb82,eef7af5c0f25003229a3855425aabb82,1
2,3,0,704,11934dae264306b85f36bd56983ecb8f,11934dae264306b85f36bd56983ecb8f,1
2,3,0,720,9d0cc9f9fcccf21a3a7b24ee983b9cbb,9d0cc9f9fcccf21a3a7b24ee983b9cbb,1
2,3,0,736,cf63d9d929341e90bf3571f50c6f8002,cf63d9d929341e90bf3571f50c6f8002,1
2,3,0,752,ec5bc952fbd1a44415fb73e407e1f1ae,ec5bc952fbd1a44415fb73e407e1f1ae,1
2,3,1,0,b1ddf8e2d9a1d1a43d57a3fe65357720,b1ddf8e2d9a1d1a43d57a3fe65357720,1
2,3,1,16,bf552f735b00377aba391d0d2b151aff,bf552f735b00377aba391d0d2b151aff,1
2,3,1,32,b3131b575714cf1d5009cbcfa1a19b20,b3131b575714cf1d5009cbcfa1a19b20,1
2,3,1,48,72ac7f4c4a101e2c00307df70f86fe98,72ac7f4c4a101e2c00307df70f86fe98,1
2,3,1,64,027206a18ca896132e3a510da564980b,027206a18ca896132e3a510da564980b,1
2,3,1,80,6eb4393261832a754f14ca473d3c488f,6eb4393261832a754f14ca473d3c488f,1
2,3,1,96,71b6fe059a49525c48c9c430a6bcff0c,71b6fe059a49525c48c9c430a6bcff0c,1
2,3,1,112,3b76838a8dd049fa6084098edb971fc5,3b76838a8dd049fa6084098edb971fc5,1
2,3,1,128,fa58b59c5d9a60a8167cac97da96140f,fa58b59c5d9a60a8167cac97da96140f,1
2,3,1,144,202201a14bbab434e2d1919d2b83d5a7,202201a14bbab434e2d1919d2b83d5a7,1
2,3,1,160,06bd3003caaeed4fc2f04f9d9eebf78f,06bd3003caaeed4fc2f04f9d9eebf78f,1
2,3,1,176,6890a3183617c82cb0c1bbc0299cd309,6890a3183617c82cb0c1bbc0299cd309,1
2,3,1,192,26578594bfbe6781bc8236de08aa49af,26578594bfbe6781bc8236de08aa49af,1
2,3,1,208,fe7010ef08e362085517c89d95911c00,fe7010ef08e362085517c89d95911c00,1
2,3,1,224,8ab666e44d4a7c5510930fbc08f05ca5,8ab666e44d4a7c5510930fbc08f05ca5,1
2,3,1,240,ccb36e165e5f114b64f4140066f347df,ccb36e165e5f114b64f4140066f347df,1
2,3,1,256,7964c70154b7e927c93241cea477d661,7964c70154b7e927c93241cea477d661,1
2,3,1,272,35df2e5f5f695091ac64d4a29e3089a6,35df2e5f5f695091ac64d4a29e3089a6,1
2,3,1,288,18c40189b142d16a59e1a9e06b31c9c3,18c40189b142d16a59e1a9e06b31c9c3,1
2,3,1,304,60fae08ef2215bc160441e8693fc0176,60fae08ef2215bc160441e8693fc0176,1
2,3,1,320,4465d14e980870b3e56c0eb64b10619d,4465d14e980870b3e56c0eb64b10619d,1
2,3,1,336,0ef84f53618d7c6dbea6e71eb8e8c17c,0ef84f53618d7c6dbea6e71eb8e8c17c,1
2,3,1,352,d2cefad1199b6e95102312a549f2fc31,d2cefad1199b6e95102312a549f2fc31,1
2,3,1,368,625e9e846f81ef726962e8f834cdc38a,625e9e846f81ef726962e8f834cdc38a,1
2,3,1,384,66151a3671425eb1f5268529662edc5e,66151a3671425eb1f5268529662edc5e,1
2,3,1,400,73f2af4d6cc62833caa4b510897df0a8,73f2af4d6cc62833caa4b510897df0a8,1
2,3,1,416,5d9a55a6998aa3bc2070483983af8f22,5d9a55a6998aa3bc2070483983af8f22,1
2,3,1,432,b66b8ce906f83f012740a3c44c5954bd,b66b8ce906f83f012740a3c44c5954bd,1
2,3,1,448,20fb0f543070abc7fb4bedaed5401918,20fb0f543070abc7fb4bedaed5401918,1
2,3,1,464,2c70a17c22ae579e6e500a0143043975,2c70a17c22ae579e6e500a0143043975,1
2,3,1,480,598e021575de9324620cdfa998ef3c1b,598e021575de9324620cdfa998ef3c1b,1
2,3,1,496,43968624d97f5a0aa80fd4de7a49bcfd,43968624d97f5a0aa80fd4de7a49bcfd,1
2,3,1,512,9e517fdef92f2280f55f81a73ee65b73,9e517fdef92f2280f55f81a73ee65b73,1
2,3,1,528,7f1626fdcd58da0d8348a975abc84183,7f1626fdcd58da0d8348a975abc84183,1
2,3,1,544,74339ad2ea14443b3cf18b9db258a65d,74339ad2ea14443b3cf18b9db258a65d,1
2,3,1,560,feeba53c570cb5fc9149fbaec03ab382,feeba53c570cb5fc9149fbaec03ab382,1
2,3,1,576,2b65b37670e192632242deeaba19da1a,2b65b37670e192632242deeaba19da1a,1
2,3,1,592,7180b75833ba589d0979ecae1f3b2517,7180b75833ba589d0979ecae1f3b2517,1
2,3,1,608,a5ad10d070840addf6f5a90e880b6996,a5ad10d070840addf6f5a90e880b6996,1
2,3,1,624,59fb2c388f4bb6df419a2200c181afc6,59fb2c388f4bb6df419a2200c181afc6,1
2,3,1,640,33306dc6f5b8d72cecf08315e698b3b6,33306dc6f5b8d72cecf08315e698b3b6,1
2,3,1,656,d0f6ffd56e600f2a91dd690cee9abf4c,d0f6ffd56e600f2a91dd690cee9abf4c,1
2,3,1,672,a2df73e51de67c34aea93bd9eb9d00cd,a2df73e51de67c34aea93bd9eb9d00cd,1
2,3,1,688,d15613a64da891fde96e580224857a88,d15613a64da891fde96e580224857a88,1
2,3,1,704,9f2b8c706602b7a864547ed2b1d4caa9,9f2b8c706602b7a864547ed2b1d4caa9,1
2,3,1,720,9ff1128e8158c359afc152034fa15164,9ff1128e8158c359afc152034fa15164,1
2,3,1,736,f4d1e98a317104bd53c54049da5b6d43,f4d1e98a317104bd53c54049da5b6d43,1
2,3,1,752,54973697d4c691039684b38e536e4b00,54973697d4c691039684b38e536e4b00,1
2,3,2,0,ec258e3914fa980fa6c345f15e507838,ec258e3914fa980fa6c345f15e507838,1
2,3,2,16,fbcbf598e4d21d4fa828bfce12d5366f,fbcbf598e4d21d4fa828bfce12d5366f,1
2,3,2,32,fb6235eee3900cc1d7d998ad917ab969,fb6235eee3900cc1d7d998ad917ab969,1
2,3,2,48,684f5426c189cbc22d14a334c2df3455,684f5426c189cbc22d14a334c2df3455,1
2,3,2,64,4acf21e87e61fc8ba1f8fa7addfd21e0,4acf21e87e61fc8ba1f8fa7addfd21e0,1
2,3,2,80,11c52a7e71a7dc32eb3950481d03005f,11c52a7e71a7dc32eb3950481d03005f,1
2,3,2,96,e22ab3031b7173bc04775c4d0ecc19c5,e22ab3031b7173bc04775c4d0ecc19c5,1
2,3,2,112,d63210c49e3d10e12557e826dc431b2d,d63210c49e3d10e12557e826dc431b2d,1
2,3,2,128,f2eea55c44c4f47eada721c794348bc1,f2eea55c44c4f47eada721c794348bc1,1
2,3,2,144,e4edc99e2fe8ad70713808739385a714,e4edc99e2fe8ad70713808739385a714,1
2,3,2,160,d6416e7c339e668bd5bf9fd5b4c12cf5,d6416e7c339e668bd5bf9fd5b4c12cf5,1
2,3,2,176,93b4dedc41ebd95e02f8a9a05b5ef10d,93b4dedc41ebd95e02f8a9a05b5ef10d,1
2,3,2,192,7232e7a169179b1a92d468aa409c78aa,7232e7a169179b1a92d468aa409c78aa,1
2,3,2,208,ad8d76f33c6a35dee6d0bf0e5bdb4d2a,ad8d76f33c6a35dee6d0bf0e5bdb4d2a,1
2,3,2,224,1c0d8cb8a7f8c758040694c6c1100a22,1c0d8cb8a7f8c758040694c6c1100a22,1
2,3,2,240,449a07d6b94f1f254e759d131ea727bd,449a07d6b94f1f254e759d131ea727bd,1
2,3,2,256,8d885eb68d7960726cbd394e9c32e158,8d885eb68d7960726cbd394e9c32e158,1
2,3,2,272,a305d1333aa38234f9a2af9957909fee,a305d1333aa38234f9a2af9957909fee,1
2,3,2,288,0ce56a6536ee44b36362d33b8d387f29,0ce56a6536ee44b36362d33b8d387f29,1
2,3,2,304,479bb97da2aeed5380c2265b2c8f7e61,479bb97da2aeed5380c2265b2c8f7e61,1
2,3,2,320,04d9e178232fe55295fb97345f04a8da,04d9e178232fe55295fb97345f04a8da,1
2,3,2,336,bbd366e487b35f31ceb0d43a8356a9c8,bbd366e487b35f31ceb0d43a8356a9c8,1
2,3,2,352,c0f2119e710fecab7e1b3a3db4b054a5,c0f2119e710fecab7e1b3a3db4b054a5,1
2,3,2,368,9d1d43ffd8cf515c964af0685801a7f3,9d1d43ffd8cf515c964af0685801a7f3,1
2,3,2,384,23009bb72bfc6c09c7df5a53c85da586,23009bb72bfc6c09c7df5a53c85da586,1
2,3,2,400,a1e698ec27a4787b6a4d948084e704be,a1e698ec27a4787b6a4d948084e704be,1
2,3,2,416,e936a78a056bffe5dc2f4c7d7c827374,e936a78a056bffe5dc2f4c7d7c827374,1
2,3,2,432,33bd586c197976cdcc8ae21a201899c5,33bd586c197976cdcc8ae21a201899c5,1
2,3,2,448,daf8a44059f987eeb3a16cda32aaebb5,daf8a44059f987eeb3a16cda32aaebb5,1
2,3,2,464,a9dcd3944738a08874837498e9c581ea,a9dcd3944738a08874837498e9c581ea,1
2,3,2,480,c36c3ce9d6055b7cae042c9ba68e3eb8,c36c3ce9d6055b7cae042c9ba68e3eb8,1
2,3,2,496,748a7aee2584c75390b298c7ac4e6aa2,748a7aee2584c75390b298c7ac4e6aa2,1
2,3,2,512,f57c84974465faeee2988afab4190c40,f57c84974465faeee2988afab4190c40,1
2,3,2,528,0648d9691838a3a85185a1fb1589a3bc,0648d9691838a3a85185a1fb1589a3bc,1
2,3,2,544,ac9b3049a97eb0a98e64506139e18cef,ac9b3049a97eb0a98e64506139e18cef,1
2,3,2,560,c5cc911f269a8cb8670731d35b03037b,c5cc911f269a8cb8670731d35b03037b,1
2,3,2,576,4c78f9c2f9b2275ba49cf4b2ad279530,4c78f9c2f9b2275ba49cf4b2ad279530,1
2,3,2,592,23fa0f00ad14c9e87e2beba5bc693ffa,23fa0f00ad14c9e87e2beba5bc693ffa,1
2,3,2,608,e2192e7659bc4b13972fe8dadd3f38b3,e2192e7659bc4b13972fe8dadd3f38b3,1
2,3,2,624,c15556876bcbba10b8f4f4e2bb3a9fff,c15556876bcbba10b8f4f4e2bb3a9fff,1
2,3,2,640,a350392d1f0b3d53e8779347273966fa,a350392d1f0b3d53e8779347273966fa,1
2,3,2,656,89e9d4400c63e8e9641cb14d599f900b,89e9d4400c63e8e9641cb14d599f900b,1
2,3,2,672,8caa539832b06a211a9fbe7fe56a4cd5,8caa539832b06a211a9fbe7fe56a4cd5,1
2,3,2,688,5f934ec74e1c56d6a036772ecd79ac20,5f934ec74e1c56d6a036772ecd79ac20,1
2,3,2,704,d0f890641b0eeec863f5fce346345f6a,d0f890641b0eeec863f5fce346345f6a,1
2,3,2,720,186db2a6edab47885cf054662da63191,186db2a6edab47885cf054662da63191,1
2,3,2,736,9b039eedf824ebc9011ec76d11a12c76,9b039eedf824ebc9011ec76d11a12c76,1
2,3,2,752,dc0fafa78949443db28625e76c7cca53,dc0fafa78949443db28625e76c7cca53,1
2,3,2,768,9b9413d4fd22350d7b1a6230661e87e8,9b9413d4fd22350d7b1a6230661e87e8,1
2,3,3,0,c9256c6cce2a8dcf90b4be45b668daca,c9256c6cce2a8dcf90b4be45b668daca,1
2,3,3,16,a2bce2dc218a3e2bbe4aa4765e09f8ea,a2bce2dc218a3e2bbe4aa4765e09f8ea,1
2,3,3,32,1a76bb7ef4a20ec9fdc92e081100eb04,1a76bb7ef4a20ec9fdc92e081100eb04,1
2,3,3,48,a5d0c5f37d99ee7918eb9fc60477f7fd,a5d0c5f37d99ee7918eb9fc60477f7fd,1
2,3,3,64,d1ae96e0d46478e5d662f765833c8687,d1ae96e0d46478e5d662f765833c8687,1
2,3,3,80,201aea6278675d01d9d51f5b53561ea5,201aea6278675d01d9d51f5b53561ea5,1
2,3,3,96,c5a6b3e2ab0547de36b2c6f9a7d5ec4a,c5a6b3e2ab0547de36b2c6f9a7d5ec4a,1
2,3,3,112,f643f1643fd3db1cc3511b51b211bd50,f643f1643fd3db1cc3511b51b211bd50,1
2,3,3,128,1364f67bbc192aac1530cd57dd4c9c2d,1364f67bbc192aac1530cd57dd4c9c2d,1
2,3,3,144,69ad3593effd799e0829d2d24b044f7f,69ad3593effd799e0829d2d24b044f7f,1
2,3,3,160,191152607f520050ad25f059118d271f,191152607f520050ad25f059118d271f,1
2,3,3,176,5e78e72cddfe72d46693febd438424a2,5e78e72cddfe72d46693febd438424a2,1
2,3,3,192,9dc05739dad971740177dc741df1a8b2,9dc05739dad971740177dc741df1a8b2,1
2,3,3,208,eb95e943e6d7ff87443c5d50df3cea6f,eb95e943e6d7ff87443c5d50df3cea6f,1
2,3,3,224,7e6f8a816c2a1f536e8d7f7b82185df7,7e6f8a816c2a1f536e8d7f7b82185df7,1
2,3,3,240,fdadf2f33c8324510f3b44c4e5217faa,fdadf2f33c8324510f3b44c4e5217faa,1
2,3,3,256,8f3fb2ba2b67bbed283373f6940d0c11,8f3fb2ba2b67bbed283373f6940d0c11,1
2,3,3,272,4ecfabd93c89a75e5fc59f050f9621d4,4ecfabd93c89a75e5fc59f050f9621d4,1
2,3,3,288,2f3b5f584e60887b8e806168c6115479,2f3b5f584e60887b8e806168c6115479,1
2,3,3,304,d38db5cbf02e03700cd236a0455cf7ac,d38db5cbf02e03700cd236a0455cf7ac,1
2,3,3,320,893efbc2601231ad18921021364bce19,893efbc2601231ad18921021364bce19,1
2,3,3,336,1e2df0fb0a7291de954c265f261826f2,1e2df0fb0a7291de954c265f261826f2,1
2,3,3,352,a3071b51b26a2f78ff6bc8ca52713b93,a3071b51b26a2f78ff6bc8ca52713b93,1
2,3,3,368,4c6157405dc190185acd8442caa78f28,4c6157405dc190185acd8442caa78f28,1
2,3,3,384,4b4368eedc967e828f2862d6182c96d0,4b4368eedc967e828f2862d6182c96d0,1
2,3,3,400,92a89bc84b36492439b8174ffad1d948,92a89bc84b36492439b8174ffad1d948,1
2,3,3,416,b9eb02731592854e1336b48cbf34079f,b9eb02731592854e1336b48cbf34079f,1
2,3,3,432,e02e01925129c650293c430b5a3de5b1,e02e01925129c650293c430b5a3de5b1,1
2,3,3,448,779f2812d051fb96e773492200789f61,779f2812d051fb96e773492200789f61,1
2,3,3,464,817d5613a2f9c540cd31a6b399c90d1e,817d5613a2f9c540cd31a6b399c90d1e,1
2,3,3,480,3d227873e266379b12a06aafcc08d628,3d227873e266379b12a06aafcc08d628,1
2,3,3,496,e2f525c5fb950360383b0e1d75057477,e2f525c5fb950360383b0e1d75057477,1
2,3,3,512,21931e56917957d3585d3c4f8f138bb6,21931e56917957d3585d3c4f8f138bb6,1
2,3,3,528,740718430aeb55205bbdb2ce536f467d,740718430aeb55205bbdb2ce536f467d,1
2,3,3,544,d1c6178e2cdedb860b4b114e247e7e60,d1c6178e2cdedb860b4b114e247e7e60,1
2,3,3,560,34edf6b21cc906ecc1cd053ff0d16be5,34edf6b21cc906ecc1cd053ff0d16be5,1
2,3,3,576,b65cecce74c236d0ed4eee41ad740a91,b65cecce74c236d0ed4eee41ad740a91,1
2,3,3,592,489c208899480dc94c5788827aee2966,489c208899480dc94c5788827aee2966,1
2,3,3,608,7d4a0d106fc25ce4cdbab85f5577755a,7d4a0d106fc25ce4cdbab85f5577755a,1
2,3,3,624,32fc2bf524adf3c270a1ae47d6bec6a9,32fc2bf524adf3c270a1ae47d6bec6a9,1
2,3,3,640,a8acd3a3356015525696b2f93269f914,a8acd3a3356015525696b2f93269f914,1
2,3,3,656,92e1d7a1b28ad7886fc1711499bb73f3,92e1d7a1b28ad7886fc1711499bb73f3,1
2,3,3,672,55f2b45a5f74a12390f9e714db3446de,55f2b45a5f74a12390f9e714db3446de,1
2,3,3,688,2bc82b7b10a65f84d7425bf758fd9398,2bc82b7b10a65f84d7425bf758fd9398,1
2,3,3,704,cfb393cd60822735e820cb6167beeaf9,cfb393cd60822735e820cb6167beeaf9,1
2,3,3,720,aaf9611b5a4fd9439b751ddf6d0bd7ad,aaf9611b5a4fd9439b751ddf6d0bd7ad,1
2,3,3,736,6a891bf1f7b160cf6bc94e69e8cc901f,6a891bf1f7b160cf6bc94e69e8cc901f,1
2,3,3,752,968168f45b7ce0f95f970f00f4395a19,968168f45b7ce0f95f970f00f4395a19,1
