job,row,col,coefficient,expected_hex,actual_hex,match
0,0,0,0,78a1e1,78a1e1,1
0,0,0,1,77feaa,77feaa,1
0,0,0,2,13759a,13759a,1
0,0,0,3,42a147,42a147,1
0,0,0,4,77cbb9,77cbb9,1
0,0,0,5,40d289,40d289,1
0,0,0,6,295b9b,295b9b,1
0,0,0,7,47cf89,47cf89,1
0,0,0,8,642d90,642d90,1
0,0,0,9,512360,512360,1
0,0,0,10,5fa12d,5fa12d,1
0,0,0,11,20372b,20372b,1
0,0,0,12,3caf62,3caf62,1
0,0,0,13,34907b,34907b,1
0,0,0,14,520957,520957,1
0,0,0,15,6515ee,6515ee,1
0,0,0,16,503bdf,503bdf,1
0,0,0,17,2881ff,2881ff,1
0,0,0,18,450fd9,450fd9,1
0,0,0,19,5597e7,5597e7,1
0,0,0,20,6c565c,6c565c,1
0,0,0,21,79a7b7,79a7b7,1
0,0,0,22,7646b3,7646b3,1
0,0,0,23,1a023f,1a023f,1
0,0,0,24,6fa89b,6fa89b,1
0,0,0,25,2eecc8,2eecc8,1
0,0,0,26,2b760c,2b760c,1
0,0,0,27,09a4af,09a4af,1
0,0,0,28,1c8cfe,1c8cfe,1
0,0,0,29,49e774,49e774,1
0,0,0,30,1db33d,1db33d,1
0,0,0,31,1b13d6,1b13d6,1
0,0,0,32,276d98,276d98,1
0,0,0,33,61f92b,61f92b,1
0,0,0,34,5a84f9,5a84f9,1
0,0,0,35,4d8413,4d8413,1
0,0,0,36,47c46f,47c46f,1
0,0,0,37,7235bd,7235bd,1
0,0,0,38,7b91b4,7b91b4,1
0,0,0,39,33d629,33d629,1
0,0,0,40,144f37,144f37,1
0,0,0,41,367239,367239,1
0,0,0,42,11e416,11e416,1
0,0,0,43,1cdc1e,1cdc1e,1
0,0,0,44,0dbf1f,0dbf1f,1
0,0,0,45,2c3f6e,2c3f6e,1
0,0,0,46,2326ad,2326ad,1
0,0,0,47,2df581,2df581,1
0,0,0,48,09c675,09c675,1
0,0,0,49,0adc73,0adc73,1
0,0,0,50,1dbbe1,1dbbe1,1
0,0,0,51,5f9c8b,5f9c8b,1
0,0,0,52,2f6a9e,2f6a9e,1
0,0,0,53,3b7077,3b7077,1
0,0,0,54,16f60a,16f60a,1
0,0,0,55,37fe74,37fe74,1
0,0,0,56,5f4428,5f4428,1
0,0,0,57,6f5777,6f5777,1
0,0,0,58,0dad1f,0dad1f,1
0,0,0,59,571c12,571c12,1
0,0,0,60,526ece,526ece,1
0,0,0,61,74c078,74c078,1
0,0,0,62,563dd2,563dd2,1
0,0,0,63,143460,143460,1
0,0,0,64,694397,694397,1
0,0,0,65,1c453b,1c453b,1
0,0,0,66,3d1b59,3d1b59,1
0,0,0,67,55ea83,55ea83,1
0,0,0,68,2de21b,2de21b,1
0,0,0,69,13cc36,13cc36,1
0,0,0,70,7f308a,7f308a,1
0,0,0,71,607da5,607da5,1
0,0,0,72,199837,199837,1
0,0,0,73,785aed,785aed,1
0,0,0,74,022bbe,022bbe,1
0,0,0,75,12c9be,12c9be,1
0,0,0,76,61b9ea,61b9ea,1
0,0,0,77,3b8637,3b8637,1
0,0,0,78,160058,160058,1
0,0,0,79,1dcf98,1dcf98,1
0,0,0,80,67d74c,67d74c,1
0,0,0,81,72f675,72f675,1
0,0,0,82,764534,764534,1
0,0,0,83,3e8c70,3e8c70,1
0,0,0,84,053a0f,053a0f,1
0,0,0,85,7926a8,7926a8,1
0,0,0,86,02538a,02538a,1
0,0,0,87,1279a8,1279a8,1
0,0,0,88,59782b,59782b,1
0,0,0,89,41529d,41529d,1
0,0,0,90,0caf77,0caf77,1
0,0,0,91,1f6507,1f6507,1
0,0,0,92,57b8a2,57b8a2,1
0,0,0,93,66055e,66055e,1
0,0,0,94,55a52f,55a52f,1
0,0,0,95,251c9e,251c9e,1
0,0,0,96,722fed,722fed,1
0,0,0,97,3c0b92,3c0b92,1
0,0,0,98,6e832a,6e832a,1
0,0,0,99,14d6eb,14d6eb,1
0,0,0,100,0ff7a8,0ff7a8,1
0,0,0,101,6a759b,6a759b,1
0,0,0,102,7e30a6,7e30a6,1
0,0,0,103,454e07,454e07,1
0,0,0,104,515cb7,515cb7,1
0,0,0,105,5c82f5,5c82f5,1
0,0,0,106,7ebc33,7ebc33,1
0,0,0,107,6a1ca5,6a1ca5,1
0,0,0,108,088a28,088a28,1
0,0,0,109,4a9239,4a9239,1
0,0,0,110,73765a,73765a,1
0,0,0,111,37a876,37a876,1
0,0,0,112,1b9766,1b9766,1
0,0,0,113,0f4c21,0f4c21,1
0,0,0,114,45c02d,45c02d,1
0,0,0,115,3413e7,3413e7,1
0,0,0,116,36751d,36751d,1
0,0,0,117,2e0810,2e0810,1
0,0,0,118,1f9404,1f9404,1
0,0,0,119,250fb7,250fb7,1
0,0,0,120,2fa91f,2fa91f,1
0,0,0,121,717416,717416,1
0,0,0,122,3f70fa,3f70fa,1
0,0,0,123,1a06e2,1a06e2,1
0,0,0,124,403a32,403a32,1
0,0,0,125,371041,371041,1
0,0,0,126,09f69f,09f69f,1
0,0,0,127,2cd0a5,2cd0a5,1
0,0,0,128,263371,263371,1
0,0,0,129,2dfb52,2dfb52,1
0,0,0,130,4d90cd,4d90cd,1
0,0,0,131,59dd92,59dd92,1
0,0,0,132,2b8d63,2b8d63,1
0,0,0,133,56c695,56c695,1
0,0,0,134,47ae73,47ae73,1
0,0,0,135,50ddff,50ddff,1
0,0,0,136,349e81,349e81,1
0,0,0,137,2666a5,2666a5,1
0,0,0,138,1346c7,1346c7,1
0,0,0,139,4f6d3b,4f6d3b,1
0,0,0,140,7d0d16,7d0d16,1
0,0,0,141,2acac7,2acac7,1
0,0,0,142,5bfe2e,5bfe2e,1
0,0,0,143,0eb250,0eb250,1
0,0,0,144,2196ef,2196ef,1
0,0,0,145,0134a5,0134a5,1
0,0,0,146,0bc54a,0bc54a,1
0,0,0,147,7f9c67,7f9c67,1
0,0,0,148,74d4c8,74d4c8,1
0,0,0,149,45022f,45022f,1
0,0,0,150,586669,586669,1
0,0,0,151,392ffa,392ffa,1
0,0,0,152,4980b1,4980b1,1
0,0,0,153,7043a3,7043a3,1
0,0,0,154,4bfe7e,4bfe7e,1
0,0,0,155,55abc3,55abc3,1
0,0,0,156,1d1786,1d1786,1
0,0,0,157,49093f,49093f,1
0,0,0,158,2fd7cc,2fd7cc,1
0,0,0,159,6fd6cd,6fd6cd,1
0,0,0,160,3644b3,3644b3,1
0,0,0,161,489696,489696,1
0,0,0,162,7a072c,7a072c,1
0,0,0,163,5228bc,5228bc,1
0,0,0,164,4c26da,4c26da,1
0,0,0,165,6f8a40,6f8a40,1
0,0,0,166,6db889,6db889,1
0,0,0,167,367f56,367f56,1
0,0,0,168,2a473d,2a473d,1
0,0,0,169,497ef1,497ef1,1
0,0,0,170,689978,689978,1
0,0,0,171,6101ea,6101ea,1
0,0,0,172,70734f,70734f,1
0,0,0,173,285928,285928,1
0,0,0,174,3f95bc,3f95bc,1
0,0,0,175,1c1119,1c1119,1
0,0,0,176,402dab,402dab,1
0,0,0,177,53024a,53024a,1
0,0,0,178,39e7ba,39e7ba,1
0,0,0,179,3484ec,3484ec,1
0,0,0,180,2a00ee,2a00ee,1
0,0,0,181,65595f,65595f,1
0,0,0,182,40d3f3,40d3f3,1
0,0,0,183,4c0f8b,4c0f8b,1
0,0,0,184,36096a,36096a,1
0,0,0,185,4d22c2,4d22c2,1
0,0,0,186,3b4a93,3b4a93,1
0,0,0,187,0d2e65,0d2e65,1
0,0,0,188,16d240,16d240,1
0,0,0,189,414e2c,414e2c,1
0,0,0,190,6a5301,6a5301,1
0,0,0,191,6b599a,6b599a,1
0,0,0,192,43e507,43e507,1
0,0,0,193,15e057,15e057,1
0,0,0,194,568b8c,568b8c,1
0,0,0,195,6676b6,6676b6,1
0,0,0,196,0a7f36,0a7f36,1
0,0,0,197,36bad1,36bad1,1
0,0,0,198,3eb563,3eb563,1
0,0,0,199,3a0764,3a0764,1
0,0,0,200,48e809,48e809,1
0,0,0,201,060738,060738,1
0,0,0,202,061fb6,061fb6,1
0,0,0,203,72938b,72938b,1
0,0,0,204,408b9c,408b9c,1
0,0,0,205,0cfbb4,0cfbb4,1
0,0,0,206,5c48a2,5c48a2,1
0,0,0,207,399687,399687,1
0,0,0,208,19c0b8,19c0b8,1
0,0,0,209,1d2e9f,1d2e9f,1
0,0,0,210,6fb791,6fb791,1
0,0,0,211,0aebcb,0aebcb,1
0,0,0,212,1e799b,1e799b,1
0,0,0,213,0c3397,0c3397,1
0,0,0,214,6b756c,6b756c,1
0,0,0,215,364a0a,364a0a,1
0,0,0,216,1bb60f,1bb60f,1
0,0,0,217,20583a,20583a,1
0,0,0,218,7dd68f,7dd68f,1
0,0,0,219,1ed3bb,1ed3bb,1
0,0,0,220,7fa0c2,7fa0c2,1
0,0,0,221,29592a,29592a,1
0,0,0,222,4fb90c,4fb90c,1
0,0,0,223,474ad7,474ad7,1
0,0,0,224,3c41ee,3c41ee,1
0,0,0,225,76ec9c,76ec9c,1
0,0,0,226,51c419,51c419,1
0,0,0,227,4331d7,4331d7,1
0,0,0,228,0c9817,0c9817,1
0,0,0,229,744949,744949,1
0,0,0,230,3356a4,3356a4,1
0,0,0,231,410976,410976,1
0,0,0,232,0ddb5a,0ddb5a,1
0,0,0,233,619882,619882,1
0,0,0,234,07336e,07336e,1
0,0,0,235,62299c,62299c,1
0,0,0,236,23cfbc,23cfbc,1
0,0,0,237,5ce7c3,5ce7c3,1
0,0,0,238,1454b4,1454b4,1
0,0,0,239,64d7ef,64d7ef,1
0,0,0,240,0f3139,0f3139,1
0,0,0,241,1cb0cc,1cb0cc,1
0,0,0,242,376812,376812,1
0,0,0,243,159a90,159a90,1
0,0,0,244,1cd3c2,1cd3c2,1
0,0,0,245,612e8f,612e8f,1
0,0,0,246,2b7a9d,2b7a9d,1
0,0,0,247,655a59,655a59,1
0,0,0,248,75539e,75539e,1
0,0,0,249,7d20dd,7d20dd,1
0,0,0,250,37e32e,37e32e,1
0,0,0,251,453f2f,453f2f,1
0,0,0,252,25ae21,25ae21,1
0,0,0,253,5f9e08,5f9e08,1
0,0,0,254,6113e1,6113e1,1
0,0,0,255,6a205e,6a205e,1
0,0,1,0,3e131d,3e131d,1
0,0,1,1,7280a1,7280a1,1
0,0,1,2,230006,230006,1
0,0,1,3,68a951,68a951,1
0,0,1,4,265830,265830,1
0,0,1,5,50968c,50968c,1
0,0,1,6,1880f7,1880f7,1
0,0,1,7,27a156,27a156,1
0,0,1,8,6220c2,6220c2,1
0,0,1,9,3dab20,3dab20,1
0,0,1,10,44c2ac,44c2ac,1
0,0,1,11,768c88,768c88,1
0,0,1,12,7e2f5e,7e2f5e,1
0,0,1,13,0f015f,0f015f,1
0,0,1,14,572264,572264,1
0,0,1,15,5f10aa,5f10aa,1
0,0,1,16,42ffbc,42ffbc,1
0,0,1,17,7a703a,7a703a,1
0,0,1,18,02d254,02d254,1
0,0,1,19,6d560d,6d560d,1
0,0,1,20,06c199,06c199,1
0,0,1,21,6c278e,6c278e,1
0,0,1,22,18452c,18452c,1
0,0,1,23,5ff1be,5ff1be,1
0,0,1,24,6b71a2,6b71a2,1
0,0,1,25,71489a,71489a,1
0,0,1,26,3fb062,3fb062,1
0,0,1,27,77fd11,77fd11,1
0,0,1,28,6ef941,6ef941,1
0,0,1,29,28b0d6,28b0d6,1
0,0,1,30,5f301c,5f301c,1
0,0,1,31,111b08,111b08,1
0,0,1,32,353192,353192,1
0,0,1,33,0d20f6,0d20f6,1
0,0,1,34,35f508,35f508,1
0,0,1,35,0b1a94,0b1a94,1
0,0,1,36,15dc04,15dc04,1
0,0,1,37,3b502c,3b502c,1
0,0,1,38,55b356,55b356,1
0,0,1,39,1243bd,1243bd,1
0,0,1,40,6519c6,6519c6,1
0,0,1,41,0fe5dd,0fe5dd,1
0,0,1,42,6e1007,6e1007,1
0,0,1,43,09ea15,09ea15,1
0,0,1,44,4bba5f,4bba5f,1
0,0,1,45,4fa275,4fa275,1
0,0,1,46,330936,330936,1
0,0,1,47,043ace,043ace,1
0,0,1,48,3eeba9,3eeba9,1
0,0,1,49,77be53,77be53,1
0,0,1,50,358981,358981,1
0,0,1,51,478a24,478a24,1
0,0,1,52,562001,562001,1
0,0,1,53,2c3929,2c3929,1
0,0,1,54,685763,685763,1
0,0,1,55,4c5218,4c5218,1
0,0,1,56,1cf2c6,1cf2c6,1
0,0,1,57,498078,498078,1
0,0,1,58,630142,630142,1
0,0,1,59,536769,536769,1
0,0,1,60,253905,253905,1
0,0,1,61,493b86,493b86,1
0,0,1,62,738321,738321,1
0,0,1,63,3602b7,3602b7,1
0,0,1,64,78b574,78b574,1
0,0,1,65,6effe7,6effe7,1
0,0,1,66,358e9d,358e9d,1
0,0,1,67,1cb37d,1cb37d,1
0,0,1,68,339712,339712,1
0,0,1,69,5f90fd,5f90fd,1
0,0,1,70,237417,237417,1
0,0,1,71,697fc0,697fc0,1
0,0,1,72,58633f,58633f,1
0,0,1,73,7553c5,7553c5,1
0,0,1,74,75fc61,75fc61,1
0,0,1,75,7f92f1,7f92f1,1
0,0,1,76,791cae,791cae,1
0,0,1,77,68c073,68c073,1
0,0,1,78,24ab89,24ab89,1
0,0,1,79,569221,569221,1
0,0,1,80,683655,683655,1
0,0,1,81,676c73,676c73,1
0,0,1,82,7c4d2c,7c4d2c,1
0,0,1,83,6f0741,6f0741,1
0,0,1,84,4d7200,4d7200,1
0,0,1,85,3824c3,3824c3,1
0,0,1,86,422ebc,422ebc,1
0,0,1,87,187fe5,187fe5,1
0,0,1,88,0b4533,0b4533,1
0,0,1,89,24ac61,24ac61,1
0,0,1,90,34d96c,34d96c,1
0,0,1,91,09c300,09c300,1
0,0,1,92,1de296,1de296,1
0,0,1,93,24869d,24869d,1
0,0,1,94,18223d,18223d,1
0,0,1,95,0ad687,0ad687,1
0,0,1,96,16c3c9,16c3c9,1
0,0,1,97,76c67f,76c67f,1
0,0,1,98,787a8d,787a8d,1
0,0,1,99,5c6879,5c6879,1
0,0,1,100,32ddb4,32ddb4,1
0,0,1,101,5bf3e8,5bf3e8,1
0,0,1,102,5d42d0,5d42d0,1
0,0,1,103,61797f,61797f,1
0,0,1,104,4599e2,4599e2,1
0,0,1,105,2dde26,2dde26,1
0,0,1,106,20f69b,20f69b,1
0,0,1,107,14fa4a,14fa4a,1
0,0,1,108,14901a,14901a,1
0,0,1,109,6276ab,6276ab,1
0,0,1,110,3cc2ff,3cc2ff,1
0,0,1,111,1f63b6,1f63b6,1
0,0,1,112,4721aa,4721aa,1
0,0,1,113,22fc88,22fc88,1
0,0,1,114,78ed01,78ed01,1
0,0,1,115,648955,648955,1
0,0,1,116,54e02c,54e02c,1
0,0,1,117,11e570,11e570,1
0,0,1,118,03136b,03136b,1
0,0,1,119,6a10ad,6a10ad,1
0,0,1,120,763e67,763e67,1
0,0,1,121,212e7f,212e7f,1
0,0,1,122,7193ae,7193ae,1
0,0,1,123,48d3ce,48d3ce,1
0,0,1,124,7a6b25,7a6b25,1
0,0,1,125,664b9d,664b9d,1
0,0,1,126,67bcd2,67bcd2,1
0,0,1,127,4d410f,4d410f,1
0,0,1,128,0b668d,0b668d,1
0,0,1,129,2a1d6b,2a1d6b,1
0,0,1,130,060612,060612,1
0,0,1,131,6c10f2,6c10f2,1
0,0,1,132,6b79d6,6b79d6,1
0,0,1,133,0e075c,0e075c,1
0,0,1,134,566047,566047,1
0,0,1,135,70f39c,70f39c,1
0,0,1,136,64afc7,64afc7,1
0,0,1,137,47c1c8,47c1c8,1
0,0,1,138,0689af,0689af,1
0,0,1,139,0a00ee,0a00ee,1
0,0,1,140,119d94,119d94,1
0,0,1,141,69a2c9,69a2c9,1
0,0,1,142,4ac497,4ac497,1
0,0,1,143,4362f5,4362f5,1
0,0,1,144,461c76,461c76,1
0,0,1,145,42d2c4,42d2c4,1
0,0,1,146,74df6e,74df6e,1
0,0,1,147,09aee9,09aee9,1
0,0,1,148,6d7d1e,6d7d1e,1
0,0,1,149,499f1f,499f1f,1
0,0,1,150,554e9b,554e9b,1
0,0,1,151,01709a,01709a,1
0,0,1,152,451b1a,451b1a,1
0,0,1,153,7ef58b,7ef58b,1
0,0,1,154,00504f,00504f,1
0,0,1,155,56f7dd,56f7dd,1
0,0,1,156,5df5b5,5df5b5,1
0,0,1,157,7a93d2,7a93d2,1
0,0,1,158,2ce654,2ce654,1
0,0,1,159,7c3235,7c3235,1
0,0,1,160,2746e7,2746e7,1
0,0,1,161,73b237,73b237,1
0,0,1,162,07686d,07686d,1
0,0,1,163,178b21,178b21,1
0,0,1,164,5a2890,5a2890,1
0,0,1,165,24852d,24852d,1
0,0,1,166,5cca6a,5cca6a,1
0,0,1,167,71951b,71951b,1
0,0,1,168,4e452c,4e452c,1
0,0,1,169,6372e7,6372e7,1
0,0,1,170,5db3c1,5db3c1,1
0,0,1,171,70175a,70175a,1
0,0,1,172,7aca30,7aca30,1
0,0,1,173,7ed171,7ed171,1
0,0,1,174,15b24d,15b24d,1
0,0,1,175,58c190,58c190,1
0,0,1,176,64b205,64b205,1
0,0,1,177,10735f,10735f,1
0,0,1,178,3ec93d,3ec93d,1
0,0,1,179,598b75,598b75,1
0,0,1,180,755a0c,755a0c,1
0,0,1,181,244931,244931,1
0,0,1,182,1d4981,1d4981,1
0,0,1,183,2ede6d,2ede6d,1
0,0,1,184,0a7681,0a7681,1
0,0,1,185,360ffe,360ffe,1
0,0,1,186,0c1afd,0c1afd,1
0,0,1,187,299ca7,299ca7,1
0,0,1,188,135dc4,135dc4,1
0,0,1,189,05b1bd,05b1bd,1
0,0,1,190,1c3cdd,1c3cdd,1
0,0,1,191,6046b7,6046b7,1
0,0,1,192,30f5c2,30f5c2,1
0,0,1,193,7820ab,7820ab,1
0,0,1,194,07763b,07763b,1
0,0,1,195,47e017,47e017,1
0,0,1,196,43c8aa,43c8aa,1
0,0,1,197,464286,464286,1
0,0,1,198,08c608,08c608,1
0,0,1,199,22c464,22c464,1
0,0,1,200,4624b1,4624b1,1
0,0,1,201,5df857,5df857,1
0,0,1,202,4da2fa,4da2fa,1
0,0,1,203,186a19,186a19,1
0,0,1,204,376cda,376cda,1
0,0,1,205,749ee5,749ee5,1
0,0,1,206,38f4fd,38f4fd,1
0,0,1,207,00f61a,00f61a,1
0,0,1,208,447c5c,447c5c,1
0,0,1,209,3a93be,3a93be,1
0,0,1,210,553cbf,553cbf,1
0,0,1,211,0877f7,0877f7,1
0,0,1,212,55b08d,55b08d,1
0,0,1,213,2e83fa,2e83fa,1
0,0,1,214,397132,397132,1
0,0,1,215,21f445,21f445,1
0,0,1,216,54ee8c,54ee8c,1
0,0,1,217,4a84ad,4a84ad,1
0,0,1,218,123bf0,123bf0,1
0,0,1,219,236b51,236b51,1
0,0,1,220,331ce1,331ce1,1
0,0,1,221,41c506,41c506,1
0,0,1,222,425688,425688,1
0,0,1,223,2024a0,2024a0,1
0,0,1,224,68e77b,68e77b,1
0,0,1,225,2548ff,2548ff,1
0,0,1,226,3ab20e,3ab20e,1
0,0,1,227,16b906,16b906,1
0,0,1,228,0aafce,0aafce,1
0,0,1,229,5bd6fa,5bd6fa,1
0,0,1,230,2be89b,2be89b,1
0,0,1,231,40965a,40965a,1
0,0,1,232,372167,372167,1
0,0,1,233,52a2b7,52a2b7,1
0,0,1,234,13613a,13613a,1
0,0,1,235,2a4876,2a4876,1
0,0,1,236,451809,451809,1
0,0,1,237,55202c,55202c,1
0,0,1,238,38ae24,38ae24,1
0,0,1,239,51638a,51638a,1
0,0,1,240,4cce5e,4cce5e,1
0,0,1,241,0e3ce3,0e3ce3,1
0,0,1,242,1e1fca,1e1fca,1
0,0,1,243,77c62b,77c62b,1
0,0,1,244,78866a,78866a,1
0,0,1,245,518bdb,518bdb,1
0,0,1,246,72ce27,72ce27,1
0,0,1,247,28046a,28046a,1
0,0,1,248,50f628,50f628,1
0,0,1,249,1851cb,1851cb,1
0,0,1,250,0f9c48,0f9c48,1
0,0,1,251,0aad13,0aad13,1
0,0,1,252,580361,580361,1
0,0,1,253,6108ad,6108ad,1
0,0,1,254,6a5e5f,6a5e5f,1
0,0,1,255,0bec1a,0bec1a,1
0,0,2,0,6f215a,6f215a,1
0,0,2,1,64f7d6,64f7d6,1
0,0,2,2,582b25,582b25,1
0,0,2,3,36d6c9,36d6c9,1
0,0,2,4,26d001,26d001,1
0,0,2,5,14637a,14637a,1
0,0,2,6,7d1464,7d1464,1
0,0,2,7,44e41f,44e41f,1
0,0,2,8,5bf5aa,5bf5aa,1
0,0,2,9,74d598,74d598,1
0,0,2,10,5a9fab,5a9fab,1
0,0,2,11,20d9c1,20d9c1,1
0,0,2,12,6582ea,6582ea,1
0,0,2,13,4330c7,4330c7,1
0,0,2,14,4797b2,4797b2,1
0,0,2,15,0eaf9a,0eaf9a,1
0,0,2,16,658bc2,658bc2,1
0,0,2,17,7b6ddd,7b6ddd,1
0,0,2,18,6a049a,6a049a,1
0,0,2,19,0197e1,0197e1,1
0,0,2,20,3c3f56,3c3f56,1
0,0,2,21,334b95,334b95,1
0,0,2,22,6caaad,6caaad,1
0,0,2,23,7e0efd,7e0efd,1
0,0,2,24,1d7ede,1d7ede,1
0,0,2,25,119b42,119b42,1
0,0,2,26,745310,745310,1
0,0,2,27,50f488,50f488,1
0,0,2,28,50e2a5,50e2a5,1
0,0,2,29,5b7839,5b7839,1
0,0,2,30,2b806c,2b806c,1
0,0,2,31,03fff5,03fff5,1
0,0,2,32,406742,406742,1
0,0,2,33,7645c0,7645c0,1
0,0,2,34,50b9db,50b9db,1
0,0,2,35,5cd959,5cd959,1
0,0,2,36,0c4c5f,0c4c5f,1
0,0,2,37,2c374f,2c374f,1
0,0,2,38,662451,662451,1
0,0,2,39,582e82,582e82,1
0,0,2,40,054c0b,054c0b,1
0,0,2,41,3bf007,3bf007,1
0,0,2,42,0d47d3,0d47d3,1
0,0,2,43,63a5a5,63a5a5,1
0,0,2,44,13e550,13e550,1
0,0,2,45,4290ea,4290ea,1
0,0,2,46,42200b,42200b,1
0,0,2,47,12cbe6,12cbe6,1
0,0,2,48,7a5432,7a5432,1
0,0,2,49,6afaca,6afaca,1
0,0,2,50,3ca21a,3ca21a,1
0,0,2,51,600752,600752,1
0,0,2,52,1942f1,1942f1,1
0,0,2,53,147ed0,147ed0,1
0,0,2,54,2e3e8f,2e3e8f,1
0,0,2,55,3a9bab,3a9bab,1
0,0,2,56,101331,101331,1
0,0,2,57,3c69eb,3c69eb,1
0,0,2,58,2c8296,2c8296,1
0,0,2,59,6d631d,6d631d,1
0,0,2,60,75cb30,75cb30,1
0,0,2,61,344e63,344e63,1
0,0,2,62,67d972,67d972,1
0,0,2,63,31a4e3,31a4e3,1
0,0,2,64,533175,533175,1
0,0,2,65,7c4814,7c4814,1
0,0,2,66,4dfd07,4dfd07,1
0,0,2,67,70ce93,70ce93,1
0,0,2,68,125e75,125e75,1
0,0,2,69,7a47d6,7a47d6,1
0,0,2,70,404437,404437,1
0,0,2,71,4e05f1,4e05f1,1
0,0,2,72,64336e,64336e,1
0,0,2,73,60fd34,60fd34,1
0,0,2,74,6afd31,6afd31,1
0,0,2,75,071938,071938,1
0,0,2,76,66a67f,66a67f,1
0,0,2,77,141404,141404,1
0,0,2,78,152f09,152f09,1
0,0,2,79,1f24cf,1f24cf,1
0,0,2,80,7179a0,7179a0,1
0,0,2,81,49d5e8,49d5e8,1
0,0,2,82,5624f4,5624f4,1
0,0,2,83,33b418,33b418,1
0,0,2,84,41bf18,41bf18,1
0,0,2,85,391f10,391f10,1
0,0,2,86,37782a,37782a,1
0,0,2,87,24f470,24f470,1
0,0,2,88,1a4f54,1a4f54,1
0,0,2,89,533f45,533f45,1
0,0,2,90,345bcf,345bcf,1
0,0,2,91,4f30ec,4f30ec,1
0,0,2,92,567ed4,567ed4,1
0,0,2,93,20f39f,20f39f,1
0,0,2,94,4f5160,4f5160,1
0,0,2,95,7e7e4d,7e7e4d,1
0,0,2,96,5341c5,5341c5,1
0,0,2,97,7efbbb,7efbbb,1
0,0,2,98,7e799e,7e799e,1
0,0,2,99,21e9c7,21e9c7,1
0,0,2,100,263843,263843,1
0,0,2,101,7a59e4,7a59e4,1
0,0,2,102,696e7b,696e7b,1
0,0,2,103,6ffc78,6ffc78,1
0,0,2,104,1a1625,1a1625,1
0,0,2,105,5159e1,5159e1,1
0,0,2,106,718d7f,718d7f,1
0,0,2,107,07ebb8,07ebb8,1
0,0,2,108,26494d,26494d,1
0,0,2,109,0187af,0187af,1
0,0,2,110,0d7bdf,0d7bdf,1
0,0,2,111,1cab4d,1cab4d,1
0,0,2,112,4c76f6,4c76f6,1
0,0,2,113,093dac,093dac,1
0,0,2,114,5ec42d,5ec42d,1
0,0,2,115,4c3e4d,4c3e4d,1
0,0,2,116,3513fd,3513fd,1
0,0,2,117,37c081,37c081,1
0,0,2,118,505971,505971,1
0,0,2,119,6eaac5,6eaac5,1
0,0,2,120,05e0cc,05e0cc,1
0,0,2,121,1671f1,1671f1,1
0,0,2,122,12678d,12678d,1
0,0,2,123,00b308,00b308,1
0,0,2,124,021054,021054,1
0,0,2,125,706696,706696,1
0,0,2,126,260e0d,260e0d,1
0,0,2,127,439e9d,439e9d,1
0,0,2,128,0562d7,0562d7,1
0,0,2,129,489c53,489c53,1
0,0,2,130,7b95bb,7b95bb,1
0,0,2,131,660d42,660d42,1
0,0,2,132,4a9da4,4a9da4,1
0,0,2,133,6b1ca3,6b1ca3,1
0,0,2,134,763539,763539,1
0,0,2,135,588118,588118,1
0,0,2,136,5bbd07,5bbd07,1
0,0,2,137,189778,189778,1
0,0,2,138,7de66e,7de66e,1
0,0,2,139,5b69ea,5b69ea,1
0,0,2,140,092b77,092b77,1
0,0,2,141,69a93e,69a93e,1
0,0,2,142,7c89bd,7c89bd,1
0,0,2,143,41c924,41c924,1
0,0,2,144,049581,049581,1
0,0,2,145,2d0764,2d0764,1
0,0,2,146,01ed55,01ed55,1
0,0,2,147,49ecbc,49ecbc,1
0,0,2,148,3cd614,3cd614,1
0,0,2,149,3c1600,3c1600,1
0,0,2,150,22be73,22be73,1
0,0,2,151,1c6bb3,1c6bb3,1
0,0,2,152,0e29a1,0e29a1,1
0,0,2,153,02cf5e,02cf5e,1
0,0,2,154,53f508,53f508,1
0,0,2,155,2ceb16,2ceb16,1
0,0,2,156,4e7b31,4e7b31,1
0,0,2,157,0467e7,0467e7,1
0,0,2,158,49f918,49f918,1
0,0,2,159,418c47,418c47,1
0,0,2,160,04ef4a,04ef4a,1
0,0,2,161,364037,364037,1
0,0,2,162,0fdad5,0fdad5,1
0,0,2,163,3fe19f,3fe19f,1
0,0,2,164,6c4453,6c4453,1
0,0,2,165,7edf40,7edf40,1
0,0,2,166,6933f7,6933f7,1
0,0,2,167,1db734,1db734,1
0,0,2,168,3fc81d,3fc81d,1
0,0,2,169,00b986,00b986,1
0,0,2,170,7fc4f6,7fc4f6,1
0,0,2,171,35ccea,35ccea,1
0,0,2,172,5688ba,5688ba,1
0,0,2,173,2648d1,2648d1,1
0,0,2,174,702967,702967,1
0,0,2,175,0a7cb4,0a7cb4,1
0,0,2,176,32f533,32f533,1
0,0,2,177,38ae46,38ae46,1
0,0,2,178,14bce5,14bce5,1
0,0,2,179,58aa84,58aa84,1
0,0,2,180,01032a,01032a,1
0,0,2,181,609cfa,609cfa,1
0,0,2,182,20fa69,20fa69,1
0,0,2,183,73a568,73a568,1
0,0,2,184,74e030,74e030,1
0,0,2,185,2cf436,2cf436,1
0,0,2,186,7ea1ab,7ea1ab,1
0,0,2,187,322254,322254,1
0,0,2,188,7eae31,7eae31,1
0,0,2,189,698f15,698f15,1
0,0,2,190,5691fa,5691fa,1
0,0,2,191,4ddeb8,4ddeb8,1
0,0,2,192,0b8b05,0b8b05,1
0,0,2,193,1f0238,1f0238,1
0,0,2,194,66f0fa,66f0fa,1
0,0,2,195,2126d8,2126d8,1
0,0,2,196,0ebf80,0ebf80,1
0,0,2,197,23f0fd,23f0fd,1
0,0,2,198,556b3b,556b3b,1
0,0,2,199,2b8042,2b8042,1
0,0,2,200,3bca21,3bca21,1
0,0,2,201,39a340,39a340,1
0,0,2,202,42e300,42e300,1
0,0,2,203,4b18b0,4b18b0,1
0,0,2,204,71bddd,71bddd,1
0,0,2,205,49dcd6,49dcd6,1
0,0,2,206,687daa,687daa,1
0,0,2,207,720372,720372,1
0,0,2,208,2e42a1,2e42a1,1
0,0,2,209,5c09eb,5c09eb,1
0,0,2,210,3e72da,3e72da,1
0,0,2,211,209b45,209b45,1
0,0,2,212,165979,165979,1
0,0,2,213,1888c2,1888c2,1
0,0,2,214,29d630,29d630,1
0,0,2,215,292416,292416,1
0,0,2,216,35ee3a,35ee3a,1
0,0,2,217,55c7ce,55c7ce,1
0,0,2,218,1714bb,1714bb,1
0,0,2,219,4ee611,4ee611,1
0,0,2,220,3cdbb3,3cdbb3,1
0,0,2,221,3c9e53,3c9e53,1
0,0,2,222,7a84bc,7a84bc,1
0,0,2,223,3b6f67,3b6f67,1
0,0,2,224,1d4f5d,1d4f5d,1
0,0,2,225,2176a9,2176a9,1
0,0,2,226,154c0f,154c0f,1
0,0,2,227,5a28f9,5a28f9,1
0,0,2,228,2616aa,2616aa,1
0,0,2,229,23ec87,23ec87,1
0,0,2,230,36b9c2,36b9c2,1
0,0,2,231,5f138e,5f138e,1
0,0,2,232,540719,540719,1
0,0,2,233,25fd0b,25fd0b,1
0,0,2,234,166f1e,166f1e,1
0,0,2,235,1ca5f3,1ca5f3,1
0,0,2,236,78fc1c,78fc1c,1
0,0,2,237,74621a,74621a,1
0,0,2,238,7d7402,7d7402,1
0,0,2,239,43f224,43f224,1
0,0,2,240,0bac0c,0bac0c,1
0,0,2,241,288427,288427,1
0,0,2,242,676e5c,676e5c,1
0,0,2,243,6eaf28,6eaf28,1
0,0,2,244,696656,696656,1
0,0,2,245,043c2e,043c2e,1
0,0,2,246,30de6b,30de6b,1
0,0,2,247,3c7e92,3c7e92,1
0,0,2,248,239e95,239e95,1
0,0,2,249,297936,297936,1
0,0,2,250,749cd6,749cd6,1
0,0,2,251,2b40c9,2b40c9,1
0,0,2,252,257898,257898,1
0,0,2,253,4ba2aa,4ba2aa,1
0,0,2,254,4046ba,4046ba,1
0,0,2,255,6967d0,6967d0,1
0,0,3,0,479404,479404,1
0,0,3,1,67ee45,67ee45,1
0,0,3,2,16257c,16257c,1
0,0,3,3,4b53e7,4b53e7,1
0,0,3,4,6b7a80,6b7a80,1
0,0,3,5,45018d,45018d,1
0,0,3,6,6eda33,6eda33,1
0,0,3,7,4e41b5,4e41b5,1
0,0,3,8,6abada,6abada,1
0,0,3,9,4feb15,4feb15,1
0,0,3,10,2b9b63,2b9b63,1
0,0,3,11,214617,214617,1
0,0,3,12,1b13a4,1b13a4,1
0,0,3,13,318398,318398,1
0,0,3,14,1f262b,1f262b,1
0,0,3,15,6427a9,6427a9,1
0,0,3,16,438f0d,438f0d,1
0,0,3,17,4e4d0f,4e4d0f,1
0,0,3,18,4eb5a1,4eb5a1,1
0,0,3,19,2c7df8,2c7df8,1
0,0,3,20,6e5556,6e5556,1
0,0,3,21,37b15f,37b15f,1
0,0,3,22,05b706,05b706,1
0,0,3,23,22dd96,22dd96,1
0,0,3,24,0c2cbf,0c2cbf,1
0,0,3,25,7c0650,7c0650,1
0,0,3,26,79b27e,79b27e,1
0,0,3,27,1cc144,1cc144,1
0,0,3,28,541d22,541d22,1
0,0,3,29,628990,628990,1
0,0,3,30,39e77e,39e77e,1
0,0,3,31,5ea9c3,5ea9c3,1
0,0,3,32,49987c,49987c,1
0,0,3,33,0fb28f,0fb28f,1
0,0,3,34,130120,130120,1
0,0,3,35,202edb,202edb,1
0,0,3,36,314c7f,314c7f,1
0,0,3,37,3875f4,3875f4,1
0,0,3,38,5b87e6,5b87e6,1
0,0,3,39,6ba3d2,6ba3d2,1
0,0,3,40,3da9bd,3da9bd,1
0,0,3,41,21be59,21be59,1
0,0,3,42,799145,799145,1
0,0,3,43,5e45f1,5e45f1,1
0,0,3,44,03cbe1,03cbe1,1
0,0,3,45,65b912,65b912,1
0,0,3,46,19cf3d,19cf3d,1
0,0,3,47,7f4ed8,7f4ed8,1
0,0,3,48,4d82cd,4d82cd,1
0,0,3,49,03c88b,03c88b,1
0,0,3,50,67af05,67af05,1
0,0,3,51,016d63,016d63,1
0,0,3,52,3abfcb,3abfcb,1
0,0,3,53,79be5e,79be5e,1
0,0,3,54,1656b1,1656b1,1
0,0,3,55,57d4bf,57d4bf,1
0,0,3,56,396244,396244,1
0,0,3,57,02aa3a,02aa3a,1
0,0,3,58,33360d,33360d,1
0,0,3,59,681294,681294,1
0,0,3,60,5f8e6b,5f8e6b,1
0,0,3,61,27b264,27b264,1
0,0,3,62,103a38,103a38,1
0,0,3,63,4fc281,4fc281,1
0,0,3,64,20bfd4,20bfd4,1
0,0,3,65,1b2a5b,1b2a5b,1
0,0,3,66,57f043,57f043,1
0,0,3,67,10e70c,10e70c,1
0,0,3,68,5a3c8c,5a3c8c,1
0,0,3,69,3f6132,3f6132,1
0,0,3,70,07d6f2,07d6f2,1
0,0,3,71,1ba771,1ba771,1
0,0,3,72,23adcb,23adcb,1
0,0,3,73,62fbbc,62fbbc,1
0,0,3,74,173899,173899,1
0,0,3,75,14ed58,14ed58,1
0,0,3,76,7f7757,7f7757,1
0,0,3,77,557799,557799,1
0,0,3,78,3cab57,3cab57,1
0,0,3,79,1b2c57,1b2c57,1
0,0,3,80,6cd2c6,6cd2c6,1
0,0,3,81,6783c2,6783c2,1
0,0,3,82,786cb2,786cb2,1
0,0,3,83,398197,398197,1
0,0,3,84,0bdf9e,0bdf9e,1
0,0,3,85,63cdaa,63cdaa,1
0,0,3,86,6fee38,6fee38,1
0,0,3,87,0481fd,0481fd,1
0,0,3,88,0fb844,0fb844,1
0,0,3,89,7a0dad,7a0dad,1
0,0,3,90,629802,629802,1
0,0,3,91,7aa77f,7aa77f,1
0,0,3,92,0008e6,0008e6,1
0,0,3,93,77dec6,77dec6,1
0,0,3,94,664231,664231,1
0,0,3,95,0ed6b8,0ed6b8,1
0,0,3,96,11f85c,11f85c,1
0,0,3,97,43a3d8,43a3d8,1
0,0,3,98,2176bc,2176bc,1
0,0,3,99,4fd7ba,4fd7ba,1
0,0,3,100,2186bb,2186bb,1
0,0,3,101,7d4bcf,7d4bcf,1
0,0,3,102,6c53ff,6c53ff,1
0,0,3,103,76f256,76f256,1
0,0,3,104,7f20b0,7f20b0,1
0,0,3,105,3c3606,3c3606,1
0,0,3,106,2ff553,2ff553,1
0,0,3,107,48fdc1,48fdc1,1
0,0,3,108,435da5,435da5,1
0,0,3,109,15401e,15401e,1
0,0,3,110,081977,081977,1
0,0,3,111,26e7fc,26e7fc,1
0,0,3,112,5d0b60,5d0b60,1
0,0,3,113,75d08e,75d08e,1
0,0,3,114,461115,461115,1
0,0,3,115,7ae717,7ae717,1
0,0,3,116,1a1ee7,1a1ee7,1
0,0,3,117,63b894,63b894,1
0,0,3,118,00c2e3,00c2e3,1
0,0,3,119,5efa8d,5efa8d,1
0,0,3,120,25e3fd,25e3fd,1
0,0,3,121,3ff98b,3ff98b,1
0,0,3,122,3ffdd5,3ffdd5,1
0,0,3,123,45d269,45d269,1
0,0,3,124,7c1557,7c1557,1
0,0,3,125,560257,560257,1
0,0,3,126,62cfee,62cfee,1
0,0,3,127,467394,467394,1
0,0,3,128,2e3aa3,2e3aa3,1
0,0,3,129,02df3c,02df3c,1
0,0,3,130,790f19,790f19,1
0,0,3,131,5b5a2d,5b5a2d,1
0,0,3,132,1e508c,1e508c,1
0,0,3,133,100f72,100f72,1
0,0,3,134,089f73,089f73,1
0,0,3,135,06325b,06325b,1
0,0,3,136,7791f7,7791f7,1
0,0,3,137,3eec0b,3eec0b,1
0,0,3,138,5ebb41,5ebb41,1
0,0,3,139,0af241,0af241,1
0,0,3,140,428424,428424,1
0,0,3,141,38e94b,38e94b,1
0,0,3,142,734b4d,734b4d,1
0,0,3,143,08e836,08e836,1
0,0,3,144,46c2c2,46c2c2,1
0,0,3,145,56cec8,56cec8,1
0,0,3,146,3d9d75,3d9d75,1
0,0,3,147,0cd99b,0cd99b,1
0,0,3,148,334178,334178,1
0,0,3,149,06d482,06d482,1
0,0,3,150,410925,410925,1
0,0,3,151,3a9ed5,3a9ed5,1
0,0,3,152,4aa8af,4aa8af,1
0,0,3,153,756cbb,756cbb,1
0,0,3,154,65d46c,65d46c,1
0,0,3,155,3fee4a,3fee4a,1
0,0,3,156,354b4e,354b4e,1
0,0,3,157,1a057b,1a057b,1
0,0,3,158,54dc40,54dc40,1
0,0,3,159,4db8d4,4db8d4,1
0,0,3,160,4cba00,4cba00,1
0,0,3,161,763b7b,763b7b,1
0,0,3,162,1589d6,1589d6,1
0,0,3,163,56d0da,56d0da,1
0,0,3,164,0595cf,0595cf,1
0,0,3,165,4cb5fd,4cb5fd,1
0,0,3,166,18563b,18563b,1
0,0,3,167,3da406,3da406,1
0,0,3,168,75a707,75a707,1
0,0,3,169,4de2f8,4de2f8,1
0,0,3,170,00ed32,00ed32,1
0,0,3,171,2dcf71,2dcf71,1
0,0,3,172,11d63c,11d63c,1
0,0,3,173,6a4b86,6a4b86,1
0,0,3,174,2fcd89,2fcd89,1
0,0,3,175,66f4b2,66f4b2,1
0,0,3,176,3f7c33,3f7c33,1
0,0,3,177,3efdde,3efdde,1
0,0,3,178,1f0585,1f0585,1
0,0,3,179,328900,328900,1
0,0,3,180,5a4053,5a4053,1
0,0,3,181,743868,743868,1
0,0,3,182,57408e,57408e,1
0,0,3,183,4d7185,4d7185,1
0,0,3,184,3810c0,3810c0,1
0,0,3,185,6c2670,6c2670,1
0,0,3,186,0e6c8f,0e6c8f,1
0,0,3,187,1b9449,1b9449,1
0,0,3,188,36b039,36b039,1
0,0,3,189,3dbf76,3dbf76,1
0,0,3,190,3543bd,3543bd,1
0,0,3,191,3ce038,3ce038,1
0,0,3,192,316ed2,316ed2,1
0,0,3,193,732aa0,732aa0,1
0,0,3,194,4912fb,4912fb,1
0,0,3,195,17f50f,17f50f,1
0,0,3,196,1fe1b8,1fe1b8,1
0,0,3,197,31d71c,31d71c,1
0,0,3,198,15f71d,15f71d,1
0,0,3,199,0cffaf,0cffaf,1
0,0,3,200,69c144,69c144,1
0,0,3,201,3d871e,3d871e,1
0,0,3,202,5a48a6,5a48a6,1
0,0,3,203,28c36e,28c36e,1
0,0,3,204,510aa0,510aa0,1
0,0,3,205,2d9646,2d9646,1
0,0,3,206,0cb2ce,0cb2ce,1
0,0,3,207,64f81f,64f81f,1
0,0,3,208,2e92c5,2e92c5,1
0,0,3,209,207c14,207c14,1
0,0,3,210,2b3b7d,2b3b7d,1
0,0,3,211,31f9e3,31f9e3,1
0,0,3,212,2895df,2895df,1
0,0,3,213,1a3fa6,1a3fa6,1
0,0,3,214,2a6535,2a6535,1
0,0,3,215,1db864,1db864,1
0,0,3,216,4044eb,4044eb,1
0,0,3,217,431973,431973,1
0,0,3,218,45ba6b,45ba6b,1
0,0,3,219,2e3ec9,2e3ec9,1
0,0,3,220,2349f5,2349f5,1
0,0,3,221,51dfe4,51dfe4,1
0,0,3,222,0600ee,0600ee,1
0,0,3,223,641790,641790,1
0,0,3,224,5f4b54,5f4b54,1
0,0,3,225,69940c,69940c,1
0,0,3,226,670950,670950,1
0,0,3,227,661556,661556,1
0,0,3,228,7f1ae6,7f1ae6,1
0,0,3,229,002e93,002e93,1
0,0,3,230,5697dc,5697dc,1
0,0,3,231,19fe28,19fe28,1
0,0,3,232,27407b,27407b,1
0,0,3,233,25c5f2,25c5f2,1
0,0,3,234,4aafef,4aafef,1
0,0,3,235,568e8e,568e8e,1
0,0,3,236,6cba10,6cba10,1
0,0,3,237,2661de,2661de,1
0,0,3,238,4ae30d,4ae30d,1
0,0,3,239,032539,032539,1
0,0,3,240,65d3b2,65d3b2,1
0,0,3,241,250397,250397,1
0,0,3,242,52acf4,52acf4,1
0,0,3,243,79e72a,79e72a,1
0,0,3,244,37d564,37d564,1
0,0,3,245,5d2ff0,5d2ff0,1
0,0,3,246,70eb49,70eb49,1
0,0,3,247,3a94d8,3a94d8,1
0,0,3,248,4225a0,4225a0,1
0,0,3,249,4f5b9d,4f5b9d,1
0,0,3,250,077112,077112,1
0,0,3,251,4d67da,4d67da,1
0,0,3,252,074bbc,074bbc,1
0,0,3,253,62c3c4,62c3c4,1
0,0,3,254,3159a0,3159a0,1
0,0,3,255,1bf2a7,1bf2a7,1
0,1,0,0,4a39d0,4a39d0,1
0,1,0,1,0d304b,0d304b,1
0,1,0,2,525853,525853,1
0,1,0,3,3a83ac,3a83ac,1
0,1,0,4,695015,695015,1
0,1,0,5,47729a,47729a,1
0,1,0,6,7cab6b,7cab6b,1
0,1,0,7,2dcac4,2dcac4,1
0,1,0,8,1ace49,1ace49,1
0,1,0,9,6b8be5,6b8be5,1
0,1,0,10,536694,536694,1
0,1,0,11,4c0dd1,4c0dd1,1
0,1,0,12,14533e,14533e,1
0,1,0,13,552459,552459,1
0,1,0,14,448fc8,448fc8,1
0,1,0,15,2bb8d0,2bb8d0,1
0,1,0,16,79ad95,79ad95,1
0,1,0,17,2a68eb,2a68eb,1
0,1,0,18,2ec4f8,2ec4f8,1
0,1,0,19,13967c,13967c,1
0,1,0,20,2856f8,2856f8,1
0,1,0,21,37c063,37c063,1
0,1,0,22,2509a5,2509a5,1
0,1,0,23,0fdd3d,0fdd3d,1
0,1,0,24,5ffb86,5ffb86,1
0,1,0,25,51cbed,51cbed,1
0,1,0,26,4c5011,4c5011,1
0,1,0,27,3b2c45,3b2c45,1
0,1,0,28,092fee,092fee,1
0,1,0,29,0b5dd0,0b5dd0,1
0,1,0,30,2995d8,2995d8,1
0,1,0,31,7bd35f,7bd35f,1
0,1,0,32,6bd90f,6bd90f,1
0,1,0,33,465d45,465d45,1
0,1,0,34,4adf2b,4adf2b,1
0,1,0,35,1bae01,1bae01,1
0,1,0,36,7f53f8,7f53f8,1
0,1,0,37,4af3c4,4af3c4,1
0,1,0,38,6d643d,6d643d,1
0,1,0,39,12392f,12392f,1
0,1,0,40,091d0a,091d0a,1
0,1,0,41,22f93a,22f93a,1
0,1,0,42,269573,269573,1
0,1,0,43,6238b8,6238b8,1
0,1,0,44,354d64,354d64,1
0,1,0,45,1bd173,1bd173,1
0,1,0,46,299494,299494,1
0,1,0,47,6e4245,6e4245,1
0,1,0,48,08c5c3,08c5c3,1
0,1,0,49,2565b9,2565b9,1
0,1,0,50,5ebdfc,5ebdfc,1
0,1,0,51,74569a,74569a,1
0,1,0,52,0a2ea7,0a2ea7,1
0,1,0,53,6a972e,6a972e,1
0,1,0,54,4b2f2f,4b2f2f,1
0,1,0,55,2b7d04,2b7d04,1
0,1,0,56,7d27f0,7d27f0,1
0,1,0,57,14784d,14784d,1
0,1,0,58,00dd2b,00dd2b,1
0,1,0,59,05371c,05371c,1
0,1,0,60,485d84,485d84,1
0,1,0,61,31dd07,31dd07,1
0,1,0,62,1a3076,1a3076,1
0,1,0,63,461753,461753,1
0,1,0,64,0efe34,0efe34,1
0,1,0,65,4ef866,4ef866,1
0,1,0,66,590f3f,590f3f,1
0,1,0,67,64fd77,64fd77,1
0,1,0,68,79f899,79f899,1
0,1,0,69,143df5,143df5,1
0,1,0,70,736045,736045,1
0,1,0,71,247a4e,247a4e,1
0,1,0,72,13a96e,13a96e,1
0,1,0,73,1456df,1456df,1
0,1,0,74,2ed1da,2ed1da,1
0,1,0,75,4e4a25,4e4a25,1
0,1,0,76,71c223,71c223,1
0,1,0,77,3d34db,3d34db,1
0,1,0,78,6a5156,6a5156,1
0,1,0,79,563182,563182,1
0,1,0,80,017f78,017f78,1
0,1,0,81,78d1ed,78d1ed,1
0,1,0,82,581ada,581ada,1
0,1,0,83,168cdb,168cdb,1
0,1,0,84,792675,792675,1
0,1,0,85,4e7c48,4e7c48,1
0,1,0,86,55eaa5,55eaa5,1
0,1,0,87,7a9bb3,7a9bb3,1
0,1,0,88,7f4370,7f4370,1
0,1,0,89,0c7914,0c7914,1
0,1,0,90,22cb0f,22cb0f,1
0,1,0,91,7fac66,7fac66,1
0,1,0,92,5e005d,5e005d,1
0,1,0,93,68465a,68465a,1
0,1,0,94,1443f8,1443f8,1
0,1,0,95,5b870d,5b870d,1
0,1,0,96,7399d7,7399d7,1
0,1,0,97,3334c5,3334c5,1
0,1,0,98,047ab2,047ab2,1
0,1,0,99,06cc5d,06cc5d,1
0,1,0,100,1e39c4,1e39c4,1
0,1,0,101,063240,063240,1
0,1,0,102,76816f,76816f,1
0,1,0,103,6460c6,6460c6,1
0,1,0,104,3f8a88,3f8a88,1
0,1,0,105,3bea32,3bea32,1
0,1,0,106,69fb4d,69fb4d,1
0,1,0,107,6c1fb9,6c1fb9,1
0,1,0,108,43734d,43734d,1
0,1,0,109,4ae56c,4ae56c,1
0,1,0,110,720a84,720a84,1
0,1,0,111,6715ef,6715ef,1
0,1,0,112,3c80d5,3c80d5,1
0,1,0,113,40a9b7,40a9b7,1
0,1,0,114,5eb0a1,5eb0a1,1
0,1,0,115,31bdcb,31bdcb,1
0,1,0,116,7c4c23,7c4c23,1
0,1,0,117,709760,709760,1
0,1,0,118,299386,299386,1
0,1,0,119,1c10cf,1c10cf,1
0,1,0,120,130e99,130e99,1
0,1,0,121,229643,229643,1
0,1,0,122,75a520,75a520,1
0,1,0,123,01b4b0,01b4b0,1
0,1,0,124,60add0,60add0,1
0,1,0,125,68a69f,68a69f,1
0,1,0,126,78b945,78b945,1
0,1,0,127,46ddcb,46ddcb,1
0,1,0,128,75b1ef,75b1ef,1
0,1,0,129,03c4f4,03c4f4,1
0,1,0,130,4ffcea,4ffcea,1
0,1,0,131,23adca,23adca,1
0,1,0,132,7a9216,7a9216,1
0,1,0,133,1cf2dc,1cf2dc,1
0,1,0,134,388f77,388f77,1
0,1,0,135,0fffc9,0fffc9,1
0,1,0,136,76895f,76895f,1
0,1,0,137,2d74fe,2d74fe,1
0,1,0,138,0bf162,0bf162,1
0,1,0,139,2e0bb4,2e0bb4,1
0,1,0,140,23a452,23a452,1
0,1,0,141,328223,328223,1
0,1,0,142,5d2a64,5d2a64,1
0,1,0,143,213566,213566,1
0,1,0,144,00dc32,00dc32,1
0,1,0,145,2ef09f,2ef09f,1
0,1,0,146,1535cb,1535cb,1
0,1,0,147,03be1a,03be1a,1
0,1,0,148,4e41ec,4e41ec,1
0,1,0,149,6feeba,6feeba,1
0,1,0,150,496adc,496adc,1
0,1,0,151,34566c,34566c,1
0,1,0,152,4d5f10,4d5f10,1
0,1,0,153,27d309,27d309,1
0,1,0,154,13f1f6,13f1f6,1
0,1,0,155,4a1910,4a1910,1
0,1,0,156,4a4b22,4a4b22,1
0,1,0,157,4f5d06,4f5d06,1
0,1,0,158,61b357,61b357,1
0,1,0,159,312661,312661,1
0,1,0,160,5e8eb5,5e8eb5,1
0,1,0,161,479751,479751,1
0,1,0,162,2cf4e3,2cf4e3,1
0,1,0,163,6c0133,6c0133,1
0,1,0,164,7527aa,7527aa,1
0,1,0,165,066792,066792,1
0,1,0,166,4530bc,4530bc,1
0,1,0,167,27256c,27256c,1
0,1,0,168,30a294,30a294,1
0,1,0,169,62a769,62a769,1
0,1,0,170,4a5e7e,4a5e7e,1
0,1,0,171,71e1a5,71e1a5,1
0,1,0,172,0601f9,0601f9,1
0,1,0,173,47be0d,47be0d,1
0,1,0,174,6cdfd1,6cdfd1,1
0,1,0,175,75ceb4,75ceb4,1
0,1,0,176,62fbed,62fbed,1
0,1,0,177,21f93a,21f93a,1
0,1,0,178,0349db,0349db,1
0,1,0,179,6ff95b,6ff95b,1
0,1,0,180,54729b,54729b,1
0,1,0,181,6c4dcb,6c4dcb,1
0,1,0,182,515923,515923,1
0,1,0,183,16a1cc,16a1cc,1
0,1,0,184,44bce0,44bce0,1
0,1,0,185,279993,279993,1
0,1,0,186,51274e,51274e,1
0,1,0,187,2caf79,2caf79,1
0,1,0,188,3c7c60,3c7c60,1
0,1,0,189,223fe3,223fe3,1
0,1,0,190,6dc2f7,6dc2f7,1
0,1,0,191,7c2e05,7c2e05,1
0,1,0,192,5405c3,5405c3,1
0,1,0,193,50a18c,50a18c,1
0,1,0,194,7c45eb,7c45eb,1
0,1,0,195,2a4f63,2a4f63,1
0,1,0,196,77d62d,77d62d,1
0,1,0,197,4d7190,4d7190,1
0,1,0,198,78ddd2,78ddd2,1
0,1,0,199,3bd208,3bd208,1
0,1,0,200,7f016f,7f016f,1
0,1,0,201,2bddaf,2bddaf,1
0,1,0,202,497166,497166,1
0,1,0,203,754758,754758,1
0,1,0,204,5d5b6a,5d5b6a,1
0,1,0,205,2ec2ab,2ec2ab,1
0,1,0,206,6589df,6589df,1
0,1,0,207,206781,206781,1
0,1,0,208,20fdef,20fdef,1
0,1,0,209,08c5cd,08c5cd,1
0,1,0,210,15b138,15b138,1
0,1,0,211,3c76cf,3c76cf,1
0,1,0,212,7ee617,7ee617,1
0,1,0,213,41d43b,41d43b,1
0,1,0,214,4638f7,4638f7,1
0,1,0,215,5680a1,5680a1,1
0,1,0,216,57f8ea,57f8ea,1
0,1,0,217,23020d,23020d,1
0,1,0,218,05b0d8,05b0d8,1
0,1,0,219,044d21,044d21,1
0,1,0,220,5ef164,5ef164,1
0,1,0,221,229d77,229d77,1
0,1,0,222,0c31ad,0c31ad,1
0,1,0,223,14af53,14af53,1
0,1,0,224,1be20c,1be20c,1
0,1,0,225,3af0ba,3af0ba,1
0,1,0,226,6a3b2e,6a3b2e,1
0,1,0,227,6aa9eb,6aa9eb,1
0,1,0,228,5d1fd3,5d1fd3,1
0,1,0,229,08aef3,08aef3,1
0,1,0,230,074257,074257,1
0,1,0,231,6a5c89,6a5c89,1
0,1,0,232,230b7f,230b7f,1
0,1,0,233,503b3e,503b3e,1
0,1,0,234,094eab,094eab,1
0,1,0,235,79c58d,79c58d,1
0,1,0,236,29a20c,29a20c,1
0,1,0,237,3d482b,3d482b,1
0,1,0,238,029d55,029d55,1
0,1,0,239,4b489b,4b489b,1
0,1,0,240,7b56a4,7b56a4,1
0,1,0,241,3db47e,3db47e,1
0,1,0,242,587c6a,587c6a,1
0,1,0,243,23e162,23e162,1
0,1,0,244,306d9c,306d9c,1
0,1,0,245,127371,127371,1
0,1,0,246,5f4632,5f4632,1
0,1,0,247,3f97b8,3f97b8,1
0,1,0,248,5462de,5462de,1
0,1,0,249,041545,041545,1
0,1,0,250,233c2b,233c2b,1
0,1,0,251,1fe46d,1fe46d,1
0,1,0,252,7ce192,7ce192,1
0,1,0,253,1922af,1922af,1
0,1,0,254,47d71a,47d71a,1
0,1,0,255,7469f2,7469f2,1
0,1,1,0,2b29df,2b29df,1
0,1,1,1,1eb6c1,1eb6c1,1
0,1,1,2,1d1764,1d1764,1
0,1,1,3,531788,531788,1
0,1,1,4,4e319d,4e319d,1
0,1,1,5,3e680e,3e680e,1
0,1,1,6,034d64,034d64,1
0,1,1,7,4f107f,4f107f,1
0,1,1,8,045637,045637,1
0,1,1,9,651324,651324,1
0,1,1,10,0e6086,0e6086,1
0,1,1,11,232d1c,232d1c,1
0,1,1,12,6fd327,6fd327,1
0,1,1,13,5d53a0,5d53a0,1
0,1,1,14,798814,798814,1
0,1,1,15,079c10,079c10,1
0,1,1,16,471763,471763,1
0,1,1,17,5dc6c9,5dc6c9,1
0,1,1,18,33d504,33d504,1
0,1,1,19,53f50f,53f50f,1
0,1,1,20,1f973e,1f973e,1
0,1,1,21,67ffac,67ffac,1
0,1,1,22,41d9bb,41d9bb,1
0,1,1,23,6995ad,6995ad,1
0,1,1,24,18f301,18f301,1
0,1,1,25,1ac79d,1ac79d,1
0,1,1,26,123de0,123de0,1
0,1,1,27,3b4eb6,3b4eb6,1
0,1,1,28,499556,499556,1
0,1,1,29,6f4789,6f4789,1
0,1,1,30,361f63,361f63,1
0,1,1,31,22f278,22f278,1
0,1,1,32,6c22ca,6c22ca,1
0,1,1,33,42baac,42baac,1
0,1,1,34,1d717a,1d717a,1
0,1,1,35,26cb7f,26cb7f,1
0,1,1,36,0be6fd,0be6fd,1
0,1,1,37,36d9b6,36d9b6,1
0,1,1,38,0862c2,0862c2,1
0,1,1,39,6b96b9,6b96b9,1
0,1,1,40,07a771,07a771,1
0,1,1,41,22c24b,22c24b,1
0,1,1,42,50fdc5,50fdc5,1
0,1,1,43,04d1ec,04d1ec,1
0,1,1,44,47ea23,47ea23,1
0,1,1,45,2df806,2df806,1
0,1,1,46,176d84,176d84,1
0,1,1,47,020610,020610,1
0,1,1,48,725978,725978,1
0,1,1,49,68ce9e,68ce9e,1
0,1,1,50,6a29d2,6a29d2,1
0,1,1,51,40ce16,40ce16,1
0,1,1,52,543745,543745,1
0,1,1,53,12eeb8,12eeb8,1
0,1,1,54,639911,639911,1
0,1,1,55,2b09d4,2b09d4,1
0,1,1,56,777a84,777a84,1
0,1,1,57,746775,746775,1
0,1,1,58,532093,532093,1
0,1,1,59,043913,043913,1
0,1,1,60,79238c,79238c,1
0,1,1,61,29bcb7,29bcb7,1
0,1,1,62,79ecf1,79ecf1,1
0,1,1,63,3c8f6a,3c8f6a,1
0,1,1,64,26bb12,26bb12,1
0,1,1,65,03c836,03c836,1
0,1,1,66,328e87,328e87,1
0,1,1,67,0a93fb,0a93fb,1
0,1,1,68,47b54e,47b54e,1
0,1,1,69,3d2398,3d2398,1
0,1,1,70,7c6627,7c6627,1
0,1,1,71,4fa01f,4fa01f,1
0,1,1,72,4c305e,4c305e,1
0,1,1,73,2d3877,2d3877,1
0,1,1,74,18bd07,18bd07,1
0,1,1,75,163739,163739,1
0,1,1,76,1b133b,1b133b,1
0,1,1,77,60b7bc,60b7bc,1
0,1,1,78,1e3490,1e3490,1
0,1,1,79,58c0c5,58c0c5,1
0,1,1,80,15e75c,15e75c,1
0,1,1,81,5873da,5873da,1
0,1,1,82,3c458e,3c458e,1
0,1,1,83,781e59,781e59,1
0,1,1,84,25108a,25108a,1
0,1,1,85,446a32,446a32,1
0,1,1,86,349f60,349f60,1
0,1,1,87,0d2667,0d2667,1
0,1,1,88,63ebab,63ebab,1
0,1,1,89,43bd2d,43bd2d,1
0,1,1,90,6e104b,6e104b,1
0,1,1,91,1ba336,1ba336,1
0,1,1,92,750134,750134,1
0,1,1,93,5c8338,5c8338,1
0,1,1,94,41a94a,41a94a,1
0,1,1,95,4812d8,4812d8,1
0,1,1,96,5bd854,5bd854,1
0,1,1,97,577e40,577e40,1
0,1,1,98,02cc23,02cc23,1
0,1,1,99,230cfc,230cfc,1
0,1,1,100,2d83a8,2d83a8,1
0,1,1,101,668c2d,668c2d,1
0,1,1,102,70f094,70f094,1
0,1,1,103,5102fb,5102fb,1
0,1,1,104,56528e,56528e,1
0,1,1,105,4290d0,4290d0,1
0,1,1,106,4dd1fc,4dd1fc,1
0,1,1,107,693529,693529,1
0,1,1,108,1d171a,1d171a,1
0,1,1,109,3d0971,3d0971,1
0,1,1,110,363e2a,363e2a,1
0,1,1,111,5f3b67,5f3b67,1
0,1,1,112,53d061,53d061,1
0,1,1,113,4c1f6f,4c1f6f,1
0,1,1,114,3ed1e0,3ed1e0,1
0,1,1,115,142a9c,142a9c,1
0,1,1,116,3ba8ca,3ba8ca,1
0,1,1,117,61ab70,61ab70,1
0,1,1,118,30bc1d,30bc1d,1
0,1,1,119,1fb663,1fb663,1
0,1,1,120,1aa344,1aa344,1
0,1,1,121,6ab746,6ab746,1
0,1,1,122,7ee796,7ee796,1
0,1,1,123,14beca,14beca,1
0,1,1,124,351fd3,351fd3,1
0,1,1,125,0459bc,0459bc,1
0,1,1,126,4e9b29,4e9b29,1
0,1,1,127,3fd826,3fd826,1
0,1,1,128,288cf6,288cf6,1
0,1,1,129,22289e,22289e,1
0,1,1,130,171229,171229,1
0,1,1,131,37e2d3,37e2d3,1
0,1,1,132,26388a,26388a,1
0,1,1,133,14c0d2,14c0d2,1
0,1,1,134,11222b,11222b,1
0,1,1,135,289612,289612,1
0,1,1,136,2043d0,2043d0,1
0,1,1,137,5d3fe1,5d3fe1,1
0,1,1,138,22f8df,22f8df,1
0,1,1,139,029267,029267,1
0,1,1,140,50574a,50574a,1
0,1,1,141,71cca6,71cca6,1
0,1,1,142,32ad55,32ad55,1
0,1,1,143,1d5c90,1d5c90,1
0,1,1,144,6a2248,6a2248,1
0,1,1,145,77d246,77d246,1
0,1,1,146,63b70a,63b70a,1
0,1,1,147,5cc899,5cc899,1
0,1,1,148,03ba4e,03ba4e,1
0,1,1,149,2fa217,2fa217,1
0,1,1,150,083db9,083db9,1
0,1,1,151,794802,794802,1
0,1,1,152,433819,433819,1
0,1,1,153,23095b,23095b,1
0,1,1,154,27ca78,27ca78,1
0,1,1,155,4d8be8,4d8be8,1
0,1,1,156,73a0f5,73a0f5,1
0,1,1,157,5364bd,5364bd,1
0,1,1,158,21411e,21411e,1
0,1,1,159,057cbd,057cbd,1
0,1,1,160,408257,408257,1
0,1,1,161,303415,303415,1
0,1,1,162,50590c,50590c,1
0,1,1,163,7d2cee,7d2cee,1
0,1,1,164,2cb834,2cb834,1
0,1,1,165,1cdb61,1cdb61,1
0,1,1,166,37fb65,37fb65,1
0,1,1,167,621a2e,621a2e,1
0,1,1,168,3e3582,3e3582,1
0,1,1,169,149a97,149a97,1
0,1,1,170,17c62e,17c62e,1
0,1,1,171,4a463c,4a463c,1
0,1,1,172,5af7f8,5af7f8,1
0,1,1,173,64774c,64774c,1
0,1,1,174,0a9596,0a9596,1
0,1,1,175,57dc3e,57dc3e,1
0,1,1,176,3ab8c1,3ab8c1,1
0,1,1,177,48f885,48f885,1
0,1,1,178,4454ed,4454ed,1
0,1,1,179,328d3c,328d3c,1
0,1,1,180,7e52f9,7e52f9,1
0,1,1,181,28d0e7,28d0e7,1
0,1,1,182,47270e,47270e,1
0,1,1,183,1cc38a,1cc38a,1
0,1,1,184,06aad1,06aad1,1
0,1,1,185,5d815f,5d815f,1
0,1,1,186,40b025,40b025,1
0,1,1,187,7e6b26,7e6b26,1
0,1,1,188,4e02de,4e02de,1
0,1,1,189,4b8a55,4b8a55,1
0,1,1,190,144d3b,144d3b,1
0,1,1,191,7069b2,7069b2,1
0,1,1,192,71a082,71a082,1
0,1,1,193,12cc08,12cc08,1
0,1,1,194,2c4f57,2c4f57,1
0,1,1,195,79e9cf,79e9cf,1
0,1,1,196,280f99,280f99,1
0,1,1,197,54bb78,54bb78,1
0,1,1,198,46bc09,46bc09,1
0,1,1,199,4b334e,4b334e,1
0,1,1,200,4ad99e,4ad99e,1
0,1,1,201,3b4ce5,3b4ce5,1
0,1,1,202,6ffa9b,6ffa9b,1
0,1,1,203,645841,645841,1
0,1,1,204,1024ef,1024ef,1
0,1,1,205,68ec67,68ec67,1
0,1,1,206,6234b7,6234b7,1
0,1,1,207,52e595,52e595,1
0,1,1,208,10615e,10615e,1
0,1,1,209,426d80,426d80,1
0,1,1,210,012633,012633,1
0,1,1,211,306723,306723,1
0,1,1,212,674a8c,674a8c,1
0,1,1,213,5fb237,5fb237,1
0,1,1,214,5ddb69,5ddb69,1
0,1,1,215,41d874,41d874,1
0,1,1,216,3f2edb,3f2edb,1
0,1,1,217,13e684,13e684,1
0,1,1,218,4d7746,4d7746,1
0,1,1,219,6d0797,6d0797,1
0,1,1,220,0bd983,0bd983,1
0,1,1,221,5d2ea1,5d2ea1,1
0,1,1,222,2bd97d,2bd97d,1
0,1,1,223,05a347,05a347,1
0,1,1,224,7dc258,7dc258,1
0,1,1,225,313ccf,313ccf,1
0,1,1,226,3fe02b,3fe02b,1
0,1,1,227,74fd22,74fd22,1
0,1,1,228,0e48ca,0e48ca,1
0,1,1,229,7d29c5,7d29c5,1
0,1,1,230,6affd6,6affd6,1
0,1,1,231,15f168,15f168,1
0,1,1,232,185593,185593,1
0,1,1,233,69d2b7,69d2b7,1
0,1,1,234,034c8e,034c8e,1
0,1,1,235,1597b7,1597b7,1
0,1,1,236,0876ed,0876ed,1
0,1,1,237,229077,229077,1
0,1,1,238,2188d4,2188d4,1
0,1,1,239,1cc884,1cc884,1
0,1,1,240,0d1eaf,0d1eaf,1
0,1,1,241,3868a2,3868a2,1
0,1,1,242,5bd44d,5bd44d,1
0,1,1,243,5e42a0,5e42a0,1
0,1,1,244,4a4a98,4a4a98,1
0,1,1,245,229945,229945,1
0,1,1,246,41c60e,41c60e,1
0,1,1,247,16f3e3,16f3e3,1
0,1,1,248,2a1297,2a1297,1
0,1,1,249,67addf,67addf,1
0,1,1,250,09013e,09013e,1
0,1,1,251,4b6b0a,4b6b0a,1
0,1,1,252,6137cd,6137cd,1
0,1,1,253,649f73,649f73,1
0,1,1,254,184f14,184f14,1
0,1,1,255,07ead9,07ead9,1
0,1,2,0,226870,226870,1
0,1,2,1,257776,257776,1
0,1,2,2,0dbfed,0dbfed,1
0,1,2,3,31b10f,31b10f,1
0,1,2,4,6d88f1,6d88f1,1
0,1,2,5,341f7f,341f7f,1
0,1,2,6,07381e,07381e,1
0,1,2,7,37876b,37876b,1
0,1,2,8,41b81f,41b81f,1
0,1,2,9,025edc,025edc,1
0,1,2,10,580190,580190,1
0,1,2,11,3134ee,3134ee,1
0,1,2,12,646fa7,646fa7,1
0,1,2,13,1915c0,1915c0,1
0,1,2,14,25abff,25abff,1
0,1,2,15,114c4a,114c4a,1
0,1,2,16,79834c,79834c,1
0,1,2,17,4ceb55,4ceb55,1
0,1,2,18,13199e,13199e,1
0,1,2,19,3a3108,3a3108,1
0,1,2,20,59c25d,59c25d,1
0,1,2,21,565db7,565db7,1
0,1,2,22,0581eb,0581eb,1
0,1,2,23,48c2cd,48c2cd,1
0,1,2,24,68c908,68c908,1
0,1,2,25,687fc8,687fc8,1
0,1,2,26,577952,577952,1
0,1,2,27,468fbe,468fbe,1
0,1,2,28,4cc845,4cc845,1
0,1,2,29,6cd008,6cd008,1
0,1,2,30,3cc007,3cc007,1
0,1,2,31,324b31,324b31,1
0,1,2,32,538aed,538aed,1
0,1,2,33,036120,036120,1
0,1,2,34,5665da,5665da,1
0,1,2,35,69f20c,69f20c,1
0,1,2,36,11ce97,11ce97,1
0,1,2,37,1f0274,1f0274,1
0,1,2,38,056401,056401,1
0,1,2,39,6b1f09,6b1f09,1
0,1,2,40,482971,482971,1
0,1,2,41,271157,271157,1
0,1,2,42,5cfab7,5cfab7,1
0,1,2,43,7f7e6a,7f7e6a,1
0,1,2,44,30ef32,30ef32,1
0,1,2,45,7c83f0,7c83f0,1
0,1,2,46,2e2c1e,2e2c1e,1
0,1,2,47,22f5e0,22f5e0,1
0,1,2,48,4b743b,4b743b,1
0,1,2,49,463255,463255,1
0,1,2,50,63b9b8,63b9b8,1
0,1,2,51,0f28be,0f28be,1
0,1,2,52,21df00,21df00,1
0,1,2,53,56fd8b,56fd8b,1
0,1,2,54,0d82f2,0d82f2,1
0,1,2,55,152bd0,152bd0,1
0,1,2,56,4641f7,4641f7,1
0,1,2,57,24eccf,24eccf,1
0,1,2,58,10461c,10461c,1
0,1,2,59,15826f,15826f,1
0,1,2,60,59bb7c,59bb7c,1
0,1,2,61,0432cf,0432cf,1
0,1,2,62,542625,542625,1
0,1,2,63,4a32ab,4a32ab,1
0,1,2,64,05e2fa,05e2fa,1
0,1,2,65,3bd461,3bd461,1
0,1,2,66,71e1ff,71e1ff,1
0,1,2,67,7bb1e4,7bb1e4,1
0,1,2,68,7dc201,7dc201,1
0,1,2,69,76fa45,76fa45,1
0,1,2,70,7e2056,7e2056,1
0,1,2,71,1ff37a,1ff37a,1
0,1,2,72,4068b4,4068b4,1
0,1,2,73,591cf4,591cf4,1
0,1,2,74,3a0f31,3a0f31,1
0,1,2,75,6b729b,6b729b,1
0,1,2,76,1c6cf0,1c6cf0,1
0,1,2,77,1df18d,1df18d,1
0,1,2,78,57ed74,57ed74,1
0,1,2,79,317a28,317a28,1
0,1,2,80,5da595,5da595,1
0,1,2,81,553cdb,553cdb,1
0,1,2,82,4683a4,4683a4,1
0,1,2,83,76e353,76e353,1
0,1,2,84,390acb,390acb,1
0,1,2,85,7ad4b6,7ad4b6,1
0,1,2,86,5b928d,5b928d,1
0,1,2,87,077a3d,077a3d,1
0,1,2,88,59bc13,59bc13,1
0,1,2,89,2fd86d,2fd86d,1
0,1,2,90,707dd5,707dd5,1
0,1,2,91,0f94ce,0f94ce,1
0,1,2,92,02d871,02d871,1
0,1,2,93,210ff8,210ff8,1
0,1,2,94,0375dd,0375dd,1
0,1,2,95,1d55b5,1d55b5,1
0,1,2,96,3eea42,3eea42,1
0,1,2,97,65c3bd,65c3bd,1
0,1,2,98,58c6b0,58c6b0,1
0,1,2,99,7a0dca,7a0dca,1
0,1,2,100,6fa6c8,6fa6c8,1
0,1,2,101,585268,585268,1
0,1,2,102,337eda,337eda,1
0,1,2,103,5e83c8,5e83c8,1
0,1,2,104,74c274,74c274,1
0,1,2,105,54baba,54baba,1
0,1,2,106,257a37,257a37,1
0,1,2,107,10073f,10073f,1
0,1,2,108,4aa028,4aa028,1
0,1,2,109,7b9a70,7b9a70,1
0,1,2,110,35b83c,35b83c,1
0,1,2,111,434b46,434b46,1
0,1,2,112,4acea0,4acea0,1
0,1,2,113,785d79,785d79,1
0,1,2,114,22ca28,22ca28,1
0,1,2,115,0a32f9,0a32f9,1
0,1,2,116,0e67b5,0e67b5,1
0,1,2,117,3c97a0,3c97a0,1
0,1,2,118,1845f1,1845f1,1
0,1,2,119,475bee,475bee,1
0,1,2,120,35ce06,35ce06,1
0,1,2,121,64c194,64c194,1
0,1,2,122,4f79dc,4f79dc,1
0,1,2,123,0838b0,0838b0,1
0,1,2,124,226bbc,226bbc,1
0,1,2,125,33a799,33a799,1
0,1,2,126,3ff5d8,3ff5d8,1
0,1,2,127,61efdf,61efdf,1
0,1,2,128,4863c4,4863c4,1
0,1,2,129,49353d,49353d,1
0,1,2,130,0abfca,0abfca,1
0,1,2,131,0a5fc0,0a5fc0,1
0,1,2,132,162489,162489,1
0,1,2,133,0ddee4,0ddee4,1
0,1,2,134,74a6cf,74a6cf,1
0,1,2,135,7d78bb,7d78bb,1
0,1,2,136,687283,687283,1
0,1,2,137,1245c3,1245c3,1
0,1,2,138,41758c,41758c,1
0,1,2,139,4cfb72,4cfb72,1
0,1,2,140,2e5889,2e5889,1
0,1,2,141,035abb,035abb,1
0,1,2,142,184cdb,184cdb,1
0,1,2,143,7ba002,7ba002,1
0,1,2,144,4bb13f,4bb13f,1
0,1,2,145,402b0a,402b0a,1
0,1,2,146,619f3a,619f3a,1
0,1,2,147,720fea,720fea,1
0,1,2,148,18ce70,18ce70,1
0,1,2,149,448c65,448c65,1
0,1,2,150,6603c4,6603c4,1
0,1,2,151,253b96,253b96,1
0,1,2,152,300e9b,300e9b,1
0,1,2,153,51b6a3,51b6a3,1
0,1,2,154,66b3f2,66b3f2,1
0,1,2,155,49ae31,49ae31,1
0,1,2,156,5078c0,5078c0,1
0,1,2,157,7c6fa2,7c6fa2,1
0,1,2,158,410120,410120,1
0,1,2,159,7143ac,7143ac,1
0,1,2,160,71b629,71b629,1
0,1,2,161,535a30,535a30,1
0,1,2,162,54979d,54979d,1
0,1,2,163,256c5a,256c5a,1
0,1,2,164,1957fd,1957fd,1
0,1,2,165,602d54,602d54,1
0,1,2,166,2ebba9,2ebba9,1
0,1,2,167,1f89e4,1f89e4,1
0,1,2,168,4e8a82,4e8a82,1
0,1,2,169,3387db,3387db,1
0,1,2,170,002b2c,002b2c,1
0,1,2,171,757bf2,757bf2,1
0,1,2,172,4209b1,4209b1,1
0,1,2,173,6422f7,6422f7,1
0,1,2,174,1d501d,1d501d,1
0,1,2,175,3e20c1,3e20c1,1
0,1,2,176,3ab5dc,3ab5dc,1
0,1,2,177,61daaf,61daaf,1
0,1,2,178,1a35ee,1a35ee,1
0,1,2,179,18fa22,18fa22,1
0,1,2,180,456585,456585,1
0,1,2,181,1c2be8,1c2be8,1
0,1,2,182,65b053,65b053,1
0,1,2,183,231516,231516,1
0,1,2,184,05fde2,05fde2,1
0,1,2,185,0c489a,0c489a,1
0,1,2,186,47d9f4,47d9f4,1
0,1,2,187,4a1512,4a1512,1
0,1,2,188,399b7b,399b7b,1
0,1,2,189,36021d,36021d,1
0,1,2,190,52b9b9,52b9b9,1
0,1,2,191,5b5557,5b5557,1
0,1,2,192,7dffc5,7dffc5,1
0,1,2,193,2256e6,2256e6,1
0,1,2,194,7b1be0,7b1be0,1
0,1,2,195,410c5f,410c5f,1
0,1,2,196,40220e,40220e,1
0,1,2,197,24a6f3,24a6f3,1
0,1,2,198,32dd19,32dd19,1
0,1,2,199,42b1b6,42b1b6,1
0,1,2,200,4bb293,4bb293,1
0,1,2,201,44f080,44f080,1
0,1,2,202,13fde7,13fde7,1
0,1,2,203,3fab12,3fab12,1
0,1,2,204,340712,340712,1
0,1,2,205,12bb0a,12bb0a,1
0,1,2,206,6d9c91,6d9c91,1
0,1,2,207,1b9fdc,1b9fdc,1
0,1,2,208,48d0f0,48d0f0,1
0,1,2,209,24f465,24f465,1
0,1,2,210,042972,042972,1
0,1,2,211,1a8574,1a8574,1
0,1,2,212,74f2cd,74f2cd,1
0,1,2,213,7823c8,7823c8,1
0,1,2,214,70a82d,70a82d,1
0,1,2,215,3a8b1f,3a8b1f,1
0,1,2,216,79ea39,79ea39,1
0,1,2,217,2789a3,2789a3,1
0,1,2,218,2f1f56,2f1f56,1
0,1,2,219,48a27e,48a27e,1
0,1,2,220,528818,528818,1
0,1,2,221,20cf9b,20cf9b,1
0,1,2,222,0309a2,0309a2,1
0,1,2,223,19de3f,19de3f,1
0,1,2,224,77fd35,77fd35,1
0,1,2,225,034b8c,034b8c,1
0,1,2,226,328b63,328b63,1
0,1,2,227,3762a7,3762a7,1
0,1,2,228,572e66,572e66,1
0,1,2,229,380de3,380de3,1
0,1,2,230,1ac169,1ac169,1
0,1,2,231,181771,181771,1
0,1,2,232,7a887d,7a887d,1
0,1,2,233,25ca12,25ca12,1
0,1,2,234,706c4f,706c4f,1
0,1,2,235,789535,789535,1
0,1,2,236,775554,775554,1
0,1,2,237,4fda89,4fda89,1
0,1,2,238,421c1c,421c1c,1
0,1,2,239,0e9421,0e9421,1
0,1,2,240,6ec51d,6ec51d,1
0,1,2,241,20a059,20a059,1
0,1,2,242,02325c,02325c,1
0,1,2,243,7c235e,7c235e,1
0,1,2,244,6c1072,6c1072,1
0,1,2,245,62699c,62699c,1
0,1,2,246,381ca0,381ca0,1
0,1,2,247,62d6f7,62d6f7,1
0,1,2,248,4076e2,4076e2,1
0,1,2,249,14d845,14d845,1
0,1,2,250,32900c,32900c,1
0,1,2,251,6c2139,6c2139,1
0,1,2,252,28afd7,28afd7,1
0,1,2,253,5ff824,5ff824,1
0,1,2,254,16d2fb,16d2fb,1
0,1,2,255,1dd649,1dd649,1
0,1,3,0,62076b,62076b,1
0,1,3,1,2f1a0f,2f1a0f,1
0,1,3,2,262534,262534,1
0,1,3,3,06ebf9,06ebf9,1
0,1,3,4,566a9a,566a9a,1
0,1,3,5,121094,121094,1
0,1,3,6,111198,111198,1
0,1,3,7,6caedf,6caedf,1
0,1,3,8,7494bc,7494bc,1
0,1,3,9,54b061,54b061,1
0,1,3,10,6f2ded,6f2ded,1
0,1,3,11,42ed84,42ed84,1
0,1,3,12,486ed3,486ed3,1
0,1,3,13,3ea9cf,3ea9cf,1
0,1,3,14,5ad54d,5ad54d,1
0,1,3,15,785756,785756,1
0,1,3,16,74890c,74890c,1
0,1,3,17,447862,447862,1
0,1,3,18,4028a5,4028a5,1
0,1,3,19,1e8519,1e8519,1
0,1,3,20,3b0f32,3b0f32,1
0,1,3,21,0e40d7,0e40d7,1
0,1,3,22,2bee1c,2bee1c,1
0,1,3,23,7ae2c4,7ae2c4,1
0,1,3,24,343d43,343d43,1
0,1,3,25,0ea1de,0ea1de,1
0,1,3,26,1898f7,1898f7,1
0,1,3,27,683b78,683b78,1
0,1,3,28,4045bd,4045bd,1
0,1,3,29,6e76bd,6e76bd,1
0,1,3,30,7eb757,7eb757,1
0,1,3,31,6b28a1,6b28a1,1
0,1,3,32,044860,044860,1
0,1,3,33,4b778a,4b778a,1
0,1,3,34,74500b,74500b,1
0,1,3,35,294930,294930,1
0,1,3,36,17ba9e,17ba9e,1
0,1,3,37,5720da,5720da,1
0,1,3,38,03a6d2,03a6d2,1
0,1,3,39,570a18,570a18,1
0,1,3,40,05d079,05d079,1
0,1,3,41,582fa4,582fa4,1
0,1,3,42,27b7ab,27b7ab,1
0,1,3,43,7c468c,7c468c,1
0,1,3,44,3b8e18,3b8e18,1
0,1,3,45,0bdf85,0bdf85,1
0,1,3,46,46ed2a,46ed2a,1
0,1,3,47,4cba6d,4cba6d,1
0,1,3,48,286e57,286e57,1
0,1,3,49,46e161,46e161,1
0,1,3,50,51a10e,51a10e,1
0,1,3,51,23a81d,23a81d,1
0,1,3,52,469563,469563,1
0,1,3,53,2e2fac,2e2fac,1
0,1,3,54,789769,789769,1
0,1,3,55,5e4b46,5e4b46,1
0,1,3,56,0b8af6,0b8af6,1
0,1,3,57,31c321,31c321,1
0,1,3,58,4e456b,4e456b,1
0,1,3,59,7b6862,7b6862,1
0,1,3,60,38c155,38c155,1
0,1,3,61,61eb28,61eb28,1
0,1,3,62,6dba06,6dba06,1
0,1,3,63,4afb96,4afb96,1
0,1,3,64,455300,455300,1
0,1,3,65,1afde0,1afde0,1
0,1,3,66,058163,058163,1
0,1,3,67,5ee88a,5ee88a,1
0,1,3,68,46fe2e,46fe2e,1
0,1,3,69,2710a1,2710a1,1
0,1,3,70,0fb2f5,0fb2f5,1
0,1,3,71,54eaf9,54eaf9,1
0,1,3,72,498a41,498a41,1
0,1,3,73,0a982f,0a982f,1
0,1,3,74,67b3c8,67b3c8,1
0,1,3,75,298195,298195,1
0,1,3,76,0005d3,0005d3,1
0,1,3,77,294f23,294f23,1
0,1,3,78,0ba048,0ba048,1
0,1,3,79,710bad,710bad,1
0,1,3,80,76e538,76e538,1
0,1,3,81,422aa0,422aa0,1
0,1,3,82,6da82f,6da82f,1
0,1,3,83,536deb,536deb,1
0,1,3,84,04911b,04911b,1
0,1,3,85,2f96c2,2f96c2,1
0,1,3,86,67b1f3,67b1f3,1
0,1,3,87,0b3741,0b3741,1
0,1,3,88,7c244c,7c244c,1
0,1,3,89,7aa4ae,7aa4ae,1
0,1,3,90,68bd72,68bd72,1
0,1,3,91,17b7e5,17b7e5,1
0,1,3,92,74ce2c,74ce2c,1
0,1,3,93,75302b,75302b,1
0,1,3,94,45cd1b,45cd1b,1
0,1,3,95,2211df,2211df,1
0,1,3,96,5ad05a,5ad05a,1
0,1,3,97,2eb371,2eb371,1
0,1,3,98,60476c,60476c,1
0,1,3,99,6f4dd7,6f4dd7,1
0,1,3,100,09bdff,09bdff,1
0,1,3,101,03e746,03e746,1
0,1,3,102,186e35,186e35,1
0,1,3,103,419911,419911,1
0,1,3,104,6d66c4,6d66c4,1
0,1,3,105,5ff059,5ff059,1
0,1,3,106,499198,499198,1
0,1,3,107,282e88,282e88,1
0,1,3,108,06d16f,06d16f,1
0,1,3,109,1b2586,1b2586,1
0,1,3,110,5ad6fa,5ad6fa,1
0,1,3,111,02b28e,02b28e,1
0,1,3,112,21e10b,21e10b,1
0,1,3,113,16f83d,16f83d,1
0,1,3,114,70440e,70440e,1
0,1,3,115,256a94,256a94,1
0,1,3,116,1209b6,1209b6,1
0,1,3,117,4454c9,4454c9,1
0,1,3,118,79a366,79a366,1
0,1,3,119,4347fe,4347fe,1
0,1,3,120,1aaf5f,1aaf5f,1
0,1,3,121,160c4e,160c4e,1
0,1,3,122,109551,109551,1
0,1,3,123,0e8bb4,0e8bb4,1
0,1,3,124,0ed81e,0ed81e,1
0,1,3,125,4703df,4703df,1
0,1,3,126,38d91d,38d91d,1
0,1,3,127,0ddf64,0ddf64,1
0,1,3,128,46aed7,46aed7,1
0,1,3,129,282b3c,282b3c,1
0,1,3,130,352364,352364,1
0,1,3,131,3ae3b5,3ae3b5,1
0,1,3,132,632bd8,632bd8,1
0,1,3,133,1a98d7,1a98d7,1
0,1,3,134,26c9b6,26c9b6,1
0,1,3,135,146d6a,146d6a,1
0,1,3,136,009be9,009be9,1
0,1,3,137,633887,633887,1
0,1,3,138,5fa969,5fa969,1
0,1,3,139,7cabf1,7cabf1,1
0,1,3,140,62d1ed,62d1ed,1
0,1,3,141,6390a2,6390a2,1
0,1,3,142,08df00,08df00,1
0,1,3,143,05af5a,05af5a,1
0,1,3,144,328c3f,328c3f,1
0,1,3,145,73b3d5,73b3d5,1
0,1,3,146,7d4a24,7d4a24,1
0,1,3,147,37520a,37520a,1
0,1,3,148,3a7c89,3a7c89,1
0,1,3,149,3dc7ad,3dc7ad,1
0,1,3,150,0ecc11,0ecc11,1
0,1,3,151,0dfcdd,0dfcdd,1
0,1,3,152,46494f,46494f,1
0,1,3,153,061130,061130,1
0,1,3,154,1c7307,1c7307,1
0,1,3,155,0a03e9,0a03e9,1
0,1,3,156,560db7,560db7,1
0,1,3,157,008fd9,008fd9,1
0,1,3,158,575ccf,575ccf,1
0,1,3,159,4314dc,4314dc,1
0,1,3,160,1aa744,1aa744,1
0,1,3,161,42966f,42966f,1
0,1,3,162,0572cf,0572cf,1
0,1,3,163,2ec8e6,2ec8e6,1
0,1,3,164,6a761f,6a761f,1
0,1,3,165,48bc9a,48bc9a,1
0,1,3,166,3bfdf4,3bfdf4,1
0,1,3,167,5a1766,5a1766,1
0,1,3,168,40d93d,40d93d,1
0,1,3,169,080f43,080f43,1
0,1,3,170,4e0267,4e0267,1
0,1,3,171,373328,373328,1
0,1,3,172,226ace,226ace,1
0,1,3,173,532118,532118,1
0,1,3,174,476f70,476f70,1
0,1,3,175,1e2d62,1e2d62,1
0,1,3,176,17a8de,17a8de,1
0,1,3,177,448813,448813,1
0,1,3,178,54a3b9,54a3b9,1
0,1,3,179,7c9420,7c9420,1
0,1,3,180,19ddf1,19ddf1,1
0,1,3,181,11838f,11838f,1
0,1,3,182,678e58,678e58,1
0,1,3,183,7a244f,7a244f,1
0,1,3,184,0dd3cc,0dd3cc,1
0,1,3,185,15a72d,15a72d,1
0,1,3,186,44cfc4,44cfc4,1
0,1,3,187,7ce995,7ce995,1
0,1,3,188,0f0cc7,0f0cc7,1
0,1,3,189,3e9433,3e9433,1
0,1,3,190,7f11d3,7f11d3,1
0,1,3,191,0a0637,0a0637,1
0,1,3,192,2de4f8,2de4f8,1
0,1,3,193,1de795,1de795,1
0,1,3,194,5ed824,5ed824,1
0,1,3,195,7d0613,7d0613,1
0,1,3,196,1c5e1e,1c5e1e,1
0,1,3,197,6ff2c0,6ff2c0,1
0,1,3,198,4dcdab,4dcdab,1
0,1,3,199,5d43e1,5d43e1,1
0,1,3,200,1a2669,1a2669,1
0,1,3,201,176d1d,176d1d,1
0,1,3,202,218892,218892,1
0,1,3,203,02321e,02321e,1
0,1,3,204,415fe7,415fe7,1
0,1,3,205,04cb66,04cb66,1
0,1,3,206,452396,452396,1
0,1,3,207,60a716,60a716,1
0,1,3,208,27b87a,27b87a,1
0,1,3,209,1cf895,1cf895,1
0,1,3,210,5d71f7,5d71f7,1
0,1,3,211,6aafc3,6aafc3,1
0,1,3,212,6b4050,6b4050,1
0,1,3,213,01e143,01e143,1
0,1,3,214,754edc,754edc,1
0,1,3,215,27a118,27a118,1
0,1,3,216,05ab8a,05ab8a,1
0,1,3,217,45572f,45572f,1
0,1,3,218,0e5252,0e5252,1
0,1,3,219,691506,691506,1
0,1,3,220,0c398e,0c398e,1
0,1,3,221,175a9f,175a9f,1
0,1,3,222,1d613d,1d613d,1
0,1,3,223,70c567,70c567,1
0,1,3,224,05e82b,05e82b,1
0,1,3,225,0b2ad3,0b2ad3,1
0,1,3,226,6c6ffe,6c6ffe,1
0,1,3,227,49e1a5,49e1a5,1
0,1,3,228,63a963,63a963,1
0,1,3,229,3fbfab,3fbfab,1
0,1,3,230,1b0bfb,1b0bfb,1
0,1,3,231,79cdbd,79cdbd,1
0,1,3,232,0411d8,0411d8,1
0,1,3,233,3e2d48,3e2d48,1
0,1,3,234,1e74a0,1e74a0,1
0,1,3,235,5d55ec,5d55ec,1
0,1,3,236,38abf4,38abf4,1
0,1,3,237,1af900,1af900,1
0,1,3,238,139240,139240,1
0,1,3,239,7337c4,7337c4,1
0,1,3,240,766a5a,766a5a,1
0,1,3,241,67dc48,67dc48,1
0,1,3,242,2b54c7,2b54c7,1
0,1,3,243,30a738,30a738,1
0,1,3,244,79b85b,79b85b,1
0,1,3,245,2f82e2,2f82e2,1
0,1,3,246,5de26f,5de26f,1
0,1,3,247,249f44,249f44,1
0,1,3,248,563703,563703,1
0,1,3,249,74befc,74befc,1
0,1,3,250,138cbb,138cbb,1
0,1,3,251,256362,256362,1
0,1,3,252,3fb327,3fb327,1
0,1,3,253,43221b,43221b,1
0,1,3,254,15d369,15d369,1
0,1,3,255,3e080e,3e080e,1
0,2,0,0,604dab,604dab,1
0,2,0,1,62b838,62b838,1
0,2,0,2,6dc8a1,6dc8a1,1
0,2,0,3,7ef1c1,7ef1c1,1
0,2,0,4,7de2f0,7de2f0,1
0,2,0,5,1cfe73,1cfe73,1
0,2,0,6,40da8f,40da8f,1
0,2,0,7,1d1782,1d1782,1
0,2,0,8,378cef,378cef,1
0,2,0,9,19e0a6,19e0a6,1
0,2,0,10,359c5d,359c5d,1
0,2,0,11,1c248c,1c248c,1
0,2,0,12,45acec,45acec,1
0,2,0,13,2514d2,2514d2,1
0,2,0,14,6df98e,6df98e,1
0,2,0,15,102f2b,102f2b,1
0,2,0,16,6ca8ab,6ca8ab,1
0,2,0,17,7d69a9,7d69a9,1
0,2,0,18,76e602,76e602,1
0,2,0,19,206052,206052,1
0,2,0,20,324ba4,324ba4,1
0,2,0,21,2f9a86,2f9a86,1
0,2,0,22,3beb9c,3beb9c,1
0,2,0,23,6b6f8b,6b6f8b,1
0,2,0,24,43e222,43e222,1
0,2,0,25,443835,443835,1
0,2,0,26,00e063,00e063,1
0,2,0,27,6db940,6db940,1
0,2,0,28,443421,443421,1
0,2,0,29,29aec6,29aec6,1
0,2,0,30,327804,327804,1
0,2,0,31,602bd7,602bd7,1
0,2,0,32,0ab720,0ab720,1
0,2,0,33,43af0a,43af0a,1
0,2,0,34,548ffb,548ffb,1
0,2,0,35,202bcf,202bcf,1
0,2,0,36,78f521,78f521,1
0,2,0,37,35a65e,35a65e,1
0,2,0,38,438b84,438b84,1
0,2,0,39,68aedb,68aedb,1
0,2,0,40,2c67a2,2c67a2,1
0,2,0,41,20e843,20e843,1
0,2,0,42,239bed,239bed,1
0,2,0,43,1598d1,1598d1,1
0,2,0,44,219bfa,219bfa,1
0,2,0,45,184326,184326,1
0,2,0,46,24c6c1,24c6c1,1
0,2,0,47,16cff6,16cff6,1
0,2,0,48,793b76,793b76,1
0,2,0,49,1b1738,1b1738,1
0,2,0,50,1b7957,1b7957,1
0,2,0,51,5955d0,5955d0,1
0,2,0,52,2d3176,2d3176,1
0,2,0,53,1e654e,1e654e,1
0,2,0,54,7baaea,7baaea,1
0,2,0,55,2882e3,2882e3,1
0,2,0,56,007cf7,007cf7,1
0,2,0,57,732d54,732d54,1
0,2,0,58,66034c,66034c,1
0,2,0,59,776896,776896,1
0,2,0,60,29164d,29164d,1
0,2,0,61,4946ad,4946ad,1
0,2,0,62,687be0,687be0,1
0,2,0,63,657f37,657f37,1
0,2,0,64,229285,229285,1
0,2,0,65,020cd1,020cd1,1
0,2,0,66,697a11,697a11,1
0,2,0,67,5a748b,5a748b,1
0,2,0,68,3175b7,3175b7,1
0,2,0,69,2cdb43,2cdb43,1
0,2,0,70,779543,779543,1
0,2,0,71,6a2187,6a2187,1
0,2,0,72,53459b,53459b,1
0,2,0,73,3e4415,3e4415,1
0,2,0,74,3bbac0,3bbac0,1
0,2,0,75,5d8dd2,5d8dd2,1
0,2,0,76,3c809f,3c809f,1
0,2,0,77,707340,707340,1
0,2,0,78,334001,334001,1
0,2,0,79,66e31f,66e31f,1
0,2,0,80,1c14de,1c14de,1
0,2,0,81,6189de,6189de,1
0,2,0,82,6c534c,6c534c,1
0,2,0,83,05ef19,05ef19,1
0,2,0,84,19e9ca,19e9ca,1
0,2,0,85,2f0e83,2f0e83,1
0,2,0,86,474a9b,474a9b,1
0,2,0,87,13c3f9,13c3f9,1
0,2,0,88,61111b,61111b,1
0,2,0,89,225987,225987,1
0,2,0,90,287965,287965,1
0,2,0,91,338078,338078,1
0,2,0,92,734c07,734c07,1
0,2,0,93,074666,074666,1
0,2,0,94,36f5e7,36f5e7,1
0,2,0,95,2dcc4d,2dcc4d,1
0,2,0,96,426246,426246,1
0,2,0,97,7b9953,7b9953,1
0,2,0,98,60ae1c,60ae1c,1
0,2,0,99,11c0c7,11c0c7,1
0,2,0,100,69b348,69b348,1
0,2,0,101,25556c,25556c,1
0,2,0,102,48048c,48048c,1
0,2,0,103,2a8f71,2a8f71,1
0,2,0,104,38ec12,38ec12,1
0,2,0,105,35d91e,35d91e,1
0,2,0,106,1e62cd,1e62cd,1
0,2,0,107,0cadb0,0cadb0,1
0,2,0,108,29d340,29d340,1
0,2,0,109,6e1b25,6e1b25,1
0,2,0,110,2af00d,2af00d,1
0,2,0,111,262a0e,262a0e,1
0,2,0,112,3a8a9d,3a8a9d,1
0,2,0,113,287132,287132,1
0,2,0,114,715bfd,715bfd,1
0,2,0,115,408494,408494,1
0,2,0,116,189417,189417,1
0,2,0,117,07670c,07670c,1
0,2,0,118,0ef23a,0ef23a,1
0,2,0,119,6e0a97,6e0a97,1
0,2,0,120,26bffc,26bffc,1
0,2,0,121,3224e4,3224e4,1
0,2,0,122,3b69bf,3b69bf,1
0,2,0,123,4593d6,4593d6,1
0,2,0,124,59a75b,59a75b,1
0,2,0,125,130ecb,130ecb,1
0,2,0,126,5b0cc7,5b0cc7,1
0,2,0,127,395b36,395b36,1
0,2,0,128,0287d6,0287d6,1
0,2,0,129,2f2c7f,2f2c7f,1
0,2,0,130,6d2bee,6d2bee,1
0,2,0,131,3c762d,3c762d,1
0,2,0,132,27e4ca,27e4ca,1
0,2,0,133,472e73,472e73,1
0,2,0,134,6ba7ec,6ba7ec,1
0,2,0,135,01a942,01a942,1
0,2,0,136,0b187e,0b187e,1
0,2,0,137,5f28a3,5f28a3,1
0,2,0,138,798a69,798a69,1
0,2,0,139,108a73,108a73,1
0,2,0,140,5bbfe0,5bbfe0,1
0,2,0,141,2b856f,2b856f,1
0,2,0,142,076bdf,076bdf,1
0,2,0,143,1309c1,1309c1,1
0,2,0,144,75aea0,75aea0,1
0,2,0,145,2c1e0e,2c1e0e,1
0,2,0,146,2bcd80,2bcd80,1
0,2,0,147,3f0178,3f0178,1
0,2,0,148,71fa59,71fa59,1
0,2,0,149,2acd58,2acd58,1
0,2,0,150,26c291,26c291,1
0,2,0,151,2ebafa,2ebafa,1
0,2,0,152,60b7e1,60b7e1,1
0,2,0,153,1fa8ea,1fa8ea,1
0,2,0,154,050fc7,050fc7,1
0,2,0,155,7a7604,7a7604,1
0,2,0,156,3758b4,3758b4,1
0,2,0,157,68fdc5,68fdc5,1
0,2,0,158,548a7c,548a7c,1
0,2,0,159,40e5dc,40e5dc,1
0,2,0,160,3786f9,3786f9,1
0,2,0,161,2ddec2,2ddec2,1
0,2,0,162,57abd9,57abd9,1
0,2,0,163,68565d,68565d,1
0,2,0,164,55f3db,55f3db,1
0,2,0,165,3bef75,3bef75,1
0,2,0,166,3413fb,3413fb,1
0,2,0,167,583857,583857,1
0,2,0,168,32d3f1,32d3f1,1
0,2,0,169,29cde3,29cde3,1
0,2,0,170,18450b,18450b,1
0,2,0,171,3cefb6,3cefb6,1
0,2,0,172,67d4bc,67d4bc,1
0,2,0,173,6cf1bc,6cf1bc,1
0,2,0,174,127cda,127cda,1
0,2,0,175,47e8ac,47e8ac,1
0,2,0,176,113995,113995,1
0,2,0,177,4dc13f,4dc13f,1
0,2,0,178,29bd7c,29bd7c,1
0,2,0,179,57b01d,57b01d,1
0,2,0,180,1c0e7d,1c0e7d,1
0,2,0,181,176de2,176de2,1
0,2,0,182,6c5509,6c5509,1
0,2,0,183,472cdc,472cdc,1
0,2,0,184,28762e,28762e,1
0,2,0,185,7c2917,7c2917,1
0,2,0,186,44dc65,44dc65,1
0,2,0,187,573499,573499,1
0,2,0,188,2f36d5,2f36d5,1
0,2,0,189,6992f5,6992f5,1
0,2,0,190,74d88b,74d88b,1
0,2,0,191,7d88e2,7d88e2,1
0,2,0,192,7c3217,7c3217,1
0,2,0,193,034d94,034d94,1
0,2,0,194,653c44,653c44,1
0,2,0,195,3cf3cf,3cf3cf,1
0,2,0,196,534986,534986,1
0,2,0,197,47c829,47c829,1
0,2,0,198,495c53,495c53,1
0,2,0,199,267658,267658,1
0,2,0,200,4ad683,4ad683,1
0,2,0,201,01d871,01d871,1
0,2,0,202,6d301f,6d301f,1
0,2,0,203,40212d,40212d,1
0,2,0,204,29c3f6,29c3f6,1
0,2,0,205,0af61a,0af61a,1
0,2,0,206,724c76,724c76,1
0,2,0,207,328755,328755,1
0,2,0,208,5ac73d,5ac73d,1
0,2,0,209,048efc,048efc,1
0,2,0,210,32377e,32377e,1
0,2,0,211,06f26f,06f26f,1
0,2,0,212,331022,331022,1
0,2,0,213,140310,140310,1
0,2,0,214,058590,058590,1
0,2,0,215,055483,055483,1
0,2,0,216,3d87d5,3d87d5,1
0,2,0,217,62d53a,62d53a,1
0,2,0,218,6fe4c2,6fe4c2,1
0,2,0,219,3e7a07,3e7a07,1
0,2,0,220,138ddd,138ddd,1
0,2,0,221,2a531a,2a531a,1
0,2,0,222,0294ca,0294ca,1
0,2,0,223,3d752a,3d752a,1
0,2,0,224,7c42ed,7c42ed,1
0,2,0,225,23e2fb,23e2fb,1
0,2,0,226,1a3365,1a3365,1
0,2,0,227,5bd887,5bd887,1
0,2,0,228,17dec7,17dec7,1
0,2,0,229,3c4dc7,3c4dc7,1
0,2,0,230,156059,156059,1
0,2,0,231,210a3f,210a3f,1
0,2,0,232,3ecf71,3ecf71,1
0,2,0,233,67e8d1,67e8d1,1
0,2,0,234,1e922b,1e922b,1
0,2,0,235,2dd393,2dd393,1
0,2,0,236,5ee896,5ee896,1
0,2,0,237,41939f,41939f,1
0,2,0,238,373f09,373f09,1
0,2,0,239,25df58,25df58,1
0,2,0,240,1aef56,1aef56,1
0,2,0,241,3fcc86,3fcc86,1
0,2,0,242,6c8a86,6c8a86,1
0,2,0,243,4cb72e,4cb72e,1
0,2,0,244,7cd76f,7cd76f,1
0,2,0,245,6b4faa,6b4faa,1
0,2,0,246,31f909,31f909,1
0,2,0,247,12f3a4,12f3a4,1
0,2,0,248,422261,422261,1
0,2,0,249,35b2c7,35b2c7,1
0,2,0,250,602e9d,602e9d,1
0,2,0,251,4a44aa,4a44aa,1
0,2,0,252,4d7c76,4d7c76,1
0,2,0,253,7a658d,7a658d,1
0,2,0,254,0bbcc7,0bbcc7,1
0,2,0,255,5eb7fe,5eb7fe,1
0,2,1,0,66ae02,66ae02,1
0,2,1,1,4ed524,4ed524,1
0,2,1,2,59cc84,59cc84,1
0,2,1,3,7bc121,7bc121,1
0,2,1,4,113693,113693,1
0,2,1,5,0c17fa,0c17fa,1
0,2,1,6,5c220a,5c220a,1
0,2,1,7,3c3476,3c3476,1
0,2,1,8,4bfdcc,4bfdcc,1
0,2,1,9,60c653,60c653,1
0,2,1,10,324b23,324b23,1
0,2,1,11,513396,513396,1
0,2,1,12,06990c,06990c,1
0,2,1,13,1f2979,1f2979,1
0,2,1,14,48c6af,48c6af,1
0,2,1,15,51c11e,51c11e,1
0,2,1,16,499f67,499f67,1
0,2,1,17,371172,371172,1
0,2,1,18,4a6d99,4a6d99,1
0,2,1,19,261001,261001,1
0,2,1,20,30b40b,30b40b,1
0,2,1,21,647e2d,647e2d,1
0,2,1,22,4ae405,4ae405,1
0,2,1,23,318fdb,318fdb,1
0,2,1,24,4e8e0a,4e8e0a,1
0,2,1,25,2366dc,2366dc,1
0,2,1,26,2c08f0,2c08f0,1
0,2,1,27,4df9e1,4df9e1,1
0,2,1,28,5a7739,5a7739,1
0,2,1,29,0e72f2,0e72f2,1
0,2,1,30,46bfa0,46bfa0,1
0,2,1,31,390539,390539,1
0,2,1,32,161a4b,161a4b,1
0,2,1,33,324b93,324b93,1
0,2,1,34,3f61a5,3f61a5,1
0,2,1,35,50fb00,50fb00,1
0,2,1,36,733f7e,733f7e,1
0,2,1,37,2a2936,2a2936,1
0,2,1,38,1922d8,1922d8,1
0,2,1,39,7df4b8,7df4b8,1
0,2,1,40,2071c6,2071c6,1
0,2,1,41,52007b,52007b,1
0,2,1,42,131a0b,131a0b,1
0,2,1,43,52054c,52054c,1
0,2,1,44,789b53,789b53,1
0,2,1,45,5ebc56,5ebc56,1
0,2,1,46,0b88d0,0b88d0,1
0,2,1,47,3e513f,3e513f,1
0,2,1,48,359559,359559,1
0,2,1,49,78cf95,78cf95,1
0,2,1,50,0f0f48,0f0f48,1
0,2,1,51,151404,151404,1
0,2,1,52,71dccf,71dccf,1
0,2,1,53,6c07e8,6c07e8,1
0,2,1,54,3ed02d,3ed02d,1
0,2,1,55,57c250,57c250,1
0,2,1,56,103f4d,103f4d,1
0,2,1,57,0b308c,0b308c,1
0,2,1,58,4bdce4,4bdce4,1
0,2,1,59,0be5a7,0be5a7,1
0,2,1,60,15823c,15823c,1
0,2,1,61,5d82a2,5d82a2,1
0,2,1,62,5b0699,5b0699,1
0,2,1,63,47297a,47297a,1
0,2,1,64,248c44,248c44,1
0,2,1,65,59a2ce,59a2ce,1
0,2,1,66,7184e7,7184e7,1
0,2,1,67,78d6b5,78d6b5,1
0,2,1,68,247d49,247d49,1
0,2,1,69,3b3928,3b3928,1
0,2,1,70,55961a,55961a,1
0,2,1,71,5b83ea,5b83ea,1
0,2,1,72,024a30,024a30,1
0,2,1,73,7019c3,7019c3,1
0,2,1,74,23e720,23e720,1
0,2,1,75,49b4a3,49b4a3,1
0,2,1,76,4327e9,4327e9,1
0,2,1,77,16bdb5,16bdb5,1
0,2,1,78,171657,171657,1
0,2,1,79,73f3fb,73f3fb,1
0,2,1,80,5af047,5af047,1
0,2,1,81,167c34,167c34,1
0,2,1,82,16a2af,16a2af,1
0,2,1,83,28c666,28c666,1
0,2,1,84,5484ae,5484ae,1
0,2,1,85,1efbe2,1efbe2,1
0,2,1,86,654c49,654c49,1
0,2,1,87,60c934,60c934,1
0,2,1,88,57ab5c,57ab5c,1
0,2,1,89,2982be,2982be,1
0,2,1,90,666f36,666f36,1
0,2,1,91,7c8051,7c8051,1
0,2,1,92,48e039,48e039,1
0,2,1,93,316af5,316af5,1
0,2,1,94,652252,652252,1
0,2,1,95,5c9fc7,5c9fc7,1
0,2,1,96,4b6afc,4b6afc,1
0,2,1,97,667236,667236,1
0,2,1,98,695a14,695a14,1
0,2,1,99,7ceec4,7ceec4,1
0,2,1,100,258c7f,258c7f,1
0,2,1,101,395127,395127,1
0,2,1,102,54fe56,54fe56,1
0,2,1,103,1a1f09,1a1f09,1
0,2,1,104,6fd304,6fd304,1
0,2,1,105,207c9c,207c9c,1
0,2,1,106,1ac77d,1ac77d,1
0,2,1,107,0448b6,0448b6,1
0,2,1,108,6650a0,6650a0,1
0,2,1,109,3df108,3df108,1
0,2,1,110,58d24f,58d24f,1
0,2,1,111,2aeb6b,2aeb6b,1
0,2,1,112,18d076,18d076,1
0,2,1,113,7d5061,7d5061,1
0,2,1,114,59ba8d,59ba8d,1
0,2,1,115,0af61c,0af61c,1
0,2,1,116,60d78d,60d78d,1
0,2,1,117,0ea963,0ea963,1
0,2,1,118,0cd250,0cd250,1
0,2,1,119,0e500f,0e500f,1
0,2,1,120,26a995,26a995,1
0,2,1,121,39ea7b,39ea7b,1
0,2,1,122,756361,756361,1
0,2,1,123,4c74a5,4c74a5,1
0,2,1,124,0cc351,0cc351,1
0,2,1,125,1df31d,1df31d,1
0,2,1,126,63ac2e,63ac2e,1
0,2,1,127,3149cb,3149cb,1
0,2,1,128,7deac1,7deac1,1
0,2,1,129,36ed09,36ed09,1
0,2,1,130,3adbdf,3adbdf,1
0,2,1,131,6fe4b4,6fe4b4,1
0,2,1,132,1397dd,1397dd,1
0,2,1,133,2d58fe,2d58fe,1
0,2,1,134,1f65a1,1f65a1,1
0,2,1,135,777c3f,777c3f,1
0,2,1,136,1c7167,1c7167,1
0,2,1,137,191842,191842,1
0,2,1,138,2f62b8,2f62b8,1
0,2,1,139,4087ac,4087ac,1
0,2,1,140,04a917,04a917,1
0,2,1,141,02b07d,02b07d,1
0,2,1,142,7cab42,7cab42,1
0,2,1,143,5d2260,5d2260,1
0,2,1,144,192df2,192df2,1
0,2,1,145,63558d,63558d,1
0,2,1,146,3637af,3637af,1
0,2,1,147,11f52c,11f52c,1
0,2,1,148,49d9b3,49d9b3,1
0,2,1,149,7b5ed4,7b5ed4,1
0,2,1,150,5aeb1f,5aeb1f,1
0,2,1,151,6e9f2e,6e9f2e,1
0,2,1,152,0831dc,0831dc,1
0,2,1,153,0d6575,0d6575,1
0,2,1,154,6cbb9f,6cbb9f,1
0,2,1,155,26b9ee,26b9ee,1
0,2,1,156,34ecd8,34ecd8,1
0,2,1,157,07b7a9,07b7a9,1
0,2,1,158,17694e,17694e,1
0,2,1,159,377c07,377c07,1
0,2,1,160,183dc1,183dc1,1
0,2,1,161,540227,540227,1
0,2,1,162,3f20ca,3f20ca,1
0,2,1,163,226e42,226e42,1
0,2,1,164,36e820,36e820,1
0,2,1,165,64a17d,64a17d,1
0,2,1,166,4f55ff,4f55ff,1
0,2,1,167,491036,491036,1
0,2,1,168,0194ad,0194ad,1
0,2,1,169,6cd312,6cd312,1
0,2,1,170,5352e5,5352e5,1
0,2,1,171,059fca,059fca,1
0,2,1,172,0fdcce,0fdcce,1
0,2,1,173,4effaa,4effaa,1
0,2,1,174,40a370,40a370,1
0,2,1,175,751be8,751be8,1
0,2,1,176,79f0b7,79f0b7,1
0,2,1,177,003da8,003da8,1
0,2,1,178,6312a6,6312a6,1
0,2,1,179,041e3b,041e3b,1
0,2,1,180,33185f,33185f,1
0,2,1,181,03a459,03a459,1
0,2,1,182,6ddb6f,6ddb6f,1
0,2,1,183,087b6b,087b6b,1
0,2,1,184,1a7f56,1a7f56,1
0,2,1,185,4a2988,4a2988,1
0,2,1,186,7e390b,7e390b,1
0,2,1,187,472005,472005,1
0,2,1,188,798a0d,798a0d,1
0,2,1,189,101fd5,101fd5,1
0,2,1,190,064990,064990,1
0,2,1,191,495de7,495de7,1
0,2,1,192,30baa1,30baa1,1
0,2,1,193,7325c6,7325c6,1
0,2,1,194,38e918,38e918,1
0,2,1,195,47201e,47201e,1
0,2,1,196,4af9a0,4af9a0,1
0,2,1,197,6cb8b2,6cb8b2,1
0,2,1,198,450575,450575,1
0,2,1,199,442acb,442acb,1
0,2,1,200,120bb9,120bb9,1
0,2,1,201,263559,263559,1
0,2,1,202,3c4d21,3c4d21,1
0,2,1,203,1eebd8,1eebd8,1
0,2,1,204,619faf,619faf,1
0,2,1,205,659523,659523,1
0,2,1,206,41bb56,41bb56,1
0,2,1,207,122371,122371,1
0,2,1,208,3c3b81,3c3b81,1
0,2,1,209,4a401e,4a401e,1
0,2,1,210,6034ce,6034ce,1
0,2,1,211,654ec0,654ec0,1
0,2,1,212,331377,331377,1
0,2,1,213,1a1195,1a1195,1
0,2,1,214,69f844,69f844,1
0,2,1,215,405a8f,405a8f,1
0,2,1,216,3ec14c,3ec14c,1
0,2,1,217,5d7e33,5d7e33,1
0,2,1,218,1fb2cb,1fb2cb,1
0,2,1,219,0d5de0,0d5de0,1
0,2,1,220,6939c5,6939c5,1
0,2,1,221,369cfe,369cfe,1
0,2,1,222,218e5e,218e5e,1
0,2,1,223,1be863,1be863,1
0,2,1,224,565129,565129,1
0,2,1,225,1c32d6,1c32d6,1
0,2,1,226,4bbb3e,4bbb3e,1
0,2,1,227,76f1f1,76f1f1,1
0,2,1,228,4fe642,4fe642,1
0,2,1,229,6fcb11,6fcb11,1
0,2,1,230,0f0032,0f0032,1
0,2,1,231,74c4dc,74c4dc,1
0,2,1,232,419816,419816,1
0,2,1,233,61d45a,61d45a,1
0,2,1,234,055a1b,055a1b,1
0,2,1,235,4fc177,4fc177,1
0,2,1,236,690125,690125,1
0,2,1,237,616281,616281,1
0,2,1,238,56bd6f,56bd6f,1
0,2,1,239,65bb3c,65bb3c,1
0,2,1,240,452ab2,452ab2,1
0,2,1,241,2cab68,2cab68,1
0,2,1,242,077938,077938,1
0,2,1,243,129a78,129a78,1
0,2,1,244,138f31,138f31,1
0,2,1,245,709424,709424,1
0,2,1,246,0c8aa2,0c8aa2,1
0,2,1,247,0ccda0,0ccda0,1
0,2,1,248,01078e,01078e,1
0,2,1,249,5300c7,5300c7,1
0,2,1,250,6063a7,6063a7,1
0,2,1,251,6a9a6a,6a9a6a,1
0,2,1,252,321e0f,321e0f,1
0,2,1,253,33d033,33d033,1
0,2,1,254,358ebe,358ebe,1
0,2,1,255,481b7a,481b7a,1
0,2,2,0,593de8,593de8,1
0,2,2,1,1368fc,1368fc,1
0,2,2,2,00363f,00363f,1
0,2,2,3,66c743,66c743,1
0,2,2,4,4142e9,4142e9,1
0,2,2,5,32e5a9,32e5a9,1
0,2,2,6,40c5e1,40c5e1,1
0,2,2,7,6bf756,6bf756,1
0,2,2,8,16be27,16be27,1
0,2,2,9,322cb4,322cb4,1
0,2,2,10,0abfcd,0abfcd,1
0,2,2,11,26756e,26756e,1
0,2,2,12,5faaa7,5faaa7,1
0,2,2,13,44021e,44021e,1
0,2,2,14,3e6d2a,3e6d2a,1
0,2,2,15,757d74,757d74,1
0,2,2,16,2eb763,2eb763,1
0,2,2,17,5fb7e7,5fb7e7,1
0,2,2,18,7718f8,7718f8,1
0,2,2,19,13122b,13122b,1
0,2,2,20,74d920,74d920,1
0,2,2,21,23635f,23635f,1
0,2,2,22,5f55d2,5f55d2,1
0,2,2,23,7be524,7be524,1
0,2,2,24,1c3d0f,1c3d0f,1
0,2,2,25,0d71a4,0d71a4,1
0,2,2,26,12d2eb,12d2eb,1
0,2,2,27,225e59,225e59,1
0,2,2,28,35ffbb,35ffbb,1
0,2,2,29,56c3f0,56c3f0,1
0,2,2,30,08aee8,08aee8,1
0,2,2,31,701885,701885,1
0,2,2,32,791b2d,791b2d,1
0,2,2,33,0f2191,0f2191,1
0,2,2,34,6fc45b,6fc45b,1
0,2,2,35,72d61d,72d61d,1
0,2,2,36,59319c,59319c,1
0,2,2,37,130713,130713,1
0,2,2,38,042b22,042b22,1
0,2,2,39,2123f2,2123f2,1
0,2,2,40,582900,582900,1
0,2,2,41,443d1e,443d1e,1
0,2,2,42,00c19a,00c19a,1
0,2,2,43,79721c,79721c,1
0,2,2,44,3afacf,3afacf,1
0,2,2,45,2ee8e3,2ee8e3,1
0,2,2,46,4d3070,4d3070,1
0,2,2,47,3f719f,3f719f,1
0,2,2,48,674f86,674f86,1
0,2,2,49,477c98,477c98,1
0,2,2,50,5ab314,5ab314,1
0,2,2,51,7ba9f2,7ba9f2,1
0,2,2,52,2dabee,2dabee,1
0,2,2,53,3f8097,3f8097,1
0,2,2,54,43b81f,43b81f,1
0,2,2,55,1e7ef1,1e7ef1,1
0,2,2,56,62707f,62707f,1
0,2,2,57,5000fc,5000fc,1
0,2,2,58,27b58d,27b58d,1
0,2,2,59,78f556,78f556,1
0,2,2,60,03be80,03be80,1
0,2,2,61,2ab702,2ab702,1
0,2,2,62,399203,399203,1
0,2,2,63,7f800a,7f800a,1
0,2,2,64,094df6,094df6,1
0,2,2,65,29a6de,29a6de,1
0,2,2,66,561b22,561b22,1
0,2,2,67,3c3275,3c3275,1
0,2,2,68,16f032,16f032,1
0,2,2,69,4892f7,4892f7,1
0,2,2,70,059c19,059c19,1
0,2,2,71,23ea7c,23ea7c,1
0,2,2,72,4f2f35,4f2f35,1
0,2,2,73,4fe864,4fe864,1
0,2,2,74,3ee3dd,3ee3dd,1
0,2,2,75,093862,093862,1
0,2,2,76,0a8c0d,0a8c0d,1
0,2,2,77,3c9511,3c9511,1
0,2,2,78,0b3b73,0b3b73,1
0,2,2,79,30aeed,30aeed,1
0,2,2,80,060cbe,060cbe,1
0,2,2,81,2b9392,2b9392,1
0,2,2,82,53e45a,53e45a,1
0,2,2,83,7484cf,7484cf,1
0,2,2,84,605f2c,605f2c,1
0,2,2,85,0c03cd,0c03cd,1
0,2,2,86,6a00ea,6a00ea,1
0,2,2,87,0bde5f,0bde5f,1
0,2,2,88,7acad2,7acad2,1
0,2,2,89,3061b7,3061b7,1
0,2,2,90,1cda68,1cda68,1
0,2,2,91,1a3213,1a3213,1
0,2,2,92,6092b3,6092b3,1
0,2,2,93,059e4c,059e4c,1
0,2,2,94,20426d,20426d,1
0,2,2,95,738191,738191,1
0,2,2,96,037bcd,037bcd,1
0,2,2,97,05d225,05d225,1
0,2,2,98,6462c9,6462c9,1
0,2,2,99,6d461a,6d461a,1
0,2,2,100,5c057d,5c057d,1
0,2,2,101,15a3f6,15a3f6,1
0,2,2,102,53ab6f,53ab6f,1
0,2,2,103,1c31a9,1c31a9,1
0,2,2,104,4b4a21,4b4a21,1
0,2,2,105,05f532,05f532,1
0,2,2,106,1accb3,1accb3,1
0,2,2,107,3e3dcd,3e3dcd,1
0,2,2,108,46870e,46870e,1
0,2,2,109,0d5a6b,0d5a6b,1
0,2,2,110,5cab84,5cab84,1
0,2,2,111,072250,072250,1
0,2,2,112,790cf7,790cf7,1
0,2,2,113,4e6ee4,4e6ee4,1
0,2,2,114,3cbf71,3cbf71,1
0,2,2,115,34db32,34db32,1
0,2,2,116,09b396,09b396,1
0,2,2,117,1849c7,1849c7,1
0,2,2,118,1302ef,1302ef,1
0,2,2,119,21234b,21234b,1
0,2,2,120,080f82,080f82,1
0,2,2,121,1463c1,1463c1,1
0,2,2,122,38f4c6,38f4c6,1
0,2,2,123,05f65e,05f65e,1
0,2,2,124,18ac04,18ac04,1
0,2,2,125,54db3b,54db3b,1
0,2,2,126,515e22,515e22,1
0,2,2,127,0ca8b0,0ca8b0,1
0,2,2,128,7dbefa,7dbefa,1
0,2,2,129,187a80,187a80,1
0,2,2,130,790e2c,790e2c,1
0,2,2,131,5eae0c,5eae0c,1
0,2,2,132,16a0c2,16a0c2,1
0,2,2,133,1ac845,1ac845,1
0,2,2,134,2e6dbc,2e6dbc,1
0,2,2,135,024254,024254,1
0,2,2,136,7e246a,7e246a,1
0,2,2,137,5dd603,5dd603,1
0,2,2,138,2f3f61,2f3f61,1
0,2,2,139,66bee5,66bee5,1
0,2,2,140,29811a,29811a,1
0,2,2,141,6246cc,6246cc,1
0,2,2,142,03b4a9,03b4a9,1
0,2,2,143,5b8f34,5b8f34,1
0,2,2,144,2b58d0,2b58d0,1
0,2,2,145,6bb458,6bb458,1
0,2,2,146,100886,100886,1
0,2,2,147,36620f,36620f,1
0,2,2,148,50a716,50a716,1
0,2,2,149,2371e2,2371e2,1
0,2,2,150,0229cd,0229cd,1
0,2,2,151,1ba00f,1ba00f,1
0,2,2,152,4a1186,4a1186,1
0,2,2,153,11ee84,11ee84,1
0,2,2,154,143697,143697,1
0,2,2,155,4ca46c,4ca46c,1
0,2,2,156,2186a2,2186a2,1
0,2,2,157,501458,501458,1
0,2,2,158,642ea5,642ea5,1
0,2,2,159,71f74f,71f74f,1
0,2,2,160,256197,256197,1
0,2,2,161,4e4aee,4e4aee,1
0,2,2,162,52a05a,52a05a,1
0,2,2,163,111892,111892,1
0,2,2,164,68c48c,68c48c,1
0,2,2,165,5eb7de,5eb7de,1
0,2,2,166,77a5af,77a5af,1
0,2,2,167,433a28,433a28,1
0,2,2,168,659dcc,659dcc,1
0,2,2,169,568e0a,568e0a,1
0,2,2,170,26d34c,26d34c,1
0,2,2,171,5b7926,5b7926,1
0,2,2,172,7a5ef2,7a5ef2,1
0,2,2,173,59313e,59313e,1
0,2,2,174,40d6df,40d6df,1
0,2,2,175,3a6f15,3a6f15,1
0,2,2,176,6cf3c9,6cf3c9,1
0,2,2,177,0f60ae,0f60ae,1
0,2,2,178,7c2ecb,7c2ecb,1
0,2,2,179,5d4112,5d4112,1
0,2,2,180,2f407e,2f407e,1
0,2,2,181,622bc5,622bc5,1
0,2,2,182,5bd7e0,5bd7e0,1
0,2,2,183,3408ef,3408ef,1
0,2,2,184,0ed871,0ed871,1
0,2,2,185,615b5c,615b5c,1
0,2,2,186,11cd6d,11cd6d,1
0,2,2,187,7306a6,7306a6,1
0,2,2,188,6d8ee7,6d8ee7,1
0,2,2,189,2c0479,2c0479,1
0,2,2,190,270ef9,270ef9,1
0,2,2,191,2f0b9a,2f0b9a,1
0,2,2,192,062dbc,062dbc,1
0,2,2,193,0e9083,0e9083,1
0,2,2,194,50387d,50387d,1
0,2,2,195,7bb05b,7bb05b,1
0,2,2,196,3a28bd,3a28bd,1
0,2,2,197,1e36ea,1e36ea,1
0,2,2,198,314729,314729,1
0,2,2,199,114b43,114b43,1
0,2,2,200,70e3b5,70e3b5,1
0,2,2,201,06ebab,06ebab,1
0,2,2,202,3e4440,3e4440,1
0,2,2,203,3155a7,3155a7,1
0,2,2,204,496328,496328,1
0,2,2,205,795a94,795a94,1
0,2,2,206,2f2187,2f2187,1
0,2,2,207,0de91c,0de91c,1
0,2,2,208,2e93fb,2e93fb,1
0,2,2,209,2f395e,2f395e,1
0,2,2,210,5e8061,5e8061,1
0,2,2,211,285dfa,285dfa,1
0,2,2,212,6b59bc,6b59bc,1
0,2,2,213,77ecf1,77ecf1,1
0,2,2,214,705044,705044,1
0,2,2,215,6493c0,6493c0,1
0,2,2,216,4191a1,4191a1,1
0,2,2,217,327d21,327d21,1
0,2,2,218,1df932,1df932,1
0,2,2,219,11957c,11957c,1
0,2,2,220,07b0eb,07b0eb,1
0,2,2,221,7a817d,7a817d,1
0,2,2,222,7b1268,7b1268,1
0,2,2,223,516e5f,516e5f,1
0,2,2,224,3b095e,3b095e,1
0,2,2,225,63f001,63f001,1
0,2,2,226,257820,257820,1
0,2,2,227,4b4629,4b4629,1
0,2,2,228,197967,197967,1
0,2,2,229,59ba25,59ba25,1
0,2,2,230,65396f,65396f,1
0,2,2,231,43d84d,43d84d,1
0,2,2,232,327f6b,327f6b,1
0,2,2,233,63be1f,63be1f,1
0,2,2,234,2a4811,2a4811,1
0,2,2,235,2e1252,2e1252,1
0,2,2,236,39ac94,39ac94,1
0,2,2,237,5be117,5be117,1
0,2,2,238,49bab2,49bab2,1
0,2,2,239,61b95e,61b95e,1
0,2,2,240,05b438,05b438,1
0,2,2,241,63c6c2,63c6c2,1
0,2,2,242,5121a8,5121a8,1
0,2,2,243,1a0fdb,1a0fdb,1
0,2,2,244,6d956f,6d956f,1
0,2,2,245,66afda,66afda,1
0,2,2,246,4f2f8a,4f2f8a,1
0,2,2,247,0d8e72,0d8e72,1
0,2,2,248,45e57f,45e57f,1
0,2,2,249,79465c,79465c,1
0,2,2,250,0eaffc,0eaffc,1
0,2,2,251,66b9da,66b9da,1
0,2,2,252,7cd0ba,7cd0ba,1
0,2,2,253,3b3694,3b3694,1
0,2,2,254,0a8477,0a8477,1
0,2,2,255,6a4177,6a4177,1
0,2,3,0,40c2f9,40c2f9,1
0,2,3,1,22dfcc,22dfcc,1
0,2,3,2,4139b7,4139b7,1
0,2,3,3,172008,172008,1
0,2,3,4,7b0711,7b0711,1
0,2,3,5,56ddae,56ddae,1
0,2,3,6,7a1367,7a1367,1
0,2,3,7,35338d,35338d,1
0,2,3,8,01c301,01c301,1
0,2,3,9,679338,679338,1
0,2,3,10,4434e0,4434e0,1
0,2,3,11,0abc54,0abc54,1
0,2,3,12,6f43d1,6f43d1,1
0,2,3,13,06c079,06c079,1
0,2,3,14,0a8ecc,0a8ecc,1
0,2,3,15,40df23,40df23,1
0,2,3,16,0abd3b,0abd3b,1
0,2,3,17,6153fa,6153fa,1
0,2,3,18,7cc692,7cc692,1
0,2,3,19,2339bd,2339bd,1
0,2,3,20,30f617,30f617,1
0,2,3,21,24d4c7,24d4c7,1
0,2,3,22,0e0568,0e0568,1
0,2,3,23,3a47c4,3a47c4,1
0,2,3,24,5f9756,5f9756,1
0,2,3,25,0e95aa,0e95aa,1
0,2,3,26,70fe5d,70fe5d,1
0,2,3,27,665e32,665e32,1
0,2,3,28,0c51ec,0c51ec,1
0,2,3,29,404417,404417,1
0,2,3,30,7f3af3,7f3af3,1
0,2,3,31,6faa14,6faa14,1
0,2,3,32,54afaf,54afaf,1
0,2,3,33,51a61d,51a61d,1
0,2,3,34,526b3d,526b3d,1
0,2,3,35,256ad1,256ad1,1
0,2,3,36,15d60f,15d60f,1
0,2,3,37,3a7602,3a7602,1
0,2,3,38,136b5d,136b5d,1
0,2,3,39,7dcc19,7dcc19,1
0,2,3,40,143edd,143edd,1
0,2,3,41,0e33c1,0e33c1,1
0,2,3,42,456e61,456e61,1
0,2,3,43,5ac213,5ac213,1
0,2,3,44,146dd8,146dd8,1
0,2,3,45,196c43,196c43,1
0,2,3,46,379167,379167,1
0,2,3,47,451e23,451e23,1
0,2,3,48,0d19b3,0d19b3,1
0,2,3,49,1fc433,1fc433,1
0,2,3,50,5d8bb9,5d8bb9,1
0,2,3,51,319203,319203,1
0,2,3,52,160f01,160f01,1
0,2,3,53,2418bc,2418bc,1
0,2,3,54,6d3dfd,6d3dfd,1
0,2,3,55,7f02a7,7f02a7,1
0,2,3,56,3ec8ec,3ec8ec,1
0,2,3,57,187455,187455,1
0,2,3,58,67c30d,67c30d,1
0,2,3,59,47116d,47116d,1
0,2,3,60,3e9529,3e9529,1
0,2,3,61,4b2342,4b2342,1
0,2,3,62,228d86,228d86,1
0,2,3,63,7ee636,7ee636,1
0,2,3,64,1cc2b9,1cc2b9,1
0,2,3,65,4dfd90,4dfd90,1
0,2,3,66,67d586,67d586,1
0,2,3,67,672156,672156,1
0,2,3,68,5c05c7,5c05c7,1
0,2,3,69,0ac4b5,0ac4b5,1
0,2,3,70,1cdd6e,1cdd6e,1
0,2,3,71,7811f5,7811f5,1
0,2,3,72,7116e8,7116e8,1
0,2,3,73,68fcb1,68fcb1,1
0,2,3,74,11967b,11967b,1
0,2,3,75,39d81d,39d81d,1
0,2,3,76,1201d7,1201d7,1
0,2,3,77,46a105,46a105,1
0,2,3,78,0d8664,0d8664,1
0,2,3,79,5da66b,5da66b,1
0,2,3,80,4de792,4de792,1
0,2,3,81,6f5df9,6f5df9,1
0,2,3,82,338d39,338d39,1
0,2,3,83,72bd70,72bd70,1
0,2,3,84,01f372,01f372,1
0,2,3,85,1d725c,1d725c,1
0,2,3,86,3a3f65,3a3f65,1
0,2,3,87,203327,203327,1
0,2,3,88,49b69e,49b69e,1
0,2,3,89,0e88c0,0e88c0,1
0,2,3,90,18ecb1,18ecb1,1
0,2,3,91,5f2f6e,5f2f6e,1
0,2,3,92,58620b,58620b,1
0,2,3,93,6377d0,6377d0,1
0,2,3,94,0f13ce,0f13ce,1
0,2,3,95,5f9b24,5f9b24,1
0,2,3,96,7526e2,7526e2,1
0,2,3,97,3b0333,3b0333,1
0,2,3,98,39d85e,39d85e,1
0,2,3,99,040f33,040f33,1
0,2,3,100,75ad42,75ad42,1
0,2,3,101,2eb401,2eb401,1
0,2,3,102,73db20,73db20,1
0,2,3,103,423f39,423f39,1
0,2,3,104,25de12,25de12,1
0,2,3,105,2a9cc8,2a9cc8,1
0,2,3,106,2c8233,2c8233,1
0,2,3,107,300c8f,300c8f,1
0,2,3,108,132124,132124,1
0,2,3,109,185c61,185c61,1
0,2,3,110,2ba039,2ba039,1
0,2,3,111,66be01,66be01,1
0,2,3,112,638187,638187,1
0,2,3,113,449664,449664,1
0,2,3,114,301cd6,301cd6,1
0,2,3,115,25affe,25affe,1
0,2,3,116,188a37,188a37,1
0,2,3,117,797442,797442,1
0,2,3,118,3f8851,3f8851,1
0,2,3,119,2f6532,2f6532,1
0,2,3,120,4a06dd,4a06dd,1
0,2,3,121,21d1e5,21d1e5,1
0,2,3,122,73a7fd,73a7fd,1
0,2,3,123,7ee81f,7ee81f,1
0,2,3,124,13d008,13d008,1
0,2,3,125,54d690,54d690,1
0,2,3,126,0ffdca,0ffdca,1
0,2,3,127,7aa2ee,7aa2ee,1
0,2,3,128,637968,637968,1
0,2,3,129,799b39,799b39,1
0,2,3,130,6ab7d6,6ab7d6,1
0,2,3,131,5da496,5da496,1
0,2,3,132,0753db,0753db,1
0,2,3,133,3cd135,3cd135,1
0,2,3,134,2e8dcd,2e8dcd,1
0,2,3,135,054e08,054e08,1
0,2,3,136,7e8b6d,7e8b6d,1
0,2,3,137,2be3fb,2be3fb,1
0,2,3,138,75a024,75a024,1
0,2,3,139,41e8b3,41e8b3,1
0,2,3,140,3bfbc8,3bfbc8,1
0,2,3,141,6a9847,6a9847,1
0,2,3,142,044c6b,044c6b,1
0,2,3,143,6b728a,6b728a,1
0,2,3,144,08fdcf,08fdcf,1
0,2,3,145,49d87b,49d87b,1
0,2,3,146,24bb1b,24bb1b,1
0,2,3,147,661416,661416,1
0,2,3,148,7dd3c8,7dd3c8,1
0,2,3,149,609e20,609e20,1
0,2,3,150,55a563,55a563,1
0,2,3,151,605e29,605e29,1
0,2,3,152,2d6a43,2d6a43,1
0,2,3,153,484bf1,484bf1,1
0,2,3,154,41e238,41e238,1
0,2,3,155,6073ec,6073ec,1
0,2,3,156,7eb046,7eb046,1
0,2,3,157,7d6bb6,7d6bb6,1
0,2,3,158,3b932b,3b932b,1
0,2,3,159,1d6eac,1d6eac,1
0,2,3,160,4f6034,4f6034,1
0,2,3,161,2bf16a,2bf16a,1
0,2,3,162,000ed3,000ed3,1
0,2,3,163,5169f7,5169f7,1
0,2,3,164,350b7c,350b7c,1
0,2,3,165,0bdaef,0bdaef,1
0,2,3,166,0647b5,0647b5,1
0,2,3,167,0f06bd,0f06bd,1
0,2,3,168,54cab2,54cab2,1
0,2,3,169,277143,277143,1
0,2,3,170,7aa964,7aa964,1
0,2,3,171,5ea620,5ea620,1
0,2,3,172,5e634d,5e634d,1
0,2,3,173,1c14a4,1c14a4,1
0,2,3,174,6d99f0,6d99f0,1
0,2,3,175,140337,140337,1
0,2,3,176,49dd7c,49dd7c,1
0,2,3,177,734c37,734c37,1
0,2,3,178,636363,636363,1
0,2,3,179,79368e,79368e,1
0,2,3,180,7b7da8,7b7da8,1
0,2,3,181,0ac626,0ac626,1
0,2,3,182,7d5a71,7d5a71,1
0,2,3,183,25d9b8,25d9b8,1
0,2,3,184,38a349,38a349,1
0,2,3,185,206cd8,206cd8,1
0,2,3,186,470e14,470e14,1
0,2,3,187,4125e0,4125e0,1
0,2,3,188,3f0870,3f0870,1
0,2,3,189,201519,201519,1
0,2,3,190,5d30bb,5d30bb,1
0,2,3,191,1ab9f9,1ab9f9,1
0,2,3,192,6c330b,6c330b,1
0,2,3,193,246451,246451,1
0,2,3,194,26c2db,26c2db,1
0,2,3,195,37e0ba,37e0ba,1
0,2,3,196,7682e8,7682e8,1
0,2,3,197,5c586f,5c586f,1
0,2,3,198,5ef13e,5ef13e,1
0,2,3,199,44c578,44c578,1
0,2,3,200,376ba2,376ba2,1
0,2,3,201,5b4f45,5b4f45,1
0,2,3,202,55b427,55b427,1
0,2,3,203,034d92,034d92,1
0,2,3,204,7a4853,7a4853,1
0,2,3,205,53992f,53992f,1
0,2,3,206,3c94c9,3c94c9,1
0,2,3,207,799d6c,799d6c,1
0,2,3,208,064e47,064e47,1
0,2,3,209,7ac2bc,7ac2bc,1
0,2,3,210,21ec0e,21ec0e,1
0,2,3,211,166b9d,166b9d,1
0,2,3,212,584d92,584d92,1
0,2,3,213,1810f3,1810f3,1
0,2,3,214,1348d0,1348d0,1
0,2,3,215,5e7b0a,5e7b0a,1
0,2,3,216,108c87,108c87,1
0,2,3,217,54b267,54b267,1
0,2,3,218,702ba3,702ba3,1
0,2,3,219,657351,657351,1
0,2,3,220,196412,196412,1
0,2,3,221,5365b1,5365b1,1
0,2,3,222,154830,154830,1
0,2,3,223,51a46b,51a46b,1
0,2,3,224,5bf646,5bf646,1
0,2,3,225,058707,058707,1
0,2,3,226,2b09ea,2b09ea,1
0,2,3,227,2310c2,2310c2,1
0,2,3,228,56835e,56835e,1
0,2,3,229,3641e1,3641e1,1
0,2,3,230,47f307,47f307,1
0,2,3,231,11d201,11d201,1
0,2,3,232,4e7388,4e7388,1
0,2,3,233,06d71a,06d71a,1
0,2,3,234,4eb53b,4eb53b,1
0,2,3,235,2f5675,2f5675,1
0,2,3,236,49b44c,49b44c,1
0,2,3,237,380831,380831,1
0,2,3,238,396b64,396b64,1
0,2,3,239,3c1da3,3c1da3,1
0,2,3,240,12cdc7,12cdc7,1
0,2,3,241,3de666,3de666,1
0,2,3,242,0245d6,0245d6,1
0,2,3,243,270004,270004,1
0,2,3,244,102568,102568,1
0,2,3,245,7dd476,7dd476,1
0,2,3,246,2eef26,2eef26,1
0,2,3,247,414c96,414c96,1
0,2,3,248,460a44,460a44,1
0,2,3,249,4a13fb,4a13fb,1
0,2,3,250,0c8246,0c8246,1
0,2,3,251,739c42,739c42,1
0,2,3,252,045f80,045f80,1
0,2,3,253,044309,044309,1
0,2,3,254,52f28c,52f28c,1
0,2,3,255,660770,660770,1
0,3,0,0,75434d,75434d,1
0,3,0,1,075133,075133,1
0,3,0,2,61e8c8,61e8c8,1
0,3,0,3,5ff3b5,5ff3b5,1
0,3,0,4,19521c,19521c,1
0,3,0,5,69b306,69b306,1
0,3,0,6,4f5a69,4f5a69,1
0,3,0,7,4ffcfc,4ffcfc,1
0,3,0,8,5735ec,5735ec,1
0,3,0,9,12ae88,12ae88,1
0,3,0,10,3ddf62,3ddf62,1
0,3,0,11,7dfc90,7dfc90,1
0,3,0,12,3ba46f,3ba46f,1
0,3,0,13,2e287a,2e287a,1
0,3,0,14,7cf3f3,7cf3f3,1
0,3,0,15,0f3b7e,0f3b7e,1
0,3,0,16,3751f8,3751f8,1
0,3,0,17,6fcf4a,6fcf4a,1
0,3,0,18,0acb89,0acb89,1
0,3,0,19,5d9203,5d9203,1
0,3,0,20,36bbdd,36bbdd,1
0,3,0,21,0c9a5a,0c9a5a,1
0,3,0,22,28cfa9,28cfa9,1
0,3,0,23,468a28,468a28,1
0,3,0,24,4e3c58,4e3c58,1
0,3,0,25,3e262e,3e262e,1
0,3,0,26,3b55f6,3b55f6,1
0,3,0,27,70d85b,70d85b,1
0,3,0,28,47d910,47d910,1
0,3,0,29,22aa3f,22aa3f,1
0,3,0,30,219c8f,219c8f,1
0,3,0,31,741634,741634,1
0,3,0,32,43b733,43b733,1
0,3,0,33,41cbe5,41cbe5,1
0,3,0,34,2a93a0,2a93a0,1
0,3,0,35,6bbc0b,6bbc0b,1
0,3,0,36,380a5b,380a5b,1
0,3,0,37,0b4862,0b4862,1
0,3,0,38,601fc1,601fc1,1
0,3,0,39,0f40b6,0f40b6,1
0,3,0,40,4094a0,4094a0,1
0,3,0,41,18a2e1,18a2e1,1
0,3,0,42,29d4d7,29d4d7,1
0,3,0,43,10c074,10c074,1
0,3,0,44,4decd0,4decd0,1
0,3,0,45,207da5,207da5,1
0,3,0,46,3edf5a,3edf5a,1
0,3,0,47,530ac2,530ac2,1
0,3,0,48,0ade0c,0ade0c,1
0,3,0,49,7f4d96,7f4d96,1
0,3,0,50,72d54d,72d54d,1
0,3,0,51,386f79,386f79,1
0,3,0,52,2c62cf,2c62cf,1
0,3,0,53,253f2a,253f2a,1
0,3,0,54,7b9dea,7b9dea,1
0,3,0,55,220135,220135,1
0,3,0,56,428bf7,428bf7,1
0,3,0,57,7e8aed,7e8aed,1
0,3,0,58,2acef9,2acef9,1
0,3,0,59,48255b,48255b,1
0,3,0,60,524bb5,524bb5,1
0,3,0,61,42fd47,42fd47,1
0,3,0,62,10a848,10a848,1
0,3,0,63,06b92a,06b92a,1
0,3,0,64,51f9b6,51f9b6,1
0,3,0,65,4728ed,4728ed,1
0,3,0,66,327460,327460,1
0,3,0,67,6814d3,6814d3,1
0,3,0,68,28a4f4,28a4f4,1
0,3,0,69,3462ca,3462ca,1
0,3,0,70,3eb9a4,3eb9a4,1
0,3,0,71,36a8c2,36a8c2,1
0,3,0,72,7ed5e5,7ed5e5,1
0,3,0,73,128025,128025,1
0,3,0,74,1898a8,1898a8,1
0,3,0,75,497c0a,497c0a,1
0,3,0,76,6ccfa9,6ccfa9,1
0,3,0,77,3e25c8,3e25c8,1
0,3,0,78,4e04ff,4e04ff,1
0,3,0,79,1052c5,1052c5,1
0,3,0,80,552092,552092,1
0,3,0,81,662e5e,662e5e,1
0,3,0,82,62e685,62e685,1
0,3,0,83,32cd9a,32cd9a,1
0,3,0,84,2a1d0d,2a1d0d,1
0,3,0,85,0ef2fa,0ef2fa,1
0,3,0,86,17f8eb,17f8eb,1
0,3,0,87,1042b7,1042b7,1
0,3,0,88,7c840d,7c840d,1
0,3,0,89,25cb36,25cb36,1
0,3,0,90,2125ca,2125ca,1
0,3,0,91,339f1a,339f1a,1
0,3,0,92,6af1ff,6af1ff,1
0,3,0,93,5f7a33,5f7a33,1
0,3,0,94,3f9073,3f9073,1
0,3,0,95,452462,452462,1
0,3,0,96,7f8395,7f8395,1
0,3,0,97,026234,026234,1
0,3,0,98,5f70df,5f70df,1
0,3,0,99,15993c,15993c,1
0,3,0,100,548932,548932,1
0,3,0,101,08bda5,08bda5,1
0,3,0,102,4a1432,4a1432,1
0,3,0,103,64b841,64b841,1
0,3,0,104,031b8d,031b8d,1
0,3,0,105,706693,706693,1
0,3,0,106,0bbb14,0bbb14,1
0,3,0,107,475b4a,475b4a,1
0,3,0,108,3e1315,3e1315,1
0,3,0,109,7e7bda,7e7bda,1
0,3,0,110,09c425,09c425,1
0,3,0,111,3d4ed9,3d4ed9,1
0,3,0,112,02fda9,02fda9,1
0,3,0,113,2e0fe2,2e0fe2,1
0,3,0,114,7dcc18,7dcc18,1
0,3,0,115,3b8352,3b8352,1
0,3,0,116,483dd9,483dd9,1
0,3,0,117,4ea742,4ea742,1
0,3,0,118,7e167b,7e167b,1
0,3,0,119,29f679,29f679,1
0,3,0,120,66c3a4,66c3a4,1
0,3,0,121,71f75b,71f75b,1
0,3,0,122,5bafdd,5bafdd,1
0,3,0,123,355dd8,355dd8,1
0,3,0,124,137cfa,137cfa,1
0,3,0,125,790b1b,790b1b,1
0,3,0,126,48820f,48820f,1
0,3,0,127,5d9e8f,5d9e8f,1
0,3,0,128,40b779,40b779,1
0,3,0,129,3aea40,3aea40,1
0,3,0,130,655e2a,655e2a,1
0,3,0,131,72a78c,72a78c,1
0,3,0,132,4b3db5,4b3db5,1
0,3,0,133,283f6f,283f6f,1
0,3,0,134,09bd06,09bd06,1
0,3,0,135,512bda,512bda,1
0,3,0,136,0dcac4,0dcac4,1
0,3,0,137,448237,448237,1
0,3,0,138,3c8f30,3c8f30,1
0,3,0,139,609409,609409,1
0,3,0,140,1c5858,1c5858,1
0,3,0,141,45ec13,45ec13,1
0,3,0,142,09f835,09f835,1
0,3,0,143,4be29d,4be29d,1
0,3,0,144,210d8d,210d8d,1
0,3,0,145,195b00,195b00,1
0,3,0,146,743807,743807,1
0,3,0,147,4a299c,4a299c,1
0,3,0,148,68197e,68197e,1
0,3,0,149,606aec,606aec,1
0,3,0,150,7ad8e9,7ad8e9,1
0,3,0,151,17a781,17a781,1
0,3,0,152,4b4160,4b4160,1
0,3,0,153,0ffa2a,0ffa2a,1
0,3,0,154,08b927,08b927,1
0,3,0,155,13e30b,13e30b,1
0,3,0,156,3456fa,3456fa,1
0,3,0,157,763c09,763c09,1
0,3,0,158,178007,178007,1
0,3,0,159,0d6321,0d6321,1
0,3,0,160,4ad778,4ad778,1
0,3,0,161,24925e,24925e,1
0,3,0,162,687efd,687efd,1
0,3,0,163,5a563d,5a563d,1
0,3,0,164,51b8c0,51b8c0,1
0,3,0,165,74cb5a,74cb5a,1
0,3,0,166,3d1610,3d1610,1
0,3,0,167,30eec6,30eec6,1
0,3,0,168,579b15,579b15,1
0,3,0,169,166488,166488,1
0,3,0,170,0e6992,0e6992,1
0,3,0,171,714b53,714b53,1
0,3,0,172,4e5f47,4e5f47,1
0,3,0,173,57aaa2,57aaa2,1
0,3,0,174,67a8a8,67a8a8,1
0,3,0,175,4382fa,4382fa,1
0,3,0,176,691c95,691c95,1
0,3,0,177,16b314,16b314,1
0,3,0,178,2274e2,2274e2,1
0,3,0,179,06ee48,06ee48,1
0,3,0,180,06c1f8,06c1f8,1
0,3,0,181,1d4806,1d4806,1
0,3,0,182,17bafa,17bafa,1
0,3,0,183,55c8f0,55c8f0,1
0,3,0,184,78809b,78809b,1
0,3,0,185,37361c,37361c,1
0,3,0,186,2b64e1,2b64e1,1
0,3,0,187,26c030,26c030,1
0,3,0,188,5c9eb0,5c9eb0,1
0,3,0,189,5e86d6,5e86d6,1
0,3,0,190,22eeaf,22eeaf,1
0,3,0,191,441489,441489,1
0,3,0,192,54b1de,54b1de,1
0,3,0,193,074c3d,074c3d,1
0,3,0,194,133439,133439,1
0,3,0,195,1dbf10,1dbf10,1
0,3,0,196,58e190,58e190,1
0,3,0,197,54d9a0,54d9a0,1
0,3,0,198,471c9b,471c9b,1
0,3,0,199,346459,346459,1
0,3,0,200,226ee5,226ee5,1
0,3,0,201,00660d,00660d,1
0,3,0,202,020c2c,020c2c,1
0,3,0,203,19ffc9,19ffc9,1
0,3,0,204,741c6c,741c6c,1
0,3,0,205,089daf,089daf,1
0,3,0,206,70431c,70431c,1
0,3,0,207,164927,164927,1
0,3,0,208,597cb2,597cb2,1
0,3,0,209,173df7,173df7,1
0,3,0,210,38cc6b,38cc6b,1
0,3,0,211,36795e,36795e,1
0,3,0,212,7aa15a,7aa15a,1
0,3,0,213,5485f9,5485f9,1
0,3,0,214,29de9d,29de9d,1
0,3,0,215,7a7fa3,7a7fa3,1
0,3,0,216,090078,090078,1
0,3,0,217,5f94e0,5f94e0,1
0,3,0,218,0aa365,0aa365,1
0,3,0,219,7de0e2,7de0e2,1
0,3,0,220,430328,430328,1
0,3,0,221,27d461,27d461,1
0,3,0,222,2b4d91,2b4d91,1
0,3,0,223,4b868f,4b868f,1
0,3,0,224,05ec39,05ec39,1
0,3,0,225,333240,333240,1
0,3,0,226,4b1cef,4b1cef,1
0,3,0,227,69ad52,69ad52,1
0,3,0,228,457e47,457e47,1
0,3,0,229,130bf1,130bf1,1
0,3,0,230,2e7076,2e7076,1
0,3,0,231,077aaa,077aaa,1
0,3,0,232,38d707,38d707,1
0,3,0,233,79a936,79a936,1
0,3,0,234,433062,433062,1
0,3,0,235,36c864,36c864,1
0,3,0,236,5233fb,5233fb,1
0,3,0,237,0c7a43,0c7a43,1
0,3,0,238,5a9c30,5a9c30,1
0,3,0,239,2a5fa4,2a5fa4,1
0,3,0,240,15b3f6,15b3f6,1
0,3,0,241,682877,682877,1
0,3,0,242,754cd1,754cd1,1
0,3,0,243,5817c1,5817c1,1
0,3,0,244,164dab,164dab,1
0,3,0,245,540a2b,540a2b,1
0,3,0,246,2c2e80,2c2e80,1
0,3,0,247,2c2d73,2c2d73,1
0,3,0,248,5a254c,5a254c,1
0,3,0,249,58fe00,58fe00,1
0,3,0,250,21f27b,21f27b,1
0,3,0,251,0519fd,0519fd,1
0,3,0,252,33253b,33253b,1
0,3,0,253,3048f2,3048f2,1
0,3,0,254,62ab5c,62ab5c,1
0,3,0,255,4a159c,4a159c,1
0,3,1,0,7d8d2c,7d8d2c,1
0,3,1,1,49ee7b,49ee7b,1
0,3,1,2,772def,772def,1
0,3,1,3,6a252e,6a252e,1
0,3,1,4,1b81fa,1b81fa,1
0,3,1,5,2a24c9,2a24c9,1
0,3,1,6,29baf3,29baf3,1
0,3,1,7,0f9cde,0f9cde,1
0,3,1,8,52a48f,52a48f,1
0,3,1,9,5108d3,5108d3,1
0,3,1,10,1799a9,1799a9,1
0,3,1,11,53d21d,53d21d,1
0,3,1,12,78c605,78c605,1
0,3,1,13,36203a,36203a,1
0,3,1,14,386c31,386c31,1
0,3,1,15,780af9,780af9,1
0,3,1,16,252a7b,252a7b,1
0,3,1,17,0b24e9,0b24e9,1
0,3,1,18,4ed6fa,4ed6fa,1
0,3,1,19,140b9b,140b9b,1
0,3,1,20,041834,041834,1
0,3,1,21,67b45d,67b45d,1
0,3,1,22,29186e,29186e,1
0,3,1,23,6f640c,6f640c,1
0,3,1,24,182b99,182b99,1
0,3,1,25,635d3b,635d3b,1
0,3,1,26,0596a4,0596a4,1
0,3,1,27,6bb4ed,6bb4ed,1
0,3,1,28,3818d9,3818d9,1
0,3,1,29,132d2e,132d2e,1
0,3,1,30,094526,094526,1
0,3,1,31,41fb8c,41fb8c,1
0,3,1,32,15b7ba,15b7ba,1
0,3,1,33,5899a8,5899a8,1
0,3,1,34,115792,115792,1
0,3,1,35,54d532,54d532,1
0,3,1,36,5e528e,5e528e,1
0,3,1,37,30f2fd,30f2fd,1
0,3,1,38,189a0e,189a0e,1
0,3,1,39,0aa65c,0aa65c,1
0,3,1,40,444566,444566,1
0,3,1,41,492b5a,492b5a,1
0,3,1,42,2f1b6f,2f1b6f,1
0,3,1,43,6f7a80,6f7a80,1
0,3,1,44,0dfa7a,0dfa7a,1
0,3,1,45,730fea,730fea,1
0,3,1,46,6f3cf0,6f3cf0,1
0,3,1,47,4a8797,4a8797,1
0,3,1,48,1b655b,1b655b,1
0,3,1,49,29556f,29556f,1
0,3,1,50,53f8ca,53f8ca,1
0,3,1,51,24aae8,24aae8,1
0,3,1,52,478dc0,478dc0,1
0,3,1,53,75262f,75262f,1
0,3,1,54,739256,739256,1
0,3,1,55,665a44,665a44,1
0,3,1,56,291a1b,291a1b,1
0,3,1,57,3e1a11,3e1a11,1
0,3,1,58,40f19a,40f19a,1
0,3,1,59,71bc2d,71bc2d,1
0,3,1,60,08fd77,08fd77,1
0,3,1,61,424fe3,424fe3,1
0,3,1,62,54a14c,54a14c,1
0,3,1,63,6293cd,6293cd,1
0,3,1,64,55bddf,55bddf,1
0,3,1,65,0b86d4,0b86d4,1
0,3,1,66,70b814,70b814,1
0,3,1,67,6aed82,6aed82,1
0,3,1,68,21d2c1,21d2c1,1
0,3,1,69,379aaf,379aaf,1
0,3,1,70,799824,799824,1
0,3,1,71,22a466,22a466,1
0,3,1,72,2ffc3f,2ffc3f,1
0,3,1,73,2b161e,2b161e,1
0,3,1,74,0fbe70,0fbe70,1
0,3,1,75,33a50f,33a50f,1
0,3,1,76,67ff90,67ff90,1
0,3,1,77,06df72,06df72,1
0,3,1,78,07bde7,07bde7,1
0,3,1,79,4a95fd,4a95fd,1
0,3,1,80,2c8abd,2c8abd,1
0,3,1,81,76d142,76d142,1
0,3,1,82,07d81d,07d81d,1
0,3,1,83,29b63d,29b63d,1
0,3,1,84,710d8c,710d8c,1
0,3,1,85,453676,453676,1
0,3,1,86,447292,447292,1
0,3,1,87,1c9ed9,1c9ed9,1
0,3,1,88,4d3714,4d3714,1
0,3,1,89,6f1a71,6f1a71,1
0,3,1,90,74c59d,74c59d,1
0,3,1,91,29bb0c,29bb0c,1
0,3,1,92,176785,176785,1
0,3,1,93,3fc52f,3fc52f,1
0,3,1,94,5e3cb5,5e3cb5,1
0,3,1,95,6dba9e,6dba9e,1
0,3,1,96,4f81fc,4f81fc,1
0,3,1,97,616a2b,616a2b,1
0,3,1,98,00413c,00413c,1
0,3,1,99,7acae4,7acae4,1
0,3,1,100,70a786,70a786,1
0,3,1,101,1decbf,1decbf,1
0,3,1,102,177dac,177dac,1
0,3,1,103,6b369b,6b369b,1
0,3,1,104,1bedca,1bedca,1
0,3,1,105,035815,035815,1
0,3,1,106,61250b,61250b,1
0,3,1,107,087cd7,087cd7,1
0,3,1,108,5d0ef5,5d0ef5,1
0,3,1,109,0f620b,0f620b,1
0,3,1,110,730ff9,730ff9,1
0,3,1,111,50322e,50322e,1
0,3,1,112,186392,186392,1
0,3,1,113,5ed388,5ed388,1
0,3,1,114,6757bf,6757bf,1
0,3,1,115,535c9a,535c9a,1
0,3,1,116,650ec6,650ec6,1
0,3,1,117,31e9d6,31e9d6,1
0,3,1,118,7d6973,7d6973,1
0,3,1,119,6baaf8,6baaf8,1
0,3,1,120,2e147b,2e147b,1
0,3,1,121,262c3f,262c3f,1
0,3,1,122,561b52,561b52,1
0,3,1,123,034ffd,034ffd,1
0,3,1,124,4c8517,4c8517,1
0,3,1,125,212461,212461,1
0,3,1,126,6a3c70,6a3c70,1
0,3,1,127,11819b,11819b,1
0,3,1,128,78bd97,78bd97,1
0,3,1,129,1ec4b6,1ec4b6,1
0,3,1,130,48e1b7,48e1b7,1
0,3,1,131,55c928,55c928,1
0,3,1,132,6b7379,6b7379,1
0,3,1,133,76528b,76528b,1
0,3,1,134,010169,010169,1
0,3,1,135,05aebe,05aebe,1
0,3,1,136,530b47,530b47,1
0,3,1,137,0c446a,0c446a,1
0,3,1,138,46b75a,46b75a,1
0,3,1,139,01a8a6,01a8a6,1
0,3,1,140,332c68,332c68,1
0,3,1,141,521447,521447,1
0,3,1,142,4521de,4521de,1
0,3,1,143,3307f0,3307f0,1
0,3,1,144,422ca7,422ca7,1
0,3,1,145,464feb,464feb,1
0,3,1,146,5c1589,5c1589,1
0,3,1,147,4b84b0,4b84b0,1
0,3,1,148,4a2907,4a2907,1
0,3,1,149,4621ef,4621ef,1
0,3,1,150,7e0b54,7e0b54,1
0,3,1,151,3666bf,3666bf,1
0,3,1,152,574bb1,574bb1,1
0,3,1,153,345cd2,345cd2,1
0,3,1,154,4ee08e,4ee08e,1
0,3,1,155,7d98cf,7d98cf,1
0,3,1,156,393de0,393de0,1
0,3,1,157,1a7458,1a7458,1
0,3,1,158,486cab,486cab,1
0,3,1,159,20fb19,20fb19,1
0,3,1,160,77c955,77c955,1
0,3,1,161,7d8cd7,7d8cd7,1
0,3,1,162,2ff1e0,2ff1e0,1
0,3,1,163,0f6c9a,0f6c9a,1
0,3,1,164,1d7a66,1d7a66,1
0,3,1,165,6141ae,6141ae,1
0,3,1,166,548629,548629,1
0,3,1,167,2c9bda,2c9bda,1
0,3,1,168,1ed32e,1ed32e,1
0,3,1,169,3439e4,3439e4,1
0,3,1,170,2e5f7a,2e5f7a,1
0,3,1,171,6cedcd,6cedcd,1
0,3,1,172,18ea73,18ea73,1
0,3,1,173,6ac331,6ac331,1
0,3,1,174,5025de,5025de,1
0,3,1,175,112392,112392,1
0,3,1,176,050da4,050da4,1
0,3,1,177,50959f,50959f,1
0,3,1,178,65fdf1,65fdf1,1
0,3,1,179,077c57,077c57,1
0,3,1,180,593c89,593c89,1
0,3,1,181,0bf526,0bf526,1
0,3,1,182,088ba8,088ba8,1
0,3,1,183,6620c6,6620c6,1
0,3,1,184,047093,047093,1
0,3,1,185,3e75f0,3e75f0,1
0,3,1,186,2b0333,2b0333,1
0,3,1,187,28f439,28f439,1
0,3,1,188,0ea07f,0ea07f,1
0,3,1,189,5b4381,5b4381,1
0,3,1,190,41a692,41a692,1
0,3,1,191,740191,740191,1
0,3,1,192,637c64,637c64,1
0,3,1,193,041dc0,041dc0,1
0,3,1,194,037a4c,037a4c,1
0,3,1,195,602bb1,602bb1,1
0,3,1,196,719347,719347,1
0,3,1,197,0ddee6,0ddee6,1
0,3,1,198,168bdd,168bdd,1
0,3,1,199,6df86a,6df86a,1
0,3,1,200,6eac97,6eac97,1
0,3,1,201,162ded,162ded,1
0,3,1,202,08124d,08124d,1
0,3,1,203,0c1be5,0c1be5,1
0,3,1,204,5921d8,5921d8,1
0,3,1,205,68ebc5,68ebc5,1
0,3,1,206,43823e,43823e,1
0,3,1,207,19848c,19848c,1
0,3,1,208,44739e,44739e,1
0,3,1,209,5d8eed,5d8eed,1
0,3,1,210,0358bc,0358bc,1
0,3,1,211,635186,635186,1
0,3,1,212,794d39,794d39,1
0,3,1,213,785dbe,785dbe,1
0,3,1,214,38fc6e,38fc6e,1
0,3,1,215,4b5733,4b5733,1
0,3,1,216,182c82,182c82,1
0,3,1,217,17fe63,17fe63,1
0,3,1,218,3d3c8c,3d3c8c,1
0,3,1,219,12074a,12074a,1
0,3,1,220,556b41,556b41,1
0,3,1,221,15194e,15194e,1
0,3,1,222,11ea69,11ea69,1
0,3,1,223,0e91a2,0e91a2,1
0,3,1,224,404842,404842,1
0,3,1,225,63f5ca,63f5ca,1
0,3,1,226,2489b0,2489b0,1
0,3,1,227,1ac384,1ac384,1
0,3,1,228,3b64bc,3b64bc,1
0,3,1,229,28f083,28f083,1
0,3,1,230,4f259c,4f259c,1
0,3,1,231,1132d3,1132d3,1
0,3,1,232,692729,692729,1
0,3,1,233,5b96f1,5b96f1,1
0,3,1,234,76c7ae,76c7ae,1
0,3,1,235,54e349,54e349,1
0,3,1,236,1f26d3,1f26d3,1
0,3,1,237,7740f7,7740f7,1
0,3,1,238,1ebdbc,1ebdbc,1
0,3,1,239,75fc44,75fc44,1
0,3,1,240,3d8e13,3d8e13,1
0,3,1,241,53efdf,53efdf,1
0,3,1,242,11e9e4,11e9e4,1
0,3,1,243,253f36,253f36,1
0,3,1,244,106760,106760,1
0,3,1,245,14fabe,14fabe,1
0,3,1,246,1e08ac,1e08ac,1
0,3,1,247,5075ce,5075ce,1
0,3,1,248,5cdbf7,5cdbf7,1
0,3,1,249,21d3d5,21d3d5,1
0,3,1,250,640d57,640d57,1
0,3,1,251,67db1b,67db1b,1
0,3,1,252,697b9a,697b9a,1
0,3,1,253,298799,298799,1
0,3,1,254,28159c,28159c,1
0,3,1,255,5d5279,5d5279,1
0,3,2,0,693249,693249,1
0,3,2,1,1dd6e5,1dd6e5,1
0,3,2,2,23b114,23b114,1
0,3,2,3,48d517,48d517,1
0,3,2,4,58b6b0,58b6b0,1
0,3,2,5,0f6da7,0f6da7,1
0,3,2,6,6919ab,6919ab,1
0,3,2,7,31e4e0,31e4e0,1
0,3,2,8,7f924c,7f924c,1
0,3,2,9,023729,023729,1
0,3,2,10,6fa9b8,6fa9b8,1
0,3,2,11,7c78cc,7c78cc,1
0,3,2,12,6f7517,6f7517,1
0,3,2,13,68b090,68b090,1
0,3,2,14,75ae57,75ae57,1
0,3,2,15,041c86,041c86,1
0,3,2,16,619ec1,619ec1,1
0,3,2,17,1d78ed,1d78ed,1
0,3,2,18,778135,778135,1
0,3,2,19,443266,443266,1
0,3,2,20,077def,077def,1
0,3,2,21,45bfe0,45bfe0,1
0,3,2,22,46e464,46e464,1
0,3,2,23,27d7df,27d7df,1
0,3,2,24,7b9096,7b9096,1
0,3,2,25,3a7df6,3a7df6,1
0,3,2,26,4516ca,4516ca,1
0,3,2,27,070b1b,070b1b,1
0,3,2,28,7cf96b,7cf96b,1
0,3,2,29,4ac4a2,4ac4a2,1
0,3,2,30,6428d8,6428d8,1
0,3,2,31,45fdb7,45fdb7,1
0,3,2,32,795e30,795e30,1
0,3,2,33,3f4a9c,3f4a9c,1
0,3,2,34,777a88,777a88,1
0,3,2,35,2630e2,2630e2,1
0,3,2,36,194957,194957,1
0,3,2,37,3dda9e,3dda9e,1
0,3,2,38,73713e,73713e,1
0,3,2,39,0f8430,0f8430,1
0,3,2,40,31b176,31b176,1
0,3,2,41,635fcb,635fcb,1
0,3,2,42,0d0091,0d0091,1
0,3,2,43,0615ba,0615ba,1
0,3,2,44,2ea610,2ea610,1
0,3,2,45,663e91,663e91,1
0,3,2,46,0311b5,0311b5,1
0,3,2,47,13816b,13816b,1
0,3,2,48,0ee014,0ee014,1
0,3,2,49,7c0282,7c0282,1
0,3,2,50,6cbeca,6cbeca,1
0,3,2,51,1c5bb0,1c5bb0,1
0,3,2,52,66e263,66e263,1
0,3,2,53,7f1a27,7f1a27,1
0,3,2,54,73e917,73e917,1
0,3,2,55,528698,528698,1
0,3,2,56,78dd14,78dd14,1
0,3,2,57,4f77a8,4f77a8,1
0,3,2,58,509993,509993,1
0,3,2,59,3ab53f,3ab53f,1
0,3,2,60,37f8e9,37f8e9,1
0,3,2,61,561c0c,561c0c,1
0,3,2,62,566edf,566edf,1
0,3,2,63,3d9a2e,3d9a2e,1
0,3,2,64,465117,465117,1
0,3,2,65,52432a,52432a,1
0,3,2,66,5b93b5,5b93b5,1
0,3,2,67,041907,041907,1
0,3,2,68,14b210,14b210,1
0,3,2,69,599a4e,599a4e,1
0,3,2,70,132553,132553,1
0,3,2,71,3ca833,3ca833,1
0,3,2,72,7bffb3,7bffb3,1
0,3,2,73,5eb65e,5eb65e,1
0,3,2,74,1a216a,1a216a,1
0,3,2,75,17cfb4,17cfb4,1
0,3,2,76,041e24,041e24,1
0,3,2,77,1a77bd,1a77bd,1
0,3,2,78,09bdca,09bdca,1
0,3,2,79,5046b1,5046b1,1
0,3,2,80,109bba,109bba,1
0,3,2,81,6873c5,6873c5,1
0,3,2,82,66a125,66a125,1
0,3,2,83,78c1f4,78c1f4,1
0,3,2,84,5d7230,5d7230,1
0,3,2,85,2d1b77,2d1b77,1
0,3,2,86,3eb9fd,3eb9fd,1
0,3,2,87,3922d5,3922d5,1
0,3,2,88,6a4eac,6a4eac,1
0,3,2,89,4f9c68,4f9c68,1
0,3,2,90,1851e1,1851e1,1
0,3,2,91,056ffb,056ffb,1
0,3,2,92,55c4ab,55c4ab,1
0,3,2,93,559e7d,559e7d,1
0,3,2,94,310c79,310c79,1
0,3,2,95,3bd013,3bd013,1
0,3,2,96,4f14ec,4f14ec,1
0,3,2,97,5bdb60,5bdb60,1
0,3,2,98,6c6dba,6c6dba,1
0,3,2,99,251c3f,251c3f,1
0,3,2,100,17805c,17805c,1
0,3,2,101,671b8c,671b8c,1
0,3,2,102,7245b2,7245b2,1
0,3,2,103,343998,343998,1
0,3,2,104,19d624,19d624,1
0,3,2,105,6773dd,6773dd,1
0,3,2,106,5ee40e,5ee40e,1
0,3,2,107,573e2d,573e2d,1
0,3,2,108,0bbaf9,0bbaf9,1
0,3,2,109,391193,391193,1
0,3,2,110,5b9bf4,5b9bf4,1
0,3,2,111,56e9d1,56e9d1,1
0,3,2,112,3c8ecb,3c8ecb,1
0,3,2,113,72c57b,72c57b,1
0,3,2,114,75f180,75f180,1
0,3,2,115,4b5acd,4b5acd,1
0,3,2,116,32e0b7,32e0b7,1
0,3,2,117,3cdd71,3cdd71,1
0,3,2,118,6375dc,6375dc,1
0,3,2,119,13fcc2,13fcc2,1
0,3,2,120,172a54,172a54,1
0,3,2,121,6b4f69,6b4f69,1
0,3,2,122,7cfaf2,7cfaf2,1
0,3,2,123,3e8f9b,3e8f9b,1
0,3,2,124,2ec581,2ec581,1
0,3,2,125,5e2d63,5e2d63,1
0,3,2,126,72c098,72c098,1
0,3,2,127,46ed23,46ed23,1
0,3,2,128,08866b,08866b,1
0,3,2,129,3336bb,3336bb,1
0,3,2,130,2a5d26,2a5d26,1
0,3,2,131,2721b8,2721b8,1
0,3,2,132,453b7e,453b7e,1
0,3,2,133,4a3e92,4a3e92,1
0,3,2,134,36b4ba,36b4ba,1
0,3,2,135,3c531a,3c531a,1
0,3,2,136,3e730f,3e730f,1
0,3,2,137,2cf56d,2cf56d,1
0,3,2,138,4618fc,4618fc,1
0,3,2,139,4d4846,4d4846,1
0,3,2,140,58cc8d,58cc8d,1
0,3,2,141,1b17fd,1b17fd,1
0,3,2,142,17c791,17c791,1
0,3,2,143,647efe,647efe,1
0,3,2,144,34138a,34138a,1
0,3,2,145,5ce41b,5ce41b,1
0,3,2,146,7316de,7316de,1
0,3,2,147,0904e4,0904e4,1
0,3,2,148,577356,577356,1
0,3,2,149,16bd1f,16bd1f,1
0,3,2,150,1c6696,1c6696,1
0,3,2,151,161e78,161e78,1
0,3,2,152,0199c1,0199c1,1
0,3,2,153,7e5850,7e5850,1
0,3,2,154,292ff5,292ff5,1
0,3,2,155,6b5d97,6b5d97,1
0,3,2,156,0ccc2b,0ccc2b,1
0,3,2,157,5dc6ab,5dc6ab,1
0,3,2,158,0a0d7e,0a0d7e,1
0,3,2,159,59eea3,59eea3,1
0,3,2,160,383b74,383b74,1
0,3,2,161,3ea476,3ea476,1
0,3,2,162,0fd953,0fd953,1
0,3,2,163,30086f,30086f,1
0,3,2,164,418f1a,418f1a,1
0,3,2,165,211924,211924,1
0,3,2,166,39beb7,39beb7,1
0,3,2,167,677b91,677b91,1
0,3,2,168,58f071,58f071,1
0,3,2,169,1cb92e,1cb92e,1
0,3,2,170,2a11e9,2a11e9,1
0,3,2,171,51b480,51b480,1
0,3,2,172,7cc1b1,7cc1b1,1
0,3,2,173,036abf,036abf,1
0,3,2,174,2ba5d4,2ba5d4,1
0,3,2,175,6f24ed,6f24ed,1
0,3,2,176,1b54d8,1b54d8,1
0,3,2,177,0ad81f,0ad81f,1
0,3,2,178,0c2e85,0c2e85,1
0,3,2,179,7ed0f1,7ed0f1,1
0,3,2,180,39a649,39a649,1
0,3,2,181,7779b3,7779b3,1
0,3,2,182,4d0673,4d0673,1
0,3,2,183,49844b,49844b,1
0,3,2,184,74ac49,74ac49,1
0,3,2,185,11de15,11de15,1
0,3,2,186,59943a,59943a,1
0,3,2,187,3cf893,3cf893,1
0,3,2,188,6bddf8,6bddf8,1
0,3,2,189,496ecd,496ecd,1
0,3,2,190,6c3769,6c3769,1
0,3,2,191,6d490f,6d490f,1
0,3,2,192,3b8fa1,3b8fa1,1
0,3,2,193,162407,162407,1
0,3,2,194,2ab681,2ab681,1
0,3,2,195,17fec6,17fec6,1
0,3,2,196,2b5ed3,2b5ed3,1
0,3,2,197,2823a7,2823a7,1
0,3,2,198,2c67be,2c67be,1
0,3,2,199,12a221,12a221,1
0,3,2,200,2e0154,2e0154,1
0,3,2,201,03e7bf,03e7bf,1
0,3,2,202,584a38,584a38,1
0,3,2,203,6168e2,6168e2,1
0,3,2,204,2323b6,2323b6,1
0,3,2,205,07ba1d,07ba1d,1
0,3,2,206,03fa85,03fa85,1
0,3,2,207,605910,605910,1
0,3,2,208,0ea18b,0ea18b,1
0,3,2,209,1bdc03,1bdc03,1
0,3,2,210,10dcdd,10dcdd,1
0,3,2,211,681667,681667,1
0,3,2,212,6a151e,6a151e,1
0,3,2,213,5cbe9e,5cbe9e,1
0,3,2,214,1c42b4,1c42b4,1
0,3,2,215,1ddf60,1ddf60,1
0,3,2,216,13dfde,13dfde,1
0,3,2,217,31aedc,31aedc,1
0,3,2,218,3ac5f8,3ac5f8,1
0,3,2,219,412da4,412da4,1
0,3,2,220,50814b,50814b,1
0,3,2,221,00dae1,00dae1,1
0,3,2,222,68c0aa,68c0aa,1
0,3,2,223,02c71a,02c71a,1
0,3,2,224,0c9141,0c9141,1
0,3,2,225,6d105c,6d105c,1
0,3,2,226,5dd8b7,5dd8b7,1
0,3,2,227,3df0bd,3df0bd,1
0,3,2,228,59ea02,59ea02,1
0,3,2,229,027c44,027c44,1
0,3,2,230,16e544,16e544,1
0,3,2,231,20ccb1,20ccb1,1
0,3,2,232,399633,399633,1
0,3,2,233,25e266,25e266,1
0,3,2,234,68b6f5,68b6f5,1
0,3,2,235,3286ea,3286ea,1
0,3,2,236,24270e,24270e,1
0,3,2,237,539cea,539cea,1
0,3,2,238,6422d0,6422d0,1
0,3,2,239,1224f7,1224f7,1
0,3,2,240,01a904,01a904,1
0,3,2,241,0fb178,0fb178,1
0,3,2,242,227c8e,227c8e,1
0,3,2,243,52cf59,52cf59,1
0,3,2,244,30e12c,30e12c,1
0,3,2,245,2c731e,2c731e,1
0,3,2,246,7cc042,7cc042,1
0,3,2,247,555ca3,555ca3,1
0,3,2,248,39953b,39953b,1
0,3,2,249,7f2561,7f2561,1
0,3,2,250,49fc80,49fc80,1
0,3,2,251,06136f,06136f,1
0,3,2,252,69544f,69544f,1
0,3,2,253,4fce4c,4fce4c,1
0,3,2,254,4d34b3,4d34b3,1
0,3,2,255,71fa5c,71fa5c,1
0,3,3,0,221eec,221eec,1
0,3,3,1,64d518,64d518,1
0,3,3,2,1f9f96,1f9f96,1
0,3,3,3,408263,408263,1
0,3,3,4,696651,696651,1
0,3,3,5,22b4fd,22b4fd,1
0,3,3,6,4556c3,4556c3,1
0,3,3,7,690113,690113,1
0,3,3,8,271f8c,271f8c,1
0,3,3,9,221956,221956,1
0,3,3,10,689f81,689f81,1
0,3,3,11,3474fc,3474fc,1
0,3,3,12,1923e2,1923e2,1
0,3,3,13,6dbd47,6dbd47,1
0,3,3,14,57a813,57a813,1
0,3,3,15,79b29c,79b29c,1
0,3,3,16,2ed3c1,2ed3c1,1
0,3,3,17,1e7c54,1e7c54,1
0,3,3,18,52fe62,52fe62,1
0,3,3,19,619a71,619a71,1
0,3,3,20,5df990,5df990,1
0,3,3,21,7abe1c,7abe1c,1
0,3,3,22,2c7bf8,2c7bf8,1
0,3,3,23,60ebda,60ebda,1
0,3,3,24,694994,694994,1
0,3,3,25,243b94,243b94,1
0,3,3,26,7f5ac1,7f5ac1,1
0,3,3,27,4dc10c,4dc10c,1
0,3,3,28,3e38bd,3e38bd,1
0,3,3,29,3f21e4,3f21e4,1
0,3,3,30,7b7a0c,7b7a0c,1
0,3,3,31,2e4062,2e4062,1
0,3,3,32,5329c7,5329c7,1
0,3,3,33,2cac0d,2cac0d,1
0,3,3,34,60b9cb,60b9cb,1
0,3,3,35,68713e,68713e,1
0,3,3,36,2817c8,2817c8,1
0,3,3,37,0aa613,0aa613,1
0,3,3,38,099a75,099a75,1
0,3,3,39,11e6b7,11e6b7,1
0,3,3,40,1adc28,1adc28,1
0,3,3,41,1ed91b,1ed91b,1
0,3,3,42,7881c9,7881c9,1
0,3,3,43,50f789,50f789,1
0,3,3,44,452f74,452f74,1
0,3,3,45,0ea6f0,0ea6f0,1
0,3,3,46,2ffc59,2ffc59,1
0,3,3,47,0e1748,0e1748,1
0,3,3,48,54b844,54b844,1
0,3,3,49,216b8b,216b8b,1
0,3,3,50,3a86d0,3a86d0,1
0,3,3,51,65bd2a,65bd2a,1
0,3,3,52,00dd51,00dd51,1
0,3,3,53,10f48e,10f48e,1
0,3,3,54,69c661,69c661,1
0,3,3,55,5832a9,5832a9,1
0,3,3,56,325011,325011,1
0,3,3,57,2f18d2,2f18d2,1
0,3,3,58,0fd33e,0fd33e,1
0,3,3,59,328484,328484,1
0,3,3,60,463e4c,463e4c,1
0,3,3,61,70b9e2,70b9e2,1
0,3,3,62,7593c5,7593c5,1
0,3,3,63,305d95,305d95,1
0,3,3,64,61d6ed,61d6ed,1
0,3,3,65,3452eb,3452eb,1
0,3,3,66,4ac8d4,4ac8d4,1
0,3,3,67,33af00,33af00,1
0,3,3,68,388e62,388e62,1
0,3,3,69,0201e3,0201e3,1
0,3,3,70,03d7b6,03d7b6,1
0,3,3,71,5da06a,5da06a,1
0,3,3,72,3c982b,3c982b,1
0,3,3,73,14b7ab,14b7ab,1
0,3,3,74,098751,098751,1
0,3,3,75,0763cb,0763cb,1
0,3,3,76,02cc53,02cc53,1
0,3,3,77,4e8995,4e8995,1
0,3,3,78,758507,758507,1
0,3,3,79,35321c,35321c,1
0,3,3,80,1e49f2,1e49f2,1
0,3,3,81,40699e,40699e,1
0,3,3,82,403d7a,403d7a,1
0,3,3,83,06a175,06a175,1
0,3,3,84,01cdee,01cdee,1
0,3,3,85,5e94f7,5e94f7,1
0,3,3,86,362e0c,362e0c,1
0,3,3,87,675ee1,675ee1,1
0,3,3,88,0c5287,0c5287,1
0,3,3,89,6e1ff8,6e1ff8,1
0,3,3,90,6b52d8,6b52d8,1
0,3,3,91,39ccde,39ccde,1
0,3,3,92,60e081,60e081,1
0,3,3,93,3e85a0,3e85a0,1
0,3,3,94,0dfd87,0dfd87,1
0,3,3,95,6b5fc3,6b5fc3,1
0,3,3,96,3a1af0,3a1af0,1
0,3,3,97,131383,131383,1
0,3,3,98,50053c,50053c,1
0,3,3,99,5411e7,5411e7,1
0,3,3,100,24a127,24a127,1
0,3,3,101,613cc4,613cc4,1
0,3,3,102,3d7db8,3d7db8,1
0,3,3,103,1aabdd,1aabdd,1
0,3,3,104,2132c4,2132c4,1
0,3,3,105,1de304,1de304,1
0,3,3,106,4b4011,4b4011,1
0,3,3,107,54f97b,54f97b,1
0,3,3,108,76e52f,76e52f,1
0,3,3,109,7a9002,7a9002,1
0,3,3,110,194585,194585,1
0,3,3,111,241e13,241e13,1
0,3,3,112,52d9a3,52d9a3,1
0,3,3,113,77c62f,77c62f,1
0,3,3,114,1f7355,1f7355,1
0,3,3,115,6607d2,6607d2,1
0,3,3,116,58a79b,58a79b,1
0,3,3,117,600b93,600b93,1
0,3,3,118,058b49,058b49,1
0,3,3,119,7c5a91,7c5a91,1
0,3,3,120,7741af,7741af,1
0,3,3,121,246875,246875,1
0,3,3,122,362fa5,362fa5,1
0,3,3,123,523d5a,523d5a,1
0,3,3,124,0df52d,0df52d,1
0,3,3,125,1613c8,1613c8,1
0,3,3,126,00df44,00df44,1
0,3,3,127,57c6bf,57c6bf,1
0,3,3,128,09e0cb,09e0cb,1
0,3,3,129,3d6a45,3d6a45,1
0,3,3,130,64d2d4,64d2d4,1
0,3,3,131,5cce39,5cce39,1
0,3,3,132,47e891,47e891,1
0,3,3,133,29a4fe,29a4fe,1
0,3,3,134,4a7c3c,4a7c3c,1
0,3,3,135,6e2fb0,6e2fb0,1
0,3,3,136,1766d9,1766d9,1
0,3,3,137,68136f,68136f,1
0,3,3,138,6f59cf,6f59cf,1
0,3,3,139,3b11e5,3b11e5,1
0,3,3,140,6a5346,6a5346,1
0,3,3,141,505be4,505be4,1
0,3,3,142,2b3fe4,2b3fe4,1
0,3,3,143,64f9c5,64f9c5,1
0,3,3,144,71a5d2,71a5d2,1
0,3,3,145,4a8738,4a8738,1
0,3,3,146,1c570e,1c570e,1
0,3,3,147,2f3784,2f3784,1
0,3,3,148,499d28,499d28,1
0,3,3,149,59bbd8,59bbd8,1
0,3,3,150,160287,160287,1
0,3,3,151,27369f,27369f,1
0,3,3,152,52453a,52453a,1
0,3,3,153,464f00,464f00,1
0,3,3,154,4bd091,4bd091,1
0,3,3,155,6e34a6,6e34a6,1
0,3,3,156,1b90fb,1b90fb,1
0,3,3,157,6d11d8,6d11d8,1
0,3,3,158,0f1399,0f1399,1
0,3,3,159,61a991,61a991,1
0,3,3,160,01f5de,01f5de,1
0,3,3,161,4ffaef,4ffaef,1
0,3,3,162,6c875c,6c875c,1
0,3,3,163,0e4c6e,0e4c6e,1
0,3,3,164,07dc93,07dc93,1
0,3,3,165,0131b3,0131b3,1
0,3,3,166,472864,472864,1
0,3,3,167,7aeabc,7aeabc,1
0,3,3,168,51a6d6,51a6d6,1
0,3,3,169,48ab2d,48ab2d,1
0,3,3,170,7cf54f,7cf54f,1
0,3,3,171,7e18db,7e18db,1
0,3,3,172,1130b4,1130b4,1
0,3,3,173,7b6391,7b6391,1
0,3,3,174,3aab21,3aab21,1
0,3,3,175,3e97ac,3e97ac,1
0,3,3,176,398480,398480,1
0,3,3,177,49a619,49a619,1
0,3,3,178,1ec7fa,1ec7fa,1
0,3,3,179,03ed9c,03ed9c,1
0,3,3,180,30a64c,30a64c,1
0,3,3,181,4b3e9e,4b3e9e,1
0,3,3,182,556277,556277,1
0,3,3,183,3dbacb,3dbacb,1
0,3,3,184,69dd43,69dd43,1
0,3,3,185,01659e,01659e,1
0,3,3,186,5c30b2,5c30b2,1
0,3,3,187,5fd5cd,5fd5cd,1
0,3,3,188,2b300f,2b300f,1
0,3,3,189,024c00,024c00,1
0,3,3,190,618d20,618d20,1
0,3,3,191,2b4760,2b4760,1
0,3,3,192,561713,561713,1
0,3,3,193,437e7d,437e7d,1
0,3,3,194,2ead5c,2ead5c,1
0,3,3,195,16acb1,16acb1,1
0,3,3,196,60c4cd,60c4cd,1
0,3,3,197,145fd3,145fd3,1
0,3,3,198,54badd,54badd,1
0,3,3,199,3cf0fe,3cf0fe,1
0,3,3,200,2d2ea6,2d2ea6,1
0,3,3,201,3906f0,3906f0,1
0,3,3,202,54223f,54223f,1
0,3,3,203,692bce,692bce,1
0,3,3,204,5aee4b,5aee4b,1
0,3,3,205,2bce02,2bce02,1
0,3,3,206,4c3668,4c3668,1
0,3,3,207,4ffaef,4ffaef,1
0,3,3,208,5740cc,5740cc,1
0,3,3,209,4ce900,4ce900,1
0,3,3,210,62d690,62d690,1
0,3,3,211,63c6b7,63c6b7,1
0,3,3,212,24cd7d,24cd7d,1
0,3,3,213,419453,419453,1
0,3,3,214,040a32,040a32,1
0,3,3,215,6b1d47,6b1d47,1
0,3,3,216,65bc92,65bc92,1
0,3,3,217,28195c,28195c,1
0,3,3,218,34db65,34db65,1
0,3,3,219,523447,523447,1
0,3,3,220,57c758,57c758,1
0,3,3,221,1a3893,1a3893,1
0,3,3,222,23c562,23c562,1
0,3,3,223,5c3669,5c3669,1
0,3,3,224,66f550,66f550,1
0,3,3,225,46e26e,46e26e,1
0,3,3,226,70c5d2,70c5d2,1
0,3,3,227,39439f,39439f,1
0,3,3,228,0f4e56,0f4e56,1
0,3,3,229,70df30,70df30,1
0,3,3,230,631ea8,631ea8,1
0,3,3,231,33e3fb,33e3fb,1
0,3,3,232,01e524,01e524,1
0,3,3,233,4a5fb4,4a5fb4,1
0,3,3,234,41510d,41510d,1
0,3,3,235,3afca7,3afca7,1
0,3,3,236,0c41d1,0c41d1,1
0,3,3,237,55df52,55df52,1
0,3,3,238,2d489c,2d489c,1
0,3,3,239,118a8c,118a8c,1
0,3,3,240,189987,189987,1
0,3,3,241,07619b,07619b,1
0,3,3,242,7af62d,7af62d,1
0,3,3,243,3232a1,3232a1,1
0,3,3,244,74c5b4,74c5b4,1
0,3,3,245,76069b,76069b,1
0,3,3,246,32e57e,32e57e,1
0,3,3,247,09d2cc,09d2cc,1
0,3,3,248,42fc3d,42fc3d,1
0,3,3,249,11d8fd,11d8fd,1
0,3,3,250,57b136,57b136,1
0,3,3,251,6bb22c,6bb22c,1
0,3,3,252,6b2dbb,6b2dbb,1
0,3,3,253,152ee5,152ee5,1
0,3,3,254,54ee5b,54ee5b,1
0,3,3,255,1a6b8a,1a6b8a,1
1,0,0,0,59df49,59df49,1
1,0,0,1,3c9b80,3c9b80,1
1,0,0,2,4a0154,4a0154,1
1,0,0,3,6accab,6accab,1
1,0,0,4,75199a,75199a,1
1,0,0,5,2d48ed,2d48ed,1
1,0,0,6,19d957,19d957,1
1,0,0,7,729102,729102,1
1,0,0,8,09b601,09b601,1
1,0,0,9,462a78,462a78,1
1,0,0,10,6d5ec7,6d5ec7,1
1,0,0,11,10aaa9,10aaa9,1
1,0,0,12,2e342e,2e342e,1
1,0,0,13,4d5fc7,4d5fc7,1
1,0,0,14,556419,556419,1
1,0,0,15,39c8b8,39c8b8,1
1,0,0,16,5f75bc,5f75bc,1
1,0,0,17,59f799,59f799,1
1,0,0,18,6a6a16,6a6a16,1
1,0,0,19,0a1a97,0a1a97,1
1,0,0,20,47c0bc,47c0bc,1
1,0,0,21,49ef15,49ef15,1
1,0,0,22,529e3d,529e3d,1
1,0,0,23,46698b,46698b,1
1,0,0,24,11e056,11e056,1
1,0,0,25,37606b,37606b,1
1,0,0,26,55a075,55a075,1
1,0,0,27,32aa95,32aa95,1
1,0,0,28,7a9541,7a9541,1
1,0,0,29,652f69,652f69,1
1,0,0,30,45a182,45a182,1
1,0,0,31,2c86c6,2c86c6,1
1,0,0,32,5209f4,5209f4,1
1,0,0,33,3102c5,3102c5,1
1,0,0,34,75dc85,75dc85,1
1,0,0,35,025f1f,025f1f,1
1,0,0,36,245b55,245b55,1
1,0,0,37,0939a4,0939a4,1
1,0,0,38,02d95b,02d95b,1
1,0,0,39,3d4747,3d4747,1
1,0,0,40,46c617,46c617,1
1,0,0,41,1247f3,1247f3,1
1,0,0,42,77f90d,77f90d,1
1,0,0,43,4a5f3a,4a5f3a,1
1,0,0,44,505508,505508,1
1,0,0,45,099f99,099f99,1
1,0,0,46,1b517c,1b517c,1
1,0,0,47,12cd3a,12cd3a,1
1,0,0,48,116b7c,116b7c,1
1,0,0,49,4be2d4,4be2d4,1
1,0,0,50,1dbdea,1dbdea,1
1,0,0,51,450d85,450d85,1
1,0,0,52,48def0,48def0,1
1,0,0,53,420f06,420f06,1
1,0,0,54,7e2015,7e2015,1
1,0,0,55,612643,612643,1
1,0,0,56,250348,250348,1
1,0,0,57,1fbf76,1fbf76,1
1,0,0,58,4c10a9,4c10a9,1
1,0,0,59,6713ea,6713ea,1
1,0,0,60,07fb5d,07fb5d,1
1,0,0,61,73d309,73d309,1
1,0,0,62,138ff4,138ff4,1
1,0,0,63,7038ac,7038ac,1
1,0,0,64,64351f,64351f,1
1,0,0,65,5749ba,5749ba,1
1,0,0,66,2d5cdc,2d5cdc,1
1,0,0,67,04c1a1,04c1a1,1
1,0,0,68,597363,597363,1
1,0,0,69,7e1c01,7e1c01,1
1,0,0,70,53629d,53629d,1
1,0,0,71,6870c8,6870c8,1
1,0,0,72,52cda2,52cda2,1
1,0,0,73,72fa23,72fa23,1
1,0,0,74,5fb6ae,5fb6ae,1
1,0,0,75,4822ad,4822ad,1
1,0,0,76,572105,572105,1
1,0,0,77,38f1af,38f1af,1
1,0,0,78,5a8fa5,5a8fa5,1
1,0,0,79,1b6112,1b6112,1
1,0,0,80,690176,690176,1
1,0,0,81,00742c,00742c,1
1,0,0,82,3b437a,3b437a,1
1,0,0,83,5947d9,5947d9,1
1,0,0,84,1410bc,1410bc,1
1,0,0,85,77125c,77125c,1
1,0,0,86,1707bf,1707bf,1
1,0,0,87,7d4168,7d4168,1
1,0,0,88,4ce295,4ce295,1
1,0,0,89,180b07,180b07,1
1,0,0,90,14e13d,14e13d,1
1,0,0,91,254baa,254baa,1
1,0,0,92,2fdfad,2fdfad,1
1,0,0,93,3077b1,3077b1,1
1,0,0,94,50ae3a,50ae3a,1
1,0,0,95,244903,244903,1
1,0,0,96,59814b,59814b,1
1,0,0,97,3b0a15,3b0a15,1
1,0,0,98,161b9f,161b9f,1
1,0,0,99,085c13,085c13,1
1,0,0,100,3dfda0,3dfda0,1
1,0,0,101,4bb71c,4bb71c,1
1,0,0,102,666398,666398,1
1,0,0,103,712ebd,712ebd,1
1,0,0,104,6c921a,6c921a,1
1,0,0,105,034bc7,034bc7,1
1,0,0,106,6aa929,6aa929,1
1,0,0,107,2c0a2c,2c0a2c,1
1,0,0,108,1f3480,1f3480,1
1,0,0,109,7fb3dd,7fb3dd,1
1,0,0,110,55e229,55e229,1
1,0,0,111,13ac54,13ac54,1
1,0,0,112,179f34,179f34,1
1,0,0,113,7ef9d4,7ef9d4,1
1,0,0,114,7f50c7,7f50c7,1
1,0,0,115,36ad97,36ad97,1
1,0,0,116,6cd233,6cd233,1
1,0,0,117,09fa8e,09fa8e,1
1,0,0,118,30d973,30d973,1
1,0,0,119,45591b,45591b,1
1,0,0,120,5753c7,5753c7,1
1,0,0,121,1588a3,1588a3,1
1,0,0,122,7860fd,7860fd,1
1,0,0,123,5e957e,5e957e,1
1,0,0,124,2c1d79,2c1d79,1
1,0,0,125,0665ec,0665ec,1
1,0,0,126,79d0bc,79d0bc,1
1,0,0,127,264e1d,264e1d,1
1,0,0,128,543f36,543f36,1
1,0,0,129,18f808,18f808,1
1,0,0,130,755a6e,755a6e,1
1,0,0,131,48193a,48193a,1
1,0,0,132,7ee4f2,7ee4f2,1
1,0,0,133,50ee91,50ee91,1
1,0,0,134,53f012,53f012,1
1,0,0,135,303b4a,303b4a,1
1,0,0,136,54c826,54c826,1
1,0,0,137,101f3d,101f3d,1
1,0,0,138,3f2968,3f2968,1
1,0,0,139,287d64,287d64,1
1,0,0,140,0e2188,0e2188,1
1,0,0,141,0ce625,0ce625,1
1,0,0,142,1ded2c,1ded2c,1
1,0,0,143,4daf4d,4daf4d,1
1,0,0,144,040df7,040df7,1
1,0,0,145,60cd8a,60cd8a,1
1,0,0,146,078b93,078b93,1
1,0,0,147,350c7b,350c7b,1
1,0,0,148,53bd2e,53bd2e,1
1,0,0,149,66d9a1,66d9a1,1
1,0,0,150,196c5e,196c5e,1
1,0,0,151,7b37c7,7b37c7,1
1,0,0,152,34771d,34771d,1
1,0,0,153,6b9d65,6b9d65,1
1,0,0,154,702e0b,702e0b,1
1,0,0,155,7aa3df,7aa3df,1
1,0,0,156,4977bd,4977bd,1
1,0,0,157,163ac1,163ac1,1
1,0,0,158,5c9813,5c9813,1
1,0,0,159,363be9,363be9,1
1,0,0,160,3e743a,3e743a,1
1,0,0,161,4b2938,4b2938,1
1,0,0,162,40c73c,40c73c,1
1,0,0,163,630ecc,630ecc,1
1,0,0,164,7892ce,7892ce,1
1,0,0,165,1cf507,1cf507,1
1,0,0,166,129145,129145,1
1,0,0,167,52a841,52a841,1
1,0,0,168,024d11,024d11,1
1,0,0,169,4eb060,4eb060,1
1,0,0,170,649d59,649d59,1
1,0,0,171,376a0e,376a0e,1
1,0,0,172,05f909,05f909,1
1,0,0,173,385849,385849,1
1,0,0,174,2d0743,2d0743,1
1,0,0,175,7b4dee,7b4dee,1
1,0,0,176,2f360f,2f360f,1
1,0,0,177,338cd2,338cd2,1
1,0,0,178,47fbd4,47fbd4,1
1,0,0,179,56ecc3,56ecc3,1
1,0,0,180,453823,453823,1
1,0,0,181,7e8bd1,7e8bd1,1
1,0,0,182,22c112,22c112,1
1,0,0,183,7bd400,7bd400,1
1,0,0,184,70ab20,70ab20,1
1,0,0,185,3ac7d5,3ac7d5,1
1,0,0,186,02a85c,02a85c,1
1,0,0,187,09157b,09157b,1
1,0,0,188,3f688f,3f688f,1
1,0,0,189,2e40ee,2e40ee,1
1,0,0,190,4dc6ac,4dc6ac,1
1,0,0,191,0e8766,0e8766,1
1,0,0,192,5ff4ee,5ff4ee,1
1,0,0,193,567387,567387,1
1,0,0,194,6f0878,6f0878,1
1,0,0,195,3406ee,3406ee,1
1,0,0,196,6da88c,6da88c,1
1,0,0,197,5a9f3e,5a9f3e,1
1,0,0,198,1f3256,1f3256,1
1,0,0,199,74bfef,74bfef,1
1,0,0,200,3a7d54,3a7d54,1
1,0,0,201,1718f2,1718f2,1
1,0,0,202,1851a2,1851a2,1
1,0,0,203,13be01,13be01,1
1,0,0,204,75be58,75be58,1
1,0,0,205,6c4a45,6c4a45,1
1,0,0,206,6638e6,6638e6,1
1,0,0,207,5c320c,5c320c,1
1,0,0,208,4cc3e9,4cc3e9,1
1,0,0,209,67a4fd,67a4fd,1
1,0,0,210,3346f9,3346f9,1
1,0,0,211,2c2f3e,2c2f3e,1
1,0,0,212,464a5b,464a5b,1
1,0,0,213,11c95c,11c95c,1
1,0,0,214,385454,385454,1
1,0,0,215,41c0d0,41c0d0,1
1,0,0,216,0af8d8,0af8d8,1
1,0,0,217,1f5915,1f5915,1
1,0,0,218,183ff3,183ff3,1
1,0,0,219,5947f0,5947f0,1
1,0,0,220,3abfa4,3abfa4,1
1,0,0,221,7738dd,7738dd,1
1,0,0,222,6e1fe7,6e1fe7,1
1,0,0,223,70fca5,70fca5,1
1,0,0,224,3cd6a7,3cd6a7,1
1,0,0,225,7c8f76,7c8f76,1
1,0,0,226,3821f7,3821f7,1
1,0,0,227,073a11,073a11,1
1,0,0,228,1ece92,1ece92,1
1,0,0,229,0b3081,0b3081,1
1,0,0,230,153174,153174,1
1,0,0,231,64d2ea,64d2ea,1
1,0,0,232,6d2757,6d2757,1
1,0,0,233,2c7980,2c7980,1
1,0,0,234,3bb9e0,3bb9e0,1
1,0,0,235,444986,444986,1
1,0,0,236,2fc56f,2fc56f,1
1,0,0,237,20f574,20f574,1
1,0,0,238,32ca93,32ca93,1
1,0,0,239,2c93cc,2c93cc,1
1,0,0,240,51d0cf,51d0cf,1
1,0,0,241,1e20d1,1e20d1,1
1,0,0,242,1a8fd9,1a8fd9,1
1,0,0,243,5bcbc5,5bcbc5,1
1,0,0,244,378cea,378cea,1
1,0,0,245,40136d,40136d,1
1,0,0,246,310189,310189,1
1,0,0,247,5307c8,5307c8,1
1,0,0,248,6cf1d0,6cf1d0,1
1,0,0,249,5f3f42,5f3f42,1
1,0,0,250,3e79f8,3e79f8,1
1,0,0,251,417737,417737,1
1,0,0,252,127341,127341,1
1,0,0,253,234421,234421,1
1,0,0,254,1078d9,1078d9,1
1,0,0,255,038ee4,038ee4,1
1,0,1,0,54b56d,54b56d,1
1,0,1,1,5a0c62,5a0c62,1
1,0,1,2,2a79b0,2a79b0,1
1,0,1,3,4ac641,4ac641,1
1,0,1,4,726640,726640,1
1,0,1,5,34f9f3,34f9f3,1
1,0,1,6,7da766,7da766,1
1,0,1,7,1ab4c2,1ab4c2,1
1,0,1,8,56b14e,56b14e,1
1,0,1,9,609ce9,609ce9,1
1,0,1,10,60f0b2,60f0b2,1
1,0,1,11,00fb5c,00fb5c,1
1,0,1,12,70c965,70c965,1
1,0,1,13,7ed748,7ed748,1
1,0,1,14,38a983,38a983,1
1,0,1,15,4916c4,4916c4,1
1,0,1,16,29a7b3,29a7b3,1
1,0,1,17,046ed8,046ed8,1
1,0,1,18,3ff1ea,3ff1ea,1
1,0,1,19,7e8455,7e8455,1
1,0,1,20,10351f,10351f,1
1,0,1,21,178cda,178cda,1
1,0,1,22,6304c3,6304c3,1
1,0,1,23,79219f,79219f,1
1,0,1,24,355240,355240,1
1,0,1,25,2e0cef,2e0cef,1
1,0,1,26,19a1b5,19a1b5,1
1,0,1,27,5e2084,5e2084,1
1,0,1,28,7eebc0,7eebc0,1
1,0,1,29,5584f7,5584f7,1
1,0,1,30,59f254,59f254,1
1,0,1,31,0fb8e5,0fb8e5,1
1,0,1,32,1178eb,1178eb,1
1,0,1,33,706c40,706c40,1
1,0,1,34,353ebb,353ebb,1
1,0,1,35,22a9e8,22a9e8,1
1,0,1,36,184069,184069,1
1,0,1,37,60e8ab,60e8ab,1
1,0,1,38,202a05,202a05,1
1,0,1,39,5e9539,5e9539,1
1,0,1,40,144423,144423,1
1,0,1,41,290644,290644,1
1,0,1,42,044a54,044a54,1
1,0,1,43,492d51,492d51,1
1,0,1,44,3ff2f7,3ff2f7,1
1,0,1,45,03ecab,03ecab,1
1,0,1,46,3953f4,3953f4,1
1,0,1,47,433d91,433d91,1
1,0,1,48,6ac603,6ac603,1
1,0,1,49,744f92,744f92,1
1,0,1,50,706560,706560,1
1,0,1,51,108dca,108dca,1
1,0,1,52,29a223,29a223,1
1,0,1,53,0fdcd3,0fdcd3,1
1,0,1,54,1401bc,1401bc,1
1,0,1,55,566da0,566da0,1
1,0,1,56,5e32fe,5e32fe,1
1,0,1,57,2ca99d,2ca99d,1
1,0,1,58,283a32,283a32,1
1,0,1,59,2f956d,2f956d,1
1,0,1,60,22ca22,22ca22,1
1,0,1,61,45b013,45b013,1
1,0,1,62,7fbcd5,7fbcd5,1
1,0,1,63,6b1795,6b1795,1
1,0,1,64,48fe05,48fe05,1
1,0,1,65,1763dc,1763dc,1
1,0,1,66,375336,375336,1
1,0,1,67,5b8384,5b8384,1
1,0,1,68,60f611,60f611,1
1,0,1,69,2e9316,2e9316,1
1,0,1,70,717c48,717c48,1
1,0,1,71,3e67c7,3e67c7,1
1,0,1,72,742d07,742d07,1
1,0,1,73,2dd5c1,2dd5c1,1
1,0,1,74,6679f1,6679f1,1
1,0,1,75,094f4e,094f4e,1
1,0,1,76,2bf4fe,2bf4fe,1
1,0,1,77,46f0de,46f0de,1
1,0,1,78,001ab9,001ab9,1
1,0,1,79,5aa9e6,5aa9e6,1
1,0,1,80,3d60dc,3d60dc,1
1,0,1,81,61a438,61a438,1
1,0,1,82,7ecfcf,7ecfcf,1
1,0,1,83,60ad95,60ad95,1
1,0,1,84,734de8,734de8,1
1,0,1,85,0bd9b2,0bd9b2,1
1,0,1,86,67588c,67588c,1
1,0,1,87,478893,478893,1
1,0,1,88,150416,150416,1
1,0,1,89,2f9794,2f9794,1
1,0,1,90,253a5a,253a5a,1
1,0,1,91,175575,175575,1
1,0,1,92,10fa85,10fa85,1
1,0,1,93,424534,424534,1
1,0,1,94,044a10,044a10,1
1,0,1,95,045d34,045d34,1
1,0,1,96,3fcd6c,3fcd6c,1
1,0,1,97,2e6f5b,2e6f5b,1
1,0,1,98,13ab63,13ab63,1
1,0,1,99,7ee5c0,7ee5c0,1
1,0,1,100,1835b2,1835b2,1
1,0,1,101,702dab,702dab,1
1,0,1,102,3fea4b,3fea4b,1
1,0,1,103,250c2d,250c2d,1
1,0,1,104,1c2d5a,1c2d5a,1
1,0,1,105,4ba930,4ba930,1
1,0,1,106,71a0a3,71a0a3,1
1,0,1,107,383a5a,383a5a,1
1,0,1,108,58026a,58026a,1
1,0,1,109,07b0b2,07b0b2,1
1,0,1,110,534afa,534afa,1
1,0,1,111,1a723a,1a723a,1
1,0,1,112,5df264,5df264,1
1,0,1,113,4ff70b,4ff70b,1
1,0,1,114,6bd996,6bd996,1
1,0,1,115,4fe20b,4fe20b,1
1,0,1,116,51f842,51f842,1
1,0,1,117,7dd7b4,7dd7b4,1
1,0,1,118,6bb3a2,6bb3a2,1
1,0,1,119,3005ff,3005ff,1
1,0,1,120,3fa3b4,3fa3b4,1
1,0,1,121,71c3c7,71c3c7,1
1,0,1,122,143d1b,143d1b,1
1,0,1,123,7b01a0,7b01a0,1
1,0,1,124,74f81f,74f81f,1
1,0,1,125,26633b,26633b,1
1,0,1,126,5341ad,5341ad,1
1,0,1,127,1412a7,1412a7,1
1,0,1,128,7651e4,7651e4,1
1,0,1,129,4eefaf,4eefaf,1
1,0,1,130,761aa2,761aa2,1
1,0,1,131,499130,499130,1
1,0,1,132,348bcf,348bcf,1
1,0,1,133,190471,190471,1
1,0,1,134,263608,263608,1
1,0,1,135,17fadb,17fadb,1
1,0,1,136,1754c2,1754c2,1
1,0,1,137,31efc5,31efc5,1
1,0,1,138,48a0a2,48a0a2,1
1,0,1,139,65fa92,65fa92,1
1,0,1,140,10e45e,10e45e,1
1,0,1,141,744762,744762,1
1,0,1,142,7d784d,7d784d,1
1,0,1,143,2c8005,2c8005,1
1,0,1,144,689c24,689c24,1
1,0,1,145,6b94a1,6b94a1,1
1,0,1,146,1fe758,1fe758,1
1,0,1,147,28067f,28067f,1
1,0,1,148,18b95f,18b95f,1
1,0,1,149,1b5160,1b5160,1
1,0,1,150,025c6b,025c6b,1
1,0,1,151,62f4b4,62f4b4,1
1,0,1,152,03d3f3,03d3f3,1
1,0,1,153,318b9b,318b9b,1
1,0,1,154,5afe31,5afe31,1
1,0,1,155,3aec73,3aec73,1
1,0,1,156,41a914,41a914,1
1,0,1,157,7908e3,7908e3,1
1,0,1,158,056d92,056d92,1
1,0,1,159,25056b,25056b,1
1,0,1,160,79e8bb,79e8bb,1
1,0,1,161,22163d,22163d,1
1,0,1,162,6e1556,6e1556,1
1,0,1,163,003c5d,003c5d,1
1,0,1,164,41ec1b,41ec1b,1
1,0,1,165,7cb1bc,7cb1bc,1
1,0,1,166,6c0430,6c0430,1
1,0,1,167,1f3451,1f3451,1
1,0,1,168,0d129d,0d129d,1
1,0,1,169,2fc839,2fc839,1
1,0,1,170,13a11c,13a11c,1
1,0,1,171,1b607d,1b607d,1
1,0,1,172,71fe20,71fe20,1
1,0,1,173,79052a,79052a,1
1,0,1,174,134b8d,134b8d,1
1,0,1,175,384967,384967,1
1,0,1,176,13eff6,13eff6,1
1,0,1,177,595cc2,595cc2,1
1,0,1,178,69ea77,69ea77,1
1,0,1,179,548ea3,548ea3,1
1,0,1,180,516e1b,516e1b,1
1,0,1,181,4492fb,4492fb,1
1,0,1,182,4f32d7,4f32d7,1
1,0,1,183,649953,649953,1
1,0,1,184,7a628f,7a628f,1
1,0,1,185,56b80f,56b80f,1
1,0,1,186,126e71,126e71,1
1,0,1,187,27cd38,27cd38,1
1,0,1,188,4a2356,4a2356,1
1,0,1,189,36f9bd,36f9bd,1
1,0,1,190,2b0332,2b0332,1
1,0,1,191,224632,224632,1
1,0,1,192,438ed8,438ed8,1
1,0,1,193,029513,029513,1
1,0,1,194,65fc98,65fc98,1
1,0,1,195,1893ad,1893ad,1
1,0,1,196,7f0410,7f0410,1
1,0,1,197,43d0cf,43d0cf,1
1,0,1,198,59437a,59437a,1
1,0,1,199,102cec,102cec,1
1,0,1,200,71fd0e,71fd0e,1
1,0,1,201,653967,653967,1
1,0,1,202,5646d0,5646d0,1
1,0,1,203,6458d5,6458d5,1
1,0,1,204,0b841a,0b841a,1
1,0,1,205,2c478c,2c478c,1
1,0,1,206,7020d7,7020d7,1
1,0,1,207,0d7e05,0d7e05,1
1,0,1,208,296053,296053,1
1,0,1,209,7d925f,7d925f,1
1,0,1,210,4036f1,4036f1,1
1,0,1,211,7a3000,7a3000,1
1,0,1,212,65c8f8,65c8f8,1
1,0,1,213,602e17,602e17,1
1,0,1,214,4da0a8,4da0a8,1
1,0,1,215,16bf38,16bf38,1
1,0,1,216,40eaa5,40eaa5,1
1,0,1,217,3f81ae,3f81ae,1
1,0,1,218,43906a,43906a,1
1,0,1,219,0f99df,0f99df,1
1,0,1,220,10aad1,10aad1,1
1,0,1,221,4a91bf,4a91bf,1
1,0,1,222,124a4d,124a4d,1
1,0,1,223,2ecca6,2ecca6,1
1,0,1,224,4970b5,4970b5,1
1,0,1,225,752a16,752a16,1
1,0,1,226,340536,340536,1
1,0,1,227,63ceaf,63ceaf,1
1,0,1,228,68fb15,68fb15,1
1,0,1,229,1340fb,1340fb,1
1,0,1,230,23a93b,23a93b,1
1,0,1,231,70a7da,70a7da,1
1,0,1,232,6fcc69,6fcc69,1
1,0,1,233,182ce6,182ce6,1
1,0,1,234,16c109,16c109,1
1,0,1,235,4a683b,4a683b,1
1,0,1,236,0fca05,0fca05,1
1,0,1,237,277c35,277c35,1
1,0,1,238,68a7ad,68a7ad,1
1,0,1,239,5e1325,5e1325,1
1,0,1,240,311969,311969,1
1,0,1,241,4b305a,4b305a,1
1,0,1,242,245682,245682,1
1,0,1,243,1ccbe4,1ccbe4,1
1,0,1,244,17c8a7,17c8a7,1
1,0,1,245,01b3c4,01b3c4,1
1,0,1,246,33b77a,33b77a,1
1,0,1,247,709293,709293,1
1,0,1,248,59ad40,59ad40,1
1,0,1,249,6d057d,6d057d,1
1,0,1,250,3a1497,3a1497,1
1,0,1,251,3a4a5c,3a4a5c,1
1,0,1,252,15dc73,15dc73,1
1,0,1,253,21c570,21c570,1
1,0,1,254,1ed16a,1ed16a,1
1,0,1,255,2ba98c,2ba98c,1
1,0,2,0,42f7ef,42f7ef,1
1,0,2,1,022b61,022b61,1
1,0,2,2,7c6a4c,7c6a4c,1
1,0,2,3,3c2185,3c2185,1
1,0,2,4,3a1694,3a1694,1
1,0,2,5,675773,675773,1
1,0,2,6,02a94a,02a94a,1
1,0,2,7,095b68,095b68,1
1,0,2,8,580907,580907,1
1,0,2,9,42b1fd,42b1fd,1
1,0,2,10,109b24,109b24,1
1,0,2,11,690837,690837,1
1,0,2,12,69e48a,69e48a,1
1,0,2,13,21b24b,21b24b,1
1,0,2,14,193ad8,193ad8,1
1,0,2,15,06a52d,06a52d,1
1,0,2,16,0bf491,0bf491,1
1,0,2,17,2f1d37,2f1d37,1
1,0,2,18,0e1c28,0e1c28,1
1,0,2,19,60e0be,60e0be,1
1,0,2,20,1ecd3b,1ecd3b,1
1,0,2,21,5ed363,5ed363,1
1,0,2,22,324e51,324e51,1
1,0,2,23,0bf0bb,0bf0bb,1
1,0,2,24,0b4ecc,0b4ecc,1
1,0,2,25,74839b,74839b,1
1,0,2,26,40a153,40a153,1
1,0,2,27,32ec78,32ec78,1
1,0,2,28,198a1b,198a1b,1
1,0,2,29,27364c,27364c,1
1,0,2,30,4cfb45,4cfb45,1
1,0,2,31,3c0007,3c0007,1
1,0,2,32,73af9d,73af9d,1
1,0,2,33,765f86,765f86,1
1,0,2,34,236435,236435,1
1,0,2,35,2215a1,2215a1,1
1,0,2,36,18691b,18691b,1
1,0,2,37,7ce0d4,7ce0d4,1
1,0,2,38,1773af,1773af,1
1,0,2,39,3e7a48,3e7a48,1
1,0,2,40,464f75,464f75,1
1,0,2,41,5011fc,5011fc,1
1,0,2,42,1f3758,1f3758,1
1,0,2,43,295282,295282,1
1,0,2,44,394bf4,394bf4,1
1,0,2,45,3acf32,3acf32,1
1,0,2,46,68176b,68176b,1
1,0,2,47,4f1e67,4f1e67,1
1,0,2,48,582575,582575,1
1,0,2,49,76a3e2,76a3e2,1
1,0,2,50,27206e,27206e,1
1,0,2,51,01e1c5,01e1c5,1
1,0,2,52,12246a,12246a,1
1,0,2,53,125132,125132,1
1,0,2,54,29efb2,29efb2,1
1,0,2,55,1197be,1197be,1
1,0,2,56,47fbbd,47fbbd,1
1,0,2,57,45baaa,45baaa,1
1,0,2,58,262e3e,262e3e,1
1,0,2,59,139d3a,139d3a,1
1,0,2,60,26bfa5,26bfa5,1
1,0,2,61,7819e2,7819e2,1
1,0,2,62,3b257e,3b257e,1
1,0,2,63,7f5aa1,7f5aa1,1
1,0,2,64,7a0dca,7a0dca,1
1,0,2,65,20f0b0,20f0b0,1
1,0,2,66,773f00,773f00,1
1,0,2,67,2e3dc1,2e3dc1,1
1,0,2,68,3709e6,3709e6,1
1,0,2,69,6776eb,6776eb,1
1,0,2,70,74a282,74a282,1
1,0,2,71,064360,064360,1
1,0,2,72,376c21,376c21,1
1,0,2,73,6480e6,6480e6,1
1,0,2,74,7c60a3,7c60a3,1
1,0,2,75,797e04,797e04,1
1,0,2,76,76e0cc,76e0cc,1
1,0,2,77,774d3b,774d3b,1
1,0,2,78,653c84,653c84,1
1,0,2,79,3f2ab3,3f2ab3,1
1,0,2,80,6f73f6,6f73f6,1
1,0,2,81,485f09,485f09,1
1,0,2,82,71cef9,71cef9,1
1,0,2,83,217604,217604,1
1,0,2,84,1841f9,1841f9,1
1,0,2,85,22b788,22b788,1
1,0,2,86,527de4,527de4,1
1,0,2,87,2502a8,2502a8,1
1,0,2,88,3c504b,3c504b,1
1,0,2,89,127baa,127baa,1
1,0,2,90,018e6f,018e6f,1
1,0,2,91,3ad837,3ad837,1
1,0,2,92,61fe68,61fe68,1
1,0,2,93,7dba79,7dba79,1
1,0,2,94,02ebdd,02ebdd,1
1,0,2,95,62b844,62b844,1
1,0,2,96,4c8a5f,4c8a5f,1
1,0,2,97,1f2072,1f2072,1
1,0,2,98,1ffdc7,1ffdc7,1
1,0,2,99,39ff35,39ff35,1
1,0,2,100,7ebca4,7ebca4,1
1,0,2,101,40ab3a,40ab3a,1
1,0,2,102,734e22,734e22,1
1,0,2,103,03489f,03489f,1
1,0,2,104,1652df,1652df,1
1,0,2,105,72bc26,72bc26,1
1,0,2,106,546f05,546f05,1
1,0,2,107,48524e,48524e,1
1,0,2,108,327f36,327f36,1
1,0,2,109,7ef78c,7ef78c,1
1,0,2,110,60152d,60152d,1
1,0,2,111,221a14,221a14,1
1,0,2,112,3813ce,3813ce,1
1,0,2,113,568b09,568b09,1
1,0,2,114,3c05cb,3c05cb,1
1,0,2,115,1f26e0,1f26e0,1
1,0,2,116,5fccc6,5fccc6,1
1,0,2,117,169209,169209,1
1,0,2,118,2e3df2,2e3df2,1
1,0,2,119,470e7b,470e7b,1
1,0,2,120,440d5f,440d5f,1
1,0,2,121,5c5adc,5c5adc,1
1,0,2,122,0f355a,0f355a,1
1,0,2,123,2d7d83,2d7d83,1
1,0,2,124,653fb8,653fb8,1
1,0,2,125,73a370,73a370,1
1,0,2,126,58e340,58e340,1
1,0,2,127,2e4947,2e4947,1
1,0,2,128,78838f,78838f,1
1,0,2,129,3900a3,3900a3,1
1,0,2,130,78f3f2,78f3f2,1
1,0,2,131,512824,512824,1
1,0,2,132,295c82,295c82,1
1,0,2,133,7338b0,7338b0,1
1,0,2,134,72681d,72681d,1
1,0,2,135,489cae,489cae,1
1,0,2,136,1eca81,1eca81,1
1,0,2,137,4ce7aa,4ce7aa,1
1,0,2,138,3cdd03,3cdd03,1
1,0,2,139,1ae4b8,1ae4b8,1
1,0,2,140,26a0c1,26a0c1,1
1,0,2,141,4a8faf,4a8faf,1
1,0,2,142,1e709e,1e709e,1
1,0,2,143,36ff55,36ff55,1
1,0,2,144,01a935,01a935,1
1,0,2,145,177f82,177f82,1
1,0,2,146,36bd0c,36bd0c,1
1,0,2,147,6bc780,6bc780,1
1,0,2,148,130d25,130d25,1
1,0,2,149,5e1123,5e1123,1
1,0,2,150,375c1f,375c1f,1
1,0,2,151,16e4e1,16e4e1,1
1,0,2,152,00ef10,00ef10,1
1,0,2,153,72cf65,72cf65,1
1,0,2,154,696c53,696c53,1
1,0,2,155,36d206,36d206,1
1,0,2,156,7075f4,7075f4,1
1,0,2,157,3c831f,3c831f,1
1,0,2,158,2f2aee,2f2aee,1
1,0,2,159,5a687c,5a687c,1
1,0,2,160,550ae5,550ae5,1
1,0,2,161,34f701,34f701,1
1,0,2,162,31a37f,31a37f,1
1,0,2,163,15adac,15adac,1
1,0,2,164,6aeccb,6aeccb,1
1,0,2,165,4903cd,4903cd,1
1,0,2,166,1ac367,1ac367,1
1,0,2,167,2e76d1,2e76d1,1
1,0,2,168,5ed6b5,5ed6b5,1
1,0,2,169,6da6cf,6da6cf,1
1,0,2,170,7441ae,7441ae,1
1,0,2,171,7d823b,7d823b,1
1,0,2,172,57d9fc,57d9fc,1
1,0,2,173,5a87cd,5a87cd,1
1,0,2,174,2a2158,2a2158,1
1,0,2,175,306e0f,306e0f,1
1,0,2,176,4873c2,4873c2,1
1,0,2,177,40d16a,40d16a,1
1,0,2,178,36c2d2,36c2d2,1
1,0,2,179,2b04ae,2b04ae,1
1,0,2,180,7f867d,7f867d,1
1,0,2,181,0d123e,0d123e,1
1,0,2,182,00f3d1,00f3d1,1
1,0,2,183,06f656,06f656,1
1,0,2,184,019e9e,019e9e,1
1,0,2,185,18ef8f,18ef8f,1
1,0,2,186,6e4695,6e4695,1
1,0,2,187,62e2b0,62e2b0,1
1,0,2,188,2fe1ea,2fe1ea,1
1,0,2,189,7c5121,7c5121,1
1,0,2,190,0b3d88,0b3d88,1
1,0,2,191,4ed643,4ed643,1
1,0,2,192,4b9961,4b9961,1
1,0,2,193,7ce360,7ce360,1
1,0,2,194,3d8d03,3d8d03,1
1,0,2,195,6874db,6874db,1
1,0,2,196,7e3b42,7e3b42,1
1,0,2,197,58f06b,58f06b,1
1,0,2,198,7dc2b9,7dc2b9,1
1,0,2,199,70605e,70605e,1
1,0,2,200,49ada8,49ada8,1
1,0,2,201,1f75f4,1f75f4,1
1,0,2,202,76c3fc,76c3fc,1
1,0,2,203,07c78d,07c78d,1
1,0,2,204,021934,021934,1
1,0,2,205,6e29e8,6e29e8,1
1,0,2,206,629000,629000,1
1,0,2,207,0369cc,0369cc,1
1,0,2,208,56ad70,56ad70,1
1,0,2,209,5359c2,5359c2,1
1,0,2,210,56cd54,56cd54,1
1,0,2,211,3869f8,3869f8,1
1,0,2,212,5580ce,5580ce,1
1,0,2,213,1c5ebf,1c5ebf,1
1,0,2,214,67aac4,67aac4,1
1,0,2,215,47a821,47a821,1
1,0,2,216,0c53ae,0c53ae,1
1,0,2,217,15beb7,15beb7,1
1,0,2,218,0db9ec,0db9ec,1
1,0,2,219,1e3f68,1e3f68,1
1,0,2,220,13a4b1,13a4b1,1
1,0,2,221,4de6ed,4de6ed,1
1,0,2,222,7e5579,7e5579,1
1,0,2,223,70a9e7,70a9e7,1
1,0,2,224,18b1e1,18b1e1,1
1,0,2,225,1954fb,1954fb,1
1,0,2,226,1a1e75,1a1e75,1
1,0,2,227,6f72b8,6f72b8,1
1,0,2,228,27199b,27199b,1
1,0,2,229,04f053,04f053,1
1,0,2,230,790127,790127,1
1,0,2,231,71183b,71183b,1
1,0,2,232,541c1a,541c1a,1
1,0,2,233,67c61b,67c61b,1
1,0,2,234,3fdcb6,3fdcb6,1
1,0,2,235,6db6cc,6db6cc,1
1,0,2,236,3a759c,3a759c,1
1,0,2,237,7fd68a,7fd68a,1
1,0,2,238,6b1121,6b1121,1
1,0,2,239,482496,482496,1
1,0,2,240,0b8179,0b8179,1
1,0,2,241,74a3ce,74a3ce,1
1,0,2,242,12decd,12decd,1
1,0,2,243,0edc35,0edc35,1
1,0,2,244,578b64,578b64,1
1,0,2,245,0ec2b3,0ec2b3,1
1,0,2,246,41ddb4,41ddb4,1
1,0,2,247,395f61,395f61,1
1,0,2,248,35fd42,35fd42,1
1,0,2,249,0e7b7f,0e7b7f,1
1,0,2,250,1e81ca,1e81ca,1
1,0,2,251,201ac5,201ac5,1
1,0,2,252,720a75,720a75,1
1,0,2,253,197c53,197c53,1
1,0,2,254,073684,073684,1
1,0,2,255,6173c9,6173c9,1
1,0,3,0,1a9753,1a9753,1
1,0,3,1,19cd03,19cd03,1
1,0,3,2,66f665,66f665,1
1,0,3,3,4b5443,4b5443,1
1,0,3,4,04546f,04546f,1
1,0,3,5,4bdb63,4bdb63,1
1,0,3,6,064aba,064aba,1
1,0,3,7,35198d,35198d,1
1,0,3,8,393905,393905,1
1,0,3,9,23b94d,23b94d,1
1,0,3,10,16c558,16c558,1
1,0,3,11,59a1fe,59a1fe,1
1,0,3,12,5a0699,5a0699,1
1,0,3,13,20477e,20477e,1
1,0,3,14,6a1e18,6a1e18,1
1,0,3,15,22bfb0,22bfb0,1
1,0,3,16,6ab17b,6ab17b,1
1,0,3,17,3034e4,3034e4,1
1,0,3,18,25f78d,25f78d,1
1,0,3,19,70259a,70259a,1
1,0,3,20,26c1ca,26c1ca,1
1,0,3,21,0b65df,0b65df,1
1,0,3,22,0c5e30,0c5e30,1
1,0,3,23,64019f,64019f,1
1,0,3,24,35f735,35f735,1
1,0,3,25,313e5c,313e5c,1
1,0,3,26,31774c,31774c,1
1,0,3,27,5404d7,5404d7,1
1,0,3,28,09dd6f,09dd6f,1
1,0,3,29,0b82aa,0b82aa,1
1,0,3,30,07eadc,07eadc,1
1,0,3,31,23f734,23f734,1
1,0,3,32,1ddabe,1ddabe,1
1,0,3,33,28b976,28b976,1
1,0,3,34,2bc46b,2bc46b,1
1,0,3,35,0d2d71,0d2d71,1
1,0,3,36,2f2c6b,2f2c6b,1
1,0,3,37,7524a7,7524a7,1
1,0,3,38,0f31f6,0f31f6,1
1,0,3,39,2db735,2db735,1
1,0,3,40,28f0b6,28f0b6,1
1,0,3,41,026216,026216,1
1,0,3,42,264fe1,264fe1,1
1,0,3,43,62ace1,62ace1,1
1,0,3,44,16328f,16328f,1
1,0,3,45,320dfa,320dfa,1
1,0,3,46,1a9f8f,1a9f8f,1
1,0,3,47,311609,311609,1
1,0,3,48,427b33,427b33,1
1,0,3,49,22e086,22e086,1
1,0,3,50,7a5d21,7a5d21,1
1,0,3,51,400bfc,400bfc,1
1,0,3,52,4a21ef,4a21ef,1
1,0,3,53,5ca189,5ca189,1
1,0,3,54,5dbad5,5dbad5,1
1,0,3,55,59b424,59b424,1
1,0,3,56,787a1a,787a1a,1
1,0,3,57,372d5a,372d5a,1
1,0,3,58,431dbb,431dbb,1
1,0,3,59,61ef96,61ef96,1
1,0,3,60,5c7008,5c7008,1
1,0,3,61,65e4f0,65e4f0,1
1,0,3,62,7ea307,7ea307,1
1,0,3,63,7c0790,7c0790,1
1,0,3,64,3c212d,3c212d,1
1,0,3,65,078b6f,078b6f,1
1,0,3,66,151bf4,151bf4,1
1,0,3,67,3e18c3,3e18c3,1
1,0,3,68,53eae8,53eae8,1
1,0,3,69,2bc330,2bc330,1
1,0,3,70,7f523f,7f523f,1
1,0,3,71,1e9603,1e9603,1
1,0,3,72,1fdf4e,1fdf4e,1
1,0,3,73,473a29,473a29,1
1,0,3,74,371679,371679,1
1,0,3,75,396168,396168,1
1,0,3,76,0bc6f8,0bc6f8,1
1,0,3,77,6b1ca4,6b1ca4,1
1,0,3,78,042aaa,042aaa,1
1,0,3,79,3523ca,3523ca,1
1,0,3,80,76fd7e,76fd7e,1
1,0,3,81,4e9983,4e9983,1
1,0,3,82,41b73e,41b73e,1
1,0,3,83,702d40,702d40,1
1,0,3,84,2dc0cc,2dc0cc,1
1,0,3,85,1978be,1978be,1
1,0,3,86,6aadac,6aadac,1
1,0,3,87,3173e9,3173e9,1
1,0,3,88,366fe9,366fe9,1
1,0,3,89,64e371,64e371,1
1,0,3,90,20dba6,20dba6,1
1,0,3,91,339c11,339c11,1
1,0,3,92,5ea8e4,5ea8e4,1
1,0,3,93,6d652f,6d652f,1
1,0,3,94,0ab855,0ab855,1
1,0,3,95,6c8e01,6c8e01,1
1,0,3,96,5d5f14,5d5f14,1
1,0,3,97,32a4d7,32a4d7,1
1,0,3,98,4d833e,4d833e,1
1,0,3,99,6289b8,6289b8,1
1,0,3,100,7a82e5,7a82e5,1
1,0,3,101,1fdaa4,1fdaa4,1
1,0,3,102,244adc,244adc,1
1,0,3,103,4cb548,4cb548,1
1,0,3,104,734442,734442,1
1,0,3,105,279fd4,279fd4,1
1,0,3,106,54a94e,54a94e,1
1,0,3,107,017dc3,017dc3,1
1,0,3,108,021820,021820,1
1,0,3,109,379d40,379d40,1
1,0,3,110,4a9ae3,4a9ae3,1
1,0,3,111,71596f,71596f,1
1,0,3,112,4547c9,4547c9,1
1,0,3,113,30ae4b,30ae4b,1
1,0,3,114,3cbf66,3cbf66,1
1,0,3,115,41c6f7,41c6f7,1
1,0,3,116,397197,397197,1
1,0,3,117,0d7744,0d7744,1
1,0,3,118,6fe45d,6fe45d,1
1,0,3,119,73c5bf,73c5bf,1
1,0,3,120,70966c,70966c,1
1,0,3,121,5b5255,5b5255,1
1,0,3,122,555f51,555f51,1
1,0,3,123,478bd4,478bd4,1
1,0,3,124,6b6a3b,6b6a3b,1
1,0,3,125,676f0f,676f0f,1
1,0,3,126,14d960,14d960,1
1,0,3,127,39c68d,39c68d,1
1,0,3,128,040d27,040d27,1
1,0,3,129,297606,297606,1
1,0,3,130,2de2e9,2de2e9,1
1,0,3,131,72c667,72c667,1
1,0,3,132,76526b,76526b,1
1,0,3,133,422fd8,422fd8,1
1,0,3,134,769829,769829,1
1,0,3,135,774b78,774b78,1
1,0,3,136,198f7d,198f7d,1
1,0,3,137,17a277,17a277,1
1,0,3,138,409197,409197,1
1,0,3,139,46ea93,46ea93,1
1,0,3,140,1b74db,1b74db,1
1,0,3,141,68ebeb,68ebeb,1
1,0,3,142,372bef,372bef,1
1,0,3,143,70124e,70124e,1
1,0,3,144,7708f9,7708f9,1
1,0,3,145,2de147,2de147,1
1,0,3,146,1ad5e0,1ad5e0,1
1,0,3,147,1c5430,1c5430,1
1,0,3,148,665031,665031,1
1,0,3,149,3c5482,3c5482,1
1,0,3,150,1661c9,1661c9,1
1,0,3,151,4c0e9f,4c0e9f,1
1,0,3,152,0e80ab,0e80ab,1
1,0,3,153,2ef700,2ef700,1
1,0,3,154,3447fc,3447fc,1
1,0,3,155,33b976,33b976,1
1,0,3,156,2447bc,2447bc,1
1,0,3,157,5cf2e5,5cf2e5,1
1,0,3,158,1d55c8,1d55c8,1
1,0,3,159,728485,728485,1
1,0,3,160,142878,142878,1
1,0,3,161,1e8afe,1e8afe,1
1,0,3,162,340c12,340c12,1
1,0,3,163,45f80f,45f80f,1
1,0,3,164,610ed9,610ed9,1
1,0,3,165,131127,131127,1
1,0,3,166,6cc803,6cc803,1
1,0,3,167,20c681,20c681,1
1,0,3,168,3f87ca,3f87ca,1
1,0,3,169,3d4e4f,3d4e4f,1
1,0,3,170,711263,711263,1
1,0,3,171,7e71d6,7e71d6,1
1,0,3,172,733d39,733d39,1
1,0,3,173,347ce5,347ce5,1
1,0,3,174,2403c2,2403c2,1
1,0,3,175,66d153,66d153,1
1,0,3,176,64a538,64a538,1
1,0,3,177,36630f,36630f,1
1,0,3,178,13aba4,13aba4,1
1,0,3,179,1bc138,1bc138,1
1,0,3,180,6ea2f5,6ea2f5,1
1,0,3,181,264744,264744,1
1,0,3,182,352213,352213,1
1,0,3,183,344fa4,344fa4,1
1,0,3,184,3cf25d,3cf25d,1
1,0,3,185,74a609,74a609,1
1,0,3,186,5d530d,5d530d,1
1,0,3,187,4e6c14,4e6c14,1
1,0,3,188,0dfeda,0dfeda,1
1,0,3,189,7ab7fd,7ab7fd,1
1,0,3,190,6481d2,6481d2,1
1,0,3,191,2be5b2,2be5b2,1
1,0,3,192,77ba7b,77ba7b,1
1,0,3,193,5178b3,5178b3,1
1,0,3,194,2b2a77,2b2a77,1
1,0,3,195,007dd3,007dd3,1
1,0,3,196,5a5dcd,5a5dcd,1
1,0,3,197,55e8ed,55e8ed,1
1,0,3,198,041556,041556,1
1,0,3,199,5953e9,5953e9,1
1,0,3,200,262b9f,262b9f,1
1,0,3,201,271d2e,271d2e,1
1,0,3,202,12faa5,12faa5,1
1,0,3,203,24a71b,24a71b,1
1,0,3,204,56cc82,56cc82,1
1,0,3,205,4dda87,4dda87,1
1,0,3,206,65a876,65a876,1
1,0,3,207,39aadd,39aadd,1
1,0,3,208,5da3a7,5da3a7,1
1,0,3,209,575f32,575f32,1
1,0,3,210,6ac12c,6ac12c,1
1,0,3,211,1077e6,1077e6,1
1,0,3,212,77a63e,77a63e,1
1,0,3,213,661b79,661b79,1
1,0,3,214,3d0a43,3d0a43,1
1,0,3,215,033a92,033a92,1
1,0,3,216,521223,521223,1
1,0,3,217,5247ec,5247ec,1
1,0,3,218,2e5be3,2e5be3,1
1,0,3,219,24ec69,24ec69,1
1,0,3,220,307b46,307b46,1
1,0,3,221,67ac23,67ac23,1
1,0,3,222,4e57f9,4e57f9,1
1,0,3,223,3aa6e9,3aa6e9,1
1,0,3,224,2baffc,2baffc,1
1,0,3,225,0a0523,0a0523,1
1,0,3,226,1eea77,1eea77,1
1,0,3,227,07dd83,07dd83,1
1,0,3,228,4fe3bb,4fe3bb,1
1,0,3,229,2894e6,2894e6,1
1,0,3,230,254985,254985,1
1,0,3,231,66e240,66e240,1
1,0,3,232,1a63eb,1a63eb,1
1,0,3,233,0f879a,0f879a,1
1,0,3,234,3633b1,3633b1,1
1,0,3,235,75e04d,75e04d,1
1,0,3,236,49d64b,49d64b,1
1,0,3,237,7aa8ca,7aa8ca,1
1,0,3,238,0cf32c,0cf32c,1
1,0,3,239,4352b6,4352b6,1
1,0,3,240,7668f6,7668f6,1
1,0,3,241,72c164,72c164,1
1,0,3,242,2069cd,2069cd,1
1,0,3,243,226045,226045,1
1,0,3,244,216c96,216c96,1
1,0,3,245,7add5d,7add5d,1
1,0,3,246,7ab726,7ab726,1
1,0,3,247,0012f2,0012f2,1
1,0,3,248,31a5eb,31a5eb,1
1,0,3,249,725bb9,725bb9,1
1,0,3,250,032868,032868,1
1,0,3,251,357781,357781,1
1,0,3,252,550dc9,550dc9,1
1,0,3,253,2cacfc,2cacfc,1
1,0,3,254,7f6271,7f6271,1
1,0,3,255,41d85c,41d85c,1
1,1,0,0,04dca4,04dca4,1
1,1,0,1,140df0,140df0,1
1,1,0,2,17f3df,17f3df,1
1,1,0,3,3f8ed7,3f8ed7,1
1,1,0,4,2675bf,2675bf,1
1,1,0,5,00c52d,00c52d,1
1,1,0,6,7a1827,7a1827,1
1,1,0,7,1d259b,1d259b,1
1,1,0,8,7273ce,7273ce,1
1,1,0,9,309650,309650,1
1,1,0,10,7e9cae,7e9cae,1
1,1,0,11,27ffca,27ffca,1
1,1,0,12,2d5590,2d5590,1
1,1,0,13,47f829,47f829,1
1,1,0,14,0930ee,0930ee,1
1,1,0,15,1a40f7,1a40f7,1
1,1,0,16,0cccc6,0cccc6,1
1,1,0,17,589447,589447,1
1,1,0,18,3d836d,3d836d,1
1,1,0,19,7c5124,7c5124,1
1,1,0,20,50d5cc,50d5cc,1
1,1,0,21,4461c3,4461c3,1
1,1,0,22,4c5d32,4c5d32,1
1,1,0,23,1caa25,1caa25,1
1,1,0,24,4b7f5c,4b7f5c,1
1,1,0,25,525f44,525f44,1
1,1,0,26,0bd1f2,0bd1f2,1
1,1,0,27,054be3,054be3,1
1,1,0,28,0c40e9,0c40e9,1
1,1,0,29,28bfb2,28bfb2,1
1,1,0,30,13a46a,13a46a,1
1,1,0,31,359518,359518,1
1,1,0,32,604165,604165,1
1,1,0,33,11ad77,11ad77,1
1,1,0,34,195e97,195e97,1
1,1,0,35,7ad77d,7ad77d,1
1,1,0,36,234897,234897,1
1,1,0,37,2e94b5,2e94b5,1
1,1,0,38,1f6e3d,1f6e3d,1
1,1,0,39,696cee,696cee,1
1,1,0,40,3b7929,3b7929,1
1,1,0,41,460623,460623,1
1,1,0,42,79c7be,79c7be,1
1,1,0,43,68b80e,68b80e,1
1,1,0,44,17fa43,17fa43,1
1,1,0,45,487046,487046,1
1,1,0,46,776b02,776b02,1
1,1,0,47,796a11,796a11,1
1,1,0,48,3c25f5,3c25f5,1
1,1,0,49,2b0b67,2b0b67,1
1,1,0,50,1699fd,1699fd,1
1,1,0,51,69ee5e,69ee5e,1
1,1,0,52,319216,319216,1
1,1,0,53,054501,054501,1
1,1,0,54,0c54b8,0c54b8,1
1,1,0,55,6cd389,6cd389,1
1,1,0,56,0dfcca,0dfcca,1
1,1,0,57,215987,215987,1
1,1,0,58,2e1d8a,2e1d8a,1
1,1,0,59,7395b6,7395b6,1
1,1,0,60,13d13e,13d13e,1
1,1,0,61,2a32f2,2a32f2,1
1,1,0,62,6db1b7,6db1b7,1
1,1,0,63,33c8f8,33c8f8,1
1,1,0,64,4b71d7,4b71d7,1
1,1,0,65,53ac27,53ac27,1
1,1,0,66,31852f,31852f,1
1,1,0,67,2e053a,2e053a,1
1,1,0,68,610503,610503,1
1,1,0,69,5743e8,5743e8,1
1,1,0,70,6eb2bc,6eb2bc,1
1,1,0,71,4c9965,4c9965,1
1,1,0,72,0cb136,0cb136,1
1,1,0,73,370a7e,370a7e,1
1,1,0,74,4cdf78,4cdf78,1
1,1,0,75,65cec6,65cec6,1
1,1,0,76,419dc0,419dc0,1
1,1,0,77,16363f,16363f,1
1,1,0,78,6156cb,6156cb,1
1,1,0,79,26e738,26e738,1
1,1,0,80,5ae433,5ae433,1
1,1,0,81,06323a,06323a,1
1,1,0,82,6a0726,6a0726,1
1,1,0,83,59c74a,59c74a,1
1,1,0,84,03dc09,03dc09,1
1,1,0,85,089b6a,089b6a,1
1,1,0,86,046d21,046d21,1
1,1,0,87,4d8be3,4d8be3,1
1,1,0,88,5328fd,5328fd,1
1,1,0,89,7c9067,7c9067,1
1,1,0,90,510da8,510da8,1
1,1,0,91,3c97ef,3c97ef,1
1,1,0,92,1236d4,1236d4,1
1,1,0,93,6bae5a,6bae5a,1
1,1,0,94,29238a,29238a,1
1,1,0,95,148b1c,148b1c,1
1,1,0,96,4904d1,4904d1,1
1,1,0,97,31ae7b,31ae7b,1
1,1,0,98,60794e,60794e,1
1,1,0,99,3d03c2,3d03c2,1
1,1,0,100,62d2e4,62d2e4,1
1,1,0,101,5a6d30,5a6d30,1
1,1,0,102,5e0c91,5e0c91,1
1,1,0,103,4e1fca,4e1fca,1
1,1,0,104,2f57a0,2f57a0,1
1,1,0,105,607f61,607f61,1
1,1,0,106,4d4aa8,4d4aa8,1
1,1,0,107,472564,472564,1
1,1,0,108,316db6,316db6,1
1,1,0,109,221c61,221c61,1
1,1,0,110,4ad259,4ad259,1
1,1,0,111,123144,123144,1
1,1,0,112,4902c1,4902c1,1
1,1,0,113,617b22,617b22,1
1,1,0,114,4266bb,4266bb,1
1,1,0,115,417215,417215,1
1,1,0,116,56d298,56d298,1
1,1,0,117,52126c,52126c,1
1,1,0,118,7178c9,7178c9,1
1,1,0,119,6466d6,6466d6,1
1,1,0,120,194f49,194f49,1
1,1,0,121,5983b8,5983b8,1
1,1,0,122,5873cb,5873cb,1
1,1,0,123,11385a,11385a,1
1,1,0,124,2f91e1,2f91e1,1
1,1,0,125,564570,564570,1
1,1,0,126,3fb19f,3fb19f,1
1,1,0,127,16d970,16d970,1
1,1,0,128,05ae4d,05ae4d,1
1,1,0,129,2d31b7,2d31b7,1
1,1,0,130,1485bb,1485bb,1
1,1,0,131,7dc269,7dc269,1
1,1,0,132,2cb274,2cb274,1
1,1,0,133,3f74ad,3f74ad,1
1,1,0,134,722ff0,722ff0,1
1,1,0,135,26bf8d,26bf8d,1
1,1,0,136,42932a,42932a,1
1,1,0,137,693d67,693d67,1
1,1,0,138,6714a2,6714a2,1
1,1,0,139,2479b8,2479b8,1
1,1,0,140,4fde3b,4fde3b,1
1,1,0,141,3d002b,3d002b,1
1,1,0,142,23dcec,23dcec,1
1,1,0,143,067a00,067a00,1
1,1,0,144,172b60,172b60,1
1,1,0,145,3e19f4,3e19f4,1
1,1,0,146,354be9,354be9,1
1,1,0,147,2b8e45,2b8e45,1
1,1,0,148,755e32,755e32,1
1,1,0,149,071137,071137,1
1,1,0,150,1945ba,1945ba,1
1,1,0,151,697e88,697e88,1
1,1,0,152,6b1cd9,6b1cd9,1
1,1,0,153,56719b,56719b,1
1,1,0,154,363dc5,363dc5,1
1,1,0,155,541e63,541e63,1
1,1,0,156,4ecfc3,4ecfc3,1
1,1,0,157,0be100,0be100,1
1,1,0,158,7e4eeb,7e4eeb,1
1,1,0,159,7a2c8b,7a2c8b,1
1,1,0,160,2ecf36,2ecf36,1
1,1,0,161,3eeb2f,3eeb2f,1
1,1,0,162,40e88d,40e88d,1
1,1,0,163,1c00cc,1c00cc,1
1,1,0,164,1b2f90,1b2f90,1
1,1,0,165,631307,631307,1
1,1,0,166,185f70,185f70,1
1,1,0,167,569a3c,569a3c,1
1,1,0,168,24e725,24e725,1
1,1,0,169,250aa0,250aa0,1
1,1,0,170,31ef82,31ef82,1
1,1,0,171,3a5d60,3a5d60,1
1,1,0,172,4c56d5,4c56d5,1
1,1,0,173,79042a,79042a,1
1,1,0,174,09d69e,09d69e,1
1,1,0,175,31648d,31648d,1
1,1,0,176,61c57b,61c57b,1
1,1,0,177,0ab11e,0ab11e,1
1,1,0,178,6e3d81,6e3d81,1
1,1,0,179,2f59ab,2f59ab,1
1,1,0,180,5a5cff,5a5cff,1
1,1,0,181,27b709,27b709,1
1,1,0,182,035244,035244,1
1,1,0,183,4f6643,4f6643,1
1,1,0,184,5c41ca,5c41ca,1
1,1,0,185,75b581,75b581,1
1,1,0,186,614c5f,614c5f,1
1,1,0,187,1f263f,1f263f,1
1,1,0,188,3574bc,3574bc,1
1,1,0,189,338ec3,338ec3,1
1,1,0,190,6d417a,6d417a,1
1,1,0,191,49d9b2,49d9b2,1
1,1,0,192,5a478e,5a478e,1
1,1,0,193,58bd28,58bd28,1
1,1,0,194,40a88d,40a88d,1
1,1,0,195,634344,634344,1
1,1,0,196,0cd9df,0cd9df,1
1,1,0,197,581b06,581b06,1
1,1,0,198,1bdba1,1bdba1,1
1,1,0,199,704eab,704eab,1
1,1,0,200,4b583a,4b583a,1
1,1,0,201,3a4b80,3a4b80,1
1,1,0,202,0a4683,0a4683,1
1,1,0,203,07c800,07c800,1
1,1,0,204,78286d,78286d,1
1,1,0,205,2c1f6d,2c1f6d,1
1,1,0,206,365747,365747,1
1,1,0,207,7f9582,7f9582,1
1,1,0,208,288a30,288a30,1
1,1,0,209,0678a6,0678a6,1
1,1,0,210,26bada,26bada,1
1,1,0,211,348ece,348ece,1
1,1,0,212,4fdeef,4fdeef,1
1,1,0,213,44ae88,44ae88,1
1,1,0,214,2a8c42,2a8c42,1
1,1,0,215,738bb4,738bb4,1
1,1,0,216,327c55,327c55,1
1,1,0,217,56a570,56a570,1
1,1,0,218,13f070,13f070,1
1,1,0,219,096d23,096d23,1
1,1,0,220,524cd5,524cd5,1
1,1,0,221,608944,608944,1
1,1,0,222,5ecbe0,5ecbe0,1
1,1,0,223,1a899c,1a899c,1
1,1,0,224,666889,666889,1
1,1,0,225,5dcf56,5dcf56,1
1,1,0,226,6206a5,6206a5,1
1,1,0,227,6f832c,6f832c,1
1,1,0,228,3af4cd,3af4cd,1
1,1,0,229,3027ea,3027ea,1
1,1,0,230,768462,768462,1
1,1,0,231,2e5eaa,2e5eaa,1
1,1,0,232,2343e6,2343e6,1
1,1,0,233,47c8ab,47c8ab,1
1,1,0,234,72800b,72800b,1
1,1,0,235,56716e,56716e,1
1,1,0,236,1702b0,1702b0,1
1,1,0,237,0c783b,0c783b,1
1,1,0,238,31c9f0,31c9f0,1
1,1,0,239,1370dd,1370dd,1
1,1,0,240,460a58,460a58,1
1,1,0,241,4c4066,4c4066,1
1,1,0,242,5ef910,5ef910,1
1,1,0,243,54b865,54b865,1
1,1,0,244,15e492,15e492,1
1,1,0,245,6d4898,6d4898,1
1,1,0,246,0cc66c,0cc66c,1
1,1,0,247,34bf82,34bf82,1
1,1,0,248,0aa532,0aa532,1
1,1,0,249,1e683f,1e683f,1
1,1,0,250,64a06b,64a06b,1
1,1,0,251,489626,489626,1
1,1,0,252,6e1742,6e1742,1
1,1,0,253,760044,760044,1
1,1,0,254,333cb8,333cb8,1
1,1,0,255,6678c2,6678c2,1
1,1,1,0,24be50,24be50,1
1,1,1,1,4f3127,4f3127,1
1,1,1,2,7f93c0,7f93c0,1
1,1,1,3,647940,647940,1
1,1,1,4,138523,138523,1
1,1,1,5,7af0c7,7af0c7,1
1,1,1,6,1cf527,1cf527,1
1,1,1,7,7439f5,7439f5,1
1,1,1,8,3d7437,3d7437,1
1,1,1,9,386d14,386d14,1
1,1,1,10,5c2d76,5c2d76,1
1,1,1,11,196fa3,196fa3,1
1,1,1,12,1acfa5,1acfa5,1
1,1,1,13,59d130,59d130,1
1,1,1,14,5ebf3e,5ebf3e,1
1,1,1,15,515f0f,515f0f,1
1,1,1,16,31c447,31c447,1
1,1,1,17,1e238a,1e238a,1
1,1,1,18,5306ce,5306ce,1
1,1,1,19,567191,567191,1
1,1,1,20,438c0c,438c0c,1
1,1,1,21,1b7b8b,1b7b8b,1
1,1,1,22,6fb941,6fb941,1
1,1,1,23,4b550f,4b550f,1
1,1,1,24,7f7ce6,7f7ce6,1
1,1,1,25,027169,027169,1
1,1,1,26,32d901,32d901,1
1,1,1,27,140fa1,140fa1,1
1,1,1,28,6e1650,6e1650,1
1,1,1,29,5b4baf,5b4baf,1
1,1,1,30,60fcae,60fcae,1
1,1,1,31,642477,642477,1
1,1,1,32,485e6d,485e6d,1
1,1,1,33,60f46c,60f46c,1
1,1,1,34,07a553,07a553,1
1,1,1,35,1f1d5c,1f1d5c,1
1,1,1,36,67a14d,67a14d,1
1,1,1,37,519faa,519faa,1
1,1,1,38,72f5d7,72f5d7,1
1,1,1,39,15fd95,15fd95,1
1,1,1,40,141a31,141a31,1
1,1,1,41,2d0f94,2d0f94,1
1,1,1,42,413c18,413c18,1
1,1,1,43,2fa200,2fa200,1
1,1,1,44,54025f,54025f,1
1,1,1,45,175f1f,175f1f,1
1,1,1,46,099a4b,099a4b,1
1,1,1,47,306177,306177,1
1,1,1,48,53b53b,53b53b,1
1,1,1,49,6363b6,6363b6,1
1,1,1,50,29aceb,29aceb,1
1,1,1,51,430ceb,430ceb,1
1,1,1,52,6c0228,6c0228,1
1,1,1,53,6f30f5,6f30f5,1
1,1,1,54,22a423,22a423,1
1,1,1,55,1768e1,1768e1,1
1,1,1,56,4c7abf,4c7abf,1
1,1,1,57,188198,188198,1
1,1,1,58,2511fa,2511fa,1
1,1,1,59,095003,095003,1
1,1,1,60,21d312,21d312,1
1,1,1,61,52bda9,52bda9,1
1,1,1,62,60b563,60b563,1
1,1,1,63,1f2cf7,1f2cf7,1
1,1,1,64,0b4804,0b4804,1
1,1,1,65,7eef9e,7eef9e,1
1,1,1,66,614f48,614f48,1
1,1,1,67,25a810,25a810,1
1,1,1,68,48f654,48f654,1
1,1,1,69,104145,104145,1
1,1,1,70,0382e1,0382e1,1
1,1,1,71,2cd5d6,2cd5d6,1
1,1,1,72,73b782,73b782,1
1,1,1,73,332cc4,332cc4,1
1,1,1,74,2de969,2de969,1
1,1,1,75,1824da,1824da,1
1,1,1,76,15a4ad,15a4ad,1
1,1,1,77,590921,590921,1
1,1,1,78,00d567,00d567,1
1,1,1,79,661057,661057,1
1,1,1,80,551e2a,551e2a,1
1,1,1,81,20f25e,20f25e,1
1,1,1,82,74fd91,74fd91,1
1,1,1,83,639978,639978,1
1,1,1,84,30953d,30953d,1
1,1,1,85,70a11f,70a11f,1
1,1,1,86,774340,774340,1
1,1,1,87,44c493,44c493,1
1,1,1,88,667008,667008,1
1,1,1,89,27bddc,27bddc,1
1,1,1,90,73bef8,73bef8,1
1,1,1,91,45bb5b,45bb5b,1
1,1,1,92,1ad166,1ad166,1
1,1,1,93,2657de,2657de,1
1,1,1,94,0d27a9,0d27a9,1
1,1,1,95,17f791,17f791,1
1,1,1,96,7024a3,7024a3,1
1,1,1,97,2a0171,2a0171,1
1,1,1,98,40ba88,40ba88,1
1,1,1,99,42d055,42d055,1
1,1,1,100,4b61c1,4b61c1,1
1,1,1,101,799086,799086,1
1,1,1,102,76d82c,76d82c,1
1,1,1,103,30ed15,30ed15,1
1,1,1,104,3f38e9,3f38e9,1
1,1,1,105,606196,606196,1
1,1,1,106,7c9b0f,7c9b0f,1
1,1,1,107,72b6f1,72b6f1,1
1,1,1,108,4057b6,4057b6,1
1,1,1,109,62a6e8,62a6e8,1
1,1,1,110,287b36,287b36,1
1,1,1,111,2473d6,2473d6,1
1,1,1,112,079702,079702,1
1,1,1,113,0205ae,0205ae,1
1,1,1,114,1e47ab,1e47ab,1
1,1,1,115,4224b5,4224b5,1
1,1,1,116,66ad17,66ad17,1
1,1,1,117,74a500,74a500,1
1,1,1,118,774a41,774a41,1
1,1,1,119,4f7979,4f7979,1
1,1,1,120,5025ce,5025ce,1
1,1,1,121,25eb7a,25eb7a,1
1,1,1,122,4314f4,4314f4,1
1,1,1,123,556962,556962,1
1,1,1,124,142a40,142a40,1
1,1,1,125,5bea31,5bea31,1
1,1,1,126,68ca38,68ca38,1
1,1,1,127,39867a,39867a,1
1,1,1,128,003f76,003f76,1
1,1,1,129,5ea7b6,5ea7b6,1
1,1,1,130,356ca3,356ca3,1
1,1,1,131,57ff79,57ff79,1
1,1,1,132,522001,522001,1
1,1,1,133,7fc1ef,7fc1ef,1
1,1,1,134,6dfcd1,6dfcd1,1
1,1,1,135,06eca9,06eca9,1
1,1,1,136,66f69f,66f69f,1
1,1,1,137,0dec6e,0dec6e,1
1,1,1,138,47e7f2,47e7f2,1
1,1,1,139,0e73a5,0e73a5,1
1,1,1,140,74d7a5,74d7a5,1
1,1,1,141,5dad13,5dad13,1
1,1,1,142,0ec0ed,0ec0ed,1
1,1,1,143,14008d,14008d,1
1,1,1,144,0428c2,0428c2,1
1,1,1,145,110f25,110f25,1
1,1,1,146,13fb5a,13fb5a,1
1,1,1,147,351baf,351baf,1
1,1,1,148,15ea8b,15ea8b,1
1,1,1,149,7a051b,7a051b,1
1,1,1,150,412d97,412d97,1
1,1,1,151,44d878,44d878,1
1,1,1,152,49eb02,49eb02,1
1,1,1,153,70e1c8,70e1c8,1
1,1,1,154,00b3c0,00b3c0,1
1,1,1,155,734ec1,734ec1,1
1,1,1,156,178239,178239,1
1,1,1,157,32db2a,32db2a,1
1,1,1,158,24db2f,24db2f,1
1,1,1,159,45286e,45286e,1
1,1,1,160,751ecc,751ecc,1
1,1,1,161,600b35,600b35,1
1,1,1,162,28e155,28e155,1
1,1,1,163,32df1f,32df1f,1
1,1,1,164,73bc7d,73bc7d,1
1,1,1,165,5dd812,5dd812,1
1,1,1,166,47a438,47a438,1
1,1,1,167,189d42,189d42,1
1,1,1,168,449e2f,449e2f,1
1,1,1,169,6e8443,6e8443,1
1,1,1,170,7d7fb8,7d7fb8,1
1,1,1,171,1359fd,1359fd,1
1,1,1,172,02fc37,02fc37,1
1,1,1,173,7c9b21,7c9b21,1
1,1,1,174,52bd3b,52bd3b,1
1,1,1,175,7c5611,7c5611,1
1,1,1,176,37316a,37316a,1
1,1,1,177,6ba1f1,6ba1f1,1
1,1,1,178,5a211b,5a211b,1
1,1,1,179,388f7c,388f7c,1
1,1,1,180,7c9a81,7c9a81,1
1,1,1,181,15ef01,15ef01,1
1,1,1,182,6df795,6df795,1
1,1,1,183,097b19,097b19,1
1,1,1,184,757393,757393,1
1,1,1,185,4c1ba0,4c1ba0,1
1,1,1,186,77ba76,77ba76,1
1,1,1,187,44b5ed,44b5ed,1
1,1,1,188,0aabe8,0aabe8,1
1,1,1,189,62218d,62218d,1
1,1,1,190,4175ff,4175ff,1
1,1,1,191,30a5e2,30a5e2,1
1,1,1,192,2ec8dd,2ec8dd,1
1,1,1,193,28e9c5,28e9c5,1
1,1,1,194,5f0d56,5f0d56,1
1,1,1,195,73c65b,73c65b,1
1,1,1,196,72999d,72999d,1
1,1,1,197,221a24,221a24,1
1,1,1,198,2e06b2,2e06b2,1
1,1,1,199,50421a,50421a,1
1,1,1,200,13e033,13e033,1
1,1,1,201,573269,573269,1
1,1,1,202,386434,386434,1
1,1,1,203,6f5bb0,6f5bb0,1
1,1,1,204,024415,024415,1
1,1,1,205,5841cd,5841cd,1
1,1,1,206,5e85d0,5e85d0,1
1,1,1,207,295906,295906,1
1,1,1,208,6cb906,6cb906,1
1,1,1,209,4e9c9b,4e9c9b,1
1,1,1,210,5efe62,5efe62,1
1,1,1,211,1ec5a5,1ec5a5,1
1,1,1,212,04a5d2,04a5d2,1
1,1,1,213,21843c,21843c,1
1,1,1,214,33eabd,33eabd,1
1,1,1,215,53f163,53f163,1
1,1,1,216,40f1f4,40f1f4,1
1,1,1,217,02eb24,02eb24,1
1,1,1,218,730f29,730f29,1
1,1,1,219,649dae,649dae,1
1,1,1,220,7e936f,7e936f,1
1,1,1,221,6f24aa,6f24aa,1
1,1,1,222,70d585,70d585,1
1,1,1,223,265742,265742,1
1,1,1,224,62aa11,62aa11,1
1,1,1,225,04f030,04f030,1
1,1,1,226,14a901,14a901,1
1,1,1,227,70b2ef,70b2ef,1
1,1,1,228,660243,660243,1
1,1,1,229,6aac47,6aac47,1
1,1,1,230,2eddbc,2eddbc,1
1,1,1,231,044967,044967,1
1,1,1,232,2818d9,2818d9,1
1,1,1,233,56b012,56b012,1
1,1,1,234,29e487,29e487,1
1,1,1,235,6cf4f3,6cf4f3,1
1,1,1,236,7e4d97,7e4d97,1
1,1,1,237,6cd5d7,6cd5d7,1
1,1,1,238,3f70b6,3f70b6,1
1,1,1,239,4819ba,4819ba,1
1,1,1,240,5f7a41,5f7a41,1
1,1,1,241,0d5672,0d5672,1
1,1,1,242,0973d9,0973d9,1
1,1,1,243,0cefa6,0cefa6,1
1,1,1,244,5c6b63,5c6b63,1
1,1,1,245,69c232,69c232,1
1,1,1,246,46198a,46198a,1
1,1,1,247,5c24b1,5c24b1,1
1,1,1,248,1f1702,1f1702,1
1,1,1,249,6c8430,6c8430,1
1,1,1,250,1cfb09,1cfb09,1
1,1,1,251,6eb7c3,6eb7c3,1
1,1,1,252,4628c2,4628c2,1
1,1,1,253,787aaa,787aaa,1
1,1,1,254,52647c,52647c,1
1,1,1,255,3e13ee,3e13ee,1
1,1,2,0,2918a7,2918a7,1
1,1,2,1,5d6371,5d6371,1
1,1,2,2,4315c0,4315c0,1
1,1,2,3,467fd1,467fd1,1
1,1,2,4,70c862,70c862,1
1,1,2,5,35c901,35c901,1
1,1,2,6,634cfc,634cfc,1
1,1,2,7,39cfb4,39cfb4,1
1,1,2,8,621560,621560,1
1,1,2,9,25ebf4,25ebf4,1
1,1,2,10,562cac,562cac,1
1,1,2,11,37d798,37d798,1
1,1,2,12,4909cc,4909cc,1
1,1,2,13,55c6ce,55c6ce,1
1,1,2,14,230d3c,230d3c,1
1,1,2,15,3d6120,3d6120,1
1,1,2,16,6226dc,6226dc,1
1,1,2,17,0f8c9e,0f8c9e,1
1,1,2,18,68a94e,68a94e,1
1,1,2,19,231ed0,231ed0,1
1,1,2,20,3f076c,3f076c,1
1,1,2,21,7d3f62,7d3f62,1
1,1,2,22,55ba00,55ba00,1
1,1,2,23,769513,769513,1
1,1,2,24,26bbb2,26bbb2,1
1,1,2,25,2724dc,2724dc,1
1,1,2,26,7f1a8b,7f1a8b,1
1,1,2,27,6fc0c9,6fc0c9,1
1,1,2,28,147f38,147f38,1
1,1,2,29,119902,119902,1
1,1,2,30,731f0e,731f0e,1
1,1,2,31,60b6d1,60b6d1,1
1,1,2,32,7e31a2,7e31a2,1
1,1,2,33,683402,683402,1
1,1,2,34,099b1f,099b1f,1
1,1,2,35,5d2cea,5d2cea,1
1,1,2,36,5f8220,5f8220,1
1,1,2,37,08c417,08c417,1
1,1,2,38,78e81b,78e81b,1
1,1,2,39,1b87ee,1b87ee,1
1,1,2,40,35f25a,35f25a,1
1,1,2,41,66d813,66d813,1
1,1,2,42,63fa2f,63fa2f,1
1,1,2,43,2c8338,2c8338,1
1,1,2,44,1487f0,1487f0,1
1,1,2,45,5ff973,5ff973,1
1,1,2,46,14d030,14d030,1
1,1,2,47,116131,116131,1
1,1,2,48,046644,046644,1
1,1,2,49,778833,778833,1
1,1,2,50,1bcc2e,1bcc2e,1
1,1,2,51,15ebb9,15ebb9,1
1,1,2,52,4876ff,4876ff,1
1,1,2,53,5126c7,5126c7,1
1,1,2,54,675d59,675d59,1
1,1,2,55,7215ba,7215ba,1
1,1,2,56,661cb2,661cb2,1
1,1,2,57,544dc9,544dc9,1
1,1,2,58,4cc7ef,4cc7ef,1
1,1,2,59,3b4236,3b4236,1
1,1,2,60,42ee5d,42ee5d,1
1,1,2,61,2b7517,2b7517,1
1,1,2,62,3a7c52,3a7c52,1
1,1,2,63,598b7c,598b7c,1
1,1,2,64,47503e,47503e,1
1,1,2,65,660a8a,660a8a,1
1,1,2,66,525ad2,525ad2,1
1,1,2,67,00040b,00040b,1
1,1,2,68,6a6591,6a6591,1
1,1,2,69,479b70,479b70,1
1,1,2,70,656625,656625,1
1,1,2,71,064deb,064deb,1
1,1,2,72,326c8f,326c8f,1
1,1,2,73,7a34b5,7a34b5,1
1,1,2,74,28498b,28498b,1
1,1,2,75,544bcc,544bcc,1
1,1,2,76,49887e,49887e,1
1,1,2,77,4ff8a5,4ff8a5,1
1,1,2,78,7aaa60,7aaa60,1
1,1,2,79,4bcd83,4bcd83,1
1,1,2,80,18aeb4,18aeb4,1
1,1,2,81,558154,558154,1
1,1,2,82,23c7c6,23c7c6,1
1,1,2,83,799dfc,799dfc,1
1,1,2,84,144973,144973,1
1,1,2,85,0ee9c8,0ee9c8,1
1,1,2,86,3d9a7d,3d9a7d,1
1,1,2,87,4cbfee,4cbfee,1
1,1,2,88,1239ae,1239ae,1
1,1,2,89,46c03d,46c03d,1
1,1,2,90,516ccd,516ccd,1
1,1,2,91,12c3a3,12c3a3,1
1,1,2,92,3a860d,3a860d,1
1,1,2,93,4693c5,4693c5,1
1,1,2,94,50af2b,50af2b,1
1,1,2,95,005d91,005d91,1
1,1,2,96,704e85,704e85,1
1,1,2,97,12fb39,12fb39,1
1,1,2,98,4892ed,4892ed,1
1,1,2,99,05bccd,05bccd,1
1,1,2,100,61767e,61767e,1
1,1,2,101,1b9030,1b9030,1
1,1,2,102,37f39e,37f39e,1
1,1,2,103,0566dc,0566dc,1
1,1,2,104,774379,774379,1
1,1,2,105,1c79df,1c79df,1
1,1,2,106,4726ba,4726ba,1
1,1,2,107,5774cc,5774cc,1
1,1,2,108,16a832,16a832,1
1,1,2,109,0798cc,0798cc,1
1,1,2,110,165ee3,165ee3,1
1,1,2,111,2a2d4a,2a2d4a,1
1,1,2,112,651b6c,651b6c,1
1,1,2,113,18bc61,18bc61,1
1,1,2,114,379908,379908,1
1,1,2,115,6fc005,6fc005,1
1,1,2,116,0355ff,0355ff,1
1,1,2,117,2a7785,2a7785,1
1,1,2,118,31a9d0,31a9d0,1
1,1,2,119,66f2dd,66f2dd,1
1,1,2,120,7c5c57,7c5c57,1
1,1,2,121,6ef7c7,6ef7c7,1
1,1,2,122,39ca8c,39ca8c,1
1,1,2,123,0a4954,0a4954,1
1,1,2,124,0f6c21,0f6c21,1
1,1,2,125,2c2943,2c2943,1
1,1,2,126,61020c,61020c,1
1,1,2,127,1f5340,1f5340,1
1,1,2,128,2ca15e,2ca15e,1
1,1,2,129,4bab5f,4bab5f,1
1,1,2,130,468f38,468f38,1
1,1,2,131,3899d0,3899d0,1
1,1,2,132,77f9c4,77f9c4,1
1,1,2,133,7b3fd9,7b3fd9,1
1,1,2,134,678342,678342,1
1,1,2,135,5ee1e3,5ee1e3,1
1,1,2,136,4f7d42,4f7d42,1
1,1,2,137,46229a,46229a,1
1,1,2,138,3f7810,3f7810,1
1,1,2,139,04fa1d,04fa1d,1
1,1,2,140,28e819,28e819,1
1,1,2,141,75e22d,75e22d,1
1,1,2,142,6be5a1,6be5a1,1
1,1,2,143,0791db,0791db,1
1,1,2,144,06a153,06a153,1
1,1,2,145,5126b0,5126b0,1
1,1,2,146,3f399d,3f399d,1
1,1,2,147,0f593d,0f593d,1
1,1,2,148,6df950,6df950,1
1,1,2,149,1a2fb3,1a2fb3,1
1,1,2,150,4fe1aa,4fe1aa,1
1,1,2,151,055f7b,055f7b,1
1,1,2,152,646ae2,646ae2,1
1,1,2,153,191464,191464,1
1,1,2,154,2418a2,2418a2,1
1,1,2,155,4fd213,4fd213,1
1,1,2,156,47edec,47edec,1
1,1,2,157,156624,156624,1
1,1,2,158,17de0b,17de0b,1
1,1,2,159,60bc85,60bc85,1
1,1,2,160,4cc858,4cc858,1
1,1,2,161,757b66,757b66,1
1,1,2,162,5ccc2b,5ccc2b,1
1,1,2,163,46b3c7,46b3c7,1
1,1,2,164,7a2526,7a2526,1
1,1,2,165,6ef1c5,6ef1c5,1
1,1,2,166,28eb86,28eb86,1
1,1,2,167,01b394,01b394,1
1,1,2,168,5ea93a,5ea93a,1
1,1,2,169,166ae6,166ae6,1
1,1,2,170,1f9787,1f9787,1
1,1,2,171,1de3a3,1de3a3,1
1,1,2,172,474802,474802,1
1,1,2,173,507795,507795,1
1,1,2,174,688f57,688f57,1
1,1,2,175,1c5787,1c5787,1
1,1,2,176,09b625,09b625,1
1,1,2,177,23c6af,23c6af,1
1,1,2,178,60b6da,60b6da,1
1,1,2,179,2a60cb,2a60cb,1
1,1,2,180,733efe,733efe,1
1,1,2,181,441235,441235,1
1,1,2,182,34e5bf,34e5bf,1
1,1,2,183,21003c,21003c,1
1,1,2,184,744fd8,744fd8,1
1,1,2,185,5b3fc6,5b3fc6,1
1,1,2,186,78654d,78654d,1
1,1,2,187,53995c,53995c,1
1,1,2,188,697145,697145,1
1,1,2,189,19a38e,19a38e,1
1,1,2,190,774a04,774a04,1
1,1,2,191,11bf8f,11bf8f,1
1,1,2,192,79a6d7,79a6d7,1
1,1,2,193,5a46f7,5a46f7,1
1,1,2,194,2bd7e1,2bd7e1,1
1,1,2,195,123fb2,123fb2,1
1,1,2,196,4c43b8,4c43b8,1
1,1,2,197,777ed3,777ed3,1
1,1,2,198,72d411,72d411,1
1,1,2,199,126584,126584,1
1,1,2,200,77a628,77a628,1
1,1,2,201,36488e,36488e,1
1,1,2,202,561032,561032,1
1,1,2,203,5b3712,5b3712,1
1,1,2,204,20405d,20405d,1
1,1,2,205,1bbbe0,1bbbe0,1
1,1,2,206,2c1fd2,2c1fd2,1
1,1,2,207,1e0b44,1e0b44,1
1,1,2,208,14cc95,14cc95,1
1,1,2,209,53b168,53b168,1
1,1,2,210,6559c4,6559c4,1
1,1,2,211,4b4fd9,4b4fd9,1
1,1,2,212,1f9429,1f9429,1
1,1,2,213,1ebc50,1ebc50,1
1,1,2,214,29e9c8,29e9c8,1
1,1,2,215,43f221,43f221,1
1,1,2,216,0a34e1,0a34e1,1
1,1,2,217,5be950,5be950,1
1,1,2,218,3112df,3112df,1
1,1,2,219,035807,035807,1
1,1,2,220,191615,191615,1
1,1,2,221,009bff,009bff,1
1,1,2,222,4f2ec5,4f2ec5,1
1,1,2,223,416e21,416e21,1
1,1,2,224,01e68a,01e68a,1
1,1,2,225,479500,479500,1
1,1,2,226,3b6e76,3b6e76,1
1,1,2,227,24641a,24641a,1
1,1,2,228,6b6e4d,6b6e4d,1
1,1,2,229,302cb4,302cb4,1
1,1,2,230,51134e,51134e,1
1,1,2,231,26ca5a,26ca5a,1
1,1,2,232,4c0d43,4c0d43,1
1,1,2,233,38c41b,38c41b,1
1,1,2,234,0f7fd5,0f7fd5,1
1,1,2,235,6bcefc,6bcefc,1
1,1,2,236,4340b1,4340b1,1
1,1,2,237,10e7de,10e7de,1
1,1,2,238,53f604,53f604,1
1,1,2,239,79a765,79a765,1
1,1,2,240,46f6a4,46f6a4,1
1,1,2,241,2ccbee,2ccbee,1
1,1,2,242,5f8fb9,5f8fb9,1
1,1,2,243,650cc8,650cc8,1
1,1,2,244,02a463,02a463,1
1,1,2,245,2ce575,2ce575,1
1,1,2,246,061729,061729,1
1,1,2,247,1249f8,1249f8,1
1,1,2,248,54a255,54a255,1
1,1,2,249,006fc2,006fc2,1
1,1,2,250,3af3ab,3af3ab,1
1,1,2,251,403cd7,403cd7,1
1,1,2,252,2a2dba,2a2dba,1
1,1,2,253,481409,481409,1
1,1,2,254,306e09,306e09,1
1,1,2,255,6bc3a3,6bc3a3,1
1,1,3,0,6a90ea,6a90ea,1
1,1,3,1,3a351f,3a351f,1
1,1,3,2,6883c7,6883c7,1
1,1,3,3,7be319,7be319,1
1,1,3,4,6e6657,6e6657,1
1,1,3,5,2e8353,2e8353,1
1,1,3,6,06b244,06b244,1
1,1,3,7,1ddb61,1ddb61,1
1,1,3,8,7c85f1,7c85f1,1
1,1,3,9,3a01c2,3a01c2,1
1,1,3,10,5ccee8,5ccee8,1
1,1,3,11,1ffe8a,1ffe8a,1
1,1,3,12,7bb545,7bb545,1
1,1,3,13,27b874,27b874,1
1,1,3,14,73b7d5,73b7d5,1
1,1,3,15,2908b9,2908b9,1
1,1,3,16,419216,419216,1
1,1,3,17,77191e,77191e,1
1,1,3,18,61fda1,61fda1,1
1,1,3,19,1fa7af,1fa7af,1
1,1,3,20,5b33f2,5b33f2,1
1,1,3,21,4c64d3,4c64d3,1
1,1,3,22,6a1b9b,6a1b9b,1
1,1,3,23,6de102,6de102,1
1,1,3,24,3f814b,3f814b,1
1,1,3,25,6d1bcd,6d1bcd,1
1,1,3,26,039f4b,039f4b,1
1,1,3,27,2627b7,2627b7,1
1,1,3,28,5e847f,5e847f,1
1,1,3,29,11a443,11a443,1
1,1,3,30,49e3bc,49e3bc,1
1,1,3,31,36da58,36da58,1
1,1,3,32,0b1d1f,0b1d1f,1
1,1,3,33,1f3642,1f3642,1
1,1,3,34,496f33,496f33,1
1,1,3,35,47645f,47645f,1
1,1,3,36,70f1fc,70f1fc,1
1,1,3,37,372ae9,372ae9,1
1,1,3,38,24403b,24403b,1
1,1,3,39,0791e1,0791e1,1
1,1,3,40,08feac,08feac,1
1,1,3,41,238a8a,238a8a,1
1,1,3,42,473d70,473d70,1
1,1,3,43,028c81,028c81,1
1,1,3,44,370baf,370baf,1
1,1,3,45,41c4d8,41c4d8,1
1,1,3,46,7ba646,7ba646,1
1,1,3,47,03170b,03170b,1
1,1,3,48,28b9c3,28b9c3,1
1,1,3,49,36174f,36174f,1
1,1,3,50,087e71,087e71,1
1,1,3,51,08a2cc,08a2cc,1
1,1,3,52,6ddd97,6ddd97,1
1,1,3,53,59c01c,59c01c,1
1,1,3,54,4c7827,4c7827,1
1,1,3,55,3781de,3781de,1
1,1,3,56,7f1956,7f1956,1
1,1,3,57,1bc116,1bc116,1
1,1,3,58,78df08,78df08,1
1,1,3,59,7a23f4,7a23f4,1
1,1,3,60,45bb9e,45bb9e,1
1,1,3,61,6ca60f,6ca60f,1
1,1,3,62,3b61f6,3b61f6,1
1,1,3,63,083b78,083b78,1
1,1,3,64,0aa11f,0aa11f,1
1,1,3,65,367974,367974,1
1,1,3,66,4b6040,4b6040,1
1,1,3,67,5120d0,5120d0,1
1,1,3,68,5da745,5da745,1
1,1,3,69,7062d7,7062d7,1
1,1,3,70,190e66,190e66,1
1,1,3,71,133201,133201,1
1,1,3,72,7650c6,7650c6,1
1,1,3,73,30a51f,30a51f,1
1,1,3,74,6321f9,6321f9,1
1,1,3,75,1f4b53,1f4b53,1
1,1,3,76,391d3c,391d3c,1
1,1,3,77,2b3090,2b3090,1
1,1,3,78,242f95,242f95,1
1,1,3,79,154187,154187,1
1,1,3,80,7331e1,7331e1,1
1,1,3,81,5db699,5db699,1
1,1,3,82,58defd,58defd,1
1,1,3,83,6b9ffa,6b9ffa,1
1,1,3,84,065266,065266,1
1,1,3,85,0a623d,0a623d,1
1,1,3,86,68c5be,68c5be,1
1,1,3,87,5cde2b,5cde2b,1
1,1,3,88,73fe5d,73fe5d,1
1,1,3,89,440672,440672,1
1,1,3,90,0db28a,0db28a,1
1,1,3,91,73f43a,73f43a,1
1,1,3,92,1b09bd,1b09bd,1
1,1,3,93,75aa38,75aa38,1
1,1,3,94,058a50,058a50,1
1,1,3,95,649c7a,649c7a,1
1,1,3,96,27e8d3,27e8d3,1
1,1,3,97,0f54fd,0f54fd,1
1,1,3,98,5fa4b1,5fa4b1,1
1,1,3,99,36f089,36f089,1
1,1,3,100,552c33,552c33,1
1,1,3,101,0542e4,0542e4,1
1,1,3,102,4d479b,4d479b,1
1,1,3,103,57a3b5,57a3b5,1
1,1,3,104,3897c4,3897c4,1
1,1,3,105,7d829d,7d829d,1
1,1,3,106,43522e,43522e,1
1,1,3,107,6f53fa,6f53fa,1
1,1,3,108,2d0c13,2d0c13,1
1,1,3,109,0a4cee,0a4cee,1
1,1,3,110,2ce037,2ce037,1
1,1,3,111,015aa6,015aa6,1
1,1,3,112,334c27,334c27,1
1,1,3,113,58039c,58039c,1
1,1,3,114,06ed67,06ed67,1
1,1,3,115,451803,451803,1
1,1,3,116,106d12,106d12,1
1,1,3,117,5f3952,5f3952,1
1,1,3,118,2f83c3,2f83c3,1
1,1,3,119,629b0a,629b0a,1
1,1,3,120,12877e,12877e,1
1,1,3,121,7f015c,7f015c,1
1,1,3,122,29592e,29592e,1
1,1,3,123,291565,291565,1
1,1,3,124,4376a9,4376a9,1
1,1,3,125,76dabc,76dabc,1
1,1,3,126,2c4b46,2c4b46,1
1,1,3,127,6ad084,6ad084,1
1,1,3,128,7c767d,7c767d,1
1,1,3,129,6c06ea,6c06ea,1
1,1,3,130,785b2d,785b2d,1
1,1,3,131,636a1d,636a1d,1
1,1,3,132,6496c8,6496c8,1
1,1,3,133,6d149c,6d149c,1
1,1,3,134,22680a,22680a,1
1,1,3,135,3a9618,3a9618,1
1,1,3,136,02f926,02f926,1
1,1,3,137,7f4c7c,7f4c7c,1
1,1,3,138,64e1d9,64e1d9,1
1,1,3,139,0151c8,0151c8,1
1,1,3,140,53f58c,53f58c,1
1,1,3,141,3d8def,3d8def,1
1,1,3,142,6fb373,6fb373,1
1,1,3,143,1b3577,1b3577,1
1,1,3,144,11f6f3,11f6f3,1
1,1,3,145,09a430,09a430,1
1,1,3,146,3187e2,3187e2,1
1,1,3,147,704800,704800,1
1,1,3,148,67ff95,67ff95,1
1,1,3,149,387a76,387a76,1
1,1,3,150,52be17,52be17,1
1,1,3,151,1539e4,1539e4,1
1,1,3,152,6ee9f3,6ee9f3,1
1,1,3,153,779c67,779c67,1
1,1,3,154,0dd0a2,0dd0a2,1
1,1,3,155,6325f8,6325f8,1
1,1,3,156,2dfd46,2dfd46,1
1,1,3,157,7ef7ea,7ef7ea,1
1,1,3,158,30735c,30735c,1
1,1,3,159,494d01,494d01,1
1,1,3,160,63188e,63188e,1
1,1,3,161,527a53,527a53,1
1,1,3,162,2af0f2,2af0f2,1
1,1,3,163,04e21c,04e21c,1
1,1,3,164,15544f,15544f,1
1,1,3,165,4fac5c,4fac5c,1
1,1,3,166,784cf1,784cf1,1
1,1,3,167,2c77be,2c77be,1
1,1,3,168,39010c,39010c,1
1,1,3,169,5b52e1,5b52e1,1
1,1,3,170,42e4e2,42e4e2,1
1,1,3,171,0bc2fd,0bc2fd,1
1,1,3,172,033e07,033e07,1
1,1,3,173,6e7466,6e7466,1
1,1,3,174,7e4a6b,7e4a6b,1
1,1,3,175,614d4d,614d4d,1
1,1,3,176,495b12,495b12,1
1,1,3,177,718f05,718f05,1
1,1,3,178,5f686a,5f686a,1
1,1,3,179,3d5d50,3d5d50,1
1,1,3,180,2e5961,2e5961,1
1,1,3,181,23b4c5,23b4c5,1
1,1,3,182,55cdcc,55cdcc,1
1,1,3,183,2a0e74,2a0e74,1
1,1,3,184,7bc1f6,7bc1f6,1
1,1,3,185,7f7ca6,7f7ca6,1
1,1,3,186,1bb1fc,1bb1fc,1
1,1,3,187,4f7760,4f7760,1
1,1,3,188,28b153,28b153,1
1,1,3,189,75a029,75a029,1
1,1,3,190,2815a7,2815a7,1
1,1,3,191,6e8736,6e8736,1
1,1,3,192,55a11d,55a11d,1
1,1,3,193,4ab17b,4ab17b,1
1,1,3,194,7f2648,7f2648,1
1,1,3,195,1eb42a,1eb42a,1
1,1,3,196,79f15f,79f15f,1
1,1,3,197,6798d4,6798d4,1
1,1,3,198,616c5a,616c5a,1
1,1,3,199,34d06d,34d06d,1
1,1,3,200,7a772b,7a772b,1
1,1,3,201,5902d0,5902d0,1
1,1,3,202,3953c3,3953c3,1
1,1,3,203,38a7eb,38a7eb,1
1,1,3,204,151393,151393,1
1,1,3,205,1fe453,1fe453,1
1,1,3,206,66f989,66f989,1
1,1,3,207,6a3563,6a3563,1
1,1,3,208,6674e7,6674e7,1
1,1,3,209,45da9b,45da9b,1
1,1,3,210,71de6f,71de6f,1
1,1,3,211,1b64cb,1b64cb,1
1,1,3,212,2d319e,2d319e,1
1,1,3,213,71d3c2,71d3c2,1
1,1,3,214,647318,647318,1
1,1,3,215,51c6a4,51c6a4,1
1,1,3,216,44b995,44b995,1
1,1,3,217,439552,439552,1
1,1,3,218,56cfa1,56cfa1,1
1,1,3,219,63a71f,63a71f,1
1,1,3,220,3de41e,3de41e,1
1,1,3,221,5294e8,5294e8,1
1,1,3,222,058772,058772,1
1,1,3,223,24e2b9,24e2b9,1
1,1,3,224,101240,101240,1
1,1,3,225,331a66,331a66,1
1,1,3,226,72ad26,72ad26,1
1,1,3,227,7dea9b,7dea9b,1
1,1,3,228,1cc087,1cc087,1
1,1,3,229,46d34e,46d34e,1
1,1,3,230,2314b0,2314b0,1
1,1,3,231,3fc56d,3fc56d,1
1,1,3,232,4658e4,4658e4,1
1,1,3,233,32b290,32b290,1
1,1,3,234,7ba572,7ba572,1
1,1,3,235,225105,225105,1
1,1,3,236,68a93e,68a93e,1
1,1,3,237,456f02,456f02,1
1,1,3,238,30d379,30d379,1
1,1,3,239,1d9bf2,1d9bf2,1
1,1,3,240,45471d,45471d,1
1,1,3,241,370260,370260,1
1,1,3,242,0d5baa,0d5baa,1
1,1,3,243,252a84,252a84,1
1,1,3,244,70fa98,70fa98,1
1,1,3,245,73fbb3,73fbb3,1
1,1,3,246,3d7bfe,3d7bfe,1
1,1,3,247,6ac334,6ac334,1
1,1,3,248,7d2b0f,7d2b0f,1
1,1,3,249,27873a,27873a,1
1,1,3,250,6ee68b,6ee68b,1
1,1,3,251,5ff694,5ff694,1
1,1,3,252,5f1e05,5f1e05,1
1,1,3,253,03350a,03350a,1
1,1,3,254,134b7d,134b7d,1
1,1,3,255,5c3b48,5c3b48,1
1,2,0,0,3ce9c4,3ce9c4,1
1,2,0,1,5dd742,5dd742,1
1,2,0,2,3e978e,3e978e,1
1,2,0,3,3540ed,3540ed,1
1,2,0,4,7c4bc2,7c4bc2,1
1,2,0,5,29c7d0,29c7d0,1
1,2,0,6,786989,786989,1
1,2,0,7,59ad58,59ad58,1
1,2,0,8,17962f,17962f,1
1,2,0,9,11a2cc,11a2cc,1
1,2,0,10,373592,373592,1
1,2,0,11,4ae4cb,4ae4cb,1
1,2,0,12,1a918e,1a918e,1
1,2,0,13,29af72,29af72,1
1,2,0,14,673a38,673a38,1
1,2,0,15,711d5c,711d5c,1
1,2,0,16,276876,276876,1
1,2,0,17,03673c,03673c,1
1,2,0,18,70f1f7,70f1f7,1
1,2,0,19,0cdb79,0cdb79,1
1,2,0,20,35601e,35601e,1
1,2,0,21,623691,623691,1
1,2,0,22,6b5571,6b5571,1
1,2,0,23,7f4009,7f4009,1
1,2,0,24,5cb5a0,5cb5a0,1
1,2,0,25,008efa,008efa,1
1,2,0,26,5e4c31,5e4c31,1
1,2,0,27,10526d,10526d,1
1,2,0,28,7e1a1e,7e1a1e,1
1,2,0,29,532500,532500,1
1,2,0,30,05c312,05c312,1
1,2,0,31,2666ac,2666ac,1
1,2,0,32,0445d8,0445d8,1
1,2,0,33,5da428,5da428,1
1,2,0,34,2d7e9a,2d7e9a,1
1,2,0,35,6e3d7d,6e3d7d,1
1,2,0,36,45e065,45e065,1
1,2,0,37,777bcd,777bcd,1
1,2,0,38,7fd23c,7fd23c,1
1,2,0,39,589860,589860,1
1,2,0,40,56cf20,56cf20,1
1,2,0,41,175c5f,175c5f,1
1,2,0,42,05bf87,05bf87,1
1,2,0,43,4c3162,4c3162,1
1,2,0,44,6b0324,6b0324,1
1,2,0,45,5242f2,5242f2,1
1,2,0,46,2d429e,2d429e,1
1,2,0,47,0c28ee,0c28ee,1
1,2,0,48,5df963,5df963,1
1,2,0,49,1df1a6,1df1a6,1
1,2,0,50,70cca1,70cca1,1
1,2,0,51,7bf6dd,7bf6dd,1
1,2,0,52,319e5b,319e5b,1
1,2,0,53,323aeb,323aeb,1
1,2,0,54,408f1d,408f1d,1
1,2,0,55,7aba82,7aba82,1
1,2,0,56,53b4e4,53b4e4,1
1,2,0,57,3419ef,3419ef,1
1,2,0,58,44d187,44d187,1
1,2,0,59,66ebca,66ebca,1
1,2,0,60,3d590e,3d590e,1
1,2,0,61,62681e,62681e,1
1,2,0,62,0214bf,0214bf,1
1,2,0,63,750478,750478,1
1,2,0,64,27f2fa,27f2fa,1
1,2,0,65,3f2a99,3f2a99,1
1,2,0,66,6f37cc,6f37cc,1
1,2,0,67,2d3894,2d3894,1
1,2,0,68,0e6127,0e6127,1
1,2,0,69,47fed2,47fed2,1
1,2,0,70,45a800,45a800,1
1,2,0,71,6f5bdf,6f5bdf,1
1,2,0,72,211bf9,211bf9,1
1,2,0,73,14b9c8,14b9c8,1
1,2,0,74,22e5ca,22e5ca,1
1,2,0,75,1d585a,1d585a,1
1,2,0,76,78dfaa,78dfaa,1
1,2,0,77,70f49f,70f49f,1
1,2,0,78,1491c4,1491c4,1
1,2,0,79,582c6f,582c6f,1
1,2,0,80,43451e,43451e,1
1,2,0,81,77ada6,77ada6,1
1,2,0,82,71cd9a,71cd9a,1
1,2,0,83,204648,204648,1
1,2,0,84,17c0d2,17c0d2,1
1,2,0,85,41a8c8,41a8c8,1
1,2,0,86,5a288c,5a288c,1
1,2,0,87,626e8b,626e8b,1
1,2,0,88,5fb41a,5fb41a,1
1,2,0,89,2db349,2db349,1
1,2,0,90,3da231,3da231,1
1,2,0,91,3dec72,3dec72,1
1,2,0,92,6c06e6,6c06e6,1
1,2,0,93,76c631,76c631,1
1,2,0,94,58d662,58d662,1
1,2,0,95,671e09,671e09,1
1,2,0,96,549c19,549c19,1
1,2,0,97,3cba36,3cba36,1
1,2,0,98,3ef773,3ef773,1
1,2,0,99,57985e,57985e,1
1,2,0,100,1c1898,1c1898,1
1,2,0,101,2188ee,2188ee,1
1,2,0,102,0b6397,0b6397,1
1,2,0,103,584584,584584,1
1,2,0,104,163b1b,163b1b,1
1,2,0,105,56efe3,56efe3,1
1,2,0,106,77f868,77f868,1
1,2,0,107,681cc2,681cc2,1
1,2,0,108,2cf97d,2cf97d,1
1,2,0,109,45b0b5,45b0b5,1
1,2,0,110,0a3535,0a3535,1
1,2,0,111,3bcd6a,3bcd6a,1
1,2,0,112,045250,045250,1
1,2,0,113,620ad8,620ad8,1
1,2,0,114,5dd2aa,5dd2aa,1
1,2,0,115,659927,659927,1
1,2,0,116,030316,030316,1
1,2,0,117,4a5141,4a5141,1
1,2,0,118,77b6c8,77b6c8,1
1,2,0,119,4e03f1,4e03f1,1
1,2,0,120,58ab2f,58ab2f,1
1,2,0,121,770c1e,770c1e,1
1,2,0,122,4d5ad3,4d5ad3,1
1,2,0,123,29c45d,29c45d,1
1,2,0,124,0349fa,0349fa,1
1,2,0,125,510e65,510e65,1
1,2,0,126,5762a1,5762a1,1
1,2,0,127,176162,176162,1
1,2,0,128,663130,663130,1
1,2,0,129,480f94,480f94,1
1,2,0,130,17b697,17b697,1
1,2,0,131,0436da,0436da,1
1,2,0,132,254b83,254b83,1
1,2,0,133,7bfb85,7bfb85,1
1,2,0,134,2d858b,2d858b,1
1,2,0,135,0746c4,0746c4,1
1,2,0,136,4f5f70,4f5f70,1
1,2,0,137,196922,196922,1
1,2,0,138,5ae3f5,5ae3f5,1
1,2,0,139,537680,537680,1
1,2,0,140,0316f9,0316f9,1
1,2,0,141,532a61,532a61,1
1,2,0,142,2be8aa,2be8aa,1
1,2,0,143,4214a8,4214a8,1
1,2,0,144,6ef7a8,6ef7a8,1
1,2,0,145,3ca3db,3ca3db,1
1,2,0,146,66b2c1,66b2c1,1
1,2,0,147,73e571,73e571,1
1,2,0,148,6183e7,6183e7,1
1,2,0,149,0f842b,0f842b,1
1,2,0,150,181a04,181a04,1
1,2,0,151,637805,637805,1
1,2,0,152,78daae,78daae,1
1,2,0,153,5b6e86,5b6e86,1
1,2,0,154,734467,734467,1
1,2,0,155,407fba,407fba,1
1,2,0,156,607d69,607d69,1
1,2,0,157,1fc5fa,1fc5fa,1
1,2,0,158,214c14,214c14,1
1,2,0,159,6cac2b,6cac2b,1
1,2,0,160,388b37,388b37,1
1,2,0,161,057bb7,057bb7,1
1,2,0,162,3afa92,3afa92,1
1,2,0,163,13fe2e,13fe2e,1
1,2,0,164,05cafc,05cafc,1
1,2,0,165,4c50e2,4c50e2,1
1,2,0,166,53fa86,53fa86,1
1,2,0,167,1a28da,1a28da,1
1,2,0,168,457e51,457e51,1
1,2,0,169,7b32f4,7b32f4,1
1,2,0,170,433ad5,433ad5,1
1,2,0,171,603c4b,603c4b,1
1,2,0,172,7ede62,7ede62,1
1,2,0,173,239741,239741,1
1,2,0,174,021974,021974,1
1,2,0,175,4dce3b,4dce3b,1
1,2,0,176,2477a7,2477a7,1
1,2,0,177,49d23b,49d23b,1
1,2,0,178,1fc44f,1fc44f,1
1,2,0,179,2d2f81,2d2f81,1
1,2,0,180,42c1e8,42c1e8,1
1,2,0,181,3f5248,3f5248,1
1,2,0,182,293967,293967,1
1,2,0,183,2d6bab,2d6bab,1
1,2,0,184,34bf24,34bf24,1
1,2,0,185,0a31c7,0a31c7,1
1,2,0,186,31c4d8,31c4d8,1
1,2,0,187,20fdaa,20fdaa,1
1,2,0,188,2818e0,2818e0,1
1,2,0,189,5205a1,5205a1,1
1,2,0,190,40c0da,40c0da,1
1,2,0,191,2a9435,2a9435,1
1,2,0,192,168d3d,168d3d,1
1,2,0,193,2b9a52,2b9a52,1
1,2,0,194,4ce128,4ce128,1
1,2,0,195,473c05,473c05,1
1,2,0,196,6b5639,6b5639,1
1,2,0,197,5c61cd,5c61cd,1
1,2,0,198,368a21,368a21,1
1,2,0,199,6b094d,6b094d,1
1,2,0,200,6824f3,6824f3,1
1,2,0,201,0d2080,0d2080,1
1,2,0,202,63d221,63d221,1
1,2,0,203,4fda84,4fda84,1
1,2,0,204,3489a8,3489a8,1
1,2,0,205,2af8d9,2af8d9,1
1,2,0,206,0e97ef,0e97ef,1
1,2,0,207,16aed0,16aed0,1
1,2,0,208,1be738,1be738,1
1,2,0,209,648a9d,648a9d,1
1,2,0,210,299bfa,299bfa,1
1,2,0,211,502313,502313,1
1,2,0,212,34c6eb,34c6eb,1
1,2,0,213,09e23c,09e23c,1
1,2,0,214,585244,585244,1
1,2,0,215,4986d4,4986d4,1
1,2,0,216,5e772b,5e772b,1
1,2,0,217,18e963,18e963,1
1,2,0,218,28e0a4,28e0a4,1
1,2,0,219,4e6b8c,4e6b8c,1
1,2,0,220,01fad8,01fad8,1
1,2,0,221,7f1393,7f1393,1
1,2,0,222,049294,049294,1
1,2,0,223,6282ec,6282ec,1
1,2,0,224,25bcfb,25bcfb,1
1,2,0,225,3551ce,3551ce,1
1,2,0,226,18e3a8,18e3a8,1
1,2,0,227,537102,537102,1
1,2,0,228,0ae71f,0ae71f,1
1,2,0,229,23d913,23d913,1
1,2,0,230,79be9b,79be9b,1
1,2,0,231,5415ac,5415ac,1
1,2,0,232,5e3474,5e3474,1
1,2,0,233,067862,067862,1
1,2,0,234,294c6c,294c6c,1
1,2,0,235,78e63d,78e63d,1
1,2,0,236,1120bf,1120bf,1
1,2,0,237,4750f8,4750f8,1
1,2,0,238,152852,152852,1
1,2,0,239,5a7fd5,5a7fd5,1
1,2,0,240,132fa9,132fa9,1
1,2,0,241,730ac9,730ac9,1
1,2,0,242,7eacb7,7eacb7,1
1,2,0,243,7d6832,7d6832,1
1,2,0,244,79382d,79382d,1
1,2,0,245,35edf8,35edf8,1
1,2,0,246,57f44c,57f44c,1
1,2,0,247,68ae03,68ae03,1
1,2,0,248,593725,593725,1
1,2,0,249,3e8ab4,3e8ab4,1
1,2,0,250,368329,368329,1
1,2,0,251,1f7543,1f7543,1
1,2,0,252,56f544,56f544,1
1,2,0,253,0cf277,0cf277,1
1,2,0,254,36f5b3,36f5b3,1
1,2,0,255,1c8f98,1c8f98,1
1,2,1,0,66408a,66408a,1
1,2,1,1,380907,380907,1
1,2,1,2,00088a,00088a,1
1,2,1,3,7be6a5,7be6a5,1
1,2,1,4,5581e4,5581e4,1
1,2,1,5,361067,361067,1
1,2,1,6,28ce12,28ce12,1
1,2,1,7,3237d9,3237d9,1
1,2,1,8,4896da,4896da,1
1,2,1,9,7b5b77,7b5b77,1
1,2,1,10,5ad5c4,5ad5c4,1
1,2,1,11,636b6c,636b6c,1
1,2,1,12,6d2d4f,6d2d4f,1
1,2,1,13,47e6f8,47e6f8,1
1,2,1,14,33d5be,33d5be,1
1,2,1,15,7130ba,7130ba,1
1,2,1,16,2b4d84,2b4d84,1
1,2,1,17,4f6446,4f6446,1
1,2,1,18,7311b7,7311b7,1
1,2,1,19,613060,613060,1
1,2,1,20,53c7f3,53c7f3,1
1,2,1,21,226488,226488,1
1,2,1,22,1c7af6,1c7af6,1
1,2,1,23,0d0517,0d0517,1
1,2,1,24,4aebb8,4aebb8,1
1,2,1,25,70fbc8,70fbc8,1
1,2,1,26,38dd60,38dd60,1
1,2,1,27,6a3c11,6a3c11,1
1,2,1,28,230967,230967,1
1,2,1,29,34cc48,34cc48,1
1,2,1,30,02262c,02262c,1
1,2,1,31,1781c6,1781c6,1
1,2,1,32,5702eb,5702eb,1
1,2,1,33,727ca6,727ca6,1
1,2,1,34,40c09d,40c09d,1
1,2,1,35,58e4ab,58e4ab,1
1,2,1,36,5f0da3,5f0da3,1
1,2,1,37,2b1d2d,2b1d2d,1
1,2,1,38,681631,681631,1
1,2,1,39,2c5dfa,2c5dfa,1
1,2,1,40,07f631,07f631,1
1,2,1,41,4763e7,4763e7,1
1,2,1,42,2a6fda,2a6fda,1
1,2,1,43,3a0b18,3a0b18,1
1,2,1,44,1ef6c9,1ef6c9,1
1,2,1,45,0c9bd5,0c9bd5,1
1,2,1,46,3ea9e4,3ea9e4,1
1,2,1,47,4e40fa,4e40fa,1
1,2,1,48,3f2b76,3f2b76,1
1,2,1,49,4559a2,4559a2,1
1,2,1,50,3b466f,3b466f,1
1,2,1,51,3ea101,3ea101,1
1,2,1,52,63f9c5,63f9c5,1
1,2,1,53,307112,307112,1
1,2,1,54,52a7a9,52a7a9,1
1,2,1,55,5c2ca1,5c2ca1,1
1,2,1,56,5212f5,5212f5,1
1,2,1,57,6eb947,6eb947,1
1,2,1,58,6eb07e,6eb07e,1
1,2,1,59,52454c,52454c,1
1,2,1,60,6335a9,6335a9,1
1,2,1,61,237afe,237afe,1
1,2,1,62,670f6e,670f6e,1
1,2,1,63,12de43,12de43,1
1,2,1,64,58aec2,58aec2,1
1,2,1,65,335ce4,335ce4,1
1,2,1,66,6aeba5,6aeba5,1
1,2,1,67,1c8725,1c8725,1
1,2,1,68,4d2467,4d2467,1
1,2,1,69,3c597d,3c597d,1
1,2,1,70,778cb8,778cb8,1
1,2,1,71,68b3c4,68b3c4,1
1,2,1,72,2515b8,2515b8,1
1,2,1,73,4bd91b,4bd91b,1
1,2,1,74,17b9d6,17b9d6,1
1,2,1,75,7b46b1,7b46b1,1
1,2,1,76,294186,294186,1
1,2,1,77,27adee,27adee,1
1,2,1,78,5529c8,5529c8,1
1,2,1,79,071c58,071c58,1
1,2,1,80,560901,560901,1
1,2,1,81,4a5dd7,4a5dd7,1
1,2,1,82,14c6d2,14c6d2,1
1,2,1,83,55e229,55e229,1
1,2,1,84,7f405f,7f405f,1
1,2,1,85,7faf7b,7faf7b,1
1,2,1,86,6cbb80,6cbb80,1
1,2,1,87,35bf79,35bf79,1
1,2,1,88,452da4,452da4,1
1,2,1,89,3a7a2f,3a7a2f,1
1,2,1,90,5b653b,5b653b,1
1,2,1,91,2dc5d7,2dc5d7,1
1,2,1,92,3ada06,3ada06,1
1,2,1,93,23737b,23737b,1
1,2,1,94,0d3973,0d3973,1
1,2,1,95,110b92,110b92,1
1,2,1,96,1c8ce8,1c8ce8,1
1,2,1,97,11f471,11f471,1
1,2,1,98,4af4a2,4af4a2,1
1,2,1,99,2ac758,2ac758,1
1,2,1,100,0ff8fd,0ff8fd,1
1,2,1,101,36a4fe,36a4fe,1
1,2,1,102,1f52bf,1f52bf,1
1,2,1,103,46d315,46d315,1
1,2,1,104,5f32bc,5f32bc,1
1,2,1,105,1ad27f,1ad27f,1
1,2,1,106,48cfca,48cfca,1
1,2,1,107,3ba459,3ba459,1
1,2,1,108,7e7f15,7e7f15,1
1,2,1,109,281aaa,281aaa,1
1,2,1,110,3b9505,3b9505,1
1,2,1,111,5b7782,5b7782,1
1,2,1,112,466b2e,466b2e,1
1,2,1,113,5190e4,5190e4,1
1,2,1,114,2ddb41,2ddb41,1
1,2,1,115,2c41a3,2c41a3,1
1,2,1,116,4771f5,4771f5,1
1,2,1,117,760f6c,760f6c,1
1,2,1,118,2b8a12,2b8a12,1
1,2,1,119,4f404e,4f404e,1
1,2,1,120,5c91b3,5c91b3,1
1,2,1,121,032f8c,032f8c,1
1,2,1,122,700001,700001,1
1,2,1,123,4b116a,4b116a,1
1,2,1,124,60b922,60b922,1
1,2,1,125,0ec3bc,0ec3bc,1
1,2,1,126,7fd8da,7fd8da,1
1,2,1,127,4fe0ef,4fe0ef,1
1,2,1,128,5d6759,5d6759,1
1,2,1,129,520658,520658,1
1,2,1,130,11e450,11e450,1
1,2,1,131,09f43d,09f43d,1
1,2,1,132,50348b,50348b,1
1,2,1,133,6028db,6028db,1
1,2,1,134,3a50c0,3a50c0,1
1,2,1,135,617ef8,617ef8,1
1,2,1,136,6f957c,6f957c,1
1,2,1,137,7dd262,7dd262,1
1,2,1,138,25d580,25d580,1
1,2,1,139,7c9aeb,7c9aeb,1
1,2,1,140,093c53,093c53,1
1,2,1,141,361421,361421,1
1,2,1,142,03e938,03e938,1
1,2,1,143,66a86d,66a86d,1
1,2,1,144,2dc7ea,2dc7ea,1
1,2,1,145,147dca,147dca,1
1,2,1,146,58a8f6,58a8f6,1
1,2,1,147,6bfd36,6bfd36,1
1,2,1,148,1014d1,1014d1,1
1,2,1,149,7b3181,7b3181,1
1,2,1,150,26f21a,26f21a,1
1,2,1,151,1040f9,1040f9,1
1,2,1,152,04376d,04376d,1
1,2,1,153,163e5e,163e5e,1
1,2,1,154,19f82c,19f82c,1
1,2,1,155,4badc3,4badc3,1
1,2,1,156,3d9cb2,3d9cb2,1
1,2,1,157,046914,046914,1
1,2,1,158,65b017,65b017,1
1,2,1,159,75de04,75de04,1
1,2,1,160,0cfdee,0cfdee,1
1,2,1,161,03a88b,03a88b,1
1,2,1,162,6213dc,6213dc,1
1,2,1,163,074b7e,074b7e,1
1,2,1,164,799929,799929,1
1,2,1,165,11c44e,11c44e,1
1,2,1,166,455de7,455de7,1
1,2,1,167,473fb6,473fb6,1
1,2,1,168,0fc219,0fc219,1
1,2,1,169,075f8b,075f8b,1
1,2,1,170,239408,239408,1
1,2,1,171,766721,766721,1
1,2,1,172,4a7288,4a7288,1
1,2,1,173,60ce12,60ce12,1
1,2,1,174,6f96fb,6f96fb,1
1,2,1,175,39648a,39648a,1
1,2,1,176,24f0b3,24f0b3,1
1,2,1,177,6f81af,6f81af,1
1,2,1,178,203dc6,203dc6,1
1,2,1,179,582cc3,582cc3,1
1,2,1,180,50e4d1,50e4d1,1
1,2,1,181,5741d4,5741d4,1
1,2,1,182,73789c,73789c,1
1,2,1,183,6e9ffb,6e9ffb,1
1,2,1,184,43847e,43847e,1
1,2,1,185,1cc3f5,1cc3f5,1
1,2,1,186,0c36f5,0c36f5,1
1,2,1,187,7404d4,7404d4,1
1,2,1,188,78c861,78c861,1
1,2,1,189,53536b,53536b,1
1,2,1,190,2a8f7e,2a8f7e,1
1,2,1,191,055d80,055d80,1
1,2,1,192,16ed5f,16ed5f,1
1,2,1,193,68def0,68def0,1
1,2,1,194,5163cb,5163cb,1
1,2,1,195,67e807,67e807,1
1,2,1,196,106deb,106deb,1
1,2,1,197,44e644,44e644,1
1,2,1,198,1dc012,1dc012,1
1,2,1,199,3ae8fb,3ae8fb,1
1,2,1,200,3f928d,3f928d,1
1,2,1,201,31b1fa,31b1fa,1
1,2,1,202,5c1787,5c1787,1
1,2,1,203,387d28,387d28,1
1,2,1,204,345e5f,345e5f,1
1,2,1,205,2206c3,2206c3,1
1,2,1,206,458613,458613,1
1,2,1,207,20d85c,20d85c,1
1,2,1,208,7d3692,7d3692,1
1,2,1,209,18d780,18d780,1
1,2,1,210,60566e,60566e,1
1,2,1,211,62272d,62272d,1
1,2,1,212,56a16d,56a16d,1
1,2,1,213,6a7fae,6a7fae,1
1,2,1,214,325b6a,325b6a,1
1,2,1,215,2970ee,2970ee,1
1,2,1,216,57e8da,57e8da,1
1,2,1,217,041004,041004,1
1,2,1,218,37af5b,37af5b,1
1,2,1,219,5da314,5da314,1
1,2,1,220,3a3100,3a3100,1
1,2,1,221,344100,344100,1
1,2,1,222,44c67e,44c67e,1
1,2,1,223,25706b,25706b,1
1,2,1,224,10cc4b,10cc4b,1
1,2,1,225,772e36,772e36,1
1,2,1,226,71f916,71f916,1
1,2,1,227,195206,195206,1
1,2,1,228,62a2ac,62a2ac,1
1,2,1,229,4c1538,4c1538,1
1,2,1,230,67c2de,67c2de,1
1,2,1,231,0c4368,0c4368,1
1,2,1,232,7a4cae,7a4cae,1
1,2,1,233,2e6b89,2e6b89,1
1,2,1,234,420b57,420b57,1
1,2,1,235,4d747e,4d747e,1
1,2,1,236,41fda2,41fda2,1
1,2,1,237,7396c1,7396c1,1
1,2,1,238,0d561c,0d561c,1
1,2,1,239,1bee4c,1bee4c,1
1,2,1,240,65f45a,65f45a,1
1,2,1,241,5730e8,5730e8,1
1,2,1,242,572a15,572a15,1
1,2,1,243,643838,643838,1
1,2,1,244,367eb8,367eb8,1
1,2,1,245,0ce1d3,0ce1d3,1
1,2,1,246,233b78,233b78,1
1,2,1,247,4bcb57,4bcb57,1
1,2,1,248,611361,611361,1
1,2,1,249,67bc45,67bc45,1
1,2,1,250,580463,580463,1
1,2,1,251,37e389,37e389,1
1,2,1,252,1065ae,1065ae,1
1,2,1,253,134db5,134db5,1
1,2,1,254,15cb25,15cb25,1
1,2,1,255,745804,745804,1
1,2,2,0,7f0cea,7f0cea,1
1,2,2,1,48527a,48527a,1
1,2,2,2,62de8e,62de8e,1
1,2,2,3,6e442b,6e442b,1
1,2,2,4,4d3d3a,4d3d3a,1
1,2,2,5,53d5d4,53d5d4,1
1,2,2,6,54d2d4,54d2d4,1
1,2,2,7,4d13a9,4d13a9,1
1,2,2,8,21b759,21b759,1
1,2,2,9,405913,405913,1
1,2,2,10,4125be,4125be,1
1,2,2,11,4b65e7,4b65e7,1
1,2,2,12,63c953,63c953,1
1,2,2,13,21a995,21a995,1
1,2,2,14,5d8c4a,5d8c4a,1
1,2,2,15,5a2571,5a2571,1
1,2,2,16,0d8169,0d8169,1
1,2,2,17,0568b6,0568b6,1
1,2,2,18,155217,155217,1
1,2,2,19,1f6c3c,1f6c3c,1
1,2,2,20,419144,419144,1
1,2,2,21,49f3e4,49f3e4,1
1,2,2,22,43d67a,43d67a,1
1,2,2,23,7eab1b,7eab1b,1
1,2,2,24,4daeb6,4daeb6,1
1,2,2,25,4de7cf,4de7cf,1
1,2,2,26,7bbf8f,7bbf8f,1
1,2,2,27,1b5cde,1b5cde,1
1,2,2,28,2311a2,2311a2,1
1,2,2,29,55d966,55d966,1
1,2,2,30,74f344,74f344,1
1,2,2,31,60fd3a,60fd3a,1
1,2,2,32,697caa,697caa,1
1,2,2,33,118d3a,118d3a,1
1,2,2,34,0f0656,0f0656,1
1,2,2,35,6816e7,6816e7,1
1,2,2,36,1d5173,1d5173,1
1,2,2,37,16e4d2,16e4d2,1
1,2,2,38,46ea26,46ea26,1
1,2,2,39,4054c2,4054c2,1
1,2,2,40,4e63c6,4e63c6,1
1,2,2,41,6cbf35,6cbf35,1
1,2,2,42,6b97fc,6b97fc,1
1,2,2,43,2b257b,2b257b,1
1,2,2,44,4a3162,4a3162,1
1,2,2,45,25db38,25db38,1
1,2,2,46,4cedb6,4cedb6,1
1,2,2,47,6c8cf3,6c8cf3,1
1,2,2,48,6dc394,6dc394,1
1,2,2,49,59a665,59a665,1
1,2,2,50,3f590a,3f590a,1
1,2,2,51,3e8b69,3e8b69,1
1,2,2,52,59d57a,59d57a,1
1,2,2,53,1e3396,1e3396,1
1,2,2,54,627cb9,627cb9,1
1,2,2,55,321b37,321b37,1
1,2,2,56,673a99,673a99,1
1,2,2,57,64fe9b,64fe9b,1
1,2,2,58,49ad03,49ad03,1
1,2,2,59,384e8a,384e8a,1
1,2,2,60,6ad745,6ad745,1
1,2,2,61,16657b,16657b,1
1,2,2,62,115d20,115d20,1
1,2,2,63,3b65de,3b65de,1
1,2,2,64,3b168e,3b168e,1
1,2,2,65,240eed,240eed,1
1,2,2,66,4fbda4,4fbda4,1
1,2,2,67,6bbb98,6bbb98,1
1,2,2,68,4ca400,4ca400,1
1,2,2,69,10e26b,10e26b,1
1,2,2,70,554398,554398,1
1,2,2,71,77c406,77c406,1
1,2,2,72,081a58,081a58,1
1,2,2,73,49d94a,49d94a,1
1,2,2,74,0404d9,0404d9,1
1,2,2,75,7d887d,7d887d,1
1,2,2,76,73c8e1,73c8e1,1
1,2,2,77,7aae40,7aae40,1
1,2,2,78,28754c,28754c,1
1,2,2,79,0cb053,0cb053,1
1,2,2,80,3b0fda,3b0fda,1
1,2,2,81,022474,022474,1
1,2,2,82,3eb4e7,3eb4e7,1
1,2,2,83,6dc9a1,6dc9a1,1
1,2,2,84,2634f0,2634f0,1
1,2,2,85,4da278,4da278,1
1,2,2,86,03f6b6,03f6b6,1
1,2,2,87,1cd8bc,1cd8bc,1
1,2,2,88,269e29,269e29,1
1,2,2,89,1ff59f,1ff59f,1
1,2,2,90,15e121,15e121,1
1,2,2,91,224fef,224fef,1
1,2,2,92,7a6194,7a6194,1
1,2,2,93,764524,764524,1
1,2,2,94,121851,121851,1
1,2,2,95,5a1395,5a1395,1
1,2,2,96,4ecf82,4ecf82,1
1,2,2,97,6e6a2c,6e6a2c,1
1,2,2,98,1d30b6,1d30b6,1
1,2,2,99,57f5bd,57f5bd,1
1,2,2,100,577ffd,577ffd,1
1,2,2,101,6f4bc3,6f4bc3,1
1,2,2,102,5f7a3f,5f7a3f,1
1,2,2,103,13c29e,13c29e,1
1,2,2,104,7ca6e9,7ca6e9,1
1,2,2,105,1b01b0,1b01b0,1
1,2,2,106,463989,463989,1
1,2,2,107,7b82c4,7b82c4,1
1,2,2,108,30f7f5,30f7f5,1
1,2,2,109,1674e5,1674e5,1
1,2,2,110,7d5e36,7d5e36,1
1,2,2,111,7a5b53,7a5b53,1
1,2,2,112,3738be,3738be,1
1,2,2,113,0c5cc6,0c5cc6,1
1,2,2,114,32f524,32f524,1
1,2,2,115,381233,381233,1
1,2,2,116,17071f,17071f,1
1,2,2,117,0b31c5,0b31c5,1
1,2,2,118,7d62ab,7d62ab,1
1,2,2,119,491d4e,491d4e,1
1,2,2,120,759b09,759b09,1
1,2,2,121,6c1569,6c1569,1
1,2,2,122,666ef5,666ef5,1
1,2,2,123,4fbc99,4fbc99,1
1,2,2,124,53c7e8,53c7e8,1
1,2,2,125,26ccc9,26ccc9,1
1,2,2,126,6e3840,6e3840,1
1,2,2,127,310013,310013,1
1,2,2,128,3c71e7,3c71e7,1
1,2,2,129,1a1bce,1a1bce,1
1,2,2,130,08a85b,08a85b,1
1,2,2,131,4f2ecd,4f2ecd,1
1,2,2,132,37556e,37556e,1
1,2,2,133,7492dc,7492dc,1
1,2,2,134,37b895,37b895,1
1,2,2,135,3dbc0c,3dbc0c,1
1,2,2,136,18cb9c,18cb9c,1
1,2,2,137,06f6ff,06f6ff,1
1,2,2,138,5c0c65,5c0c65,1
1,2,2,139,6de2e0,6de2e0,1
1,2,2,140,707fca,707fca,1
1,2,2,141,612481,612481,1
1,2,2,142,74aee4,74aee4,1
1,2,2,143,78ec55,78ec55,1
1,2,2,144,4d9fe8,4d9fe8,1
1,2,2,145,546b25,546b25,1
1,2,2,146,344f8b,344f8b,1
1,2,2,147,4e61e1,4e61e1,1
1,2,2,148,44b5ea,44b5ea,1
1,2,2,149,638cd6,638cd6,1
1,2,2,150,3a3542,3a3542,1
1,2,2,151,549ce8,549ce8,1
1,2,2,152,4729f3,4729f3,1
1,2,2,153,18d284,18d284,1
1,2,2,154,434804,434804,1
1,2,2,155,3dd0c4,3dd0c4,1
1,2,2,156,434614,434614,1
1,2,2,157,10a948,10a948,1
1,2,2,158,65be01,65be01,1
1,2,2,159,764110,764110,1
1,2,2,160,23e717,23e717,1
1,2,2,161,2cc366,2cc366,1
1,2,2,162,1feabf,1feabf,1
1,2,2,163,424406,424406,1
1,2,2,164,2cf885,2cf885,1
1,2,2,165,0e503a,0e503a,1
1,2,2,166,2a95eb,2a95eb,1
1,2,2,167,0796b5,0796b5,1
1,2,2,168,6ba356,6ba356,1
1,2,2,169,484c3f,484c3f,1
1,2,2,170,29e4ae,29e4ae,1
1,2,2,171,3b9e9f,3b9e9f,1
1,2,2,172,1079b0,1079b0,1
1,2,2,173,3c769a,3c769a,1
1,2,2,174,69fa55,69fa55,1
1,2,2,175,4d22d8,4d22d8,1
1,2,2,176,3b6dc8,3b6dc8,1
1,2,2,177,580da9,580da9,1
1,2,2,178,17e164,17e164,1
1,2,2,179,03f946,03f946,1
1,2,2,180,1c4ddf,1c4ddf,1
1,2,2,181,25919f,25919f,1
1,2,2,182,686a3b,686a3b,1
1,2,2,183,62551a,62551a,1
1,2,2,184,1fa304,1fa304,1
1,2,2,185,45651b,45651b,1
1,2,2,186,103ab4,103ab4,1
1,2,2,187,09672f,09672f,1
1,2,2,188,4d30d7,4d30d7,1
1,2,2,189,4173b8,4173b8,1
1,2,2,190,318504,318504,1
1,2,2,191,71bff4,71bff4,1
1,2,2,192,2bdb60,2bdb60,1
1,2,2,193,20d967,20d967,1
1,2,2,194,184b90,184b90,1
1,2,2,195,6c7fed,6c7fed,1
1,2,2,196,5dcd55,5dcd55,1
1,2,2,197,196317,196317,1
1,2,2,198,297654,297654,1
1,2,2,199,320ded,320ded,1
1,2,2,200,61b4b3,61b4b3,1
1,2,2,201,2d39e4,2d39e4,1
1,2,2,202,2698c7,2698c7,1
1,2,2,203,13bea0,13bea0,1
1,2,2,204,32fb87,32fb87,1
1,2,2,205,3d48cf,3d48cf,1
1,2,2,206,715dc6,715dc6,1
1,2,2,207,00830a,00830a,1
1,2,2,208,23d269,23d269,1
1,2,2,209,71cbec,71cbec,1
1,2,2,210,07e495,07e495,1
1,2,2,211,4634e8,4634e8,1
1,2,2,212,0993b8,0993b8,1
1,2,2,213,5ab9c2,5ab9c2,1
1,2,2,214,3669fc,3669fc,1
1,2,2,215,556ebc,556ebc,1
1,2,2,216,047511,047511,1
1,2,2,217,0811a2,0811a2,1
1,2,2,218,315fde,315fde,1
1,2,2,219,5b33cb,5b33cb,1
1,2,2,220,24cb08,24cb08,1
1,2,2,221,124e08,124e08,1
1,2,2,222,705343,705343,1
1,2,2,223,260228,260228,1
1,2,2,224,6e72b2,6e72b2,1
1,2,2,225,5dff1a,5dff1a,1
1,2,2,226,6d02d1,6d02d1,1
1,2,2,227,3f2d8b,3f2d8b,1
1,2,2,228,771854,771854,1
1,2,2,229,29e7ba,29e7ba,1
1,2,2,230,155231,155231,1
1,2,2,231,1913c6,1913c6,1
1,2,2,232,027f97,027f97,1
1,2,2,233,15e227,15e227,1
1,2,2,234,667d55,667d55,1
1,2,2,235,2efcf2,2efcf2,1
1,2,2,236,2d40b5,2d40b5,1
1,2,2,237,2af1d6,2af1d6,1
1,2,2,238,63bb1d,63bb1d,1
1,2,2,239,74788f,74788f,1
1,2,2,240,55e10a,55e10a,1
1,2,2,241,22fa04,22fa04,1
1,2,2,242,5c8bdb,5c8bdb,1
1,2,2,243,66d3df,66d3df,1
1,2,2,244,619bfb,619bfb,1
1,2,2,245,3ca99f,3ca99f,1
1,2,2,246,79368b,79368b,1
1,2,2,247,2f89e6,2f89e6,1
1,2,2,248,2384cf,2384cf,1
1,2,2,249,477b94,477b94,1
1,2,2,250,5c75f2,5c75f2,1
1,2,2,251,72c1ca,72c1ca,1
1,2,2,252,2c09ce,2c09ce,1
1,2,2,253,6f075c,6f075c,1
1,2,2,254,6ae9fb,6ae9fb,1
1,2,2,255,445c53,445c53,1
1,2,3,0,3c7b7c,3c7b7c,1
1,2,3,1,11b48e,11b48e,1
1,2,3,2,71705e,71705e,1
1,2,3,3,2c6195,2c6195,1
1,2,3,4,08465d,08465d,1
1,2,3,5,35815b,35815b,1
1,2,3,6,5ee10b,5ee10b,1
1,2,3,7,13fa3d,13fa3d,1
1,2,3,8,224854,224854,1
1,2,3,9,4727b0,4727b0,1
1,2,3,10,4c4153,4c4153,1
1,2,3,11,3c564c,3c564c,1
1,2,3,12,46a653,46a653,1
1,2,3,13,535e98,535e98,1
1,2,3,14,5958eb,5958eb,1
1,2,3,15,109bf6,109bf6,1
1,2,3,16,75ed39,75ed39,1
1,2,3,17,78afa5,78afa5,1
1,2,3,18,3a962b,3a962b,1
1,2,3,19,5f4130,5f4130,1
1,2,3,20,72e6b2,72e6b2,1
1,2,3,21,4675c6,4675c6,1
1,2,3,22,6edd94,6edd94,1
1,2,3,23,6e37c1,6e37c1,1
1,2,3,24,6419ae,6419ae,1
1,2,3,25,23cfe1,23cfe1,1
1,2,3,26,626dd2,626dd2,1
1,2,3,27,5ada49,5ada49,1
1,2,3,28,78688f,78688f,1
1,2,3,29,4f89c2,4f89c2,1
1,2,3,30,4cd3c0,4cd3c0,1
1,2,3,31,62c46b,62c46b,1
1,2,3,32,0df72a,0df72a,1
1,2,3,33,319999,319999,1
1,2,3,34,6ef68c,6ef68c,1
1,2,3,35,636fd3,636fd3,1
1,2,3,36,01e335,01e335,1
1,2,3,37,2c280f,2c280f,1
1,2,3,38,3df85e,3df85e,1
1,2,3,39,54cee0,54cee0,1
1,2,3,40,22a7af,22a7af,1
1,2,3,41,5828bf,5828bf,1
1,2,3,42,4fdc1a,4fdc1a,1
1,2,3,43,324e8f,324e8f,1
1,2,3,44,69a608,69a608,1
1,2,3,45,61123a,61123a,1
1,2,3,46,50b3cd,50b3cd,1
1,2,3,47,055659,055659,1
1,2,3,48,033bb9,033bb9,1
1,2,3,49,05535c,05535c,1
1,2,3,50,48b499,48b499,1
1,2,3,51,6226a9,6226a9,1
1,2,3,52,3cd9af,3cd9af,1
1,2,3,53,5205e5,5205e5,1
1,2,3,54,352278,352278,1
1,2,3,55,4dadd1,4dadd1,1
1,2,3,56,116395,116395,1
1,2,3,57,163075,163075,1
1,2,3,58,77356b,77356b,1
1,2,3,59,12f928,12f928,1
1,2,3,60,57466a,57466a,1
1,2,3,61,73b380,73b380,1
1,2,3,62,416034,416034,1
1,2,3,63,06b0c8,06b0c8,1
1,2,3,64,7e3e20,7e3e20,1
1,2,3,65,5ba3a3,5ba3a3,1
1,2,3,66,46ff39,46ff39,1
1,2,3,67,584ab7,584ab7,1
1,2,3,68,0a16fd,0a16fd,1
1,2,3,69,4381ad,4381ad,1
1,2,3,70,4c3838,4c3838,1
1,2,3,71,5768be,5768be,1
1,2,3,72,34acee,34acee,1
1,2,3,73,36f0a5,36f0a5,1
1,2,3,74,6acf2d,6acf2d,1
1,2,3,75,0af675,0af675,1
1,2,3,76,320d31,320d31,1
1,2,3,77,66f456,66f456,1
1,2,3,78,1e5115,1e5115,1
1,2,3,79,39728d,39728d,1
1,2,3,80,6fc9e6,6fc9e6,1
1,2,3,81,7a8f82,7a8f82,1
1,2,3,82,6b7d2e,6b7d2e,1
1,2,3,83,1da280,1da280,1
1,2,3,84,24eb47,24eb47,1
1,2,3,85,5b4688,5b4688,1
1,2,3,86,305ea8,305ea8,1
1,2,3,87,326d1e,326d1e,1
1,2,3,88,0be421,0be421,1
1,2,3,89,362a25,362a25,1
1,2,3,90,68af61,68af61,1
1,2,3,91,0436a3,0436a3,1
1,2,3,92,6e7966,6e7966,1
1,2,3,93,2e00ba,2e00ba,1
1,2,3,94,4ec880,4ec880,1
1,2,3,95,556954,556954,1
1,2,3,96,7b0a3e,7b0a3e,1
1,2,3,97,354511,354511,1
1,2,3,98,51ee72,51ee72,1
1,2,3,99,124e47,124e47,1
1,2,3,100,42c9cf,42c9cf,1
1,2,3,101,427d48,427d48,1
1,2,3,102,779238,779238,1
1,2,3,103,28ad52,28ad52,1
1,2,3,104,40770c,40770c,1
1,2,3,105,5adde9,5adde9,1
1,2,3,106,67044b,67044b,1
1,2,3,107,5f9bb7,5f9bb7,1
1,2,3,108,1aa4e6,1aa4e6,1
1,2,3,109,0a1369,0a1369,1
1,2,3,110,7c56c4,7c56c4,1
1,2,3,111,3eebd1,3eebd1,1
1,2,3,112,7122fc,7122fc,1
1,2,3,113,6bdaa1,6bdaa1,1
1,2,3,114,12f901,12f901,1
1,2,3,115,01ae64,01ae64,1
1,2,3,116,0e576e,0e576e,1
1,2,3,117,144f3b,144f3b,1
1,2,3,118,04bb3d,04bb3d,1
1,2,3,119,6fbeab,6fbeab,1
1,2,3,120,30bc49,30bc49,1
1,2,3,121,20a1a0,20a1a0,1
1,2,3,122,727191,727191,1
1,2,3,123,1a6fa8,1a6fa8,1
1,2,3,124,2acee4,2acee4,1
1,2,3,125,3c5794,3c5794,1
1,2,3,126,5c15ff,5c15ff,1
1,2,3,127,5a3eea,5a3eea,1
1,2,3,128,7ed306,7ed306,1
1,2,3,129,0b5b18,0b5b18,1
1,2,3,130,173cba,173cba,1
1,2,3,131,735aee,735aee,1
1,2,3,132,6170b8,6170b8,1
1,2,3,133,576072,576072,1
1,2,3,134,1a8c04,1a8c04,1
1,2,3,135,084606,084606,1
1,2,3,136,10824f,10824f,1
1,2,3,137,4a1d69,4a1d69,1
1,2,3,138,3c41d7,3c41d7,1
1,2,3,139,21fa0e,21fa0e,1
1,2,3,140,791e85,791e85,1
1,2,3,141,5a7271,5a7271,1
1,2,3,142,61b2cd,61b2cd,1
1,2,3,143,7fd348,7fd348,1
1,2,3,144,4fad8c,4fad8c,1
1,2,3,145,53666d,53666d,1
1,2,3,146,202218,202218,1
1,2,3,147,54cb56,54cb56,1
1,2,3,148,14d613,14d613,1
1,2,3,149,4752c5,4752c5,1
1,2,3,150,242d9e,242d9e,1
1,2,3,151,46a4c7,46a4c7,1
1,2,3,152,513418,513418,1
1,2,3,153,10af61,10af61,1
1,2,3,154,303bba,303bba,1
1,2,3,155,7df3f0,7df3f0,1
1,2,3,156,4c1f8b,4c1f8b,1
1,2,3,157,1b3f97,1b3f97,1
1,2,3,158,7c6389,7c6389,1
1,2,3,159,5d7e49,5d7e49,1
1,2,3,160,782010,782010,1
1,2,3,161,16e3ec,16e3ec,1
1,2,3,162,397db7,397db7,1
1,2,3,163,31701b,31701b,1
1,2,3,164,2faf55,2faf55,1
1,2,3,165,72971d,72971d,1
1,2,3,166,30206e,30206e,1
1,2,3,167,5a3a47,5a3a47,1
1,2,3,168,6d7ec1,6d7ec1,1
1,2,3,169,31c462,31c462,1
1,2,3,170,2769cf,2769cf,1
1,2,3,171,586896,586896,1
1,2,3,172,07a877,07a877,1
1,2,3,173,547cf4,547cf4,1
1,2,3,174,0a4f3b,0a4f3b,1
1,2,3,175,2532c7,2532c7,1
1,2,3,176,7db23a,7db23a,1
1,2,3,177,325357,325357,1
1,2,3,178,3d8778,3d8778,1
1,2,3,179,0538ae,0538ae,1
1,2,3,180,4efe66,4efe66,1
1,2,3,181,37ebc0,37ebc0,1
1,2,3,182,786e61,786e61,1
1,2,3,183,448bab,448bab,1
1,2,3,184,66e25d,66e25d,1
1,2,3,185,05a954,05a954,1
1,2,3,186,2d3b0e,2d3b0e,1
1,2,3,187,4e42d1,4e42d1,1
1,2,3,188,70d196,70d196,1
1,2,3,189,7df730,7df730,1
1,2,3,190,5709b2,5709b2,1
1,2,3,191,02e6ad,02e6ad,1
1,2,3,192,2275fe,2275fe,1
1,2,3,193,529d82,529d82,1
1,2,3,194,5bb697,5bb697,1
1,2,3,195,68c239,68c239,1
1,2,3,196,29c28d,29c28d,1
1,2,3,197,3e2f26,3e2f26,1
1,2,3,198,588907,588907,1
1,2,3,199,1593e0,1593e0,1
1,2,3,200,2499f2,2499f2,1
1,2,3,201,32b0a2,32b0a2,1
1,2,3,202,0168d0,0168d0,1
1,2,3,203,61cf8c,61cf8c,1
1,2,3,204,722e38,722e38,1
1,2,3,205,6bccf1,6bccf1,1
1,2,3,206,064c47,064c47,1
1,2,3,207,2748a7,2748a7,1
1,2,3,208,53569a,53569a,1
1,2,3,209,677654,677654,1
1,2,3,210,17e8a4,17e8a4,1
1,2,3,211,07b313,07b313,1
1,2,3,212,4c5de6,4c5de6,1
1,2,3,213,72f3c6,72f3c6,1
1,2,3,214,1d5117,1d5117,1
1,2,3,215,274f65,274f65,1
1,2,3,216,5bfbf6,5bfbf6,1
1,2,3,217,0c64da,0c64da,1
1,2,3,218,04280e,04280e,1
1,2,3,219,453315,453315,1
1,2,3,220,220aa7,220aa7,1
1,2,3,221,643406,643406,1
1,2,3,222,40798c,40798c,1
1,2,3,223,36c82c,36c82c,1
1,2,3,224,03cf19,03cf19,1
1,2,3,225,44f664,44f664,1
1,2,3,226,64a99b,64a99b,1
1,2,3,227,457dee,457dee,1
1,2,3,228,7d3463,7d3463,1
1,2,3,229,19889d,19889d,1
1,2,3,230,13d4f0,13d4f0,1
1,2,3,231,36d2b9,36d2b9,1
1,2,3,232,29c27e,29c27e,1
1,2,3,233,5b0db4,5b0db4,1
1,2,3,234,7794a3,7794a3,1
1,2,3,235,27a88e,27a88e,1
1,2,3,236,6af910,6af910,1
1,2,3,237,572f48,572f48,1
1,2,3,238,7a0ca5,7a0ca5,1
1,2,3,239,324d24,324d24,1
1,2,3,240,6af832,6af832,1
1,2,3,241,1974fb,1974fb,1
1,2,3,242,088a71,088a71,1
1,2,3,243,0f8328,0f8328,1
1,2,3,244,2d4a38,2d4a38,1
1,2,3,245,39e348,39e348,1
1,2,3,246,208ddd,208ddd,1
1,2,3,247,6cdc97,6cdc97,1
1,2,3,248,51d920,51d920,1
1,2,3,249,4c1ee5,4c1ee5,1
1,2,3,250,21dfcc,21dfcc,1
1,2,3,251,0b0682,0b0682,1
1,2,3,252,00d147,00d147,1
1,2,3,253,09bf0f,09bf0f,1
1,2,3,254,531d49,531d49,1
1,2,3,255,76a47b,76a47b,1
1,3,0,0,2ccc9f,2ccc9f,1
1,3,0,1,217532,217532,1
1,3,0,2,4e54e5,4e54e5,1
1,3,0,3,673cf6,673cf6,1
1,3,0,4,2d1c44,2d1c44,1
1,3,0,5,233ce5,233ce5,1
1,3,0,6,3d1d9a,3d1d9a,1
1,3,0,7,64299b,64299b,1
1,3,0,8,71aa82,71aa82,1
1,3,0,9,104cd6,104cd6,1
1,3,0,10,1ffd86,1ffd86,1
1,3,0,11,484a96,484a96,1
1,3,0,12,35d44a,35d44a,1
1,3,0,13,45bbe8,45bbe8,1
1,3,0,14,0f05e7,0f05e7,1
1,3,0,15,4d77e8,4d77e8,1
1,3,0,16,6a3cc8,6a3cc8,1
1,3,0,17,015575,015575,1
1,3,0,18,597bc6,597bc6,1
1,3,0,19,6e1f59,6e1f59,1
1,3,0,20,6614c2,6614c2,1
1,3,0,21,370ae9,370ae9,1
1,3,0,22,574f2d,574f2d,1
1,3,0,23,07a2cf,07a2cf,1
1,3,0,24,2543a5,2543a5,1
1,3,0,25,604c7c,604c7c,1
1,3,0,26,211be4,211be4,1
1,3,0,27,6635b1,6635b1,1
1,3,0,28,0fe249,0fe249,1
1,3,0,29,7cfe98,7cfe98,1
1,3,0,30,576496,576496,1
1,3,0,31,7474c5,7474c5,1
1,3,0,32,691d0f,691d0f,1
1,3,0,33,068b34,068b34,1
1,3,0,34,44684e,44684e,1
1,3,0,35,5ca220,5ca220,1
1,3,0,36,615ca8,615ca8,1
1,3,0,37,4dad57,4dad57,1
1,3,0,38,62d4fc,62d4fc,1
1,3,0,39,0528d7,0528d7,1
1,3,0,40,604e71,604e71,1
1,3,0,41,17de0d,17de0d,1
1,3,0,42,3d9dbf,3d9dbf,1
1,3,0,43,16b709,16b709,1
1,3,0,44,33359c,33359c,1
1,3,0,45,149340,149340,1
1,3,0,46,54fdf2,54fdf2,1
1,3,0,47,366513,366513,1
1,3,0,48,5a2a16,5a2a16,1
1,3,0,49,15d06c,15d06c,1
1,3,0,50,2c11c2,2c11c2,1
1,3,0,51,64e1f8,64e1f8,1
1,3,0,52,66be86,66be86,1
1,3,0,53,461e09,461e09,1
1,3,0,54,371a7c,371a7c,1
1,3,0,55,1419dc,1419dc,1
1,3,0,56,439a2d,439a2d,1
1,3,0,57,52ef1e,52ef1e,1
1,3,0,58,66fbe8,66fbe8,1
1,3,0,59,141cc1,141cc1,1
1,3,0,60,0a7299,0a7299,1
1,3,0,61,6f4ad7,6f4ad7,1
1,3,0,62,2064f5,2064f5,1
1,3,0,63,657a21,657a21,1
1,3,0,64,2ca486,2ca486,1
1,3,0,65,02a2fa,02a2fa,1
1,3,0,66,23d218,23d218,1
1,3,0,67,581615,581615,1
1,3,0,68,102309,102309,1
1,3,0,69,617258,617258,1
1,3,0,70,30620b,30620b,1
1,3,0,71,36c34b,36c34b,1
1,3,0,72,5e8b97,5e8b97,1
1,3,0,73,7201be,7201be,1
1,3,0,74,66c8db,66c8db,1
1,3,0,75,237c19,237c19,1
1,3,0,76,4da6d5,4da6d5,1
1,3,0,77,7915b9,7915b9,1
1,3,0,78,251463,251463,1
1,3,0,79,36edbf,36edbf,1
1,3,0,80,501da2,501da2,1
1,3,0,81,7079be,7079be,1
1,3,0,82,272578,272578,1
1,3,0,83,50f62b,50f62b,1
1,3,0,84,439382,439382,1
1,3,0,85,4df6f6,4df6f6,1
1,3,0,86,328515,328515,1
1,3,0,87,7a8148,7a8148,1
1,3,0,88,652a5d,652a5d,1
1,3,0,89,6c3929,6c3929,1
1,3,0,90,4e2c5c,4e2c5c,1
1,3,0,91,1879d5,1879d5,1
1,3,0,92,07e267,07e267,1
1,3,0,93,1180df,1180df,1
1,3,0,94,6c027a,6c027a,1
1,3,0,95,1b107a,1b107a,1
1,3,0,96,6c0a79,6c0a79,1
1,3,0,97,013fae,013fae,1
1,3,0,98,0f3f49,0f3f49,1
1,3,0,99,6d0c32,6d0c32,1
1,3,0,100,325434,325434,1
1,3,0,101,7e7a9c,7e7a9c,1
1,3,0,102,781030,781030,1
1,3,0,103,388648,388648,1
1,3,0,104,3c48b7,3c48b7,1
1,3,0,105,1ab291,1ab291,1
1,3,0,106,63343c,63343c,1
1,3,0,107,70df4b,70df4b,1
1,3,0,108,7f063f,7f063f,1
1,3,0,109,4d6c13,4d6c13,1
1,3,0,110,492424,492424,1
1,3,0,111,3ffe0d,3ffe0d,1
1,3,0,112,57bfee,57bfee,1
1,3,0,113,31135e,31135e,1
1,3,0,114,1eeb7b,1eeb7b,1
1,3,0,115,622f92,622f92,1
1,3,0,116,3beb5f,3beb5f,1
1,3,0,117,26d539,26d539,1
1,3,0,118,23ee9c,23ee9c,1
1,3,0,119,622a00,622a00,1
1,3,0,120,111e2e,111e2e,1
1,3,0,121,2ac8d2,2ac8d2,1
1,3,0,122,38a65e,38a65e,1
1,3,0,123,067df7,067df7,1
1,3,0,124,4157bb,4157bb,1
1,3,0,125,7f28d1,7f28d1,1
1,3,0,126,1d5e80,1d5e80,1
1,3,0,127,7a571c,7a571c,1
1,3,0,128,03cd36,03cd36,1
1,3,0,129,1b77cc,1b77cc,1
1,3,0,130,1ff373,1ff373,1
1,3,0,131,0173b9,0173b9,1
1,3,0,132,4e34e7,4e34e7,1
1,3,0,133,656bca,656bca,1
1,3,0,134,66e1a8,66e1a8,1
1,3,0,135,4b528c,4b528c,1
1,3,0,136,329ace,329ace,1
1,3,0,137,79f312,79f312,1
1,3,0,138,1b2001,1b2001,1
1,3,0,139,693620,693620,1
1,3,0,140,3156ab,3156ab,1
1,3,0,141,7f8df1,7f8df1,1
1,3,0,142,1434a4,1434a4,1
1,3,0,143,48086f,48086f,1
1,3,0,144,4176b9,4176b9,1
1,3,0,145,2ef5f3,2ef5f3,1
1,3,0,146,2a427f,2a427f,1
1,3,0,147,37ff10,37ff10,1
1,3,0,148,1e1084,1e1084,1
1,3,0,149,7b2a27,7b2a27,1
1,3,0,150,08056f,08056f,1
1,3,0,151,08c126,08c126,1
1,3,0,152,32f384,32f384,1
1,3,0,153,495a19,495a19,1
1,3,0,154,6de6fe,6de6fe,1
1,3,0,155,376dcf,376dcf,1
1,3,0,156,7212c6,7212c6,1
1,3,0,157,15a23c,15a23c,1
1,3,0,158,2454d4,2454d4,1
1,3,0,159,2c44fe,2c44fe,1
1,3,0,160,344d5c,344d5c,1
1,3,0,161,6c4107,6c4107,1
1,3,0,162,793e9d,793e9d,1
1,3,0,163,642c0b,642c0b,1
1,3,0,164,547df9,547df9,1
1,3,0,165,2f4133,2f4133,1
1,3,0,166,24239d,24239d,1
1,3,0,167,702c35,702c35,1
1,3,0,168,038236,038236,1
1,3,0,169,3aeac4,3aeac4,1
1,3,0,170,1d139c,1d139c,1
1,3,0,171,00e1e1,00e1e1,1
1,3,0,172,63e9bc,63e9bc,1
1,3,0,173,357a7a,357a7a,1
1,3,0,174,79a6bd,79a6bd,1
1,3,0,175,7f36a4,7f36a4,1
1,3,0,176,01ecfa,01ecfa,1
1,3,0,177,05811d,05811d,1
1,3,0,178,79974f,79974f,1
1,3,0,179,50e0c6,50e0c6,1
1,3,0,180,0eeba3,0eeba3,1
1,3,0,181,741d37,741d37,1
1,3,0,182,2d6af3,2d6af3,1
1,3,0,183,358393,358393,1
1,3,0,184,18615d,18615d,1
1,3,0,185,020c70,020c70,1
1,3,0,186,7fc109,7fc109,1
1,3,0,187,145f70,145f70,1
1,3,0,188,5e6da1,5e6da1,1
1,3,0,189,2d59cf,2d59cf,1
1,3,0,190,42b6c1,42b6c1,1
1,3,0,191,3d5bc4,3d5bc4,1
1,3,0,192,15f294,15f294,1
1,3,0,193,0e82e8,0e82e8,1
1,3,0,194,550242,550242,1
1,3,0,195,07ef00,07ef00,1
1,3,0,196,2c4cb0,2c4cb0,1
1,3,0,197,01d5d6,01d5d6,1
1,3,0,198,501450,501450,1
1,3,0,199,2f1f12,2f1f12,1
1,3,0,200,7bb790,7bb790,1
1,3,0,201,5ae5a5,5ae5a5,1
1,3,0,202,1787bf,1787bf,1
1,3,0,203,7a97e2,7a97e2,1
1,3,0,204,4e9409,4e9409,1
1,3,0,205,787206,787206,1
1,3,0,206,7ee762,7ee762,1
1,3,0,207,006116,006116,1
1,3,0,208,12d301,12d301,1
1,3,0,209,332925,332925,1
1,3,0,210,08069e,08069e,1
1,3,0,211,2044e0,2044e0,1
1,3,0,212,41685a,41685a,1
1,3,0,213,226026,226026,1
1,3,0,214,087f10,087f10,1
1,3,0,215,12dc94,12dc94,1
1,3,0,216,717229,717229,1
1,3,0,217,6d785b,6d785b,1
1,3,0,218,3701b6,3701b6,1
1,3,0,219,7161f0,7161f0,1
1,3,0,220,2e75f8,2e75f8,1
1,3,0,221,346a28,346a28,1
1,3,0,222,4d12b0,4d12b0,1
1,3,0,223,76ebef,76ebef,1
1,3,0,224,0d3321,0d3321,1
1,3,0,225,436e04,436e04,1
1,3,0,226,495fad,495fad,1
1,3,0,227,523830,523830,1
1,3,0,228,1490f1,1490f1,1
1,3,0,229,648c77,648c77,1
1,3,0,230,305433,305433,1
1,3,0,231,54ee9d,54ee9d,1
1,3,0,232,38b802,38b802,1
1,3,0,233,1da6a1,1da6a1,1
1,3,0,234,22430e,22430e,1
1,3,0,235,73ee48,73ee48,1
1,3,0,236,1017c8,1017c8,1
1,3,0,237,454d7a,454d7a,1
1,3,0,238,1e1bfc,1e1bfc,1
1,3,0,239,493ba1,493ba1,1
1,3,0,240,7fa8b5,7fa8b5,1
1,3,0,241,1ff4c5,1ff4c5,1
1,3,0,242,467336,467336,1
1,3,0,243,067609,067609,1
1,3,0,244,1e92de,1e92de,1
1,3,0,245,339889,339889,1
1,3,0,246,3980c5,3980c5,1
1,3,0,247,4a2d64,4a2d64,1
1,3,0,248,71130c,71130c,1
1,3,0,249,0fd635,0fd635,1
1,3,0,250,70e7ae,70e7ae,1
1,3,0,251,276898,276898,1
1,3,0,252,1f5db3,1f5db3,1
1,3,0,253,0c76ae,0c76ae,1
1,3,0,254,6026ab,6026ab,1
1,3,0,255,509b0b,509b0b,1
1,3,1,0,0cd5e8,0cd5e8,1
1,3,1,1,7937f5,7937f5,1
1,3,1,2,7d3433,7d3433,1
1,3,1,3,7068ba,7068ba,1
1,3,1,4,696e22,696e22,1
1,3,1,5,775a02,775a02,1
1,3,1,6,37b53f,37b53f,1
1,3,1,7,055e22,055e22,1
1,3,1,8,74b1fb,74b1fb,1
1,3,1,9,1f2313,1f2313,1
1,3,1,10,672432,672432,1
1,3,1,11,658d15,658d15,1
1,3,1,12,58ef39,58ef39,1
1,3,1,13,654553,654553,1
1,3,1,14,0fd245,0fd245,1
1,3,1,15,23dcf6,23dcf6,1
1,3,1,16,5cdd5c,5cdd5c,1
1,3,1,17,70094d,70094d,1
1,3,1,18,4e041d,4e041d,1
1,3,1,19,7f7dc5,7f7dc5,1
1,3,1,20,6d6dbf,6d6dbf,1
1,3,1,21,756ed9,756ed9,1
1,3,1,22,4b4a39,4b4a39,1
1,3,1,23,301b29,301b29,1
1,3,1,24,0ae1f1,0ae1f1,1
1,3,1,25,07df19,07df19,1
1,3,1,26,06274e,06274e,1
1,3,1,27,199bd5,199bd5,1
1,3,1,28,1fc598,1fc598,1
1,3,1,29,4ef322,4ef322,1
1,3,1,30,04ff16,04ff16,1
1,3,1,31,76765b,76765b,1
1,3,1,32,53821f,53821f,1
1,3,1,33,53d9d9,53d9d9,1
1,3,1,34,2beb9d,2beb9d,1
1,3,1,35,004acf,004acf,1
1,3,1,36,0339ad,0339ad,1
1,3,1,37,47b3f1,47b3f1,1
1,3,1,38,11eb2f,11eb2f,1
1,3,1,39,45be0f,45be0f,1
1,3,1,40,44781f,44781f,1
1,3,1,41,09af11,09af11,1
1,3,1,42,583e34,583e34,1
1,3,1,43,4d1577,4d1577,1
1,3,1,44,44a2cb,44a2cb,1
1,3,1,45,6e3f9d,6e3f9d,1
1,3,1,46,2426d8,2426d8,1
1,3,1,47,752b19,752b19,1
1,3,1,48,4a09f0,4a09f0,1
1,3,1,49,798c5a,798c5a,1
1,3,1,50,419c77,419c77,1
1,3,1,51,78c1f9,78c1f9,1
1,3,1,52,6d7a31,6d7a31,1
1,3,1,53,54d060,54d060,1
1,3,1,54,36a19f,36a19f,1
1,3,1,55,7c3a50,7c3a50,1
1,3,1,56,67db23,67db23,1
1,3,1,57,368e35,368e35,1
1,3,1,58,75f90b,75f90b,1
1,3,1,59,22fe9c,22fe9c,1
1,3,1,60,039f25,039f25,1
1,3,1,61,1244b0,1244b0,1
1,3,1,62,2a9ef6,2a9ef6,1
1,3,1,63,67a27e,67a27e,1
1,3,1,64,7ced5d,7ced5d,1
1,3,1,65,29a86f,29a86f,1
1,3,1,66,16368a,16368a,1
1,3,1,67,3804df,3804df,1
1,3,1,68,42aaa8,42aaa8,1
1,3,1,69,61408c,61408c,1
1,3,1,70,1e8262,1e8262,1
1,3,1,71,0f4aaa,0f4aaa,1
1,3,1,72,1bfc83,1bfc83,1
1,3,1,73,04430e,04430e,1
1,3,1,74,055e6e,055e6e,1
1,3,1,75,7e8a83,7e8a83,1
1,3,1,76,73ff14,73ff14,1
1,3,1,77,507dfc,507dfc,1
1,3,1,78,1de9e6,1de9e6,1
1,3,1,79,34ff8e,34ff8e,1
1,3,1,80,650fe7,650fe7,1
1,3,1,81,331c1f,331c1f,1
1,3,1,82,41f281,41f281,1
1,3,1,83,2784c0,2784c0,1
1,3,1,84,76a3f1,76a3f1,1
1,3,1,85,0b2262,0b2262,1
1,3,1,86,46dc1a,46dc1a,1
1,3,1,87,507faf,507faf,1
1,3,1,88,530084,530084,1
1,3,1,89,7fc9bd,7fc9bd,1
1,3,1,90,03473e,03473e,1
1,3,1,91,0cb053,0cb053,1
1,3,1,92,16c4c1,16c4c1,1
1,3,1,93,7aa712,7aa712,1
1,3,1,94,6134dd,6134dd,1
1,3,1,95,1e42c3,1e42c3,1
1,3,1,96,03db1a,03db1a,1
1,3,1,97,1b5ff2,1b5ff2,1
1,3,1,98,3f113a,3f113a,1
1,3,1,99,16e3c5,16e3c5,1
1,3,1,100,359864,359864,1
1,3,1,101,5f00f7,5f00f7,1
1,3,1,102,4dd30c,4dd30c,1
1,3,1,103,181d3b,181d3b,1
1,3,1,104,09af20,09af20,1
1,3,1,105,3d2973,3d2973,1
1,3,1,106,19a656,19a656,1
1,3,1,107,541a4e,541a4e,1
1,3,1,108,79ed98,79ed98,1
1,3,1,109,2f799d,2f799d,1
1,3,1,110,6a377e,6a377e,1
1,3,1,111,021a69,021a69,1
1,3,1,112,04f611,04f611,1
1,3,1,113,08b5f0,08b5f0,1
1,3,1,114,2affe6,2affe6,1
1,3,1,115,630dc7,630dc7,1
1,3,1,116,15e91d,15e91d,1
1,3,1,117,5a3ea3,5a3ea3,1
1,3,1,118,33fb5a,33fb5a,1
1,3,1,119,03c7eb,03c7eb,1
1,3,1,120,361143,361143,1
1,3,1,121,265cfb,265cfb,1
1,3,1,122,3901ac,3901ac,1
1,3,1,123,3cde9d,3cde9d,1
1,3,1,124,12161f,12161f,1
1,3,1,125,075440,075440,1
1,3,1,126,042bab,042bab,1
1,3,1,127,2b33fd,2b33fd,1
1,3,1,128,75dc5d,75dc5d,1
1,3,1,129,79f455,79f455,1
1,3,1,130,09cbd1,09cbd1,1
1,3,1,131,334e72,334e72,1
1,3,1,132,5c1f5a,5c1f5a,1
1,3,1,133,4ed8d9,4ed8d9,1
1,3,1,134,7fda1e,7fda1e,1
1,3,1,135,4ce729,4ce729,1
1,3,1,136,22c8b5,22c8b5,1
1,3,1,137,60d98f,60d98f,1
1,3,1,138,154120,154120,1
1,3,1,139,28d423,28d423,1
1,3,1,140,35c6d4,35c6d4,1
1,3,1,141,5088cc,5088cc,1
1,3,1,142,1e4554,1e4554,1
1,3,1,143,2e5724,2e5724,1
1,3,1,144,5be1eb,5be1eb,1
1,3,1,145,4986bf,4986bf,1
1,3,1,146,75df10,75df10,1
1,3,1,147,2528b9,2528b9,1
1,3,1,148,35cc94,35cc94,1
1,3,1,149,635d3f,635d3f,1
1,3,1,150,775e31,775e31,1
1,3,1,151,6af7d8,6af7d8,1
1,3,1,152,579108,579108,1
1,3,1,153,4ae93e,4ae93e,1
1,3,1,154,02c01c,02c01c,1
1,3,1,155,25dcd3,25dcd3,1
1,3,1,156,1988cf,1988cf,1
1,3,1,157,3a4701,3a4701,1
1,3,1,158,05808b,05808b,1
1,3,1,159,3ab072,3ab072,1
1,3,1,160,1aae70,1aae70,1
1,3,1,161,19a341,19a341,1
1,3,1,162,12a0f9,12a0f9,1
1,3,1,163,2bc40a,2bc40a,1
1,3,1,164,2dd2a9,2dd2a9,1
1,3,1,165,6e8526,6e8526,1
1,3,1,166,5df43d,5df43d,1
1,3,1,167,67f0f7,67f0f7,1
1,3,1,168,3e28cb,3e28cb,1
1,3,1,169,6f1624,6f1624,1
1,3,1,170,14535c,14535c,1
1,3,1,171,2440b7,2440b7,1
1,3,1,172,50b009,50b009,1
1,3,1,173,45fd6d,45fd6d,1
1,3,1,174,76b9a4,76b9a4,1
1,3,1,175,13ee01,13ee01,1
1,3,1,176,0e141b,0e141b,1
1,3,1,177,36f423,36f423,1
1,3,1,178,7d8e95,7d8e95,1
1,3,1,179,208cff,208cff,1
1,3,1,180,1fcdd7,1fcdd7,1
1,3,1,181,39767c,39767c,1
1,3,1,182,288fb2,288fb2,1
1,3,1,183,4d9176,4d9176,1
1,3,1,184,6e87c8,6e87c8,1
1,3,1,185,090644,090644,1
1,3,1,186,3f6fd1,3f6fd1,1
1,3,1,187,604461,604461,1
1,3,1,188,171e3c,171e3c,1
1,3,1,189,27097e,27097e,1
1,3,1,190,0fc3f9,0fc3f9,1
1,3,1,191,08229a,08229a,1
1,3,1,192,16585c,16585c,1
1,3,1,193,4e3a49,4e3a49,1
1,3,1,194,5c3d37,5c3d37,1
1,3,1,195,2c6cc2,2c6cc2,1
1,3,1,196,548434,548434,1
1,3,1,197,395881,395881,1
1,3,1,198,4caf16,4caf16,1
1,3,1,199,614c93,614c93,1
1,3,1,200,50db27,50db27,1
1,3,1,201,3b0e67,3b0e67,1
1,3,1,202,50e5b8,50e5b8,1
1,3,1,203,244379,244379,1
1,3,1,204,75befc,75befc,1
1,3,1,205,574811,574811,1
1,3,1,206,3538a1,3538a1,1
1,3,1,207,083925,083925,1
1,3,1,208,5dcf60,5dcf60,1
1,3,1,209,2e225f,2e225f,1
1,3,1,210,7aef3f,7aef3f,1
1,3,1,211,5f3856,5f3856,1
1,3,1,212,41ae66,41ae66,1
1,3,1,213,225cf9,225cf9,1
1,3,1,214,17c549,17c549,1
1,3,1,215,2124bb,2124bb,1
1,3,1,216,7ba260,7ba260,1
1,3,1,217,330608,330608,1
1,3,1,218,1dec65,1dec65,1
1,3,1,219,250be0,250be0,1
1,3,1,220,3c1bcb,3c1bcb,1
1,3,1,221,5fb45a,5fb45a,1
1,3,1,222,0474f8,0474f8,1
1,3,1,223,45cb38,45cb38,1
1,3,1,224,1c2df8,1c2df8,1
1,3,1,225,04055e,04055e,1
1,3,1,226,60b54e,60b54e,1
1,3,1,227,44bcee,44bcee,1
1,3,1,228,630c8b,630c8b,1
1,3,1,229,272c9f,272c9f,1
1,3,1,230,4ca2c8,4ca2c8,1
1,3,1,231,401e3a,401e3a,1
1,3,1,232,3440b3,3440b3,1
1,3,1,233,769edb,769edb,1
1,3,1,234,75120f,75120f,1
1,3,1,235,637de3,637de3,1
1,3,1,236,1c1525,1c1525,1
1,3,1,237,5923d3,5923d3,1
1,3,1,238,4d84c3,4d84c3,1
1,3,1,239,547553,547553,1
1,3,1,240,253d20,253d20,1
1,3,1,241,46f282,46f282,1
1,3,1,242,6f362e,6f362e,1
1,3,1,243,024543,024543,1
1,3,1,244,38e458,38e458,1
1,3,1,245,7ce7f1,7ce7f1,1
1,3,1,246,2de301,2de301,1
1,3,1,247,63c2b3,63c2b3,1
1,3,1,248,5a8e47,5a8e47,1
1,3,1,249,781a84,781a84,1
1,3,1,250,398526,398526,1
1,3,1,251,28daae,28daae,1
1,3,1,252,24df46,24df46,1
1,3,1,253,16c77a,16c77a,1
1,3,1,254,79aa3a,79aa3a,1
1,3,1,255,5614d6,5614d6,1
1,3,2,0,75d2ef,75d2ef,1
1,3,2,1,4a4bf1,4a4bf1,1
1,3,2,2,4bd09b,4bd09b,1
1,3,2,3,1d858d,1d858d,1
1,3,2,4,02c996,02c996,1
1,3,2,5,6b70f3,6b70f3,1
1,3,2,6,1ad32a,1ad32a,1
1,3,2,7,6e74f4,6e74f4,1
1,3,2,8,2b9b18,2b9b18,1
1,3,2,9,2964d3,2964d3,1
1,3,2,10,742676,742676,1
1,3,2,11,4cce0e,4cce0e,1
1,3,2,12,1453bb,1453bb,1
1,3,2,13,5915e3,5915e3,1
1,3,2,14,02eb34,02eb34,1
1,3,2,15,04a670,04a670,1
1,3,2,16,27376b,27376b,1
1,3,2,17,0f9b0b,0f9b0b,1
1,3,2,18,6d15c2,6d15c2,1
1,3,2,19,7ef9bd,7ef9bd,1
1,3,2,20,161a1c,161a1c,1
1,3,2,21,45af4e,45af4e,1
1,3,2,22,07bc22,07bc22,1
1,3,2,23,1b29a1,1b29a1,1
1,3,2,24,6a5797,6a5797,1
1,3,2,25,752b41,752b41,1
1,3,2,26,20b635,20b635,1
1,3,2,27,05960c,05960c,1
1,3,2,28,191833,191833,1
1,3,2,29,480a92,480a92,1
1,3,2,30,5f2762,5f2762,1
1,3,2,31,6c4826,6c4826,1
1,3,2,32,475f84,475f84,1
1,3,2,33,031d13,031d13,1
1,3,2,34,3b3cfe,3b3cfe,1
1,3,2,35,7eb435,7eb435,1
1,3,2,36,56e3f4,56e3f4,1
1,3,2,37,148d10,148d10,1
1,3,2,38,3f4a0b,3f4a0b,1
1,3,2,39,13027a,13027a,1
1,3,2,40,4a14be,4a14be,1
1,3,2,41,2366ac,2366ac,1
1,3,2,42,75145d,75145d,1
1,3,2,43,799018,799018,1
1,3,2,44,697785,697785,1
1,3,2,45,0aac7e,0aac7e,1
1,3,2,46,412cb3,412cb3,1
1,3,2,47,5bf72d,5bf72d,1
1,3,2,48,0e38bc,0e38bc,1
1,3,2,49,3600d1,3600d1,1
1,3,2,50,06c162,06c162,1
1,3,2,51,319d7b,319d7b,1
1,3,2,52,4aa084,4aa084,1
1,3,2,53,2d2ef8,2d2ef8,1
1,3,2,54,00c0ef,00c0ef,1
1,3,2,55,6d3c08,6d3c08,1
1,3,2,56,4df95c,4df95c,1
1,3,2,57,705233,705233,1
1,3,2,58,090573,090573,1
1,3,2,59,7b8500,7b8500,1
1,3,2,60,029afa,029afa,1
1,3,2,61,0f0d0f,0f0d0f,1
1,3,2,62,556a32,556a32,1
1,3,2,63,2abcf6,2abcf6,1
1,3,2,64,646e0b,646e0b,1
1,3,2,65,5a77a2,5a77a2,1
1,3,2,66,58d325,58d325,1
1,3,2,67,39aef4,39aef4,1
1,3,2,68,39c265,39c265,1
1,3,2,69,218a33,218a33,1
1,3,2,70,16d593,16d593,1
1,3,2,71,3162e2,3162e2,1
1,3,2,72,1fd134,1fd134,1
1,3,2,73,493443,493443,1
1,3,2,74,3aa1f7,3aa1f7,1
1,3,2,75,5d3b65,5d3b65,1
1,3,2,76,0f017d,0f017d,1
1,3,2,77,62412e,62412e,1
1,3,2,78,4227f6,4227f6,1
1,3,2,79,21fca3,21fca3,1
1,3,2,80,48dbb5,48dbb5,1
1,3,2,81,00a3eb,00a3eb,1
1,3,2,82,36a8e5,36a8e5,1
1,3,2,83,745687,745687,1
1,3,2,84,4e7415,4e7415,1
1,3,2,85,745422,745422,1
1,3,2,86,7882c8,7882c8,1
1,3,2,87,3e3e9c,3e3e9c,1
1,3,2,88,67e1a3,67e1a3,1
1,3,2,89,3cedcb,3cedcb,1
1,3,2,90,106582,106582,1
1,3,2,91,1c679e,1c679e,1
1,3,2,92,1657cb,1657cb,1
1,3,2,93,159199,159199,1
1,3,2,94,58adf8,58adf8,1
1,3,2,95,355987,355987,1
1,3,2,96,15eea1,15eea1,1
1,3,2,97,4f671f,4f671f,1
1,3,2,98,18d8c1,18d8c1,1
1,3,2,99,047966,047966,1
1,3,2,100,0ea7b0,0ea7b0,1
1,3,2,101,3d2f39,3d2f39,1
1,3,2,102,195256,195256,1
1,3,2,103,300554,300554,1
1,3,2,104,2dc101,2dc101,1
1,3,2,105,581d3b,581d3b,1
1,3,2,106,526ba7,526ba7,1
1,3,2,107,55bf52,55bf52,1
1,3,2,108,575477,575477,1
1,3,2,109,2a1978,2a1978,1
1,3,2,110,5ac3df,5ac3df,1
1,3,2,111,444d19,444d19,1
1,3,2,112,4858a5,4858a5,1
1,3,2,113,13000f,13000f,1
1,3,2,114,1eaa49,1eaa49,1
1,3,2,115,69f92e,69f92e,1
1,3,2,116,43d9aa,43d9aa,1
1,3,2,117,34a047,34a047,1
1,3,2,118,4b897c,4b897c,1
1,3,2,119,2c2a62,2c2a62,1
1,3,2,120,626926,626926,1
1,3,2,121,28e1ea,28e1ea,1
1,3,2,122,4accac,4accac,1
1,3,2,123,5b9509,5b9509,1
1,3,2,124,57e222,57e222,1
1,3,2,125,5457ff,5457ff,1
1,3,2,126,5f344a,5f344a,1
1,3,2,127,22e8a2,22e8a2,1
1,3,2,128,4f1d09,4f1d09,1
1,3,2,129,5ac53a,5ac53a,1
1,3,2,130,50b9e3,50b9e3,1
1,3,2,131,3b50bf,3b50bf,1
1,3,2,132,6cb943,6cb943,1
1,3,2,133,3a3d8a,3a3d8a,1
1,3,2,134,47ed04,47ed04,1
1,3,2,135,22ec27,22ec27,1
1,3,2,136,7d979f,7d979f,1
1,3,2,137,5631ac,5631ac,1
1,3,2,138,04dbfe,04dbfe,1
1,3,2,139,5e267e,5e267e,1
1,3,2,140,5b9497,5b9497,1
1,3,2,141,21e873,21e873,1
1,3,2,142,3187e9,3187e9,1
1,3,2,143,5bc25b,5bc25b,1
1,3,2,144,5d60de,5d60de,1
1,3,2,145,135837,135837,1
1,3,2,146,42788a,42788a,1
1,3,2,147,090017,090017,1
1,3,2,148,62ff9f,62ff9f,1
1,3,2,149,5da0ed,5da0ed,1
1,3,2,150,45c3e9,45c3e9,1
1,3,2,151,30d236,30d236,1
1,3,2,152,23176c,23176c,1
1,3,2,153,526250,526250,1
1,3,2,154,04cc7f,04cc7f,1
1,3,2,155,263ae4,263ae4,1
1,3,2,156,786374,786374,1
1,3,2,157,1e6e16,1e6e16,1
1,3,2,158,0b5be0,0b5be0,1
1,3,2,159,2886e4,2886e4,1
1,3,2,160,743e8f,743e8f,1
1,3,2,161,725365,725365,1
1,3,2,162,6170eb,6170eb,1
1,3,2,163,61fecb,61fecb,1
1,3,2,164,6d250a,6d250a,1
1,3,2,165,7e4855,7e4855,1
1,3,2,166,4efcc2,4efcc2,1
1,3,2,167,3ebae6,3ebae6,1
1,3,2,168,4dd837,4dd837,1
1,3,2,169,0f32ba,0f32ba,1
1,3,2,170,3aaeaa,3aaeaa,1
1,3,2,171,714aca,714aca,1
1,3,2,172,0d0ca7,0d0ca7,1
1,3,2,173,765aeb,765aeb,1
1,3,2,174,2638f5,2638f5,1
1,3,2,175,12a4a8,12a4a8,1
1,3,2,176,69d228,69d228,1
1,3,2,177,697a66,697a66,1
1,3,2,178,7dc79b,7dc79b,1
1,3,2,179,6c4d5b,6c4d5b,1
1,3,2,180,03b677,03b677,1
1,3,2,181,06d3fb,06d3fb,1
1,3,2,182,63c66a,63c66a,1
1,3,2,183,393eb8,393eb8,1
1,3,2,184,216277,216277,1
1,3,2,185,1e1426,1e1426,1
1,3,2,186,091153,091153,1
1,3,2,187,48b15a,48b15a,1
1,3,2,188,3bc195,3bc195,1
1,3,2,189,109e80,109e80,1
1,3,2,190,29ad1f,29ad1f,1
1,3,2,191,070d34,070d34,1
1,3,2,192,73931c,73931c,1
1,3,2,193,77c05d,77c05d,1
1,3,2,194,7e52ce,7e52ce,1
1,3,2,195,28986d,28986d,1
1,3,2,196,2ba79c,2ba79c,1
1,3,2,197,2b9626,2b9626,1
1,3,2,198,23535b,23535b,1
1,3,2,199,4e5f3a,4e5f3a,1
1,3,2,200,7ba383,7ba383,1
1,3,2,201,3b1cd6,3b1cd6,1
1,3,2,202,6e0a4a,6e0a4a,1
1,3,2,203,74a6df,74a6df,1
1,3,2,204,3768a0,3768a0,1
1,3,2,205,1a5489,1a5489,1
1,3,2,206,104d70,104d70,1
1,3,2,207,3be338,3be338,1
1,3,2,208,2e4ff6,2e4ff6,1
1,3,2,209,0678d6,0678d6,1
1,3,2,210,65d2dc,65d2dc,1
1,3,2,211,1a05f9,1a05f9,1
1,3,2,212,3f7780,3f7780,1
1,3,2,213,379c18,379c18,1
1,3,2,214,1b5696,1b5696,1
1,3,2,215,371887,371887,1
1,3,2,216,2e39d6,2e39d6,1
1,3,2,217,08f39e,08f39e,1
1,3,2,218,1fe492,1fe492,1
1,3,2,219,387ee5,387ee5,1
1,3,2,220,157078,157078,1
1,3,2,221,319309,319309,1
1,3,2,222,1d6cac,1d6cac,1
1,3,2,223,3f6ea0,3f6ea0,1
1,3,2,224,7e2866,7e2866,1
1,3,2,225,152dc7,152dc7,1
1,3,2,226,2e7af6,2e7af6,1
1,3,2,227,7d39e9,7d39e9,1
1,3,2,228,6dc3c0,6dc3c0,1
1,3,2,229,1da234,1da234,1
1,3,2,230,04b68a,04b68a,1
1,3,2,231,347cfe,347cfe,1
1,3,2,232,2dd380,2dd380,1
1,3,2,233,780050,780050,1
1,3,2,234,58b080,58b080,1
1,3,2,235,56542d,56542d,1
1,3,2,236,145a79,145a79,1
1,3,2,237,419a03,419a03,1
1,3,2,238,24adfc,24adfc,1
1,3,2,239,453298,453298,1
1,3,2,240,323646,323646,1
1,3,2,241,0deae2,0deae2,1
1,3,2,242,4af31a,4af31a,1
1,3,2,243,3faf6c,3faf6c,1
1,3,2,244,330602,330602,1
1,3,2,245,708975,708975,1
1,3,2,246,24366f,24366f,1
1,3,2,247,579578,579578,1
1,3,2,248,08e4f7,08e4f7,1
1,3,2,249,0ba1f8,0ba1f8,1
1,3,2,250,6856c1,6856c1,1
1,3,2,251,01f3b6,01f3b6,1
1,3,2,252,6d819f,6d819f,1
1,3,2,253,5229d0,5229d0,1
1,3,2,254,6999cb,6999cb,1
1,3,2,255,426609,426609,1
1,3,3,0,0b1b09,0b1b09,1
1,3,3,1,3221d8,3221d8,1
1,3,3,2,283517,283517,1
1,3,3,3,2a1dea,2a1dea,1
1,3,3,4,1fb03b,1fb03b,1
1,3,3,5,63a9de,63a9de,1
1,3,3,6,7a5a0b,7a5a0b,1
1,3,3,7,66a3f7,66a3f7,1
1,3,3,8,1e82b3,1e82b3,1
1,3,3,9,0d9330,0d9330,1
1,3,3,10,12e2c3,12e2c3,1
1,3,3,11,5b6203,5b6203,1
1,3,3,12,4ac0aa,4ac0aa,1
1,3,3,13,59f839,59f839,1
1,3,3,14,67af4b,67af4b,1
1,3,3,15,3345fb,3345fb,1
1,3,3,16,0d0cb4,0d0cb4,1
1,3,3,17,7fb508,7fb508,1
1,3,3,18,3a44bd,3a44bd,1
1,3,3,19,3ff1ce,3ff1ce,1
1,3,3,20,522907,522907,1
1,3,3,21,279912,279912,1
1,3,3,22,0ac0d3,0ac0d3,1
1,3,3,23,1bad8f,1bad8f,1
1,3,3,24,4ce865,4ce865,1
1,3,3,25,0ffb58,0ffb58,1
1,3,3,26,21cb65,21cb65,1
1,3,3,27,3dc5b0,3dc5b0,1
1,3,3,28,3ebac5,3ebac5,1
1,3,3,29,36aa4e,36aa4e,1
1,3,3,30,324189,324189,1
1,3,3,31,3c4285,3c4285,1
1,3,3,32,335e52,335e52,1
1,3,3,33,6898e7,6898e7,1
1,3,3,34,44ef13,44ef13,1
1,3,3,35,045992,045992,1
1,3,3,36,3a620c,3a620c,1
1,3,3,37,55fd84,55fd84,1
1,3,3,38,13dc17,13dc17,1
1,3,3,39,47a60a,47a60a,1
1,3,3,40,73cf24,73cf24,1
1,3,3,41,2c0c6e,2c0c6e,1
1,3,3,42,0ee9b1,0ee9b1,1
1,3,3,43,2c7e45,2c7e45,1
1,3,3,44,2a805d,2a805d,1
1,3,3,45,398ca2,398ca2,1
1,3,3,46,6cc252,6cc252,1
1,3,3,47,324890,324890,1
1,3,3,48,6ca7f4,6ca7f4,1
1,3,3,49,05a371,05a371,1
1,3,3,50,0c4380,0c4380,1
1,3,3,51,5307c3,5307c3,1
1,3,3,52,0f2f8a,0f2f8a,1
1,3,3,53,771fdb,771fdb,1
1,3,3,54,123ab5,123ab5,1
1,3,3,55,198fcc,198fcc,1
1,3,3,56,61cf99,61cf99,1
1,3,3,57,633001,633001,1
1,3,3,58,091ef3,091ef3,1
1,3,3,59,061303,061303,1
1,3,3,60,6bc56e,6bc56e,1
1,3,3,61,7dacf6,7dacf6,1
1,3,3,62,5c8afa,5c8afa,1
1,3,3,63,03d39a,03d39a,1
1,3,3,64,66b0fd,66b0fd,1
1,3,3,65,3ff9a9,3ff9a9,1
1,3,3,66,378b21,378b21,1
1,3,3,67,6aeabe,6aeabe,1
1,3,3,68,3630c8,3630c8,1
1,3,3,69,3e350f,3e350f,1
1,3,3,70,34d920,34d920,1
1,3,3,71,32b695,32b695,1
1,3,3,72,639736,639736,1
1,3,3,73,467620,467620,1
1,3,3,74,39265b,39265b,1
1,3,3,75,536ea3,536ea3,1
1,3,3,76,6651cb,6651cb,1
1,3,3,77,3538f9,3538f9,1
1,3,3,78,56a991,56a991,1
1,3,3,79,683a41,683a41,1
1,3,3,80,0812ee,0812ee,1
1,3,3,81,0506c9,0506c9,1
1,3,3,82,12f9b6,12f9b6,1
1,3,3,83,691e8e,691e8e,1
1,3,3,84,05cdd1,05cdd1,1
1,3,3,85,260366,260366,1
1,3,3,86,1fbb77,1fbb77,1
1,3,3,87,177aff,177aff,1
1,3,3,88,03ebe9,03ebe9,1
1,3,3,89,5566f1,5566f1,1
1,3,3,90,1a294a,1a294a,1
1,3,3,91,595d89,595d89,1
1,3,3,92,0265e0,0265e0,1
1,3,3,93,567053,567053,1
1,3,3,94,6d0d36,6d0d36,1
1,3,3,95,038919,038919,1
1,3,3,96,144407,144407,1
1,3,3,97,0e33dc,0e33dc,1
1,3,3,98,6b92a7,6b92a7,1
1,3,3,99,729c79,729c79,1
1,3,3,100,0fb4ad,0fb4ad,1
1,3,3,101,302b91,302b91,1
1,3,3,102,6a82cc,6a82cc,1
1,3,3,103,7ea609,7ea609,1
1,3,3,104,1b1b38,1b1b38,1
1,3,3,105,2c3fc5,2c3fc5,1
1,3,3,106,2d24dd,2d24dd,1
1,3,3,107,2ea354,2ea354,1
1,3,3,108,4bc081,4bc081,1
1,3,3,109,254b9f,254b9f,1
1,3,3,110,6a651a,6a651a,1
1,3,3,111,2808ac,2808ac,1
1,3,3,112,4ef80f,4ef80f,1
1,3,3,113,4dd9d2,4dd9d2,1
1,3,3,114,783ce3,783ce3,1
1,3,3,115,1f168b,1f168b,1
1,3,3,116,50c6fd,50c6fd,1
1,3,3,117,7fde81,7fde81,1
1,3,3,118,3ea715,3ea715,1
1,3,3,119,2218b8,2218b8,1
1,3,3,120,24597e,24597e,1
1,3,3,121,748148,748148,1
1,3,3,122,026571,026571,1
1,3,3,123,66a5bc,66a5bc,1
1,3,3,124,5a6dca,5a6dca,1
1,3,3,125,324606,324606,1
1,3,3,126,33500b,33500b,1
1,3,3,127,77a1ed,77a1ed,1
1,3,3,128,2c8e44,2c8e44,1
1,3,3,129,43c3d9,43c3d9,1
1,3,3,130,2440c3,2440c3,1
1,3,3,131,08f1fe,08f1fe,1
1,3,3,132,7a706f,7a706f,1
1,3,3,133,68094a,68094a,1
1,3,3,134,4e4ab3,4e4ab3,1
1,3,3,135,5051a0,5051a0,1
1,3,3,136,64660c,64660c,1
1,3,3,137,19a9f6,19a9f6,1
1,3,3,138,66393e,66393e,1
1,3,3,139,622ce7,622ce7,1
1,3,3,140,3f4fe9,3f4fe9,1
1,3,3,141,6ef6d5,6ef6d5,1
1,3,3,142,3f902a,3f902a,1
1,3,3,143,3f74dd,3f74dd,1
1,3,3,144,37a65f,37a65f,1
1,3,3,145,2afb3f,2afb3f,1
1,3,3,146,3dbd5f,3dbd5f,1
1,3,3,147,610262,610262,1
1,3,3,148,784404,784404,1
1,3,3,149,7b5a4f,7b5a4f,1
1,3,3,150,17a1b7,17a1b7,1
1,3,3,151,306413,306413,1
1,3,3,152,0a77ab,0a77ab,1
1,3,3,153,68ef35,68ef35,1
1,3,3,154,0fbcf1,0fbcf1,1
1,3,3,155,49ca6d,49ca6d,1
1,3,3,156,50cf98,50cf98,1
1,3,3,157,4d7370,4d7370,1
1,3,3,158,6bb185,6bb185,1
1,3,3,159,1cc403,1cc403,1
1,3,3,160,4d43b6,4d43b6,1
1,3,3,161,7e3251,7e3251,1
1,3,3,162,2ed1f6,2ed1f6,1
1,3,3,163,33dabb,33dabb,1
1,3,3,164,717194,717194,1
1,3,3,165,58de5e,58de5e,1
1,3,3,166,4dc9a8,4dc9a8,1
1,3,3,167,1623a8,1623a8,1
1,3,3,168,1b78eb,1b78eb,1
1,3,3,169,49003c,49003c,1
1,3,3,170,61c8a9,61c8a9,1
1,3,3,171,3949e2,3949e2,1
1,3,3,172,53b560,53b560,1
1,3,3,173,129c82,129c82,1
1,3,3,174,1291c6,1291c6,1
1,3,3,175,03a706,03a706,1
1,3,3,176,5ed2c1,5ed2c1,1
1,3,3,177,2a7a93,2a7a93,1
1,3,3,178,72b32e,72b32e,1
1,3,3,179,36ec98,36ec98,1
1,3,3,180,50def4,50def4,1
1,3,3,181,774c1a,774c1a,1
1,3,3,182,056882,056882,1
1,3,3,183,327f75,327f75,1
1,3,3,184,13ea1c,13ea1c,1
1,3,3,185,5d9a89,5d9a89,1
1,3,3,186,6d75f9,6d75f9,1
1,3,3,187,32b9d3,32b9d3,1
1,3,3,188,45d728,45d728,1
1,3,3,189,2c12dc,2c12dc,1
1,3,3,190,215754,215754,1
1,3,3,191,2ca747,2ca747,1
1,3,3,192,222ceb,222ceb,1
1,3,3,193,14e773,14e773,1
1,3,3,194,67b930,67b930,1
1,3,3,195,5719a2,5719a2,1
1,3,3,196,56f3d3,56f3d3,1
1,3,3,197,090ead,090ead,1
1,3,3,198,097af9,097af9,1
1,3,3,199,51490e,51490e,1
1,3,3,200,615428,615428,1
1,3,3,201,1633dd,1633dd,1
1,3,3,202,00cc45,00cc45,1
1,3,3,203,53d856,53d856,1
1,3,3,204,172b32,172b32,1
1,3,3,205,301701,301701,1
1,3,3,206,113691,113691,1
1,3,3,207,3ef020,3ef020,1
1,3,3,208,57dcab,57dcab,1
1,3,3,209,36573d,36573d,1
1,3,3,210,386692,386692,1
1,3,3,211,04f708,04f708,1
1,3,3,212,769140,769140,1
1,3,3,213,1a0fa6,1a0fa6,1
1,3,3,214,7838dc,7838dc,1
1,3,3,215,1da4c3,1da4c3,1
1,3,3,216,3a6fda,3a6fda,1
1,3,3,217,10c42f,10c42f,1
1,3,3,218,32d881,32d881,1
1,3,3,219,0c033e,0c033e,1
1,3,3,220,139ec4,139ec4,1
1,3,3,221,21fd57,21fd57,1
1,3,3,222,6bf004,6bf004,1
1,3,3,223,135731,135731,1
1,3,3,224,30511d,30511d,1
1,3,3,225,02282e,02282e,1
1,3,3,226,372c27,372c27,1
1,3,3,227,3d14cf,3d14cf,1
1,3,3,228,16c2a6,16c2a6,1
1,3,3,229,6c2d9e,6c2d9e,1
1,3,3,230,4ff5d8,4ff5d8,1
1,3,3,231,423e5b,423e5b,1
1,3,3,232,25b622,25b622,1
1,3,3,233,4a40ac,4a40ac,1
1,3,3,234,3f6ccb,3f6ccb,1
1,3,3,235,4ce5a1,4ce5a1,1
1,3,3,236,5e0d35,5e0d35,1
1,3,3,237,515b21,515b21,1
1,3,3,238,57da19,57da19,1
1,3,3,239,64b9f4,64b9f4,1
1,3,3,240,5d66f5,5d66f5,1
1,3,3,241,19d45d,19d45d,1
1,3,3,242,32b975,32b975,1
1,3,3,243,7e250d,7e250d,1
1,3,3,244,4bcbcc,4bcbcc,1
1,3,3,245,77531a,77531a,1
1,3,3,246,3e5024,3e5024,1
1,3,3,247,213672,213672,1
1,3,3,248,0aabee,0aabee,1
1,3,3,249,3d0298,3d0298,1
1,3,3,250,2ae96f,2ae96f,1
1,3,3,251,67af80,67af80,1
1,3,3,252,762b26,762b26,1
1,3,3,253,398e51,398e51,1
1,3,3,254,65c085,65c085,1
1,3,3,255,739bd8,739bd8,1
2,0,0,0,6f3bf8,6f3bf8,1
2,0,0,1,07d5b8,07d5b8,1
2,0,0,2,26f0c0,26f0c0,1
2,0,0,3,66f0d1,66f0d1,1
2,0,0,4,2b9d96,2b9d96,1
2,0,0,5,61d1c9,61d1c9,1
2,0,0,6,392bc8,392bc8,1
2,0,0,7,70e96c,70e96c,1
2,0,0,8,1a3727,1a3727,1
2,0,0,9,3c6ca2,3c6ca2,1
2,0,0,10,445718,445718,1
2,0,0,11,606e3d,606e3d,1
2,0,0,12,02fa4b,02fa4b,1
2,0,0,13,1b3517,1b3517,1
2,0,0,14,336c8d,336c8d,1
2,0,0,15,78fd4b,78fd4b,1
2,0,0,16,3fa6f4,3fa6f4,1
2,0,0,17,231e9a,231e9a,1
2,0,0,18,25637d,25637d,1
2,0,0,19,56ad6c,56ad6c,1
2,0,0,20,1de8f6,1de8f6,1
2,0,0,21,4fa845,4fa845,1
2,0,0,22,74292a,74292a,1
2,0,0,23,147712,147712,1
2,0,0,24,4da0fe,4da0fe,1
2,0,0,25,4cf6c1,4cf6c1,1
2,0,0,26,4325dc,4325dc,1
2,0,0,27,3ed6da,3ed6da,1
2,0,0,28,11c90c,11c90c,1
2,0,0,29,31255b,31255b,1
2,0,0,30,606904,606904,1
2,0,0,31,2b2149,2b2149,1
2,0,0,32,73dfc2,73dfc2,1
2,0,0,33,4914fe,4914fe,1
2,0,0,34,1fe004,1fe004,1
2,0,0,35,14690f,14690f,1
2,0,0,36,52dcbc,52dcbc,1
2,0,0,37,3916f2,3916f2,1
2,0,0,38,580797,580797,1
2,0,0,39,0497d4,0497d4,1
2,0,0,40,16cc86,16cc86,1
2,0,0,41,79a052,79a052,1
2,0,0,42,37165e,37165e,1
2,0,0,43,40ce82,40ce82,1
2,0,0,44,03b7e2,03b7e2,1
2,0,0,45,493642,493642,1
2,0,0,46,47ac05,47ac05,1
2,0,0,47,23baf8,23baf8,1
2,0,0,48,301ba4,301ba4,1
2,0,0,49,3b38ef,3b38ef,1
2,0,0,50,2640be,2640be,1
2,0,0,51,510fca,510fca,1
2,0,0,52,0d1f16,0d1f16,1
2,0,0,53,4e84fe,4e84fe,1
2,0,0,54,494d1a,494d1a,1
2,0,0,55,27699c,27699c,1
2,0,0,56,579ec4,579ec4,1
2,0,0,57,4b1373,4b1373,1
2,0,0,58,51382f,51382f,1
2,0,0,59,3db867,3db867,1
2,0,0,60,72bcaf,72bcaf,1
2,0,0,61,6c65bd,6c65bd,1
2,0,0,62,542688,542688,1
2,0,0,63,4890d4,4890d4,1
2,0,0,64,333228,333228,1
2,0,0,65,2b2dbb,2b2dbb,1
2,0,0,66,7a8674,7a8674,1
2,0,0,67,19ac14,19ac14,1
2,0,0,68,624752,624752,1
2,0,0,69,581d24,581d24,1
2,0,0,70,153023,153023,1
2,0,0,71,087b41,087b41,1
2,0,0,72,63fbe6,63fbe6,1
2,0,0,73,55777e,55777e,1
2,0,0,74,5a7c7c,5a7c7c,1
2,0,0,75,3e1e1e,3e1e1e,1
2,0,0,76,4158dd,4158dd,1
2,0,0,77,4bff22,4bff22,1
2,0,0,78,7aa899,7aa899,1
2,0,0,79,0d0996,0d0996,1
2,0,0,80,51d944,51d944,1
2,0,0,81,65947e,65947e,1
2,0,0,82,03e7fc,03e7fc,1
2,0,0,83,2516bd,2516bd,1
2,0,0,84,258dc8,258dc8,1
2,0,0,85,04441d,04441d,1
2,0,0,86,702978,702978,1
2,0,0,87,7ed765,7ed765,1
2,0,0,88,1eb2f0,1eb2f0,1
2,0,0,89,46eebb,46eebb,1
2,0,0,90,498e57,498e57,1
2,0,0,91,1ffd8c,1ffd8c,1
2,0,0,92,19e41d,19e41d,1
2,0,0,93,58b5b1,58b5b1,1
2,0,0,94,791b13,791b13,1
2,0,0,95,534f94,534f94,1
2,0,0,96,68b629,68b629,1
2,0,0,97,72b06e,72b06e,1
2,0,0,98,23b1b7,23b1b7,1
2,0,0,99,1c4dcd,1c4dcd,1
2,0,0,100,578b03,578b03,1
2,0,0,101,0b9fa9,0b9fa9,1
2,0,0,102,04f448,04f448,1
2,0,0,103,02ab6d,02ab6d,1
2,0,0,104,6b650f,6b650f,1
2,0,0,105,75d7e0,75d7e0,1
2,0,0,106,7f47dc,7f47dc,1
2,0,0,107,605b4f,605b4f,1
2,0,0,108,7a4b31,7a4b31,1
2,0,0,109,4e39bb,4e39bb,1
2,0,0,110,79412f,79412f,1
2,0,0,111,6c70c3,6c70c3,1
2,0,0,112,2b90c9,2b90c9,1
2,0,0,113,0cf0ee,0cf0ee,1
2,0,0,114,52b7a5,52b7a5,1
2,0,0,115,5d5aa2,5d5aa2,1
2,0,0,116,60a925,60a925,1
2,0,0,117,302f3f,302f3f,1
2,0,0,118,299ce1,299ce1,1
2,0,0,119,1d4f85,1d4f85,1
2,0,0,120,077b45,077b45,1
2,0,0,121,431811,431811,1
2,0,0,122,7746e1,7746e1,1
2,0,0,123,6f8894,6f8894,1
2,0,0,124,3278dc,3278dc,1
2,0,0,125,17afc9,17afc9,1
2,0,0,126,3b7693,3b7693,1
2,0,0,127,2145e4,2145e4,1
2,0,0,128,76121c,76121c,1
2,0,0,129,59b004,59b004,1
2,0,0,130,0b02e2,0b02e2,1
2,0,0,131,350115,350115,1
2,0,0,132,109dd0,109dd0,1
2,0,0,133,6843d8,6843d8,1
2,0,0,134,2be193,2be193,1
2,0,0,135,42f0ad,42f0ad,1
2,0,0,136,74be1a,74be1a,1
2,0,0,137,722d16,722d16,1
2,0,0,138,3478c2,3478c2,1
2,0,0,139,008cff,008cff,1
2,0,0,140,79424d,79424d,1
2,0,0,141,0cee4f,0cee4f,1
2,0,0,142,2ebdb5,2ebdb5,1
2,0,0,143,206e34,206e34,1
2,0,0,144,44bb9b,44bb9b,1
2,0,0,145,063697,063697,1
2,0,0,146,42c010,42c010,1
2,0,0,147,66ceb7,66ceb7,1
2,0,0,148,7d988a,7d988a,1
2,0,0,149,2a276d,2a276d,1
2,0,0,150,4242fc,4242fc,1
2,0,0,151,3389d3,3389d3,1
2,0,0,152,2c8c21,2c8c21,1
2,0,0,153,0d369f,0d369f,1
2,0,0,154,63e286,63e286,1
2,0,0,155,0b14f1,0b14f1,1
2,0,0,156,3dde4b,3dde4b,1
2,0,0,157,48d6a4,48d6a4,1
2,0,0,158,5ff260,5ff260,1
2,0,0,159,3305ee,3305ee,1
2,0,0,160,4aed6b,4aed6b,1
2,0,0,161,24a076,24a076,1
2,0,0,162,3c26e3,3c26e3,1
2,0,0,163,0103cb,0103cb,1
2,0,0,164,5b1894,5b1894,1
2,0,0,165,767d35,767d35,1
2,0,0,166,670f2e,670f2e,1
2,0,0,167,6c0985,6c0985,1
2,0,0,168,048edd,048edd,1
2,0,0,169,7298a9,7298a9,1
2,0,0,170,5bb26c,5bb26c,1
2,0,0,171,0ab98f,0ab98f,1
2,0,0,172,21b05e,21b05e,1
2,0,0,173,52671a,52671a,1
2,0,0,174,07b423,07b423,1
2,0,0,175,4eab52,4eab52,1
2,0,0,176,3ed09e,3ed09e,1
2,0,0,177,370e91,370e91,1
2,0,0,178,499b91,499b91,1
2,0,0,179,6d8a9d,6d8a9d,1
2,0,0,180,6ae9c0,6ae9c0,1
2,0,0,181,05941c,05941c,1
2,0,0,182,09fafd,09fafd,1
2,0,0,183,3e6698,3e6698,1
2,0,0,184,4b2400,4b2400,1
2,0,0,185,0fd645,0fd645,1
2,0,0,186,7ce56e,7ce56e,1
2,0,0,187,125635,125635,1
2,0,0,188,0afa45,0afa45,1
2,0,0,189,32d0b5,32d0b5,1
2,0,0,190,1cfc0c,1cfc0c,1
2,0,0,191,4e5f5e,4e5f5e,1
2,0,0,192,48afc6,48afc6,1
2,0,0,193,40342a,40342a,1
2,0,0,194,11c67e,11c67e,1
2,0,0,195,12ac60,12ac60,1
2,0,0,196,46b14d,46b14d,1
2,0,0,197,3801a9,3801a9,1
2,0,0,198,0ceabe,0ceabe,1
2,0,0,199,0d2c08,0d2c08,1
2,0,0,200,3baf9b,3baf9b,1
2,0,0,201,770f70,770f70,1
2,0,0,202,221301,221301,1
2,0,0,203,43cbe7,43cbe7,1
2,0,0,204,5869b8,5869b8,1
2,0,0,205,748210,748210,1
2,0,0,206,0a05a8,0a05a8,1
2,0,0,207,0ca9e4,0ca9e4,1
2,0,0,208,1fcf08,1fcf08,1
2,0,0,209,5ee91e,5ee91e,1
2,0,0,210,116981,116981,1
2,0,0,211,26992f,26992f,1
2,0,0,212,2e4123,2e4123,1
2,0,0,213,0963df,0963df,1
2,0,0,214,126b5a,126b5a,1
2,0,0,215,55a000,55a000,1
2,0,0,216,22b7db,22b7db,1
2,0,0,217,37ed1f,37ed1f,1
2,0,0,218,4a83ed,4a83ed,1
2,0,0,219,4ec29f,4ec29f,1
2,0,0,220,1db270,1db270,1
2,0,0,221,5a34e3,5a34e3,1
2,0,0,222,65f480,65f480,1
2,0,0,223,5bea44,5bea44,1
2,0,0,224,6b14e5,6b14e5,1
2,0,0,225,534150,534150,1
2,0,0,226,23f18b,23f18b,1
2,0,0,227,0c7e55,0c7e55,1
2,0,0,228,2d71b6,2d71b6,1
2,0,0,229,14694e,14694e,1
2,0,0,230,1b234e,1b234e,1
2,0,0,231,38fd1e,38fd1e,1
2,0,0,232,30db51,30db51,1
2,0,0,233,594fbe,594fbe,1
2,0,0,234,1b3091,1b3091,1
2,0,0,235,2aa4df,2aa4df,1
2,0,0,236,1de034,1de034,1
2,0,0,237,0cbb5d,0cbb5d,1
2,0,0,238,2bc306,2bc306,1
2,0,0,239,30552c,30552c,1
2,0,0,240,07b4ac,07b4ac,1
2,0,0,241,55df97,55df97,1
2,0,0,242,034867,034867,1
2,0,0,243,747297,747297,1
2,0,0,244,3cdbe6,3cdbe6,1
2,0,0,245,41333d,41333d,1
2,0,0,246,47b7a3,47b7a3,1
2,0,0,247,78aa65,78aa65,1
2,0,0,248,1ff072,1ff072,1
2,0,0,249,385222,385222,1
2,0,0,250,394d5e,394d5e,1
2,0,0,251,53aee3,53aee3,1
2,0,0,252,169941,169941,1
2,0,0,253,6ec694,6ec694,1
2,0,0,254,55a02c,55a02c,1
2,0,0,255,1ba1dd,1ba1dd,1
2,0,1,0,16f615,16f615,1
2,0,1,1,450f4c,450f4c,1
2,0,1,2,48234a,48234a,1
2,0,1,3,292eb3,292eb3,1
2,0,1,4,43a742,43a742,1
2,0,1,5,5fda5d,5fda5d,1
2,0,1,6,577f08,577f08,1
2,0,1,7,009bbb,009bbb,1
2,0,1,8,3ef2b1,3ef2b1,1
2,0,1,9,75f97b,75f97b,1
2,0,1,10,117ca7,117ca7,1
2,0,1,11,1b97ad,1b97ad,1
2,0,1,12,33d5c3,33d5c3,1
2,0,1,13,5d5bb5,5d5bb5,1
2,0,1,14,273177,273177,1
2,0,1,15,6b3a3c,6b3a3c,1
2,0,1,16,693976,693976,1
2,0,1,17,78bf03,78bf03,1
2,0,1,18,222989,222989,1
2,0,1,19,4429d5,4429d5,1
2,0,1,20,79a418,79a418,1
2,0,1,21,1b2985,1b2985,1
2,0,1,22,5e7cdb,5e7cdb,1
2,0,1,23,7b0de5,7b0de5,1
2,0,1,24,40e851,40e851,1
2,0,1,25,7304e8,7304e8,1
2,0,1,26,2d6231,2d6231,1
2,0,1,27,4e2b44,4e2b44,1
2,0,1,28,2ca111,2ca111,1
2,0,1,29,4ffa8c,4ffa8c,1
2,0,1,30,25ccb8,25ccb8,1
2,0,1,31,6aa2d7,6aa2d7,1
2,0,1,32,79fcec,79fcec,1
2,0,1,33,6fa428,6fa428,1
2,0,1,34,25e654,25e654,1
2,0,1,35,33ee78,33ee78,1
2,0,1,36,72dc5c,72dc5c,1
2,0,1,37,31049c,31049c,1
2,0,1,38,2934e9,2934e9,1
2,0,1,39,33874b,33874b,1
2,0,1,40,26bec8,26bec8,1
2,0,1,41,55be74,55be74,1
2,0,1,42,152357,152357,1
2,0,1,43,0f34a7,0f34a7,1
2,0,1,44,56bf8f,56bf8f,1
2,0,1,45,60ace6,60ace6,1
2,0,1,46,44ed40,44ed40,1
2,0,1,47,7147f6,7147f6,1
2,0,1,48,0d2769,0d2769,1
2,0,1,49,6d960f,6d960f,1
2,0,1,50,5ee011,5ee011,1
2,0,1,51,100d9d,100d9d,1
2,0,1,52,0cc268,0cc268,1
2,0,1,53,1ec80e,1ec80e,1
2,0,1,54,479c3d,479c3d,1
2,0,1,55,0bf428,0bf428,1
2,0,1,56,29c13e,29c13e,1
2,0,1,57,014869,014869,1
2,0,1,58,24f209,24f209,1
2,0,1,59,1cac2a,1cac2a,1
2,0,1,60,50765e,50765e,1
2,0,1,61,289195,289195,1
2,0,1,62,19ff15,19ff15,1
2,0,1,63,5d0261,5d0261,1
2,0,1,64,5f707a,5f707a,1
2,0,1,65,12837a,12837a,1
2,0,1,66,21f02c,21f02c,1
2,0,1,67,78a5eb,78a5eb,1
2,0,1,68,583376,583376,1
2,0,1,69,1eee02,1eee02,1
2,0,1,70,24f1cc,24f1cc,1
2,0,1,71,618cf7,618cf7,1
2,0,1,72,71e589,71e589,1
2,0,1,73,2320d4,2320d4,1
2,0,1,74,7a3906,7a3906,1
2,0,1,75,155352,155352,1
2,0,1,76,4f6bb5,4f6bb5,1
2,0,1,77,6ce01f,6ce01f,1
2,0,1,78,456833,456833,1
2,0,1,79,3b99df,3b99df,1
2,0,1,80,594dcf,594dcf,1
2,0,1,81,328f05,328f05,1
2,0,1,82,334ec3,334ec3,1
2,0,1,83,777865,777865,1
2,0,1,84,16fe76,16fe76,1
2,0,1,85,05bd1f,05bd1f,1
2,0,1,86,7f9591,7f9591,1
2,0,1,87,7f793b,7f793b,1
2,0,1,88,73aeca,73aeca,1
2,0,1,89,086fc1,086fc1,1
2,0,1,90,71a86e,71a86e,1
2,0,1,91,214ca0,214ca0,1
2,0,1,92,1e404e,1e404e,1
2,0,1,93,651c7b,651c7b,1
2,0,1,94,7a84f5,7a84f5,1
2,0,1,95,3b2e2f,3b2e2f,1
2,0,1,96,5b0a87,5b0a87,1
2,0,1,97,4b2d19,4b2d19,1
2,0,1,98,43dbc9,43dbc9,1
2,0,1,99,7539ff,7539ff,1
2,0,1,100,7f8172,7f8172,1
2,0,1,101,500956,500956,1
2,0,1,102,74ca08,74ca08,1
2,0,1,103,1d8e5b,1d8e5b,1
2,0,1,104,61ef24,61ef24,1
2,0,1,105,6e785e,6e785e,1
2,0,1,106,3d6f54,3d6f54,1
2,0,1,107,4c24ad,4c24ad,1
2,0,1,108,291b53,291b53,1
2,0,1,109,61d70f,61d70f,1
2,0,1,110,204ca8,204ca8,1
2,0,1,111,73d828,73d828,1
2,0,1,112,6cce88,6cce88,1
2,0,1,113,542aca,542aca,1
2,0,1,114,636025,636025,1
2,0,1,115,6c7aa9,6c7aa9,1
2,0,1,116,24ef7c,24ef7c,1
2,0,1,117,09687d,09687d,1
2,0,1,118,4d23f7,4d23f7,1
2,0,1,119,725ad3,725ad3,1
2,0,1,120,4c37f8,4c37f8,1
2,0,1,121,1d3a8e,1d3a8e,1
2,0,1,122,3a5f06,3a5f06,1
2,0,1,123,0c4632,0c4632,1
2,0,1,124,234a12,234a12,1
2,0,1,125,2e3131,2e3131,1
2,0,1,126,242ed8,242ed8,1
2,0,1,127,2feb5b,2feb5b,1
2,0,1,128,3c6a3a,3c6a3a,1
2,0,1,129,4450ba,4450ba,1
2,0,1,130,5c63d1,5c63d1,1
2,0,1,131,4397a2,4397a2,1
2,0,1,132,2dcb6b,2dcb6b,1
2,0,1,133,469bd9,469bd9,1
2,0,1,134,198e36,198e36,1
2,0,1,135,3dae90,3dae90,1
2,0,1,136,7f5daf,7f5daf,1
2,0,1,137,1cf8c1,1cf8c1,1
2,0,1,138,547d78,547d78,1
2,0,1,139,4e27b9,4e27b9,1
2,0,1,140,7672e7,7672e7,1
2,0,1,141,2ea3bb,2ea3bb,1
2,0,1,142,6d5991,6d5991,1
2,0,1,143,7c9e3c,7c9e3c,1
2,0,1,144,0c7516,0c7516,1
2,0,1,145,2e17bc,2e17bc,1
2,0,1,146,4efa3d,4efa3d,1
2,0,1,147,5bed48,5bed48,1
2,0,1,148,4c07d8,4c07d8,1
2,0,1,149,2efbfc,2efbfc,1
2,0,1,150,214f95,214f95,1
2,0,1,151,45c8d9,45c8d9,1
2,0,1,152,737b03,737b03,1
2,0,1,153,67a8e7,67a8e7,1
2,0,1,154,5df579,5df579,1
2,0,1,155,12fe84,12fe84,1
2,0,1,156,2d2f13,2d2f13,1
2,0,1,157,3631f8,3631f8,1
2,0,1,158,4c9c3a,4c9c3a,1
2,0,1,159,7ca48c,7ca48c,1
2,0,1,160,7f6a34,7f6a34,1
2,0,1,161,739f24,739f24,1
2,0,1,162,5fb880,5fb880,1
2,0,1,163,7d470d,7d470d,1
2,0,1,164,7e4148,7e4148,1
2,0,1,165,58d411,58d411,1
2,0,1,166,4d26d7,4d26d7,1
2,0,1,167,0b716a,0b716a,1
2,0,1,168,76216d,76216d,1
2,0,1,169,322d3d,322d3d,1
2,0,1,170,454ba9,454ba9,1
2,0,1,171,12fbf3,12fbf3,1
2,0,1,172,342616,342616,1
2,0,1,173,51b15e,51b15e,1
2,0,1,174,24480b,24480b,1
2,0,1,175,30bc8d,30bc8d,1
2,0,1,176,25c920,25c920,1
2,0,1,177,2824cd,2824cd,1
2,0,1,178,428cc3,428cc3,1
2,0,1,179,039641,039641,1
2,0,1,180,2a23cd,2a23cd,1
2,0,1,181,15e20c,15e20c,1
2,0,1,182,38963f,38963f,1
2,0,1,183,1081c6,1081c6,1
2,0,1,184,40a27c,40a27c,1
2,0,1,185,329cfa,329cfa,1
2,0,1,186,6056ce,6056ce,1
2,0,1,187,636047,636047,1
2,0,1,188,1a123b,1a123b,1
2,0,1,189,137a06,137a06,1
2,0,1,190,3b095c,3b095c,1
2,0,1,191,0e36ed,0e36ed,1
2,0,1,192,6bcc2c,6bcc2c,1
2,0,1,193,6c6ea2,6c6ea2,1
2,0,1,194,50e5ff,50e5ff,1
2,0,1,195,58f32f,58f32f,1
2,0,1,196,120966,120966,1
2,0,1,197,78511e,78511e,1
2,0,1,198,1533e7,1533e7,1
2,0,1,199,1d2418,1d2418,1
2,0,1,200,6aed35,6aed35,1
2,0,1,201,4c60df,4c60df,1
2,0,1,202,656792,656792,1
2,0,1,203,68cf74,68cf74,1
2,0,1,204,5a2ee4,5a2ee4,1
2,0,1,205,3f290d,3f290d,1
2,0,1,206,33458e,33458e,1
2,0,1,207,4b8561,4b8561,1
2,0,1,208,6647de,6647de,1
2,0,1,209,3df93e,3df93e,1
2,0,1,210,0b0e2c,0b0e2c,1
2,0,1,211,16fa42,16fa42,1
2,0,1,212,12f6d9,12f6d9,1
2,0,1,213,0d846b,0d846b,1
2,0,1,214,49cfbd,49cfbd,1
2,0,1,215,5adbd0,5adbd0,1
2,0,1,216,2c38b3,2c38b3,1
2,0,1,217,0c3d65,0c3d65,1
2,0,1,218,5fc14f,5fc14f,1
2,0,1,219,0b0c96,0b0c96,1
2,0,1,220,781330,781330,1
2,0,1,221,54dc89,54dc89,1
2,0,1,222,1bf665,1bf665,1
2,0,1,223,7cfe33,7cfe33,1
2,0,1,224,491264,491264,1
2,0,1,225,72b368,72b368,1
2,0,1,226,0404b4,0404b4,1
2,0,1,227,52ba31,52ba31,1
2,0,1,228,1c9572,1c9572,1
2,0,1,229,48488c,48488c,1
2,0,1,230,6ab582,6ab582,1
2,0,1,231,4758ce,4758ce,1
2,0,1,232,16e528,16e528,1
2,0,1,233,11f0fa,11f0fa,1
2,0,1,234,495e02,495e02,1
2,0,1,235,100d95,100d95,1
2,0,1,236,147678,147678,1
2,0,1,237,79fdac,79fdac,1
2,0,1,238,2e875b,2e875b,1
2,0,1,239,3e3447,3e3447,1
2,0,1,240,257ceb,257ceb,1
2,0,1,241,75a1c9,75a1c9,1
2,0,1,242,2c165b,2c165b,1
2,0,1,243,44460e,44460e,1
2,0,1,244,478eec,478eec,1
2,0,1,245,70a403,70a403,1
2,0,1,246,334b61,334b61,1
2,0,1,247,2c5b38,2c5b38,1
2,0,1,248,733397,733397,1
2,0,1,249,55a410,55a410,1
2,0,1,250,71cf79,71cf79,1
2,0,1,251,076dbc,076dbc,1
2,0,1,252,6cea68,6cea68,1
2,0,1,253,43d165,43d165,1
2,0,1,254,703372,703372,1
2,0,1,255,40c79e,40c79e,1
2,0,2,0,36cab3,36cab3,1
2,0,2,1,3f4e0b,3f4e0b,1
2,0,2,2,5c2eda,5c2eda,1
2,0,2,3,4ed77a,4ed77a,1
2,0,2,4,397773,397773,1
2,0,2,5,26588d,26588d,1
2,0,2,6,7f3940,7f3940,1
2,0,2,7,72612f,72612f,1
2,0,2,8,194acc,194acc,1
2,0,2,9,1f57e8,1f57e8,1
2,0,2,10,48a41c,48a41c,1
2,0,2,11,29df8b,29df8b,1
2,0,2,12,3f8dd7,3f8dd7,1
2,0,2,13,671323,671323,1
2,0,2,14,6b3bc5,6b3bc5,1
2,0,2,15,579cfa,579cfa,1
2,0,2,16,31214e,31214e,1
2,0,2,17,045d7b,045d7b,1
2,0,2,18,47fa31,47fa31,1
2,0,2,19,1bc585,1bc585,1
2,0,2,20,396f43,396f43,1
2,0,2,21,3b9404,3b9404,1
2,0,2,22,613826,613826,1
2,0,2,23,4996d0,4996d0,1
2,0,2,24,73d0c2,73d0c2,1
2,0,2,25,3569da,3569da,1
2,0,2,26,139553,139553,1
2,0,2,27,798fef,798fef,1
2,0,2,28,25d213,25d213,1
2,0,2,29,5e24a7,5e24a7,1
2,0,2,30,49c4da,49c4da,1
2,0,2,31,3d57bc,3d57bc,1
2,0,2,32,09e8bd,09e8bd,1
2,0,2,33,199706,199706,1
2,0,2,34,2dcf89,2dcf89,1
2,0,2,35,0f8b33,0f8b33,1
2,0,2,36,5d0eeb,5d0eeb,1
2,0,2,37,27d4a3,27d4a3,1
2,0,2,38,3979cf,3979cf,1
2,0,2,39,0ba2b9,0ba2b9,1
2,0,2,40,2dc2b1,2dc2b1,1
2,0,2,41,323834,323834,1
2,0,2,42,45c20a,45c20a,1
2,0,2,43,5a3cf1,5a3cf1,1
2,0,2,44,34ee5d,34ee5d,1
2,0,2,45,302eb6,302eb6,1
2,0,2,46,55834e,55834e,1
2,0,2,47,4c85ad,4c85ad,1
2,0,2,48,75ea7c,75ea7c,1
2,0,2,49,706d03,706d03,1
2,0,2,50,5f7585,5f7585,1
2,0,2,51,56cadd,56cadd,1
2,0,2,52,209138,209138,1
2,0,2,53,2cbb4d,2cbb4d,1
2,0,2,54,6354e8,6354e8,1
2,0,2,55,6b5f54,6b5f54,1
2,0,2,56,05ac59,05ac59,1
2,0,2,57,4645d8,4645d8,1
2,0,2,58,34747b,34747b,1
2,0,2,59,58359d,58359d,1
2,0,2,60,37aa6e,37aa6e,1
2,0,2,61,6cd995,6cd995,1
2,0,2,62,76497f,76497f,1
2,0,2,63,1add2c,1add2c,1
2,0,2,64,242c75,242c75,1
2,0,2,65,239990,239990,1
2,0,2,66,2aaef7,2aaef7,1
2,0,2,67,6662af,6662af,1
2,0,2,68,554b9a,554b9a,1
2,0,2,69,7e8991,7e8991,1
2,0,2,70,792ac8,792ac8,1
2,0,2,71,070b0f,070b0f,1
2,0,2,72,0b7ec8,0b7ec8,1
2,0,2,73,1665fb,1665fb,1
2,0,2,74,256f43,256f43,1
2,0,2,75,330c40,330c40,1
2,0,2,76,219d2e,219d2e,1
2,0,2,77,1a08c0,1a08c0,1
2,0,2,78,21ad73,21ad73,1
2,0,2,79,36f976,36f976,1
2,0,2,80,169727,169727,1
2,0,2,81,08a222,08a222,1
2,0,2,82,592c6d,592c6d,1
2,0,2,83,70c604,70c604,1
2,0,2,84,30ce24,30ce24,1
2,0,2,85,276892,276892,1
2,0,2,86,590b0c,590b0c,1
2,0,2,87,2aba5e,2aba5e,1
2,0,2,88,253a5c,253a5c,1
2,0,2,89,223a54,223a54,1
2,0,2,90,4a82f6,4a82f6,1
2,0,2,91,7cb419,7cb419,1
2,0,2,92,287c89,287c89,1
2,0,2,93,7af733,7af733,1
2,0,2,94,45ab05,45ab05,1
2,0,2,95,5d6556,5d6556,1
2,0,2,96,6c640e,6c640e,1
2,0,2,97,649aaa,649aaa,1
2,0,2,98,50547a,50547a,1
2,0,2,99,7f0d5b,7f0d5b,1
2,0,2,100,2bc910,2bc910,1
2,0,2,101,6aaef6,6aaef6,1
2,0,2,102,52fc4f,52fc4f,1
2,0,2,103,27b1b1,27b1b1,1
2,0,2,104,2e3278,2e3278,1
2,0,2,105,48db34,48db34,1
2,0,2,106,52190e,52190e,1
2,0,2,107,5eb52d,5eb52d,1
2,0,2,108,6d11a6,6d11a6,1
2,0,2,109,01e0c6,01e0c6,1
2,0,2,110,58fa87,58fa87,1
2,0,2,111,69e45d,69e45d,1
2,0,2,112,3069f5,3069f5,1
2,0,2,113,1c09f0,1c09f0,1
2,0,2,114,211202,211202,1
2,0,2,115,2006b5,2006b5,1
2,0,2,116,0099f4,0099f4,1
2,0,2,117,5574d0,5574d0,1
2,0,2,118,0d5f27,0d5f27,1
2,0,2,119,255048,255048,1
2,0,2,120,405eaf,405eaf,1
2,0,2,121,11b81d,11b81d,1
2,0,2,122,17c3d6,17c3d6,1
2,0,2,123,4e54cb,4e54cb,1
2,0,2,124,701b9a,701b9a,1
2,0,2,125,6f06d7,6f06d7,1
2,0,2,126,40409b,40409b,1
2,0,2,127,6e872c,6e872c,1
2,0,2,128,27cd42,27cd42,1
2,0,2,129,03f931,03f931,1
2,0,2,130,5aa369,5aa369,1
2,0,2,131,7b1954,7b1954,1
2,0,2,132,6c2f7a,6c2f7a,1
2,0,2,133,63f0e0,63f0e0,1
2,0,2,134,03c1e1,03c1e1,1
2,0,2,135,4e503d,4e503d,1
2,0,2,136,7c5e8b,7c5e8b,1
2,0,2,137,4176a0,4176a0,1
2,0,2,138,1abe3b,1abe3b,1
2,0,2,139,228e87,228e87,1
2,0,2,140,1577a4,1577a4,1
2,0,2,141,1e3d63,1e3d63,1
2,0,2,142,1ff6fc,1ff6fc,1
2,0,2,143,2f910a,2f910a,1
2,0,2,144,782314,782314,1
2,0,2,145,61d2d9,61d2d9,1
2,0,2,146,13f14a,13f14a,1
2,0,2,147,1c5c70,1c5c70,1
2,0,2,148,2dd26f,2dd26f,1
2,0,2,149,41fc21,41fc21,1
2,0,2,150,70eb9c,70eb9c,1
2,0,2,151,44685f,44685f,1
2,0,2,152,5c7787,5c7787,1
2,0,2,153,7051db,7051db,1
2,0,2,154,007439,007439,1
2,0,2,155,613211,613211,1
2,0,2,156,66226d,66226d,1
2,0,2,157,4de1e9,4de1e9,1
2,0,2,158,6c3653,6c3653,1
2,0,2,159,1e57d1,1e57d1,1
2,0,2,160,6222fe,6222fe,1
2,0,2,161,2405fc,2405fc,1
2,0,2,162,781fbf,781fbf,1
2,0,2,163,1de3c6,1de3c6,1
2,0,2,164,2cb9cc,2cb9cc,1
2,0,2,165,05dd09,05dd09,1
2,0,2,166,12c5c4,12c5c4,1
2,0,2,167,5c6557,5c6557,1
2,0,2,168,43fddf,43fddf,1
2,0,2,169,65e2f7,65e2f7,1
2,0,2,170,511aa5,511aa5,1
2,0,2,171,783e3d,783e3d,1
2,0,2,172,471fd8,471fd8,1
2,0,2,173,74c27d,74c27d,1
2,0,2,174,64cf9c,64cf9c,1
2,0,2,175,128932,128932,1
2,0,2,176,04153a,04153a,1
2,0,2,177,785e24,785e24,1
2,0,2,178,25ae59,25ae59,1
2,0,2,179,522755,522755,1
2,0,2,180,67d927,67d927,1
2,0,2,181,08944a,08944a,1
2,0,2,182,0218e6,0218e6,1
2,0,2,183,7ec0ad,7ec0ad,1
2,0,2,184,1efb1d,1efb1d,1
2,0,2,185,77a537,77a537,1
2,0,2,186,365671,365671,1
2,0,2,187,2ba2be,2ba2be,1
2,0,2,188,5bb521,5bb521,1
2,0,2,189,41e96a,41e96a,1
2,0,2,190,7a71ea,7a71ea,1
2,0,2,191,72fd42,72fd42,1
2,0,2,192,3ab553,3ab553,1
2,0,2,193,725999,725999,1
2,0,2,194,2bbaad,2bbaad,1
2,0,2,195,0f6750,0f6750,1
2,0,2,196,4d4efa,4d4efa,1
2,0,2,197,249fa0,249fa0,1
2,0,2,198,6146b9,6146b9,1
2,0,2,199,212b0f,212b0f,1
2,0,2,200,326c03,326c03,1
2,0,2,201,0fa61a,0fa61a,1
2,0,2,202,536f15,536f15,1
2,0,2,203,4d6928,4d6928,1
2,0,2,204,444fd7,444fd7,1
2,0,2,205,194e2c,194e2c,1
2,0,2,206,069200,069200,1
2,0,2,207,739f9c,739f9c,1
2,0,2,208,7ac00b,7ac00b,1
2,0,2,209,06a221,06a221,1
2,0,2,210,674c73,674c73,1
2,0,2,211,08a55a,08a55a,1
2,0,2,212,345940,345940,1
2,0,2,213,75d57b,75d57b,1
2,0,2,214,0dd875,0dd875,1
2,0,2,215,61cb26,61cb26,1
2,0,2,216,4ecdcb,4ecdcb,1
2,0,2,217,4ff5b9,4ff5b9,1
2,0,2,218,33ffc3,33ffc3,1
2,0,2,219,7c63d5,7c63d5,1
2,0,2,220,7e6619,7e6619,1
2,0,2,221,4546c3,4546c3,1
2,0,2,222,1a1d23,1a1d23,1
2,0,2,223,33e65d,33e65d,1
2,0,2,224,281d05,281d05,1
2,0,2,225,4d4835,4d4835,1
2,0,2,226,38a256,38a256,1
2,0,2,227,4b17ca,4b17ca,1
2,0,2,228,34ba71,34ba71,1
2,0,2,229,44fa3c,44fa3c,1
2,0,2,230,7097b5,7097b5,1
2,0,2,231,5268ad,5268ad,1
2,0,2,232,5b7538,5b7538,1
2,0,2,233,6e7b9b,6e7b9b,1
2,0,2,234,3658dc,3658dc,1
2,0,2,235,3e97b4,3e97b4,1
2,0,2,236,116e8f,116e8f,1
2,0,2,237,00148d,00148d,1
2,0,2,238,7de991,7de991,1
2,0,2,239,69913d,69913d,1
2,0,2,240,578e5a,578e5a,1
2,0,2,241,0e9d5a,0e9d5a,1
2,0,2,242,383999,383999,1
2,0,2,243,628891,628891,1
2,0,2,244,257a1c,257a1c,1
2,0,2,245,352c84,352c84,1
2,0,2,246,7130c8,7130c8,1
2,0,2,247,34a2e2,34a2e2,1
2,0,2,248,40b45e,40b45e,1
2,0,2,249,6155d8,6155d8,1
2,0,2,250,451296,451296,1
2,0,2,251,75b6f7,75b6f7,1
2,0,2,252,6c4f33,6c4f33,1
2,0,2,253,21d75f,21d75f,1
2,0,2,254,72d4b2,72d4b2,1
2,0,2,255,537348,537348,1
2,0,3,0,0ed0a6,0ed0a6,1
2,0,3,1,65779e,65779e,1
2,0,3,2,7bd8f6,7bd8f6,1
2,0,3,3,565da2,565da2,1
2,0,3,4,5a5047,5a5047,1
2,0,3,5,205edc,205edc,1
2,0,3,6,083757,083757,1
2,0,3,7,1170fa,1170fa,1
2,0,3,8,72113b,72113b,1
2,0,3,9,586568,586568,1
2,0,3,10,356645,356645,1
2,0,3,11,25036c,25036c,1
2,0,3,12,78054e,78054e,1
2,0,3,13,4fd54b,4fd54b,1
2,0,3,14,29657d,29657d,1
2,0,3,15,73c288,73c288,1
2,0,3,16,78b7e4,78b7e4,1
2,0,3,17,653589,653589,1
2,0,3,18,63dde5,63dde5,1
2,0,3,19,048010,048010,1
2,0,3,20,37d5ba,37d5ba,1
2,0,3,21,5f0c90,5f0c90,1
2,0,3,22,0e1a8c,0e1a8c,1
2,0,3,23,6367d2,6367d2,1
2,0,3,24,391001,391001,1
2,0,3,25,110707,110707,1
2,0,3,26,246ad5,246ad5,1
2,0,3,27,61be6e,61be6e,1
2,0,3,28,3a6834,3a6834,1
2,0,3,29,022659,022659,1
2,0,3,30,6d1975,6d1975,1
2,0,3,31,7c51e4,7c51e4,1
2,0,3,32,1f6f4c,1f6f4c,1
2,0,3,33,463e89,463e89,1
2,0,3,34,6d1a76,6d1a76,1
2,0,3,35,7ef175,7ef175,1
2,0,3,36,028ad1,028ad1,1
2,0,3,37,0c472d,0c472d,1
2,0,3,38,789777,789777,1
2,0,3,39,49c7ee,49c7ee,1
2,0,3,40,1ed1da,1ed1da,1
2,0,3,41,7017e2,7017e2,1
2,0,3,42,4cf415,4cf415,1
2,0,3,43,13e2df,13e2df,1
2,0,3,44,1acd3f,1acd3f,1
2,0,3,45,6e48d5,6e48d5,1
2,0,3,46,18ec6b,18ec6b,1
2,0,3,47,043e41,043e41,1
2,0,3,48,4926b2,4926b2,1
2,0,3,49,48fe75,48fe75,1
2,0,3,50,560353,560353,1
2,0,3,51,5617ff,5617ff,1
2,0,3,52,4242d7,4242d7,1
2,0,3,53,33cc8c,33cc8c,1
2,0,3,54,161e53,161e53,1
2,0,3,55,4a5ca9,4a5ca9,1
2,0,3,56,61e294,61e294,1
2,0,3,57,00739d,00739d,1
2,0,3,58,20390d,20390d,1
2,0,3,59,73e9b0,73e9b0,1
2,0,3,60,04be7c,04be7c,1
2,0,3,61,3b0f9a,3b0f9a,1
2,0,3,62,69f129,69f129,1
2,0,3,63,5a43dd,5a43dd,1
2,0,3,64,162c3f,162c3f,1
2,0,3,65,32b43f,32b43f,1
2,0,3,66,74fa32,74fa32,1
2,0,3,67,0ce1c0,0ce1c0,1
2,0,3,68,689f41,689f41,1
2,0,3,69,2c5c84,2c5c84,1
2,0,3,70,19adf3,19adf3,1
2,0,3,71,22c00f,22c00f,1
2,0,3,72,66039f,66039f,1
2,0,3,73,78ebd5,78ebd5,1
2,0,3,74,3832bf,3832bf,1
2,0,3,75,128d54,128d54,1
2,0,3,76,266624,266624,1
2,0,3,77,237c6e,237c6e,1
2,0,3,78,2fcb5e,2fcb5e,1
2,0,3,79,21700c,21700c,1
2,0,3,80,2b8226,2b8226,1
2,0,3,81,63a2c6,63a2c6,1
2,0,3,82,7899f6,7899f6,1
2,0,3,83,3e9b4e,3e9b4e,1
2,0,3,84,1f5289,1f5289,1
2,0,3,85,5ce3ee,5ce3ee,1
2,0,3,86,5f9bc6,5f9bc6,1
2,0,3,87,57aafd,57aafd,1
2,0,3,88,1cb159,1cb159,1
2,0,3,89,140a85,140a85,1
2,0,3,90,0f20cd,0f20cd,1
2,0,3,91,61157c,61157c,1
2,0,3,92,419b66,419b66,1
2,0,3,93,7f4ec0,7f4ec0,1
2,0,3,94,39fa69,39fa69,1
2,0,3,95,188599,188599,1
2,0,3,96,75876c,75876c,1
2,0,3,97,3b7698,3b7698,1
2,0,3,98,23d5e7,23d5e7,1
2,0,3,99,5afca6,5afca6,1
2,0,3,100,57d89a,57d89a,1
2,0,3,101,781943,781943,1
2,0,3,102,0daee1,0daee1,1
2,0,3,103,2199db,2199db,1
2,0,3,104,278009,278009,1
2,0,3,105,268728,268728,1
2,0,3,106,0c569e,0c569e,1
2,0,3,107,2dfd62,2dfd62,1
2,0,3,108,5dfc4c,5dfc4c,1
2,0,3,109,489efc,489efc,1
2,0,3,110,625828,625828,1
2,0,3,111,6d14dd,6d14dd,1
2,0,3,112,32b8f6,32b8f6,1
2,0,3,113,5b7bbd,5b7bbd,1
2,0,3,114,36a872,36a872,1
2,0,3,115,3f24b5,3f24b5,1
2,0,3,116,27c4f8,27c4f8,1
2,0,3,117,382266,382266,1
2,0,3,118,4891a2,4891a2,1
2,0,3,119,15eb2c,15eb2c,1
2,0,3,120,6eb74f,6eb74f,1
2,0,3,121,5a2fec,5a2fec,1
2,0,3,122,22837e,22837e,1
2,0,3,123,39b95c,39b95c,1
2,0,3,124,12dafd,12dafd,1
2,0,3,125,5e9e64,5e9e64,1
2,0,3,126,4e2a1b,4e2a1b,1
2,0,3,127,7650a6,7650a6,1
2,0,3,128,1b3f46,1b3f46,1
2,0,3,129,3942d8,3942d8,1
2,0,3,130,385f15,385f15,1
2,0,3,131,0dc8cc,0dc8cc,1
2,0,3,132,45fe70,45fe70,1
2,0,3,133,0693d9,0693d9,1
2,0,3,134,29d451,29d451,1
2,0,3,135,28d5dc,28d5dc,1
2,0,3,136,14821c,14821c,1
2,0,3,137,63d4f9,63d4f9,1
2,0,3,138,042eda,042eda,1
2,0,3,139,62f819,62f819,1
2,0,3,140,512d06,512d06,1
2,0,3,141,19795c,19795c,1
2,0,3,142,43f11b,43f11b,1
2,0,3,143,3d0f67,3d0f67,1
2,0,3,144,79e96a,79e96a,1
2,0,3,145,40a269,40a269,1
2,0,3,146,7f70f0,7f70f0,1
2,0,3,147,13b421,13b421,1
2,0,3,148,05fd22,05fd22,1
2,0,3,149,17c80b,17c80b,1
2,0,3,150,078861,078861,1
2,0,3,151,2c4640,2c4640,1
2,0,3,152,3d4c9a,3d4c9a,1
2,0,3,153,4fc627,4fc627,1
2,0,3,154,3cb050,3cb050,1
2,0,3,155,606fec,606fec,1
2,0,3,156,4c4657,4c4657,1
2,0,3,157,07438a,07438a,1
2,0,3,158,358fe5,358fe5,1
2,0,3,159,69ac03,69ac03,1
2,0,3,160,61f6fa,61f6fa,1
2,0,3,161,396242,396242,1
2,0,3,162,02a56a,02a56a,1
2,0,3,163,4d080d,4d080d,1
2,0,3,164,711113,711113,1
2,0,3,165,3c2a14,3c2a14,1
2,0,3,166,735089,735089,1
2,0,3,167,1aa1d2,1aa1d2,1
2,0,3,168,1b0c62,1b0c62,1
2,0,3,169,55c5f9,55c5f9,1
2,0,3,170,08abfd,08abfd,1
2,0,3,171,3fe9f2,3fe9f2,1
2,0,3,172,58c258,58c258,1
2,0,3,173,15375d,15375d,1
2,0,3,174,3a206d,3a206d,1
2,0,3,175,5ea5a3,5ea5a3,1
2,0,3,176,4eb44d,4eb44d,1
2,0,3,177,30f088,30f088,1
2,0,3,178,3362c5,3362c5,1
2,0,3,179,04ce4a,04ce4a,1
2,0,3,180,51273f,51273f,1
2,0,3,181,234d5f,234d5f,1
2,0,3,182,60152f,60152f,1
2,0,3,183,5b8fd9,5b8fd9,1
2,0,3,184,4f8436,4f8436,1
2,0,3,185,7e35ad,7e35ad,1
2,0,3,186,0c59c9,0c59c9,1
2,0,3,187,6786e0,6786e0,1
2,0,3,188,3ce28a,3ce28a,1
2,0,3,189,635414,635414,1
2,0,3,190,492dca,492dca,1
2,0,3,191,1c9f09,1c9f09,1
2,0,3,192,327231,327231,1
2,0,3,193,17220c,17220c,1
2,0,3,194,5e256c,5e256c,1
2,0,3,195,6ba1d7,6ba1d7,1
2,0,3,196,428d76,428d76,1
2,0,3,197,6bd6b5,6bd6b5,1
2,0,3,198,3114e5,3114e5,1
2,0,3,199,054198,054198,1
2,0,3,200,21ec56,21ec56,1
2,0,3,201,1bc4d4,1bc4d4,1
2,0,3,202,7ab7b5,7ab7b5,1
2,0,3,203,337e50,337e50,1
2,0,3,204,608c7e,608c7e,1
2,0,3,205,1b9322,1b9322,1
2,0,3,206,4304c6,4304c6,1
2,0,3,207,0c1825,0c1825,1
2,0,3,208,4f4a66,4f4a66,1
2,0,3,209,2afe44,2afe44,1
2,0,3,210,4eb5ee,4eb5ee,1
2,0,3,211,739f44,739f44,1
2,0,3,212,30be63,30be63,1
2,0,3,213,503a4e,503a4e,1
2,0,3,214,2f9c9c,2f9c9c,1
2,0,3,215,70c82c,70c82c,1
2,0,3,216,2fbd51,2fbd51,1
2,0,3,217,22341d,22341d,1
2,0,3,218,00b6f2,00b6f2,1
2,0,3,219,4e1a62,4e1a62,1
2,0,3,220,126f04,126f04,1
2,0,3,221,0d4dbc,0d4dbc,1
2,0,3,222,4808ef,4808ef,1
2,0,3,223,2b239f,2b239f,1
2,0,3,224,2ae4f0,2ae4f0,1
2,0,3,225,3ea982,3ea982,1
2,0,3,226,10f9c7,10f9c7,1
2,0,3,227,69f305,69f305,1
2,0,3,228,3dbcaa,3dbcaa,1
2,0,3,229,4f06cc,4f06cc,1
2,0,3,230,74d656,74d656,1
2,0,3,231,5ced70,5ced70,1
2,0,3,232,75a4ba,75a4ba,1
2,0,3,233,178de9,178de9,1
2,0,3,234,082854,082854,1
2,0,3,235,492f21,492f21,1
2,0,3,236,0d30b3,0d30b3,1
2,0,3,237,3d27e8,3d27e8,1
2,0,3,238,5b18c4,5b18c4,1
2,0,3,239,0a9134,0a9134,1
2,0,3,240,0e12a1,0e12a1,1
2,0,3,241,13f339,13f339,1
2,0,3,242,3c0e66,3c0e66,1
2,0,3,243,09f0f3,09f0f3,1
2,0,3,244,766be3,766be3,1
2,0,3,245,0d047d,0d047d,1
2,0,3,246,4bdc35,4bdc35,1
2,0,3,247,64b035,64b035,1
2,0,3,248,204cc5,204cc5,1
2,0,3,249,6e6ab3,6e6ab3,1
2,0,3,250,175313,175313,1
2,0,3,251,5f98d8,5f98d8,1
2,0,3,252,257056,257056,1
2,0,3,253,0871ef,0871ef,1
2,0,3,254,5f92f9,5f92f9,1
2,0,3,255,4989cb,4989cb,1
2,1,0,0,655c2a,655c2a,1
2,1,0,1,3550ab,3550ab,1
2,1,0,2,7ab714,7ab714,1
2,1,0,3,557565,557565,1
2,1,0,4,165061,165061,1
2,1,0,5,610d76,610d76,1
2,1,0,6,7a9866,7a9866,1
2,1,0,7,1f23c2,1f23c2,1
2,1,0,8,04539d,04539d,1
2,1,0,9,326d1e,326d1e,1
2,1,0,10,3249e6,3249e6,1
2,1,0,11,652ead,652ead,1
2,1,0,12,10240b,10240b,1
2,1,0,13,291ed1,291ed1,1
2,1,0,14,4a4431,4a4431,1
2,1,0,15,20668b,20668b,1
2,1,0,16,33fb25,33fb25,1
2,1,0,17,0f2327,0f2327,1
2,1,0,18,01f96b,01f96b,1
2,1,0,19,1afe36,1afe36,1
2,1,0,20,3c2d15,3c2d15,1
2,1,0,21,5ac597,5ac597,1
2,1,0,22,37435c,37435c,1
2,1,0,23,0d3eea,0d3eea,1
2,1,0,24,5537da,5537da,1
2,1,0,25,7e98e6,7e98e6,1
2,1,0,26,42892f,42892f,1
2,1,0,27,785412,785412,1
2,1,0,28,2e7389,2e7389,1
2,1,0,29,141d11,141d11,1
2,1,0,30,3bdd31,3bdd31,1
2,1,0,31,31250f,31250f,1
2,1,0,32,1a2c44,1a2c44,1
2,1,0,33,39e0d3,39e0d3,1
2,1,0,34,3b940e,3b940e,1
2,1,0,35,75815d,75815d,1
2,1,0,36,3c1e22,3c1e22,1
2,1,0,37,285ddb,285ddb,1
2,1,0,38,0520c2,0520c2,1
2,1,0,39,4a5b11,4a5b11,1
2,1,0,40,5c5410,5c5410,1
2,1,0,41,0d1350,0d1350,1
2,1,0,42,060aed,060aed,1
2,1,0,43,7aa991,7aa991,1
2,1,0,44,04e2bb,04e2bb,1
2,1,0,45,671a8b,671a8b,1
2,1,0,46,7d24fa,7d24fa,1
2,1,0,47,03aa52,03aa52,1
2,1,0,48,299f56,299f56,1
2,1,0,49,7614dc,7614dc,1
2,1,0,50,0b12ee,0b12ee,1
2,1,0,51,1e6391,1e6391,1
2,1,0,52,6b936b,6b936b,1
2,1,0,53,43e9d4,43e9d4,1
2,1,0,54,5c9001,5c9001,1
2,1,0,55,26d175,26d175,1
2,1,0,56,444cd4,444cd4,1
2,1,0,57,365da1,365da1,1
2,1,0,58,349962,349962,1
2,1,0,59,4fce5c,4fce5c,1
2,1,0,60,4609ff,4609ff,1
2,1,0,61,4637fa,4637fa,1
2,1,0,62,5e3c59,5e3c59,1
2,1,0,63,625aa1,625aa1,1
2,1,0,64,758471,758471,1
2,1,0,65,342d64,342d64,1
2,1,0,66,1d6bcc,1d6bcc,1
2,1,0,67,0e8fba,0e8fba,1
2,1,0,68,077633,077633,1
2,1,0,69,6129c3,6129c3,1
2,1,0,70,777538,777538,1
2,1,0,71,38d15a,38d15a,1
2,1,0,72,4827ef,4827ef,1
2,1,0,73,342fb9,342fb9,1
2,1,0,74,0d4536,0d4536,1
2,1,0,75,62bb6d,62bb6d,1
2,1,0,76,39c147,39c147,1
2,1,0,77,198b19,198b19,1
2,1,0,78,22ca05,22ca05,1
2,1,0,79,3bd86e,3bd86e,1
2,1,0,80,109688,109688,1
2,1,0,81,086b30,086b30,1
2,1,0,82,285e19,285e19,1
2,1,0,83,4d6b07,4d6b07,1
2,1,0,84,6d096a,6d096a,1
2,1,0,85,2f2c99,2f2c99,1
2,1,0,86,786fab,786fab,1
2,1,0,87,63917b,63917b,1
2,1,0,88,06a4b4,06a4b4,1
2,1,0,89,7e09bd,7e09bd,1
2,1,0,90,49f53d,49f53d,1
2,1,0,91,1e9aae,1e9aae,1
2,1,0,92,6df85a,6df85a,1
2,1,0,93,54d3b4,54d3b4,1
2,1,0,94,00921a,00921a,1
2,1,0,95,3f7549,3f7549,1
2,1,0,96,7192ae,7192ae,1
2,1,0,97,7d374d,7d374d,1
2,1,0,98,08051c,08051c,1
2,1,0,99,11e03c,11e03c,1
2,1,0,100,7f4144,7f4144,1
2,1,0,101,047dd6,047dd6,1
2,1,0,102,772a2a,772a2a,1
2,1,0,103,5517af,5517af,1
2,1,0,104,501c87,501c87,1
2,1,0,105,34c7e6,34c7e6,1
2,1,0,106,087d7c,087d7c,1
2,1,0,107,5ea01f,5ea01f,1
2,1,0,108,72cfd5,72cfd5,1
2,1,0,109,18279f,18279f,1
2,1,0,110,50d476,50d476,1
2,1,0,111,6a2279,6a2279,1
2,1,0,112,08cfb6,08cfb6,1
2,1,0,113,23ed56,23ed56,1
2,1,0,114,438ba6,438ba6,1
2,1,0,115,34762c,34762c,1
2,1,0,116,6c095f,6c095f,1
2,1,0,117,69d89f,69d89f,1
2,1,0,118,5a682c,5a682c,1
2,1,0,119,1d5ea7,1d5ea7,1
2,1,0,120,74edcb,74edcb,1
2,1,0,121,2232fe,2232fe,1
2,1,0,122,63b94e,63b94e,1
2,1,0,123,50692e,50692e,1
2,1,0,124,433a38,433a38,1
2,1,0,125,3e25cd,3e25cd,1
2,1,0,126,587de2,587de2,1
2,1,0,127,7094d5,7094d5,1
2,1,0,128,45e512,45e512,1
2,1,0,129,3afe53,3afe53,1
2,1,0,130,7bf356,7bf356,1
2,1,0,131,015f2e,015f2e,1
2,1,0,132,718bf5,718bf5,1
2,1,0,133,3fddb8,3fddb8,1
2,1,0,134,1519f4,1519f4,1
2,1,0,135,3c21ff,3c21ff,1
2,1,0,136,63f0a0,63f0a0,1
2,1,0,137,002f72,002f72,1
2,1,0,138,388c9c,388c9c,1
2,1,0,139,19dbd4,19dbd4,1
2,1,0,140,2824e9,2824e9,1
2,1,0,141,716642,716642,1
2,1,0,142,0062e9,0062e9,1
2,1,0,143,469ad2,469ad2,1
2,1,0,144,6f412e,6f412e,1
2,1,0,145,68711a,68711a,1
2,1,0,146,2b7e8b,2b7e8b,1
2,1,0,147,467d7e,467d7e,1
2,1,0,148,7e3855,7e3855,1
2,1,0,149,448db9,448db9,1
2,1,0,150,0f1c37,0f1c37,1
2,1,0,151,0058bb,0058bb,1
2,1,0,152,4c4e74,4c4e74,1
2,1,0,153,4fa738,4fa738,1
2,1,0,154,393e1a,393e1a,1
2,1,0,155,640455,640455,1
2,1,0,156,4cd274,4cd274,1
2,1,0,157,3fd435,3fd435,1
2,1,0,158,0f5207,0f5207,1
2,1,0,159,021db9,021db9,1
2,1,0,160,5881df,5881df,1
2,1,0,161,6bd859,6bd859,1
2,1,0,162,58b1c6,58b1c6,1
2,1,0,163,5e0151,5e0151,1
2,1,0,164,03341c,03341c,1
2,1,0,165,18127f,18127f,1
2,1,0,166,1c3338,1c3338,1
2,1,0,167,7446ba,7446ba,1
2,1,0,168,1be1cf,1be1cf,1
2,1,0,169,176c53,176c53,1
2,1,0,170,0c3528,0c3528,1
2,1,0,171,26abc0,26abc0,1
2,1,0,172,6a9b3e,6a9b3e,1
2,1,0,173,50f0d1,50f0d1,1
2,1,0,174,569a4c,569a4c,1
2,1,0,175,6adb37,6adb37,1
2,1,0,176,09e327,09e327,1
2,1,0,177,315459,315459,1
2,1,0,178,6756de,6756de,1
2,1,0,179,0b8d67,0b8d67,1
2,1,0,180,3b45b7,3b45b7,1
2,1,0,181,74f994,74f994,1
2,1,0,182,0d2f70,0d2f70,1
2,1,0,183,64c002,64c002,1
2,1,0,184,2de6d7,2de6d7,1
2,1,0,185,0ad586,0ad586,1
2,1,0,186,38d77f,38d77f,1
2,1,0,187,20f43d,20f43d,1
2,1,0,188,3a3ca3,3a3ca3,1
2,1,0,189,2bca3f,2bca3f,1
2,1,0,190,48bb7b,48bb7b,1
2,1,0,191,2a13c5,2a13c5,1
2,1,0,192,1083b1,1083b1,1
2,1,0,193,4cf4cf,4cf4cf,1
2,1,0,194,439af1,439af1,1
2,1,0,195,0f1d3d,0f1d3d,1
2,1,0,196,473043,473043,1
2,1,0,197,6ad4b6,6ad4b6,1
2,1,0,198,49a528,49a528,1
2,1,0,199,726b9f,726b9f,1
2,1,0,200,4a0cf1,4a0cf1,1
2,1,0,201,451cf5,451cf5,1
2,1,0,202,772afe,772afe,1
2,1,0,203,0f3a02,0f3a02,1
2,1,0,204,59584d,59584d,1
2,1,0,205,30728a,30728a,1
2,1,0,206,1e7541,1e7541,1
2,1,0,207,6348c6,6348c6,1
2,1,0,208,5f73b8,5f73b8,1
2,1,0,209,4240bd,4240bd,1
2,1,0,210,5a208d,5a208d,1
2,1,0,211,2f3baa,2f3baa,1
2,1,0,212,05f631,05f631,1
2,1,0,213,131562,131562,1
2,1,0,214,54eda8,54eda8,1
2,1,0,215,65dc7d,65dc7d,1
2,1,0,216,72619e,72619e,1
2,1,0,217,035fd9,035fd9,1
2,1,0,218,7b34c9,7b34c9,1
2,1,0,219,45066c,45066c,1
2,1,0,220,692fac,692fac,1
2,1,0,221,394202,394202,1
2,1,0,222,2ea777,2ea777,1
2,1,0,223,4c48a0,4c48a0,1
2,1,0,224,7b770f,7b770f,1
2,1,0,225,120a02,120a02,1
2,1,0,226,1ca668,1ca668,1
2,1,0,227,7f3829,7f3829,1
2,1,0,228,2646f3,2646f3,1
2,1,0,229,2e8294,2e8294,1
2,1,0,230,573c38,573c38,1
2,1,0,231,6b150e,6b150e,1
2,1,0,232,7493ab,7493ab,1
2,1,0,233,129e1a,129e1a,1
2,1,0,234,1a0425,1a0425,1
2,1,0,235,3c9f2a,3c9f2a,1
2,1,0,236,79f33b,79f33b,1
2,1,0,237,43ac7d,43ac7d,1
2,1,0,238,144540,144540,1
2,1,0,239,1e771e,1e771e,1
2,1,0,240,2e64b9,2e64b9,1
2,1,0,241,195298,195298,1
2,1,0,242,263485,263485,1
2,1,0,243,4dcb35,4dcb35,1
2,1,0,244,2aa4cb,2aa4cb,1
2,1,0,245,2c719e,2c719e,1
2,1,0,246,0a4468,0a4468,1
2,1,0,247,48362c,48362c,1
2,1,0,248,6d68ea,6d68ea,1
2,1,0,249,1b13f1,1b13f1,1
2,1,0,250,5138d0,5138d0,1
2,1,0,251,3109cd,3109cd,1
2,1,0,252,7148be,7148be,1
2,1,0,253,38d1e1,38d1e1,1
2,1,0,254,203445,203445,1
2,1,0,255,1bf1a1,1bf1a1,1
2,1,1,0,78aeb4,78aeb4,1
2,1,1,1,13d776,13d776,1
2,1,1,2,31accf,31accf,1
2,1,1,3,75d359,75d359,1
2,1,1,4,1e4f06,1e4f06,1
2,1,1,5,622118,622118,1
2,1,1,6,46e943,46e943,1
2,1,1,7,5fed36,5fed36,1
2,1,1,8,79bf43,79bf43,1
2,1,1,9,4e3fa9,4e3fa9,1
2,1,1,10,5dfe22,5dfe22,1
2,1,1,11,13169f,13169f,1
2,1,1,12,72d947,72d947,1
2,1,1,13,156c8c,156c8c,1
2,1,1,14,22c724,22c724,1
2,1,1,15,050bce,050bce,1
2,1,1,16,732b14,732b14,1
2,1,1,17,75ab7f,75ab7f,1
2,1,1,18,5f685d,5f685d,1
2,1,1,19,002846,002846,1
2,1,1,20,404282,404282,1
2,1,1,21,588e06,588e06,1
2,1,1,22,579df8,579df8,1
2,1,1,23,5c73af,5c73af,1
2,1,1,24,459b1c,459b1c,1
2,1,1,25,05eca0,05eca0,1
2,1,1,26,6edf89,6edf89,1
2,1,1,27,69761c,69761c,1
2,1,1,28,2972c6,2972c6,1
2,1,1,29,3bae07,3bae07,1
2,1,1,30,47aff1,47aff1,1
2,1,1,31,693443,693443,1
2,1,1,32,7f3569,7f3569,1
2,1,1,33,176d82,176d82,1
2,1,1,34,5b370e,5b370e,1
2,1,1,35,25df34,25df34,1
2,1,1,36,72b077,72b077,1
2,1,1,37,7fc1de,7fc1de,1
2,1,1,38,0a26ff,0a26ff,1
2,1,1,39,5652da,5652da,1
2,1,1,40,74a560,74a560,1
2,1,1,41,5dce08,5dce08,1
2,1,1,42,213096,213096,1
2,1,1,43,35bb96,35bb96,1
2,1,1,44,5d9e3a,5d9e3a,1
2,1,1,45,20e9c1,20e9c1,1
2,1,1,46,2c4a7b,2c4a7b,1
2,1,1,47,30c6e3,30c6e3,1
2,1,1,48,434709,434709,1
2,1,1,49,330578,330578,1
2,1,1,50,783ebe,783ebe,1
2,1,1,51,314725,314725,1
2,1,1,52,7ab914,7ab914,1
2,1,1,53,222a35,222a35,1
2,1,1,54,0e0aea,0e0aea,1
2,1,1,55,448f39,448f39,1
2,1,1,56,12031f,12031f,1
2,1,1,57,052741,052741,1
2,1,1,58,3315f8,3315f8,1
2,1,1,59,7b4b9d,7b4b9d,1
2,1,1,60,42fcc8,42fcc8,1
2,1,1,61,473565,473565,1
2,1,1,62,6d5714,6d5714,1
2,1,1,63,7c1efb,7c1efb,1
2,1,1,64,3258f0,3258f0,1
2,1,1,65,1a7bc6,1a7bc6,1
2,1,1,66,5b128e,5b128e,1
2,1,1,67,32f52c,32f52c,1
2,1,1,68,6074c6,6074c6,1
2,1,1,69,2c43e7,2c43e7,1
2,1,1,70,1ca76f,1ca76f,1
2,1,1,71,1a826e,1a826e,1
2,1,1,72,50a6fb,50a6fb,1
2,1,1,73,3cb968,3cb968,1
2,1,1,74,07b9de,07b9de,1
2,1,1,75,2f5e54,2f5e54,1
2,1,1,76,52ccdc,52ccdc,1
2,1,1,77,4485f4,4485f4,1
2,1,1,78,1d3e66,1d3e66,1
2,1,1,79,5ddcac,5ddcac,1
2,1,1,80,377dc1,377dc1,1
2,1,1,81,5a2c9e,5a2c9e,1
2,1,1,82,02f9b3,02f9b3,1
2,1,1,83,714305,714305,1
2,1,1,84,69920c,69920c,1
2,1,1,85,691a34,691a34,1
2,1,1,86,429e07,429e07,1
2,1,1,87,4b661d,4b661d,1
2,1,1,88,493d13,493d13,1
2,1,1,89,303272,303272,1
2,1,1,90,132b76,132b76,1
2,1,1,91,10d321,10d321,1
2,1,1,92,75192d,75192d,1
2,1,1,93,2e2409,2e2409,1
2,1,1,94,0dd587,0dd587,1
2,1,1,95,6b2dcb,6b2dcb,1
2,1,1,96,4d2970,4d2970,1
2,1,1,97,2f7854,2f7854,1
2,1,1,98,5ecd2f,5ecd2f,1
2,1,1,99,0973bd,0973bd,1
2,1,1,100,57a3e5,57a3e5,1
2,1,1,101,3ba67c,3ba67c,1
2,1,1,102,455448,455448,1
2,1,1,103,702400,702400,1
2,1,1,104,32079c,32079c,1
2,1,1,105,5e5f86,5e5f86,1
2,1,1,106,37bd78,37bd78,1
2,1,1,107,362a1a,362a1a,1
2,1,1,108,78ccc9,78ccc9,1
2,1,1,109,4b3e86,4b3e86,1
2,1,1,110,621007,621007,1
2,1,1,111,226b01,226b01,1
2,1,1,112,0b87af,0b87af,1
2,1,1,113,669149,669149,1
2,1,1,114,2922b4,2922b4,1
2,1,1,115,4961de,4961de,1
2,1,1,116,0c0883,0c0883,1
2,1,1,117,2c6664,2c6664,1
2,1,1,118,4f0e1a,4f0e1a,1
2,1,1,119,663a49,663a49,1
2,1,1,120,57225e,57225e,1
2,1,1,121,0255df,0255df,1
2,1,1,122,0d31b0,0d31b0,1
2,1,1,123,671ac7,671ac7,1
2,1,1,124,0ed76d,0ed76d,1
2,1,1,125,3d619c,3d619c,1
2,1,1,126,64932f,64932f,1
2,1,1,127,4cb78f,4cb78f,1
2,1,1,128,460919,460919,1
2,1,1,129,4a02c4,4a02c4,1
2,1,1,130,792382,792382,1
2,1,1,131,3c4fbb,3c4fbb,1
2,1,1,132,3c7dc3,3c7dc3,1
2,1,1,133,0cd11f,0cd11f,1
2,1,1,134,72de24,72de24,1
2,1,1,135,420a81,420a81,1
2,1,1,136,7ed301,7ed301,1
2,1,1,137,1fd476,1fd476,1
2,1,1,138,578539,578539,1
2,1,1,139,51cf9a,51cf9a,1
2,1,1,140,13e83c,13e83c,1
2,1,1,141,4e3fdd,4e3fdd,1
2,1,1,142,1d2f2c,1d2f2c,1
2,1,1,143,4efd02,4efd02,1
2,1,1,144,0d9763,0d9763,1
2,1,1,145,67a72a,67a72a,1
2,1,1,146,3a8b3d,3a8b3d,1
2,1,1,147,0e097c,0e097c,1
2,1,1,148,6f7a33,6f7a33,1
2,1,1,149,08c0ea,08c0ea,1
2,1,1,150,2791a0,2791a0,1
2,1,1,151,4a116b,4a116b,1
2,1,1,152,7a06e7,7a06e7,1
2,1,1,153,6f2823,6f2823,1
2,1,1,154,7ed028,7ed028,1
2,1,1,155,0de8fb,0de8fb,1
2,1,1,156,408577,408577,1
2,1,1,157,1ef2b0,1ef2b0,1
2,1,1,158,73ed8d,73ed8d,1
2,1,1,159,611459,611459,1
2,1,1,160,11e4a4,11e4a4,1
2,1,1,161,1c9af4,1c9af4,1
2,1,1,162,337dfe,337dfe,1
2,1,1,163,30968f,30968f,1
2,1,1,164,761268,761268,1
2,1,1,165,112707,112707,1
2,1,1,166,7cc36b,7cc36b,1
2,1,1,167,02f12e,02f12e,1
2,1,1,168,7f9af4,7f9af4,1
2,1,1,169,4ba1b1,4ba1b1,1
2,1,1,170,53efe6,53efe6,1
2,1,1,171,4637a6,4637a6,1
2,1,1,172,64038e,64038e,1
2,1,1,173,4178e4,4178e4,1
2,1,1,174,56acd5,56acd5,1
2,1,1,175,4c1ff8,4c1ff8,1
2,1,1,176,6652d3,6652d3,1
2,1,1,177,10b08b,10b08b,1
2,1,1,178,330338,330338,1
2,1,1,179,4c39f4,4c39f4,1
2,1,1,180,384343,384343,1
2,1,1,181,486c4f,486c4f,1
2,1,1,182,725586,725586,1
2,1,1,183,3381ec,3381ec,1
2,1,1,184,068a10,068a10,1
2,1,1,185,071b44,071b44,1
2,1,1,186,2129ce,2129ce,1
2,1,1,187,6cbe26,6cbe26,1
2,1,1,188,1eabf0,1eabf0,1
2,1,1,189,5ca75a,5ca75a,1
2,1,1,190,362d63,362d63,1
2,1,1,191,007bf5,007bf5,1
2,1,1,192,154e20,154e20,1
2,1,1,193,52e3b6,52e3b6,1
2,1,1,194,565bd6,565bd6,1
2,1,1,195,588c7d,588c7d,1
2,1,1,196,1b251e,1b251e,1
2,1,1,197,3313a9,3313a9,1
2,1,1,198,760244,760244,1
2,1,1,199,1c6dbc,1c6dbc,1
2,1,1,200,38c4c4,38c4c4,1
2,1,1,201,5ebb5c,5ebb5c,1
2,1,1,202,75a012,75a012,1
2,1,1,203,0756da,0756da,1
2,1,1,204,27a510,27a510,1
2,1,1,205,31f05d,31f05d,1
2,1,1,206,2f2441,2f2441,1
2,1,1,207,42f950,42f950,1
2,1,1,208,3b3e0a,3b3e0a,1
2,1,1,209,275eea,275eea,1
2,1,1,210,718e87,718e87,1
2,1,1,211,70b274,70b274,1
2,1,1,212,10f97d,10f97d,1
2,1,1,213,7113e8,7113e8,1
2,1,1,214,5373e7,5373e7,1
2,1,1,215,546587,546587,1
2,1,1,216,27394f,27394f,1
2,1,1,217,243320,243320,1
2,1,1,218,3ec18b,3ec18b,1
2,1,1,219,41aa2f,41aa2f,1
2,1,1,220,0a990a,0a990a,1
2,1,1,221,4b7319,4b7319,1
2,1,1,222,230ed4,230ed4,1
2,1,1,223,49b288,49b288,1
2,1,1,224,431cab,431cab,1
2,1,1,225,5c1ce5,5c1ce5,1
2,1,1,226,642bf7,642bf7,1
2,1,1,227,7e34c0,7e34c0,1
2,1,1,228,5fcbd0,5fcbd0,1
2,1,1,229,1f1040,1f1040,1
2,1,1,230,70f26c,70f26c,1
2,1,1,231,49d219,49d219,1
2,1,1,232,7c04c1,7c04c1,1
2,1,1,233,2d6fb8,2d6fb8,1
2,1,1,234,784c9d,784c9d,1
2,1,1,235,07563d,07563d,1
2,1,1,236,09eb15,09eb15,1
2,1,1,237,7a6ee7,7a6ee7,1
2,1,1,238,0015cd,0015cd,1
2,1,1,239,72adb8,72adb8,1
2,1,1,240,3db65c,3db65c,1
2,1,1,241,38ec2b,38ec2b,1
2,1,1,242,6eeb24,6eeb24,1
2,1,1,243,0e2f5d,0e2f5d,1
2,1,1,244,378fec,378fec,1
2,1,1,245,23f146,23f146,1
2,1,1,246,3d9852,3d9852,1
2,1,1,247,5c11d6,5c11d6,1
2,1,1,248,448a5c,448a5c,1
2,1,1,249,24222d,24222d,1
2,1,1,250,6c5ef2,6c5ef2,1
2,1,1,251,5864d3,5864d3,1
2,1,1,252,66c5db,66c5db,1
2,1,1,253,783505,783505,1
2,1,1,254,124390,124390,1
2,1,1,255,1ca1f9,1ca1f9,1
2,1,2,0,4d02f3,4d02f3,1
2,1,2,1,7f1cd1,7f1cd1,1
2,1,2,2,1be58f,1be58f,1
2,1,2,3,6d0193,6d0193,1
2,1,2,4,2ee4b3,2ee4b3,1
2,1,2,5,4de5a4,4de5a4,1
2,1,2,6,3b1a51,3b1a51,1
2,1,2,7,11d0ef,11d0ef,1
2,1,2,8,570518,570518,1
2,1,2,9,55f1a5,55f1a5,1
2,1,2,10,52a38d,52a38d,1
2,1,2,11,651f14,651f14,1
2,1,2,12,604cc9,604cc9,1
2,1,2,13,653210,653210,1
2,1,2,14,061741,061741,1
2,1,2,15,1e7998,1e7998,1
2,1,2,16,2366f1,2366f1,1
2,1,2,17,5b13df,5b13df,1
2,1,2,18,135dec,135dec,1
2,1,2,19,2cae11,2cae11,1
2,1,2,20,5ac87c,5ac87c,1
2,1,2,21,2bc4e1,2bc4e1,1
2,1,2,22,64912f,64912f,1
2,1,2,23,3a38aa,3a38aa,1
2,1,2,24,57f17c,57f17c,1
2,1,2,25,1c254b,1c254b,1
2,1,2,26,14c8ab,14c8ab,1
2,1,2,27,3bdc15,3bdc15,1
2,1,2,28,418c44,418c44,1
2,1,2,29,0714b6,0714b6,1
2,1,2,30,28ddeb,28ddeb,1
2,1,2,31,5f8793,5f8793,1
2,1,2,32,47e57f,47e57f,1
2,1,2,33,250cc6,250cc6,1
2,1,2,34,2f6dd0,2f6dd0,1
2,1,2,35,5da1e8,5da1e8,1
2,1,2,36,6c8a39,6c8a39,1
2,1,2,37,3b6d78,3b6d78,1
2,1,2,38,186aea,186aea,1
2,1,2,39,32e107,32e107,1
2,1,2,40,6feb66,6feb66,1
2,1,2,41,37c9f5,37c9f5,1
2,1,2,42,6805a4,6805a4,1
2,1,2,43,76762f,76762f,1
2,1,2,44,325f3a,325f3a,1
2,1,2,45,4ca8cc,4ca8cc,1
2,1,2,46,433911,433911,1
2,1,2,47,6a65b6,6a65b6,1
2,1,2,48,4f0d59,4f0d59,1
2,1,2,49,1c5188,1c5188,1
2,1,2,50,0a4af0,0a4af0,1
2,1,2,51,0cb545,0cb545,1
2,1,2,52,67ef9e,67ef9e,1
2,1,2,53,500b2f,500b2f,1
2,1,2,54,589405,589405,1
2,1,2,55,32b6c8,32b6c8,1
2,1,2,56,3e63bf,3e63bf,1
2,1,2,57,54ae9d,54ae9d,1
2,1,2,58,6f059a,6f059a,1
2,1,2,59,4b7c0d,4b7c0d,1
2,1,2,60,13d59b,13d59b,1
2,1,2,61,6e8225,6e8225,1
2,1,2,62,669f75,669f75,1
2,1,2,63,656a45,656a45,1
2,1,2,64,4e4d37,4e4d37,1
2,1,2,65,5c118f,5c118f,1
2,1,2,66,428f7d,428f7d,1
2,1,2,67,1bc895,1bc895,1
2,1,2,68,0f51d5,0f51d5,1
2,1,2,69,576094,576094,1
2,1,2,70,7e494f,7e494f,1
2,1,2,71,43f769,43f769,1
2,1,2,72,67cf48,67cf48,1
2,1,2,73,681509,681509,1
2,1,2,74,79f8fc,79f8fc,1
2,1,2,75,524729,524729,1
2,1,2,76,30bc4f,30bc4f,1
2,1,2,77,52dbac,52dbac,1
2,1,2,78,05f8f2,05f8f2,1
2,1,2,79,1d9590,1d9590,1
2,1,2,80,1924c8,1924c8,1
2,1,2,81,754862,754862,1
2,1,2,82,441b3a,441b3a,1
2,1,2,83,305264,305264,1
2,1,2,84,0c8081,0c8081,1
2,1,2,85,4a6bc9,4a6bc9,1
2,1,2,86,7dc6fd,7dc6fd,1
2,1,2,87,371824,371824,1
2,1,2,88,0f4612,0f4612,1
2,1,2,89,4f5097,4f5097,1
2,1,2,90,3b136b,3b136b,1
2,1,2,91,76b1bd,76b1bd,1
2,1,2,92,4ff966,4ff966,1
2,1,2,93,302a9e,302a9e,1
2,1,2,94,26d239,26d239,1
2,1,2,95,4e7b6c,4e7b6c,1
2,1,2,96,25e4b7,25e4b7,1
2,1,2,97,4cba5c,4cba5c,1
2,1,2,98,5b6fbd,5b6fbd,1
2,1,2,99,19896c,19896c,1
2,1,2,100,112903,112903,1
2,1,2,101,25e212,25e212,1
2,1,2,102,0b314f,0b314f,1
2,1,2,103,3afc07,3afc07,1
2,1,2,104,3edc37,3edc37,1
2,1,2,105,7176bc,7176bc,1
2,1,2,106,3ecbff,3ecbff,1
2,1,2,107,77c2d9,77c2d9,1
2,1,2,108,41a434,41a434,1
2,1,2,109,3bc872,3bc872,1
2,1,2,110,4e7553,4e7553,1
2,1,2,111,576b94,576b94,1
2,1,2,112,098ad0,098ad0,1
2,1,2,113,6a6548,6a6548,1
2,1,2,114,43f4ec,43f4ec,1
2,1,2,115,7d6117,7d6117,1
2,1,2,116,500ef9,500ef9,1
2,1,2,117,32c94d,32c94d,1
2,1,2,118,3a967d,3a967d,1
2,1,2,119,774849,774849,1
2,1,2,120,028a63,028a63,1
2,1,2,121,5d2df0,5d2df0,1
2,1,2,122,4bfa7d,4bfa7d,1
2,1,2,123,4b4845,4b4845,1
2,1,2,124,799da5,799da5,1
2,1,2,125,12100d,12100d,1
2,1,2,126,4c7394,4c7394,1
2,1,2,127,722e3c,722e3c,1
2,1,2,128,3e17eb,3e17eb,1
2,1,2,129,737dd3,737dd3,1
2,1,2,130,035b95,035b95,1
2,1,2,131,036cbb,036cbb,1
2,1,2,132,02f1fd,02f1fd,1
2,1,2,133,3900aa,3900aa,1
2,1,2,134,5eaac6,5eaac6,1
2,1,2,135,77ef98,77ef98,1
2,1,2,136,3d752b,3d752b,1
2,1,2,137,4a938b,4a938b,1
2,1,2,138,07453c,07453c,1
2,1,2,139,0aa02d,0aa02d,1
2,1,2,140,0cb1d5,0cb1d5,1
2,1,2,141,5bbd94,5bbd94,1
2,1,2,142,0edfd5,0edfd5,1
2,1,2,143,0330b4,0330b4,1
2,1,2,144,169bab,169bab,1
2,1,2,145,66468e,66468e,1
2,1,2,146,2f6a90,2f6a90,1
2,1,2,147,10f12f,10f12f,1
2,1,2,148,66cfb6,66cfb6,1
2,1,2,149,201e3e,201e3e,1
2,1,2,150,2843ca,2843ca,1
2,1,2,151,0c3a8a,0c3a8a,1
2,1,2,152,3641de,3641de,1
2,1,2,153,77d048,77d048,1
2,1,2,154,144acb,144acb,1
2,1,2,155,0bbd47,0bbd47,1
2,1,2,156,6e366e,6e366e,1
2,1,2,157,245aa4,245aa4,1
2,1,2,158,2ed32c,2ed32c,1
2,1,2,159,3c5d64,3c5d64,1
2,1,2,160,4273d3,4273d3,1
2,1,2,161,424f25,424f25,1
2,1,2,162,48377c,48377c,1
2,1,2,163,2d45be,2d45be,1
2,1,2,164,6f7671,6f7671,1
2,1,2,165,19fee7,19fee7,1
2,1,2,166,2fe684,2fe684,1
2,1,2,167,46e93b,46e93b,1
2,1,2,168,07244f,07244f,1
2,1,2,169,5c2bef,5c2bef,1
2,1,2,170,25d47f,25d47f,1
2,1,2,171,31dcbe,31dcbe,1
2,1,2,172,5bcba2,5bcba2,1
2,1,2,173,39680f,39680f,1
2,1,2,174,0be219,0be219,1
2,1,2,175,352ba7,352ba7,1
2,1,2,176,494084,494084,1
2,1,2,177,055571,055571,1
2,1,2,178,42d688,42d688,1
2,1,2,179,55429a,55429a,1
2,1,2,180,73e1d0,73e1d0,1
2,1,2,181,12f840,12f840,1
2,1,2,182,53181e,53181e,1
2,1,2,183,7e7f88,7e7f88,1
2,1,2,184,1cc91b,1cc91b,1
2,1,2,185,0da3f7,0da3f7,1
2,1,2,186,3a3912,3a3912,1
2,1,2,187,1ecc17,1ecc17,1
2,1,2,188,4f8e36,4f8e36,1
2,1,2,189,23722f,23722f,1
2,1,2,190,6f91cf,6f91cf,1
2,1,2,191,42b44c,42b44c,1
2,1,2,192,0becd5,0becd5,1
2,1,2,193,6c8a5e,6c8a5e,1
2,1,2,194,766651,766651,1
2,1,2,195,0e2fc6,0e2fc6,1
2,1,2,196,333f39,333f39,1
2,1,2,197,42b2be,42b2be,1
2,1,2,198,2d523d,2d523d,1
2,1,2,199,2ad6f8,2ad6f8,1
2,1,2,200,4dd958,4dd958,1
2,1,2,201,371e5f,371e5f,1
2,1,2,202,481620,481620,1
2,1,2,203,6fd640,6fd640,1
2,1,2,204,4e09b3,4e09b3,1
2,1,2,205,1f2019,1f2019,1
2,1,2,206,750725,750725,1
2,1,2,207,566533,566533,1
2,1,2,208,0b30c3,0b30c3,1
2,1,2,209,096805,096805,1
2,1,2,210,4f72be,4f72be,1
2,1,2,211,279a89,279a89,1
2,1,2,212,15a36e,15a36e,1
2,1,2,213,2e3e7c,2e3e7c,1
2,1,2,214,66252c,66252c,1
2,1,2,215,680e5d,680e5d,1
2,1,2,216,0bfb73,0bfb73,1
2,1,2,217,04fd60,04fd60,1
2,1,2,218,2ce3c7,2ce3c7,1
2,1,2,219,188801,188801,1
2,1,2,220,3dd5ce,3dd5ce,1
2,1,2,221,64640c,64640c,1
2,1,2,222,04ed31,04ed31,1
2,1,2,223,2d4975,2d4975,1
2,1,2,224,687774,687774,1
2,1,2,225,321beb,321beb,1
2,1,2,226,01b9b3,01b9b3,1
2,1,2,227,264754,264754,1
2,1,2,228,7ad298,7ad298,1
2,1,2,229,64e288,64e288,1
2,1,2,230,566cc8,566cc8,1
2,1,2,231,65b6d5,65b6d5,1
2,1,2,232,63a942,63a942,1
2,1,2,233,1beb0a,1beb0a,1
2,1,2,234,42cd73,42cd73,1
2,1,2,235,5026ef,5026ef,1
2,1,2,236,321a0f,321a0f,1
2,1,2,237,3872b7,3872b7,1
2,1,2,238,321260,321260,1
2,1,2,239,408eee,408eee,1
2,1,2,240,798693,798693,1
2,1,2,241,262bdf,262bdf,1
2,1,2,242,3f49ef,3f49ef,1
2,1,2,243,6c06b3,6c06b3,1
2,1,2,244,008eb3,008eb3,1
2,1,2,245,7fa00d,7fa00d,1
2,1,2,246,480c89,480c89,1
2,1,2,247,25ee38,25ee38,1
2,1,2,248,6f81e7,6f81e7,1
2,1,2,249,07c244,07c244,1
2,1,2,250,11548a,11548a,1
2,1,2,251,107413,107413,1
2,1,2,252,59d755,59d755,1
2,1,2,253,4c35dd,4c35dd,1
2,1,2,254,77cb86,77cb86,1
2,1,2,255,6dcc5e,6dcc5e,1
2,1,3,0,037de8,037de8,1
2,1,3,1,589998,589998,1
2,1,3,2,68fdd7,68fdd7,1
2,1,3,3,6baf33,6baf33,1
2,1,3,4,41c296,41c296,1
2,1,3,5,54da72,54da72,1
2,1,3,6,76d33f,76d33f,1
2,1,3,7,61963f,61963f,1
2,1,3,8,23a414,23a414,1
2,1,3,9,0b7d09,0b7d09,1
2,1,3,10,055d80,055d80,1
2,1,3,11,5661c2,5661c2,1
2,1,3,12,51922d,51922d,1
2,1,3,13,67fffb,67fffb,1
2,1,3,14,059148,059148,1
2,1,3,15,22fb3a,22fb3a,1
2,1,3,16,4645bc,4645bc,1
2,1,3,17,52cf83,52cf83,1
2,1,3,18,738601,738601,1
2,1,3,19,725667,725667,1
2,1,3,20,5871e0,5871e0,1
2,1,3,21,228ec7,228ec7,1
2,1,3,22,0de33f,0de33f,1
2,1,3,23,363e1e,363e1e,1
2,1,3,24,5e1d6c,5e1d6c,1
2,1,3,25,6ded3e,6ded3e,1
2,1,3,26,33b979,33b979,1
2,1,3,27,3cfef8,3cfef8,1
2,1,3,28,19f66a,19f66a,1
2,1,3,29,3e48c6,3e48c6,1
2,1,3,30,4b8a5e,4b8a5e,1
2,1,3,31,669c8f,669c8f,1
2,1,3,32,75987b,75987b,1
2,1,3,33,18edc3,18edc3,1
2,1,3,34,106bdc,106bdc,1
2,1,3,35,4ea01e,4ea01e,1
2,1,3,36,0aaecc,0aaecc,1
2,1,3,37,0165eb,0165eb,1
2,1,3,38,3325de,3325de,1
2,1,3,39,2ad826,2ad826,1
2,1,3,40,4c3419,4c3419,1
2,1,3,41,5daad1,5daad1,1
2,1,3,42,71cc93,71cc93,1
2,1,3,43,48d420,48d420,1
2,1,3,44,4fccdc,4fccdc,1
2,1,3,45,2d9ce5,2d9ce5,1
2,1,3,46,743772,743772,1
2,1,3,47,5480f2,5480f2,1
2,1,3,48,34258f,34258f,1
2,1,3,49,4e225c,4e225c,1
2,1,3,50,0aaaa6,0aaaa6,1
2,1,3,51,30df4f,30df4f,1
2,1,3,52,40b06a,40b06a,1
2,1,3,53,153cff,153cff,1
2,1,3,54,4b3e22,4b3e22,1
2,1,3,55,77dd3c,77dd3c,1
2,1,3,56,4ed6cd,4ed6cd,1
2,1,3,57,511b3c,511b3c,1
2,1,3,58,2e5a33,2e5a33,1
2,1,3,59,5a4179,5a4179,1
2,1,3,60,25c56f,25c56f,1
2,1,3,61,1fb4ca,1fb4ca,1
2,1,3,62,749482,749482,1
2,1,3,63,5717f3,5717f3,1
2,1,3,64,7bdde3,7bdde3,1
2,1,3,65,0782a5,0782a5,1
2,1,3,66,7ae713,7ae713,1
2,1,3,67,0cbef0,0cbef0,1
2,1,3,68,1571ba,1571ba,1
2,1,3,69,50f132,50f132,1
2,1,3,70,081551,081551,1
2,1,3,71,3f8720,3f8720,1
2,1,3,72,4152ef,4152ef,1
2,1,3,73,3f0a08,3f0a08,1
2,1,3,74,2e5e22,2e5e22,1
2,1,3,75,39b516,39b516,1
2,1,3,76,113ba1,113ba1,1
2,1,3,77,114f20,114f20,1
2,1,3,78,58b6a9,58b6a9,1
2,1,3,79,356b7f,356b7f,1
2,1,3,80,132f45,132f45,1
2,1,3,81,19721e,19721e,1
2,1,3,82,3459fa,3459fa,1
2,1,3,83,7cba91,7cba91,1
2,1,3,84,49669c,49669c,1
2,1,3,85,52008f,52008f,1
2,1,3,86,51d1e2,51d1e2,1
2,1,3,87,6f41c7,6f41c7,1
2,1,3,88,746ae6,746ae6,1
2,1,3,89,5cb740,5cb740,1
2,1,3,90,3916d6,3916d6,1
2,1,3,91,211821,211821,1
2,1,3,92,0bbf09,0bbf09,1
2,1,3,93,1843ad,1843ad,1
2,1,3,94,38785f,38785f,1
2,1,3,95,0946db,0946db,1
2,1,3,96,15ba25,15ba25,1
2,1,3,97,07a14f,07a14f,1
2,1,3,98,05bbaa,05bbaa,1
2,1,3,99,5ffc16,5ffc16,1
2,1,3,100,720224,720224,1
2,1,3,101,2acd4c,2acd4c,1
2,1,3,102,10956f,10956f,1
2,1,3,103,7e3990,7e3990,1
2,1,3,104,00f89b,00f89b,1
2,1,3,105,76d00d,76d00d,1
2,1,3,106,26a432,26a432,1
2,1,3,107,6cc442,6cc442,1
2,1,3,108,107635,107635,1
2,1,3,109,217357,217357,1
2,1,3,110,0822ae,0822ae,1
2,1,3,111,38fd26,38fd26,1
2,1,3,112,1374ce,1374ce,1
2,1,3,113,3addf5,3addf5,1
2,1,3,114,6f7873,6f7873,1
2,1,3,115,1dfba7,1dfba7,1
2,1,3,116,757ca1,757ca1,1
2,1,3,117,11ffaa,11ffaa,1
2,1,3,118,5d2ccc,5d2ccc,1
2,1,3,119,35340a,35340a,1
2,1,3,120,120223,120223,1
2,1,3,121,1c8fad,1c8fad,1
2,1,3,122,5cf978,5cf978,1
2,1,3,123,65b709,65b709,1
2,1,3,124,343e26,343e26,1
2,1,3,125,6002e0,6002e0,1
2,1,3,126,11e792,11e792,1
2,1,3,127,051cb8,051cb8,1
2,1,3,128,11a2e6,11a2e6,1
2,1,3,129,1ceeaf,1ceeaf,1
2,1,3,130,1f869b,1f869b,1
2,1,3,131,48f6fa,48f6fa,1
2,1,3,132,52a86a,52a86a,1
2,1,3,133,0152e9,0152e9,1
2,1,3,134,689930,689930,1
2,1,3,135,09330e,09330e,1
2,1,3,136,7cd480,7cd480,1
2,1,3,137,298adf,298adf,1
2,1,3,138,01761f,01761f,1
2,1,3,139,53ccfa,53ccfa,1
2,1,3,140,30f9ca,30f9ca,1
2,1,3,141,3f3f81,3f3f81,1
2,1,3,142,6f85a5,6f85a5,1
2,1,3,143,378a74,378a74,1
2,1,3,144,28e04c,28e04c,1
2,1,3,145,6ad5b2,6ad5b2,1
2,1,3,146,585571,585571,1
2,1,3,147,424849,424849,1
2,1,3,148,497021,497021,1
2,1,3,149,456c8e,456c8e,1
2,1,3,150,7aec9c,7aec9c,1
2,1,3,151,4d7960,4d7960,1
2,1,3,152,0df45b,0df45b,1
2,1,3,153,663041,663041,1
2,1,3,154,6c2d91,6c2d91,1
2,1,3,155,16ba18,16ba18,1
2,1,3,156,459977,459977,1
2,1,3,157,4a15ee,4a15ee,1
2,1,3,158,3f062c,3f062c,1
2,1,3,159,5ad3bf,5ad3bf,1
2,1,3,160,39c573,39c573,1
2,1,3,161,798eca,798eca,1
2,1,3,162,53bdc9,53bdc9,1
2,1,3,163,2fd13d,2fd13d,1
2,1,3,164,436209,436209,1
2,1,3,165,268a01,268a01,1
2,1,3,166,219a6b,219a6b,1
2,1,3,167,085dd8,085dd8,1
2,1,3,168,215206,215206,1
2,1,3,169,7294cd,7294cd,1
2,1,3,170,10e7d9,10e7d9,1
2,1,3,171,786307,786307,1
2,1,3,172,428489,428489,1
2,1,3,173,0592eb,0592eb,1
2,1,3,174,333803,333803,1
2,1,3,175,033f93,033f93,1
2,1,3,176,7e30be,7e30be,1
2,1,3,177,137edf,137edf,1
2,1,3,178,1d8b30,1d8b30,1
2,1,3,179,0e5dc2,0e5dc2,1
2,1,3,180,7117ac,7117ac,1
2,1,3,181,249f36,249f36,1
2,1,3,182,118f3b,118f3b,1
2,1,3,183,750434,750434,1
2,1,3,184,3ce976,3ce976,1
2,1,3,185,5f41bf,5f41bf,1
2,1,3,186,7e7d14,7e7d14,1
2,1,3,187,4de10b,4de10b,1
2,1,3,188,643601,643601,1
2,1,3,189,098209,098209,1
2,1,3,190,7cc4fc,7cc4fc,1
2,1,3,191,7f2864,7f2864,1
2,1,3,192,4ae58d,4ae58d,1
2,1,3,193,74177a,74177a,1
2,1,3,194,7b63f4,7b63f4,1
2,1,3,195,093b22,093b22,1
2,1,3,196,7b467a,7b467a,1
2,1,3,197,303b5c,303b5c,1
2,1,3,198,1de7f7,1de7f7,1
2,1,3,199,4de9d9,4de9d9,1
2,1,3,200,60d5c7,60d5c7,1
2,1,3,201,2a4fe4,2a4fe4,1
2,1,3,202,461203,461203,1
2,1,3,203,40e356,40e356,1
2,1,3,204,726205,726205,1
2,1,3,205,287084,287084,1
2,1,3,206,536f32,536f32,1
2,1,3,207,7c4468,7c4468,1
2,1,3,208,188a93,188a93,1
2,1,3,209,14621e,14621e,1
2,1,3,210,212ac8,212ac8,1
2,1,3,211,43d6f4,43d6f4,1
2,1,3,212,236268,236268,1
2,1,3,213,34ec75,34ec75,1
2,1,3,214,105c8c,105c8c,1
2,1,3,215,1d11b7,1d11b7,1
2,1,3,216,1ca8f1,1ca8f1,1
2,1,3,217,4ad743,4ad743,1
2,1,3,218,747103,747103,1
2,1,3,219,485940,485940,1
2,1,3,220,6cb53a,6cb53a,1
2,1,3,221,063952,063952,1
2,1,3,222,5dc4cc,5dc4cc,1
2,1,3,223,328670,328670,1
2,1,3,224,16d3b2,16d3b2,1
2,1,3,225,62be4d,62be4d,1
2,1,3,226,666f4c,666f4c,1
2,1,3,227,44184d,44184d,1
2,1,3,228,2f564d,2f564d,1
2,1,3,229,5a0085,5a0085,1
2,1,3,230,20af2b,20af2b,1
2,1,3,231,25a573,25a573,1
2,1,3,232,5e2452,5e2452,1
2,1,3,233,59333c,59333c,1
2,1,3,234,7dc4cb,7dc4cb,1
2,1,3,235,3c5a09,3c5a09,1
2,1,3,236,5cefe1,5cefe1,1
2,1,3,237,621d5e,621d5e,1
2,1,3,238,14fc65,14fc65,1
2,1,3,239,5597a2,5597a2,1
2,1,3,240,677892,677892,1
2,1,3,241,6be63d,6be63d,1
2,1,3,242,39026a,39026a,1
2,1,3,243,04cea1,04cea1,1
2,1,3,244,326a33,326a33,1
2,1,3,245,71c74e,71c74e,1
2,1,3,246,1c4e3f,1c4e3f,1
2,1,3,247,5ef78d,5ef78d,1
2,1,3,248,09a48b,09a48b,1
2,1,3,249,560f9a,560f9a,1
2,1,3,250,5e7abe,5e7abe,1
2,1,3,251,08a7d0,08a7d0,1
2,1,3,252,7d7789,7d7789,1
2,1,3,253,12c206,12c206,1
2,1,3,254,75dc2f,75dc2f,1
2,1,3,255,58dd8d,58dd8d,1
2,2,0,0,7aba70,7aba70,1
2,2,0,1,7e90a4,7e90a4,1
2,2,0,2,34fb78,34fb78,1
2,2,0,3,3ddc7c,3ddc7c,1
2,2,0,4,4b4f22,4b4f22,1
2,2,0,5,7ba528,7ba528,1
2,2,0,6,209d72,209d72,1
2,2,0,7,6588b3,6588b3,1
2,2,0,8,43a59f,43a59f,1
2,2,0,9,679a30,679a30,1
2,2,0,10,2389ae,2389ae,1
2,2,0,11,52bf6c,52bf6c,1
2,2,0,12,3ebc34,3ebc34,1
2,2,0,13,228e88,228e88,1
2,2,0,14,0f8be0,0f8be0,1
2,2,0,15,7cba42,7cba42,1
2,2,0,16,2bcad6,2bcad6,1
2,2,0,17,5b170f,5b170f,1
2,2,0,18,229dcb,229dcb,1
2,2,0,19,0cfc04,0cfc04,1
2,2,0,20,5205be,5205be,1
2,2,0,21,30f299,30f299,1
2,2,0,22,46f976,46f976,1
2,2,0,23,021141,021141,1
2,2,0,24,5f4905,5f4905,1
2,2,0,25,6f196f,6f196f,1
2,2,0,26,28f30e,28f30e,1
2,2,0,27,5b5294,5b5294,1
2,2,0,28,2c794f,2c794f,1
2,2,0,29,7b25f7,7b25f7,1
2,2,0,30,4efca3,4efca3,1
2,2,0,31,2c9ee7,2c9ee7,1
2,2,0,32,2f4f0d,2f4f0d,1
2,2,0,33,5c743c,5c743c,1
2,2,0,34,4aa946,4aa946,1
2,2,0,35,164498,164498,1
2,2,0,36,349220,349220,1
2,2,0,37,5af90e,5af90e,1
2,2,0,38,0a95de,0a95de,1
2,2,0,39,3dc5be,3dc5be,1
2,2,0,40,2d8e96,2d8e96,1
2,2,0,41,114c8c,114c8c,1
2,2,0,42,5252ab,5252ab,1
2,2,0,43,457ad5,457ad5,1
2,2,0,44,595a4d,595a4d,1
2,2,0,45,157853,157853,1
2,2,0,46,1217e3,1217e3,1
2,2,0,47,3cfd38,3cfd38,1
2,2,0,48,4965a6,4965a6,1
2,2,0,49,3f7613,3f7613,1
2,2,0,50,32fb12,32fb12,1
2,2,0,51,49a87a,49a87a,1
2,2,0,52,53e570,53e570,1
2,2,0,53,10e726,10e726,1
2,2,0,54,2ace87,2ace87,1
2,2,0,55,598297,598297,1
2,2,0,56,05c1c3,05c1c3,1
2,2,0,57,6ea166,6ea166,1
2,2,0,58,110930,110930,1
2,2,0,59,33cbba,33cbba,1
2,2,0,60,7ca278,7ca278,1
2,2,0,61,5ead16,5ead16,1
2,2,0,62,250ac7,250ac7,1
2,2,0,63,0829be,0829be,1
2,2,0,64,7a05f6,7a05f6,1
2,2,0,65,6ffa29,6ffa29,1
2,2,0,66,7496c1,7496c1,1
2,2,0,67,234be9,234be9,1
2,2,0,68,2de498,2de498,1
2,2,0,69,249185,249185,1
2,2,0,70,2b7a98,2b7a98,1
2,2,0,71,5afc92,5afc92,1
2,2,0,72,479634,479634,1
2,2,0,73,34f34d,34f34d,1
2,2,0,74,4fc5b5,4fc5b5,1
2,2,0,75,63213f,63213f,1
2,2,0,76,0021d6,0021d6,1
2,2,0,77,5b1fb3,5b1fb3,1
2,2,0,78,38b71c,38b71c,1
2,2,0,79,7d2316,7d2316,1
2,2,0,80,080d00,080d00,1
2,2,0,81,446042,446042,1
2,2,0,82,7b004b,7b004b,1
2,2,0,83,6306d5,6306d5,1
2,2,0,84,1ed646,1ed646,1
2,2,0,85,25dcbc,25dcbc,1
2,2,0,86,6b0b88,6b0b88,1
2,2,0,87,41608a,41608a,1
2,2,0,88,1508b8,1508b8,1
2,2,0,89,3717ef,3717ef,1
2,2,0,90,76cab1,76cab1,1
2,2,0,91,10028f,10028f,1
2,2,0,92,0d0350,0d0350,1
2,2,0,93,3e44bc,3e44bc,1
2,2,0,94,704840,704840,1
2,2,0,95,0edef9,0edef9,1
2,2,0,96,406760,406760,1
2,2,0,97,5cca05,5cca05,1
2,2,0,98,1aaaa2,1aaaa2,1
2,2,0,99,765ec3,765ec3,1
2,2,0,100,0933c9,0933c9,1
2,2,0,101,4338bc,4338bc,1
2,2,0,102,7e0621,7e0621,1
2,2,0,103,027f0f,027f0f,1
2,2,0,104,7ddf98,7ddf98,1
2,2,0,105,66b43e,66b43e,1
2,2,0,106,50841b,50841b,1
2,2,0,107,38b2e9,38b2e9,1
2,2,0,108,10cf3b,10cf3b,1
2,2,0,109,4f3d96,4f3d96,1
2,2,0,110,0d8b2f,0d8b2f,1
2,2,0,111,676426,676426,1
2,2,0,112,06ec95,06ec95,1
2,2,0,113,7eb5b9,7eb5b9,1
2,2,0,114,1aec0c,1aec0c,1
2,2,0,115,31269a,31269a,1
2,2,0,116,0f4d78,0f4d78,1
2,2,0,117,250d64,250d64,1
2,2,0,118,60fddc,60fddc,1
2,2,0,119,125ff1,125ff1,1
2,2,0,120,5bf7de,5bf7de,1
2,2,0,121,7e57b4,7e57b4,1
2,2,0,122,39934f,39934f,1
2,2,0,123,3376a9,3376a9,1
2,2,0,124,43c4d5,43c4d5,1
2,2,0,125,69e3de,69e3de,1
2,2,0,126,5819f9,5819f9,1
2,2,0,127,12b272,12b272,1
2,2,0,128,751d5a,751d5a,1
2,2,0,129,472571,472571,1
2,2,0,130,6180a5,6180a5,1
2,2,0,131,79457b,79457b,1
2,2,0,132,3d8f96,3d8f96,1
2,2,0,133,32a648,32a648,1
2,2,0,134,1152ae,1152ae,1
2,2,0,135,7a62b3,7a62b3,1
2,2,0,136,6813a0,6813a0,1
2,2,0,137,3c6ba6,3c6ba6,1
2,2,0,138,2fc49d,2fc49d,1
2,2,0,139,302918,302918,1
2,2,0,140,3b0263,3b0263,1
2,2,0,141,202771,202771,1
2,2,0,142,0fecc4,0fecc4,1
2,2,0,143,1c91e8,1c91e8,1
2,2,0,144,358588,358588,1
2,2,0,145,733b0b,733b0b,1
2,2,0,146,37c84d,37c84d,1
2,2,0,147,663c1d,663c1d,1
2,2,0,148,68f117,68f117,1
2,2,0,149,573269,573269,1
2,2,0,150,75f40e,75f40e,1
2,2,0,151,09140d,09140d,1
2,2,0,152,4a736b,4a736b,1
2,2,0,153,5a9d16,5a9d16,1
2,2,0,154,34e465,34e465,1
2,2,0,155,6d616d,6d616d,1
2,2,0,156,5cfdbd,5cfdbd,1
2,2,0,157,343555,343555,1
2,2,0,158,30bdf9,30bdf9,1
2,2,0,159,1470d7,1470d7,1
2,2,0,160,78fbff,78fbff,1
2,2,0,161,06c561,06c561,1
2,2,0,162,07093e,07093e,1
2,2,0,163,2c86da,2c86da,1
2,2,0,164,0f424a,0f424a,1
2,2,0,165,6e22e6,6e22e6,1
2,2,0,166,4ff51a,4ff51a,1
2,2,0,167,4a611e,4a611e,1
2,2,0,168,61af72,61af72,1
2,2,0,169,12e3e1,12e3e1,1
2,2,0,170,39c81e,39c81e,1
2,2,0,171,02647b,02647b,1
2,2,0,172,64f760,64f760,1
2,2,0,173,5307fb,5307fb,1
2,2,0,174,617d70,617d70,1
2,2,0,175,763e91,763e91,1
2,2,0,176,5d3618,5d3618,1
2,2,0,177,2fce92,2fce92,1
2,2,0,178,2402fd,2402fd,1
2,2,0,179,59ec09,59ec09,1
2,2,0,180,0dd10e,0dd10e,1
2,2,0,181,645bee,645bee,1
2,2,0,182,515aef,515aef,1
2,2,0,183,1f1fcf,1f1fcf,1
2,2,0,184,48a7b6,48a7b6,1
2,2,0,185,02b2fe,02b2fe,1
2,2,0,186,37e134,37e134,1
2,2,0,187,4592e1,4592e1,1
2,2,0,188,5660e3,5660e3,1
2,2,0,189,3a1d25,3a1d25,1
2,2,0,190,477ac7,477ac7,1
2,2,0,191,775d0a,775d0a,1
2,2,0,192,20ea10,20ea10,1
2,2,0,193,57ace4,57ace4,1
2,2,0,194,78b94a,78b94a,1
2,2,0,195,06a3dc,06a3dc,1
2,2,0,196,1e0456,1e0456,1
2,2,0,197,0a9e96,0a9e96,1
2,2,0,198,20e6a6,20e6a6,1
2,2,0,199,0d9a9b,0d9a9b,1
2,2,0,200,748478,748478,1
2,2,0,201,03b0de,03b0de,1
2,2,0,202,4f86a0,4f86a0,1
2,2,0,203,59fee4,59fee4,1
2,2,0,204,20de2d,20de2d,1
2,2,0,205,08519f,08519f,1
2,2,0,206,0df1de,0df1de,1
2,2,0,207,67c5a0,67c5a0,1
2,2,0,208,1fd900,1fd900,1
2,2,0,209,689279,689279,1
2,2,0,210,1bcbc5,1bcbc5,1
2,2,0,211,409967,409967,1
2,2,0,212,72d071,72d071,1
2,2,0,213,74fe03,74fe03,1
2,2,0,214,000b04,000b04,1
2,2,0,215,3537ee,3537ee,1
2,2,0,216,520166,520166,1
2,2,0,217,3fa421,3fa421,1
2,2,0,218,019f5f,019f5f,1
2,2,0,219,68da6b,68da6b,1
2,2,0,220,575dc7,575dc7,1
2,2,0,221,206ae1,206ae1,1
2,2,0,222,2f4812,2f4812,1
2,2,0,223,0d49c9,0d49c9,1
2,2,0,224,55581e,55581e,1
2,2,0,225,599e22,599e22,1
2,2,0,226,083efd,083efd,1
2,2,0,227,0f7faa,0f7faa,1
2,2,0,228,0d9349,0d9349,1
2,2,0,229,6ccccd,6ccccd,1
2,2,0,230,21b371,21b371,1
2,2,0,231,2eb643,2eb643,1
2,2,0,232,3c2707,3c2707,1
2,2,0,233,287b7c,287b7c,1
2,2,0,234,2910a0,2910a0,1
2,2,0,235,635c41,635c41,1
2,2,0,236,26fb50,26fb50,1
2,2,0,237,6a5335,6a5335,1
2,2,0,238,6ccd45,6ccd45,1
2,2,0,239,188e71,188e71,1
2,2,0,240,030ddd,030ddd,1
2,2,0,241,1e06f7,1e06f7,1
2,2,0,242,2eca29,2eca29,1
2,2,0,243,1c8b20,1c8b20,1
2,2,0,244,3afa58,3afa58,1
2,2,0,245,5f097c,5f097c,1
2,2,0,246,054aaf,054aaf,1
2,2,0,247,01a93e,01a93e,1
2,2,0,248,6ccb15,6ccb15,1
2,2,0,249,60c457,60c457,1
2,2,0,250,500020,500020,1
2,2,0,251,490d4b,490d4b,1
2,2,0,252,58585f,58585f,1
2,2,0,253,4cd91b,4cd91b,1
2,2,0,254,77030a,77030a,1
2,2,0,255,64ee1d,64ee1d,1
2,2,1,0,253d27,253d27,1
2,2,1,1,1efa37,1efa37,1
2,2,1,2,6c7f89,6c7f89,1
2,2,1,3,527bd6,527bd6,1
2,2,1,4,61e87e,61e87e,1
2,2,1,5,62c93e,62c93e,1
2,2,1,6,54ef2c,54ef2c,1
2,2,1,7,034af8,034af8,1
2,2,1,8,1203c6,1203c6,1
2,2,1,9,155093,155093,1
2,2,1,10,325e90,325e90,1
2,2,1,11,0bf4b5,0bf4b5,1
2,2,1,12,6a4ae9,6a4ae9,1
2,2,1,13,5dd906,5dd906,1
2,2,1,14,14857f,14857f,1
2,2,1,15,31dfd9,31dfd9,1
2,2,1,16,248e97,248e97,1
2,2,1,17,203892,203892,1
2,2,1,18,6435d3,6435d3,1
2,2,1,19,5ac179,5ac179,1
2,2,1,20,4ffaac,4ffaac,1
2,2,1,21,08b0ac,08b0ac,1
2,2,1,22,282f0d,282f0d,1
2,2,1,23,05af40,05af40,1
2,2,1,24,6cca69,6cca69,1
2,2,1,25,06edd9,06edd9,1
2,2,1,26,2a6984,2a6984,1
2,2,1,27,6a4974,6a4974,1
2,2,1,28,19545b,19545b,1
2,2,1,29,3597b0,3597b0,1
2,2,1,30,5f3f32,5f3f32,1
2,2,1,31,119ad6,119ad6,1
2,2,1,32,74496c,74496c,1
2,2,1,33,6d7917,6d7917,1
2,2,1,34,158089,158089,1
2,2,1,35,58f49f,58f49f,1
2,2,1,36,2ad032,2ad032,1
2,2,1,37,0c4d9d,0c4d9d,1
2,2,1,38,6569fc,6569fc,1
2,2,1,39,159af6,159af6,1
2,2,1,40,5ce18d,5ce18d,1
2,2,1,41,52a898,52a898,1
2,2,1,42,32eac8,32eac8,1
2,2,1,43,22abb3,22abb3,1
2,2,1,44,19972f,19972f,1
2,2,1,45,5cafbb,5cafbb,1
2,2,1,46,38f99d,38f99d,1
2,2,1,47,5275fd,5275fd,1
2,2,1,48,656a93,656a93,1
2,2,1,49,2e1b69,2e1b69,1
2,2,1,50,406198,406198,1
2,2,1,51,69e8e1,69e8e1,1
2,2,1,52,31292d,31292d,1
2,2,1,53,0b283f,0b283f,1
2,2,1,54,1b4c60,1b4c60,1
2,2,1,55,7bf7e0,7bf7e0,1
2,2,1,56,304166,304166,1
2,2,1,57,40b81d,40b81d,1
2,2,1,58,19b547,19b547,1
2,2,1,59,12b09c,12b09c,1
2,2,1,60,264c8a,264c8a,1
2,2,1,61,5ecc4f,5ecc4f,1
2,2,1,62,1a3b18,1a3b18,1
2,2,1,63,43f3d0,43f3d0,1
2,2,1,64,7a5844,7a5844,1
2,2,1,65,4acf3d,4acf3d,1
2,2,1,66,210677,210677,1
2,2,1,67,151f55,151f55,1
2,2,1,68,4ea5c1,4ea5c1,1
2,2,1,69,152080,152080,1
2,2,1,70,681078,681078,1
2,2,1,71,7ed0dd,7ed0dd,1
2,2,1,72,7f8096,7f8096,1
2,2,1,73,7d6cba,7d6cba,1
2,2,1,74,0a4fe3,0a4fe3,1
2,2,1,75,1967d8,1967d8,1
2,2,1,76,68d562,68d562,1
2,2,1,77,6cfc7f,6cfc7f,1
2,2,1,78,317672,317672,1
2,2,1,79,332f7d,332f7d,1
2,2,1,80,7f77e1,7f77e1,1
2,2,1,81,380072,380072,1
2,2,1,82,1cdba5,1cdba5,1
2,2,1,83,62b18d,62b18d,1
2,2,1,84,7aa2f5,7aa2f5,1
2,2,1,85,63670b,63670b,1
2,2,1,86,55a4ff,55a4ff,1
2,2,1,87,0746f1,0746f1,1
2,2,1,88,727d79,727d79,1
2,2,1,89,488794,488794,1
2,2,1,90,252b86,252b86,1
2,2,1,91,722a56,722a56,1
2,2,1,92,0e4331,0e4331,1
2,2,1,93,0f950a,0f950a,1
2,2,1,94,37386d,37386d,1
2,2,1,95,4aca50,4aca50,1
2,2,1,96,294f8a,294f8a,1
2,2,1,97,1eee21,1eee21,1
2,2,1,98,447340,447340,1
2,2,1,99,77dc86,77dc86,1
2,2,1,100,0049a5,0049a5,1
2,2,1,101,0d8d4d,0d8d4d,1
2,2,1,102,7bb55d,7bb55d,1
2,2,1,103,6eaa29,6eaa29,1
2,2,1,104,1810bf,1810bf,1
2,2,1,105,25c7b0,25c7b0,1
2,2,1,106,2b8402,2b8402,1
2,2,1,107,65cdb4,65cdb4,1
2,2,1,108,115579,115579,1
2,2,1,109,07e4db,07e4db,1
2,2,1,110,284da7,284da7,1
2,2,1,111,0367e7,0367e7,1
2,2,1,112,2a9ecc,2a9ecc,1
2,2,1,113,65f3b4,65f3b4,1
2,2,1,114,4c10ad,4c10ad,1
2,2,1,115,7594ac,7594ac,1
2,2,1,116,63e627,63e627,1
2,2,1,117,0f272d,0f272d,1
2,2,1,118,4dcf9d,4dcf9d,1
2,2,1,119,09b3ce,09b3ce,1
2,2,1,120,1f568c,1f568c,1
2,2,1,121,2d4852,2d4852,1
2,2,1,122,58a616,58a616,1
2,2,1,123,4582be,4582be,1
2,2,1,124,3ad3bc,3ad3bc,1
2,2,1,125,6a8051,6a8051,1
2,2,1,126,06c53f,06c53f,1
2,2,1,127,3a10b0,3a10b0,1
2,2,1,128,129366,129366,1
2,2,1,129,3bd4e2,3bd4e2,1
2,2,1,130,4af6dc,4af6dc,1
2,2,1,131,47f2e2,47f2e2,1
2,2,1,132,37072d,37072d,1
2,2,1,133,6d6291,6d6291,1
2,2,1,134,11a323,11a323,1
2,2,1,135,7cd275,7cd275,1
2,2,1,136,482336,482336,1
2,2,1,137,20b9df,20b9df,1
2,2,1,138,20919f,20919f,1
2,2,1,139,1bf082,1bf082,1
2,2,1,140,5864aa,5864aa,1
2,2,1,141,55bad8,55bad8,1
2,2,1,142,5cc0eb,5cc0eb,1
2,2,1,143,71f089,71f089,1
2,2,1,144,772b72,772b72,1
2,2,1,145,4ccc20,4ccc20,1
2,2,1,146,23a613,23a613,1
2,2,1,147,7fd72c,7fd72c,1
2,2,1,148,4bafbc,4bafbc,1
2,2,1,149,21cc62,21cc62,1
2,2,1,150,0c9c91,0c9c91,1
2,2,1,151,6130e4,6130e4,1
2,2,1,152,189d31,189d31,1
2,2,1,153,38169e,38169e,1
2,2,1,154,669592,669592,1
2,2,1,155,606307,606307,1
2,2,1,156,1b4bec,1b4bec,1
2,2,1,157,655cfc,655cfc,1
2,2,1,158,0349ae,0349ae,1
2,2,1,159,1e9061,1e9061,1
2,2,1,160,57f7d1,57f7d1,1
2,2,1,161,552f46,552f46,1
2,2,1,162,715d15,715d15,1
2,2,1,163,5594d1,5594d1,1
2,2,1,164,782db6,782db6,1
2,2,1,165,4d5f25,4d5f25,1
2,2,1,166,352675,352675,1
2,2,1,167,466291,466291,1
2,2,1,168,187762,187762,1
2,2,1,169,145e56,145e56,1
2,2,1,170,7343b0,7343b0,1
2,2,1,171,79a272,79a272,1
2,2,1,172,2e3fa7,2e3fa7,1
2,2,1,173,3f40e7,3f40e7,1
2,2,1,174,1b00ec,1b00ec,1
2,2,1,175,13fc66,13fc66,1
2,2,1,176,1deb53,1deb53,1
2,2,1,177,2b6ad4,2b6ad4,1
2,2,1,178,6015c1,6015c1,1
2,2,1,179,053d45,053d45,1
2,2,1,180,302c13,302c13,1
2,2,1,181,52532d,52532d,1
2,2,1,182,4394a1,4394a1,1
2,2,1,183,162a9e,162a9e,1
2,2,1,184,4e9106,4e9106,1
2,2,1,185,73c8d4,73c8d4,1
2,2,1,186,309841,309841,1
2,2,1,187,10e6bd,10e6bd,1
2,2,1,188,7263f3,7263f3,1
2,2,1,189,4b213f,4b213f,1
2,2,1,190,2063ca,2063ca,1
2,2,1,191,275e08,275e08,1
2,2,1,192,3a6583,3a6583,1
2,2,1,193,6154ed,6154ed,1
2,2,1,194,0c321d,0c321d,1
2,2,1,195,00ec1b,00ec1b,1
2,2,1,196,1419c5,1419c5,1
2,2,1,197,2b775a,2b775a,1
2,2,1,198,623652,623652,1
2,2,1,199,7a9168,7a9168,1
2,2,1,200,0cdf6c,0cdf6c,1
2,2,1,201,174336,174336,1
2,2,1,202,212979,212979,1
2,2,1,203,148cdf,148cdf,1
2,2,1,204,3a6714,3a6714,1
2,2,1,205,7c80b7,7c80b7,1
2,2,1,206,15913f,15913f,1
2,2,1,207,485e51,485e51,1
2,2,1,208,395fcf,395fcf,1
2,2,1,209,19487b,19487b,1
2,2,1,210,020e6f,020e6f,1
2,2,1,211,4574b0,4574b0,1
2,2,1,212,3f96df,3f96df,1
2,2,1,213,2cfbf4,2cfbf4,1
2,2,1,214,4af226,4af226,1
2,2,1,215,22675f,22675f,1
2,2,1,216,0c57f2,0c57f2,1
2,2,1,217,28f071,28f071,1
2,2,1,218,62b790,62b790,1
2,2,1,219,3f0c07,3f0c07,1
2,2,1,220,21d543,21d543,1
2,2,1,221,4c8c15,4c8c15,1
2,2,1,222,36050a,36050a,1
2,2,1,223,6af590,6af590,1
2,2,1,224,00d3ff,00d3ff,1
2,2,1,225,6f9ace,6f9ace,1
2,2,1,226,6dadb8,6dadb8,1
2,2,1,227,6553f1,6553f1,1
2,2,1,228,60a81a,60a81a,1
2,2,1,229,45aecb,45aecb,1
2,2,1,230,77bbb8,77bbb8,1
2,2,1,231,59901d,59901d,1
2,2,1,232,3bddda,3bddda,1
2,2,1,233,107e5d,107e5d,1
2,2,1,234,65778c,65778c,1
2,2,1,235,5b7152,5b7152,1
2,2,1,236,4a0819,4a0819,1
2,2,1,237,153d6d,153d6d,1
2,2,1,238,62710b,62710b,1
2,2,1,239,11c1ea,11c1ea,1
2,2,1,240,4025ed,4025ed,1
2,2,1,241,08d271,08d271,1
2,2,1,242,06a79c,06a79c,1
2,2,1,243,1122c6,1122c6,1
2,2,1,244,189415,189415,1
2,2,1,245,28236f,28236f,1
2,2,1,246,3613c9,3613c9,1
2,2,1,247,1a9c3b,1a9c3b,1
2,2,1,248,2e6f45,2e6f45,1
2,2,1,249,464d17,464d17,1
2,2,1,250,5fe071,5fe071,1
2,2,1,251,108f55,108f55,1
2,2,1,252,67bdef,67bdef,1
2,2,1,253,51d4ca,51d4ca,1
2,2,1,254,2f0d2e,2f0d2e,1
2,2,1,255,1a3fb3,1a3fb3,1
2,2,2,0,604dbe,604dbe,1
2,2,2,1,511545,511545,1
2,2,2,2,231109,231109,1
2,2,2,3,538d0a,538d0a,1
2,2,2,4,21f08e,21f08e,1
2,2,2,5,2ca7da,2ca7da,1
2,2,2,6,2abc00,2abc00,1
2,2,2,7,7f0f97,7f0f97,1
2,2,2,8,5ffc5e,5ffc5e,1
2,2,2,9,2f90df,2f90df,1
2,2,2,10,591033,591033,1
2,2,2,11,68a2a0,68a2a0,1
2,2,2,12,18b6de,18b6de,1
2,2,2,13,5b44cf,5b44cf,1
2,2,2,14,0f4ccc,0f4ccc,1
2,2,2,15,3f616d,3f616d,1
2,2,2,16,1a3ea9,1a3ea9,1
2,2,2,17,7692ec,7692ec,1
2,2,2,18,775f98,775f98,1
2,2,2,19,7c0d4b,7c0d4b,1
2,2,2,20,5a3d96,5a3d96,1
2,2,2,21,6dc020,6dc020,1
2,2,2,22,21dafa,21dafa,1
2,2,2,23,7a96c9,7a96c9,1
2,2,2,24,300d2e,300d2e,1
2,2,2,25,76571a,76571a,1
2,2,2,26,217a15,217a15,1
2,2,2,27,146ab4,146ab4,1
2,2,2,28,02834a,02834a,1
2,2,2,29,5ae12c,5ae12c,1
2,2,2,30,325f2c,325f2c,1
2,2,2,31,128c4e,128c4e,1
2,2,2,32,224a80,224a80,1
2,2,2,33,52b84e,52b84e,1
2,2,2,34,081c73,081c73,1
2,2,2,35,05095d,05095d,1
2,2,2,36,3555fb,3555fb,1
2,2,2,37,2ea4e1,2ea4e1,1
2,2,2,38,1009d6,1009d6,1
2,2,2,39,36cd70,36cd70,1
2,2,2,40,3dc8fb,3dc8fb,1
2,2,2,41,112f9e,112f9e,1
2,2,2,42,1201cc,1201cc,1
2,2,2,43,73aea6,73aea6,1
2,2,2,44,1ebdb2,1ebdb2,1
2,2,2,45,66340e,66340e,1
2,2,2,46,6bb081,6bb081,1
2,2,2,47,6241f9,6241f9,1
2,2,2,48,7a7a8d,7a7a8d,1
2,2,2,49,0efdf0,0efdf0,1
2,2,2,50,48c93c,48c93c,1
2,2,2,51,14ec5f,14ec5f,1
2,2,2,52,0d89b6,0d89b6,1
2,2,2,53,605fe9,605fe9,1
2,2,2,54,7bf881,7bf881,1
2,2,2,55,11eeba,11eeba,1
2,2,2,56,5925c4,5925c4,1
2,2,2,57,3ffeed,3ffeed,1
2,2,2,58,5d67d7,5d67d7,1
2,2,2,59,63716d,63716d,1
2,2,2,60,6c8378,6c8378,1
2,2,2,61,04b3c9,04b3c9,1
2,2,2,62,27d751,27d751,1
2,2,2,63,4330a6,4330a6,1
2,2,2,64,782b85,782b85,1
2,2,2,65,1b379a,1b379a,1
2,2,2,66,3a3a79,3a3a79,1
2,2,2,67,57065c,57065c,1
2,2,2,68,3012b0,3012b0,1
2,2,2,69,681af8,681af8,1
2,2,2,70,321c28,321c28,1
2,2,2,71,3708d0,3708d0,1
2,2,2,72,4ec60d,4ec60d,1
2,2,2,73,321d35,321d35,1
2,2,2,74,42f70e,42f70e,1
2,2,2,75,1a1e3b,1a1e3b,1
2,2,2,76,663c39,663c39,1
2,2,2,77,6b89d0,6b89d0,1
2,2,2,78,037b6b,037b6b,1
2,2,2,79,5a4e61,5a4e61,1
2,2,2,80,4facdb,4facdb,1
2,2,2,81,132493,132493,1
2,2,2,82,216070,216070,1
2,2,2,83,424ce7,424ce7,1
2,2,2,84,21889c,21889c,1
2,2,2,85,49addd,49addd,1
2,2,2,86,12cb3b,12cb3b,1
2,2,2,87,788c18,788c18,1
2,2,2,88,504020,504020,1
2,2,2,89,1c6ae8,1c6ae8,1
2,2,2,90,59e896,59e896,1
2,2,2,91,44eb19,44eb19,1
2,2,2,92,5ccb44,5ccb44,1
2,2,2,93,35eae5,35eae5,1
2,2,2,94,2d6a4a,2d6a4a,1
2,2,2,95,3b2f6b,3b2f6b,1
2,2,2,96,434715,434715,1
2,2,2,97,72d3a1,72d3a1,1
2,2,2,98,7da10a,7da10a,1
2,2,2,99,5c23ff,5c23ff,1
2,2,2,100,75c513,75c513,1
2,2,2,101,64a41f,64a41f,1
2,2,2,102,69d678,69d678,1
2,2,2,103,658098,658098,1
2,2,2,104,6dff90,6dff90,1
2,2,2,105,07988c,07988c,1
2,2,2,106,3e819d,3e819d,1
2,2,2,107,22e74a,22e74a,1
2,2,2,108,2dd83f,2dd83f,1
2,2,2,109,0d244c,0d244c,1
2,2,2,110,0efac4,0efac4,1
2,2,2,111,64cdff,64cdff,1
2,2,2,112,7d3ca0,7d3ca0,1
2,2,2,113,104649,104649,1
2,2,2,114,4da0a9,4da0a9,1
2,2,2,115,60c5b7,60c5b7,1
2,2,2,116,4471b6,4471b6,1
2,2,2,117,3ee71f,3ee71f,1
2,2,2,118,3ac21e,3ac21e,1
2,2,2,119,452f4b,452f4b,1
2,2,2,120,61a544,61a544,1
2,2,2,121,721e07,721e07,1
2,2,2,122,5aab92,5aab92,1
2,2,2,123,33d3e8,33d3e8,1
2,2,2,124,38def2,38def2,1
2,2,2,125,004277,004277,1
2,2,2,126,6b849d,6b849d,1
2,2,2,127,296db3,296db3,1
2,2,2,128,728c4f,728c4f,1
2,2,2,129,64f4c8,64f4c8,1
2,2,2,130,0f98c3,0f98c3,1
2,2,2,131,3d2f81,3d2f81,1
2,2,2,132,23af6b,23af6b,1
2,2,2,133,21e462,21e462,1
2,2,2,134,203bc2,203bc2,1
2,2,2,135,102275,102275,1
2,2,2,136,24bed1,24bed1,1
2,2,2,137,0e0082,0e0082,1
2,2,2,138,5758d2,5758d2,1
2,2,2,139,18b7d0,18b7d0,1
2,2,2,140,1c9732,1c9732,1
2,2,2,141,4df976,4df976,1
2,2,2,142,165fd4,165fd4,1
2,2,2,143,20e222,20e222,1
2,2,2,144,0bf195,0bf195,1
2,2,2,145,7b0acc,7b0acc,1
2,2,2,146,002b1d,002b1d,1
2,2,2,147,4654aa,4654aa,1
2,2,2,148,1c6c67,1c6c67,1
2,2,2,149,2e1205,2e1205,1
2,2,2,150,5abd02,5abd02,1
2,2,2,151,6f6625,6f6625,1
2,2,2,152,6ea4d3,6ea4d3,1
2,2,2,153,63ff14,63ff14,1
2,2,2,154,5eb387,5eb387,1
2,2,2,155,2a826c,2a826c,1
2,2,2,156,6f637b,6f637b,1
2,2,2,157,641995,641995,1
2,2,2,158,412c61,412c61,1
2,2,2,159,331bc6,331bc6,1
2,2,2,160,249271,249271,1
2,2,2,161,6bbbaa,6bbbaa,1
2,2,2,162,65f9c9,65f9c9,1
2,2,2,163,0f37fd,0f37fd,1
2,2,2,164,44e4bf,44e4bf,1
2,2,2,165,2015ca,2015ca,1
2,2,2,166,24a21f,24a21f,1
2,2,2,167,5270b8,5270b8,1
2,2,2,168,6b9f77,6b9f77,1
2,2,2,169,750a68,750a68,1
2,2,2,170,573a4d,573a4d,1
2,2,2,171,5f8374,5f8374,1
2,2,2,172,3cf030,3cf030,1
2,2,2,173,301e12,301e12,1
2,2,2,174,126bac,126bac,1
2,2,2,175,312cfd,312cfd,1
2,2,2,176,055251,055251,1
2,2,2,177,4e3372,4e3372,1
2,2,2,178,2a310e,2a310e,1
2,2,2,179,40a7e2,40a7e2,1
2,2,2,180,4792d0,4792d0,1
2,2,2,181,576cf0,576cf0,1
2,2,2,182,133a17,133a17,1
2,2,2,183,20d0c8,20d0c8,1
2,2,2,184,17bfee,17bfee,1
2,2,2,185,55e67a,55e67a,1
2,2,2,186,7c452e,7c452e,1
2,2,2,187,636981,636981,1
2,2,2,188,0ed0cb,0ed0cb,1
2,2,2,189,246cea,246cea,1
2,2,2,190,2aec15,2aec15,1
2,2,2,191,7bf8b3,7bf8b3,1
2,2,2,192,4705c6,4705c6,1
2,2,2,193,44b48b,44b48b,1
2,2,2,194,17df90,17df90,1
2,2,2,195,7c02e0,7c02e0,1
2,2,2,196,2d6d57,2d6d57,1
2,2,2,197,103ab8,103ab8,1
2,2,2,198,66e736,66e736,1
2,2,2,199,4b2ad0,4b2ad0,1
2,2,2,200,0b8fed,0b8fed,1
2,2,2,201,00c9a7,00c9a7,1
2,2,2,202,570985,570985,1
2,2,2,203,005c27,005c27,1
2,2,2,204,23da42,23da42,1
2,2,2,205,6e7f1f,6e7f1f,1
2,2,2,206,2e855a,2e855a,1
2,2,2,207,298bbe,298bbe,1
2,2,2,208,0a4679,0a4679,1
2,2,2,209,1e60ed,1e60ed,1
2,2,2,210,71fd95,71fd95,1
2,2,2,211,7d2453,7d2453,1
2,2,2,212,060b38,060b38,1
2,2,2,213,1f69d2,1f69d2,1
2,2,2,214,0cdf1e,0cdf1e,1
2,2,2,215,58f36a,58f36a,1
2,2,2,216,308af2,308af2,1
2,2,2,217,3c9709,3c9709,1
2,2,2,218,3eb975,3eb975,1
2,2,2,219,3ce1f9,3ce1f9,1
2,2,2,220,03165c,03165c,1
2,2,2,221,142832,142832,1
2,2,2,222,2b7ae5,2b7ae5,1
2,2,2,223,78b953,78b953,1
2,2,2,224,1adbcb,1adbcb,1
2,2,2,225,45b51b,45b51b,1
2,2,2,226,08d67d,08d67d,1
2,2,2,227,077174,077174,1
2,2,2,228,69f871,69f871,1
2,2,2,229,10dad7,10dad7,1
2,2,2,230,1ac9a7,1ac9a7,1
2,2,2,231,20cc86,20cc86,1
2,2,2,232,0849a4,0849a4,1
2,2,2,233,204c13,204c13,1
2,2,2,234,624b53,624b53,1
2,2,2,235,25ac65,25ac65,1
2,2,2,236,26d142,26d142,1
2,2,2,237,0d3664,0d3664,1
2,2,2,238,32a8e0,32a8e0,1
2,2,2,239,0e9629,0e9629,1
2,2,2,240,2bfc83,2bfc83,1
2,2,2,241,70de5b,70de5b,1
2,2,2,242,3bff02,3bff02,1
2,2,2,243,3b78dc,3b78dc,1
2,2,2,244,373f4f,373f4f,1
2,2,2,245,5ba3ea,5ba3ea,1
2,2,2,246,0be1d2,0be1d2,1
2,2,2,247,09db42,09db42,1
2,2,2,248,3862b3,3862b3,1
2,2,2,249,6ee115,6ee115,1
2,2,2,250,548e67,548e67,1
2,2,2,251,458d7f,458d7f,1
2,2,2,252,02d46a,02d46a,1
2,2,2,253,45390e,45390e,1
2,2,2,254,7a173b,7a173b,1
2,2,2,255,37b01e,37b01e,1
2,2,3,0,21c35d,21c35d,1
2,2,3,1,576a52,576a52,1
2,2,3,2,4651d9,4651d9,1
2,2,3,3,210740,210740,1
2,2,3,4,199827,199827,1
2,2,3,5,74e4a4,74e4a4,1
2,2,3,6,6b7493,6b7493,1
2,2,3,7,295fdc,295fdc,1
2,2,3,8,61847a,61847a,1
2,2,3,9,3c255d,3c255d,1
2,2,3,10,1e66cd,1e66cd,1
2,2,3,11,034e3f,034e3f,1
2,2,3,12,0ea91e,0ea91e,1
2,2,3,13,149849,149849,1
2,2,3,14,6cc8d7,6cc8d7,1
2,2,3,15,414b34,414b34,1
2,2,3,16,4a41b5,4a41b5,1
2,2,3,17,3faacc,3faacc,1
2,2,3,18,0fc568,0fc568,1
2,2,3,19,69f5f1,69f5f1,1
2,2,3,20,0814f5,0814f5,1
2,2,3,21,50fb26,50fb26,1
2,2,3,22,467d70,467d70,1
2,2,3,23,6dd0bb,6dd0bb,1
2,2,3,24,3f2dfa,3f2dfa,1
2,2,3,25,4b1dd5,4b1dd5,1
2,2,3,26,2a8215,2a8215,1
2,2,3,27,4ba653,4ba653,1
2,2,3,28,2d0591,2d0591,1
2,2,3,29,7497fc,7497fc,1
2,2,3,30,70a199,70a199,1
2,2,3,31,7e2170,7e2170,1
2,2,3,32,4f144d,4f144d,1
2,2,3,33,294181,294181,1
2,2,3,34,4bcde3,4bcde3,1
2,2,3,35,536742,536742,1
2,2,3,36,578662,578662,1
2,2,3,37,0f0336,0f0336,1
2,2,3,38,33b17d,33b17d,1
2,2,3,39,6a061f,6a061f,1
2,2,3,40,3f5157,3f5157,1
2,2,3,41,384f75,384f75,1
2,2,3,42,4a92cc,4a92cc,1
2,2,3,43,2dae2b,2dae2b,1
2,2,3,44,023a2c,023a2c,1
2,2,3,45,360d68,360d68,1
2,2,3,46,514c7f,514c7f,1
2,2,3,47,1874d3,1874d3,1
2,2,3,48,2e8311,2e8311,1
2,2,3,49,3b5967,3b5967,1
2,2,3,50,26f7d5,26f7d5,1
2,2,3,51,3a6409,3a6409,1
2,2,3,52,23d9b4,23d9b4,1
2,2,3,53,49ee1f,49ee1f,1
2,2,3,54,4ea622,4ea622,1
2,2,3,55,499c9e,499c9e,1
2,2,3,56,3bcee2,3bcee2,1
2,2,3,57,083716,083716,1
2,2,3,58,1eba62,1eba62,1
2,2,3,59,6ae5d3,6ae5d3,1
2,2,3,60,1cb7d5,1cb7d5,1
2,2,3,61,1c21c6,1c21c6,1
2,2,3,62,19ddae,19ddae,1
2,2,3,63,78ade5,78ade5,1
2,2,3,64,459b23,459b23,1
2,2,3,65,5b95cd,5b95cd,1
2,2,3,66,10aff0,10aff0,1
2,2,3,67,748027,748027,1
2,2,3,68,1f955e,1f955e,1
2,2,3,69,423ab0,423ab0,1
2,2,3,70,658abe,658abe,1
2,2,3,71,47e3d2,47e3d2,1
2,2,3,72,5efb56,5efb56,1
2,2,3,73,5841c7,5841c7,1
2,2,3,74,07588e,07588e,1
2,2,3,75,31f67c,31f67c,1
2,2,3,76,78df5a,78df5a,1
2,2,3,77,72f0a1,72f0a1,1
2,2,3,78,6c7a1c,6c7a1c,1
2,2,3,79,36634d,36634d,1
2,2,3,80,46249a,46249a,1
2,2,3,81,226abf,226abf,1
2,2,3,82,11b303,11b303,1
2,2,3,83,417005,417005,1
2,2,3,84,47611b,47611b,1
2,2,3,85,79e39b,79e39b,1
2,2,3,86,5fddaf,5fddaf,1
2,2,3,87,2e931d,2e931d,1
2,2,3,88,26f6b5,26f6b5,1
2,2,3,89,08e3eb,08e3eb,1
2,2,3,90,278e8a,278e8a,1
2,2,3,91,05e680,05e680,1
2,2,3,92,0d6754,0d6754,1
2,2,3,93,3b8bca,3b8bca,1
2,2,3,94,046ab6,046ab6,1
2,2,3,95,7d8d36,7d8d36,1
2,2,3,96,3b38d1,3b38d1,1
2,2,3,97,02e654,02e654,1
2,2,3,98,1d164f,1d164f,1
2,2,3,99,4b430d,4b430d,1
2,2,3,100,25097b,25097b,1
2,2,3,101,2fde1b,2fde1b,1
2,2,3,102,39a320,39a320,1
2,2,3,103,50f39b,50f39b,1
2,2,3,104,6f5c64,6f5c64,1
2,2,3,105,51b5fc,51b5fc,1
2,2,3,106,045897,045897,1
2,2,3,107,7bc0b4,7bc0b4,1
2,2,3,108,7ba5c6,7ba5c6,1
2,2,3,109,26a752,26a752,1
2,2,3,110,3fb4d1,3fb4d1,1
2,2,3,111,3a2d16,3a2d16,1
2,2,3,112,37b295,37b295,1
2,2,3,113,1455dc,1455dc,1
2,2,3,114,5656de,5656de,1
2,2,3,115,5e755f,5e755f,1
2,2,3,116,179c9f,179c9f,1
2,2,3,117,2a4bfc,2a4bfc,1
2,2,3,118,766cc9,766cc9,1
2,2,3,119,6bcea2,6bcea2,1
2,2,3,120,552df5,552df5,1
2,2,3,121,6b90ce,6b90ce,1
2,2,3,122,5cd49b,5cd49b,1
2,2,3,123,68e69e,68e69e,1
2,2,3,124,052427,052427,1
2,2,3,125,188eff,188eff,1
2,2,3,126,43a297,43a297,1
2,2,3,127,2e8c87,2e8c87,1
2,2,3,128,472b3f,472b3f,1
2,2,3,129,3b0c97,3b0c97,1
2,2,3,130,17bddc,17bddc,1
2,2,3,131,293eb7,293eb7,1
2,2,3,132,122bc0,122bc0,1
2,2,3,133,193c90,193c90,1
2,2,3,134,352032,352032,1
2,2,3,135,6eeba9,6eeba9,1
2,2,3,136,1d95bd,1d95bd,1
2,2,3,137,2f27b9,2f27b9,1
2,2,3,138,0be17b,0be17b,1
2,2,3,139,2d718f,2d718f,1
2,2,3,140,549173,549173,1
2,2,3,141,62d6ee,62d6ee,1
2,2,3,142,60fb54,60fb54,1
2,2,3,143,60c406,60c406,1
2,2,3,144,5d59ba,5d59ba,1
2,2,3,145,3a71db,3a71db,1
2,2,3,146,0a2da3,0a2da3,1
2,2,3,147,4e0f7b,4e0f7b,1
2,2,3,148,154632,154632,1
2,2,3,149,13e4b0,13e4b0,1
2,2,3,150,7c2cc9,7c2cc9,1
2,2,3,151,363e9f,363e9f,1
2,2,3,152,54e59c,54e59c,1
2,2,3,153,545743,545743,1
2,2,3,154,7247ab,7247ab,1
2,2,3,155,01e38b,01e38b,1
2,2,3,156,32ffce,32ffce,1
2,2,3,157,2ecef3,2ecef3,1
2,2,3,158,6df6d0,6df6d0,1
2,2,3,159,301294,301294,1
2,2,3,160,537606,537606,1
2,2,3,161,571607,571607,1
2,2,3,162,426d82,426d82,1
2,2,3,163,2fb360,2fb360,1
2,2,3,164,2f59e6,2f59e6,1
2,2,3,165,52bc98,52bc98,1
2,2,3,166,6d9a77,6d9a77,1
2,2,3,167,0bae1d,0bae1d,1
2,2,3,168,318215,318215,1
2,2,3,169,76f5f0,76f5f0,1
2,2,3,170,69c783,69c783,1
2,2,3,171,319512,319512,1
2,2,3,172,4c93dc,4c93dc,1
2,2,3,173,225567,225567,1
2,2,3,174,6e2c7c,6e2c7c,1
2,2,3,175,0f9fe7,0f9fe7,1
2,2,3,176,20d115,20d115,1
2,2,3,177,0370da,0370da,1
2,2,3,178,3d7d5e,3d7d5e,1
2,2,3,179,31bdf1,31bdf1,1
2,2,3,180,27f37c,27f37c,1
2,2,3,181,5c7327,5c7327,1
2,2,3,182,1c2424,1c2424,1
2,2,3,183,5c8a15,5c8a15,1
2,2,3,184,265a1c,265a1c,1
2,2,3,185,4fec28,4fec28,1
2,2,3,186,00b464,00b464,1
2,2,3,187,4885ff,4885ff,1
2,2,3,188,6aa841,6aa841,1
2,2,3,189,318181,318181,1
2,2,3,190,36032d,36032d,1
2,2,3,191,3ee491,3ee491,1
2,2,3,192,2f0a05,2f0a05,1
2,2,3,193,4c6b46,4c6b46,1
2,2,3,194,2d158d,2d158d,1
2,2,3,195,513d5b,513d5b,1
2,2,3,196,03a2aa,03a2aa,1
2,2,3,197,0084ee,0084ee,1
2,2,3,198,59da59,59da59,1
2,2,3,199,19d202,19d202,1
2,2,3,200,6a8541,6a8541,1
2,2,3,201,2aa9c1,2aa9c1,1
2,2,3,202,7b69dd,7b69dd,1
2,2,3,203,50641a,50641a,1
2,2,3,204,5967a1,5967a1,1
2,2,3,205,79c1b0,79c1b0,1
2,2,3,206,6916b9,6916b9,1
2,2,3,207,4fe0de,4fe0de,1
2,2,3,208,4e1f09,4e1f09,1
2,2,3,209,7d92c7,7d92c7,1
2,2,3,210,73f54e,73f54e,1
2,2,3,211,6e282f,6e282f,1
2,2,3,212,0f9444,0f9444,1
2,2,3,213,1cc6d6,1cc6d6,1
2,2,3,214,370442,370442,1
2,2,3,215,3c82d4,3c82d4,1
2,2,3,216,0c7f23,0c7f23,1
2,2,3,217,24d1d9,24d1d9,1
2,2,3,218,4e2596,4e2596,1
2,2,3,219,521c17,521c17,1
2,2,3,220,4bbc06,4bbc06,1
2,2,3,221,6efbb7,6efbb7,1
2,2,3,222,4802d4,4802d4,1
2,2,3,223,21fd70,21fd70,1
2,2,3,224,4626e0,4626e0,1
2,2,3,225,7cb319,7cb319,1
2,2,3,226,658c73,658c73,1
2,2,3,227,45b994,45b994,1
2,2,3,228,056784,056784,1
2,2,3,229,67fa2a,67fa2a,1
2,2,3,230,5ff510,5ff510,1
2,2,3,231,6d0e60,6d0e60,1
2,2,3,232,5d8c36,5d8c36,1
2,2,3,233,5e8c3a,5e8c3a,1
2,2,3,234,5f0a12,5f0a12,1
2,2,3,235,532a59,532a59,1
2,2,3,236,67370d,67370d,1
2,2,3,237,13c3da,13c3da,1
2,2,3,238,3fc757,3fc757,1
2,2,3,239,2ee655,2ee655,1
2,2,3,240,1baf9b,1baf9b,1
2,2,3,241,2b3bd4,2b3bd4,1
2,2,3,242,381495,381495,1
2,2,3,243,198899,198899,1
2,2,3,244,2eb119,2eb119,1
2,2,3,245,5c086b,5c086b,1
2,2,3,246,5d5244,5d5244,1
2,2,3,247,4f2729,4f2729,1
2,2,3,248,4bc0a1,4bc0a1,1
2,2,3,249,1675a2,1675a2,1
2,2,3,250,6704ed,6704ed,1
2,2,3,251,71e428,71e428,1
2,2,3,252,60147c,60147c,1
2,2,3,253,7c3310,7c3310,1
2,2,3,254,7da4fd,7da4fd,1
2,2,3,255,51bb03,51bb03,1
2,3,0,0,0ce567,0ce567,1
2,3,0,1,587e45,587e45,1
2,3,0,2,6bb213,6bb213,1
2,3,0,3,42945a,42945a,1
2,3,0,4,15a89f,15a89f,1
2,3,0,5,0f9196,0f9196,1
2,3,0,6,53a4e7,53a4e7,1
2,3,0,7,5185d3,5185d3,1
2,3,0,8,4432e4,4432e4,1
2,3,0,9,102166,102166,1
2,3,0,10,3afbf2,3afbf2,1
2,3,0,11,01bc73,01bc73,1
2,3,0,12,13fd28,13fd28,1
2,3,0,13,5678ec,5678ec,1
2,3,0,14,2c9235,2c9235,1
2,3,0,15,69ac9d,69ac9d,1
2,3,0,16,3a5902,3a5902,1
2,3,0,17,51ce9b,51ce9b,1
2,3,0,18,3926dd,3926dd,1
2,3,0,19,1bcec4,1bcec4,1
2,3,0,20,69f47d,69f47d,1
2,3,0,21,1f6900,1f6900,1
2,3,0,22,09647f,09647f,1
2,3,0,23,71ae18,71ae18,1
2,3,0,24,658a27,658a27,1
2,3,0,25,355d64,355d64,1
2,3,0,26,013985,013985,1
2,3,0,27,2f2b52,2f2b52,1
2,3,0,28,33ad4f,33ad4f,1
2,3,0,29,435252,435252,1
2,3,0,30,665154,665154,1
2,3,0,31,095259,095259,1
2,3,0,32,17ccd9,17ccd9,1
2,3,0,33,20270f,20270f,1
2,3,0,34,5e48e1,5e48e1,1
2,3,0,35,7d9b45,7d9b45,1
2,3,0,36,5c2e05,5c2e05,1
2,3,0,37,153660,153660,1
2,3,0,38,0e60e6,0e60e6,1
2,3,0,39,69db79,69db79,1
2,3,0,40,5294fa,5294fa,1
2,3,0,41,106d41,106d41,1
2,3,0,42,73ddb7,73ddb7,1
2,3,0,43,7898c8,7898c8,1
2,3,0,44,353648,353648,1
2,3,0,45,62f1b8,62f1b8,1
2,3,0,46,335a34,335a34,1
2,3,0,47,749e2c,749e2c,1
2,3,0,48,4bbdfa,4bbdfa,1
2,3,0,49,1c1f1c,1c1f1c,1
2,3,0,50,6d6dce,6d6dce,1
2,3,0,51,2c92b3,2c92b3,1
2,3,0,52,429a88,429a88,1
2,3,0,53,2e8e29,2e8e29,1
2,3,0,54,06783f,06783f,1
2,3,0,55,65989c,65989c,1
2,3,0,56,25f963,25f963,1
2,3,0,57,3e273b,3e273b,1
2,3,0,58,3f77b9,3f77b9,1
2,3,0,59,1843f9,1843f9,1
2,3,0,60,045dbe,045dbe,1
2,3,0,61,77057b,77057b,1
2,3,0,62,52523a,52523a,1
2,3,0,63,51facb,51facb,1
2,3,0,64,2438fc,2438fc,1
2,3,0,65,51a237,51a237,1
2,3,0,66,2a957d,2a957d,1
2,3,0,67,3c3e7c,3c3e7c,1
2,3,0,68,33099a,33099a,1
2,3,0,69,3da506,3da506,1
2,3,0,70,4437ff,4437ff,1
2,3,0,71,0c6208,0c6208,1
2,3,0,72,59e9c4,59e9c4,1
2,3,0,73,4183ba,4183ba,1
2,3,0,74,7c0a8f,7c0a8f,1
2,3,0,75,405e7f,405e7f,1
2,3,0,76,46d6e6,46d6e6,1
2,3,0,77,31995d,31995d,1
2,3,0,78,1a576b,1a576b,1
2,3,0,79,35592e,35592e,1
2,3,0,80,36899f,36899f,1
2,3,0,81,518c5b,518c5b,1
2,3,0,82,5b707e,5b707e,1
2,3,0,83,4053a4,4053a4,1
2,3,0,84,14bf3e,14bf3e,1
2,3,0,85,4e2167,4e2167,1
2,3,0,86,6f9361,6f9361,1
2,3,0,87,255153,255153,1
2,3,0,88,487399,487399,1
2,3,0,89,534b1d,534b1d,1
2,3,0,90,5b9302,5b9302,1
2,3,0,91,3f4e64,3f4e64,1
2,3,0,92,53d1ac,53d1ac,1
2,3,0,93,05120f,05120f,1
2,3,0,94,546e7c,546e7c,1
2,3,0,95,155443,155443,1
2,3,0,96,1494d9,1494d9,1
2,3,0,97,7f53d7,7f53d7,1
2,3,0,98,32bf8a,32bf8a,1
2,3,0,99,5dded4,5dded4,1
2,3,0,100,7d1350,7d1350,1
2,3,0,101,294a02,294a02,1
2,3,0,102,344fbe,344fbe,1
2,3,0,103,7097fc,7097fc,1
2,3,0,104,0c02ed,0c02ed,1
2,3,0,105,46094f,46094f,1
2,3,0,106,4efc29,4efc29,1
2,3,0,107,4387f4,4387f4,1
2,3,0,108,3bc252,3bc252,1
2,3,0,109,5af77d,5af77d,1
2,3,0,110,40eb5d,40eb5d,1
2,3,0,111,7702cf,7702cf,1
2,3,0,112,4a8300,4a8300,1
2,3,0,113,1b1769,1b1769,1
2,3,0,114,779c51,779c51,1
2,3,0,115,2391d8,2391d8,1
2,3,0,116,61df54,61df54,1
2,3,0,117,395e3e,395e3e,1
2,3,0,118,0e6a70,0e6a70,1
2,3,0,119,02eb1f,02eb1f,1
2,3,0,120,5044e3,5044e3,1
2,3,0,121,11240f,11240f,1
2,3,0,122,7aa535,7aa535,1
2,3,0,123,2eb5ef,2eb5ef,1
2,3,0,124,6e9057,6e9057,1
2,3,0,125,27ed82,27ed82,1
2,3,0,126,107164,107164,1
2,3,0,127,711449,711449,1
2,3,0,128,41a693,41a693,1
2,3,0,129,291c36,291c36,1
2,3,0,130,7df543,7df543,1
2,3,0,131,7adcec,7adcec,1
2,3,0,132,11a813,11a813,1
2,3,0,133,478411,478411,1
2,3,0,134,767a01,767a01,1
2,3,0,135,05732d,05732d,1
2,3,0,136,396a23,396a23,1
2,3,0,137,249a19,249a19,1
2,3,0,138,5ae48f,5ae48f,1
2,3,0,139,1501b2,1501b2,1
2,3,0,140,3e6be8,3e6be8,1
2,3,0,141,3c0c3a,3c0c3a,1
2,3,0,142,4b2cf3,4b2cf3,1
2,3,0,143,3f5ce9,3f5ce9,1
2,3,0,144,2a0f3d,2a0f3d,1
2,3,0,145,5ccb13,5ccb13,1
2,3,0,146,5d8024,5d8024,1
2,3,0,147,402610,402610,1
2,3,0,148,058422,058422,1
2,3,0,149,7c06f3,7c06f3,1
2,3,0,150,360a71,360a71,1
2,3,0,151,34814e,34814e,1
2,3,0,152,05bdcd,05bdcd,1
2,3,0,153,2e7021,2e7021,1
2,3,0,154,30efd2,30efd2,1
2,3,0,155,7d4b29,7d4b29,1
2,3,0,156,414b24,414b24,1
2,3,0,157,150142,150142,1
2,3,0,158,3b6809,3b6809,1
2,3,0,159,1bed55,1bed55,1
2,3,0,160,7dd59d,7dd59d,1
2,3,0,161,11b85d,11b85d,1
2,3,0,162,4c8903,4c8903,1
2,3,0,163,358a65,358a65,1
2,3,0,164,18a48c,18a48c,1
2,3,0,165,47751d,47751d,1
2,3,0,166,206c28,206c28,1
2,3,0,167,04af00,04af00,1
2,3,0,168,6208e2,6208e2,1
2,3,0,169,1d99d0,1d99d0,1
2,3,0,170,5c1c99,5c1c99,1
2,3,0,171,15f4ce,15f4ce,1
2,3,0,172,57f265,57f265,1
2,3,0,173,04d6d9,04d6d9,1
2,3,0,174,738bad,738bad,1
2,3,0,175,2f9b4e,2f9b4e,1
2,3,0,176,3f2626,3f2626,1
2,3,0,177,786733,786733,1
2,3,0,178,6c870e,6c870e,1
2,3,0,179,0d0e22,0d0e22,1
2,3,0,180,788207,788207,1
2,3,0,181,0f0d92,0f0d92,1
2,3,0,182,03dfdf,03dfdf,1
2,3,0,183,4c50da,4c50da,1
2,3,0,184,4f707b,4f707b,1
2,3,0,185,26a9bf,26a9bf,1
2,3,0,186,2c87b8,2c87b8,1
2,3,0,187,141727,141727,1
2,3,0,188,31d4c4,31d4c4,1
2,3,0,189,1534c0,1534c0,1
2,3,0,190,5f7aa8,5f7aa8,1
2,3,0,191,5b526d,5b526d,1
2,3,0,192,75ea3e,75ea3e,1
2,3,0,193,0e01d9,0e01d9,1
2,3,0,194,752dee,752dee,1
2,3,0,195,62e9bf,62e9bf,1
2,3,0,196,01068b,01068b,1
2,3,0,197,610ba6,610ba6,1
2,3,0,198,0761a1,0761a1,1
2,3,0,199,352d1c,352d1c,1
2,3,0,200,79194e,79194e,1
2,3,0,201,069308,069308,1
2,3,0,202,2e39e5,2e39e5,1
2,3,0,203,0e2ce7,0e2ce7,1
2,3,0,204,623148,623148,1
2,3,0,205,761946,761946,1
2,3,0,206,436970,436970,1
2,3,0,207,6a3549,6a3549,1
2,3,0,208,625aad,625aad,1
2,3,0,209,20edc3,20edc3,1
2,3,0,210,0294dc,0294dc,1
2,3,0,211,6cac80,6cac80,1
2,3,0,212,0e1825,0e1825,1
2,3,0,213,3df713,3df713,1
2,3,0,214,66a84b,66a84b,1
2,3,0,215,2d920c,2d920c,1
2,3,0,216,2c2565,2c2565,1
2,3,0,217,4cd8f8,4cd8f8,1
2,3,0,218,0ca826,0ca826,1
2,3,0,219,221991,221991,1
2,3,0,220,5ea2c5,5ea2c5,1
2,3,0,221,7b8c01,7b8c01,1
2,3,0,222,48de63,48de63,1
2,3,0,223,0648cb,0648cb,1
2,3,0,224,7283ed,7283ed,1
2,3,0,225,35cb59,35cb59,1
2,3,0,226,6b8d0d,6b8d0d,1
2,3,0,227,01abb0,01abb0,1
2,3,0,228,36da61,36da61,1
2,3,0,229,3b828d,3b828d,1
2,3,0,230,5425aa,5425aa,1
2,3,0,231,29a385,29a385,1
2,3,0,232,250032,250032,1
2,3,0,233,2f5c0f,2f5c0f,1
2,3,0,234,0feef7,0feef7,1
2,3,0,235,183ecb,183ecb,1
2,3,0,236,36bd56,36bd56,1
2,3,0,237,06b85f,06b85f,1
2,3,0,238,2e2643,2e2643,1
2,3,0,239,11934d,11934d,1
2,3,0,240,3b9cbb,3b9cbb,1
2,3,0,241,24ee98,24ee98,1
2,3,0,242,1a3a7b,1a3a7b,1
2,3,0,243,7cccf2,7cccf2,1
2,3,0,244,0cc9f9,0cc9f9,1
2,3,0,245,00029d,00029d,1
2,3,0,246,750c6f,750c6f,1
2,3,0,247,3f3571,3f3571,1
2,3,0,248,341e90,341e90,1
2,3,0,249,59d929,59d929,1
2,3,0,250,2ecf63,2ecf63,1
2,3,0,251,07e1f1,07e1f1,1
2,3,0,252,7b73e4,7b73e4,1
2,3,0,253,244415,244415,1
2,3,0,254,52fbd1,52fbd1,1
2,3,0,255,6c5bc9,6c5bc9,1
2,3,1,0,357720,357720,1
2,3,1,1,23fe65,23fe65,1
2,3,1,2,243d57,243d57,1
2,3,1,3,59a1d1,59a1d1,1
2,3,1,4,5df8e2,5df8e2,1
2,3,1,5,1affb1,1affb1,1
2,3,1,6,0d2b15,0d2b15,1
2,3,1,7,3a391d,3a391d,1
2,3,1,8,00377a,00377a,1
2,3,1,9,2f735b,2f735b,1
2,3,1,10,20bf55,20bf55,1
2,3,1,11,21a19b,21a19b,1
2,3,1,12,09cbcf,09cbcf,1
2,3,1,13,4f1d50,4f1d50,1
2,3,1,14,575714,575714,1
2,3,1,15,33131b,33131b,1
2,3,1,16,06fe98,06fe98,1
2,3,1,17,7df70f,7df70f,1
2,3,1,18,2c0030,2c0030,1
2,3,1,19,4a101e,4a101e,1
2,3,1,20,2c7f4c,2c7f4c,1
2,3,1,21,180b72,180b72,1
2,3,1,22,0da564,0da564,1
2,3,1,23,2e3a51,2e3a51,1
2,3,1,24,289613,289613,1
2,3,1,25,06a18c,06a18c,1
2,3,1,26,0f0272,0f0272,1
2,3,1,27,3d3c48,3d3c48,1
2,3,1,28,14ca47,14ca47,1
2,3,1,29,2a754f,2a754f,1
2,3,1,30,326183,326183,1
2,3,1,31,6eb439,6eb439,1
2,3,1,32,3cff0c,3cff0c,1
2,3,1,33,4430a6,4430a6,1
2,3,1,34,5c48c9,5c48c9,1
2,3,1,35,1a4952,1a4952,1
2,3,1,36,36fe05,36fe05,1
2,3,1,37,1fc571,1fc571,1
2,3,1,38,0edb97,0edb97,1
2,3,1,39,608409,608409,1
2,3,1,40,5049fa,5049fa,1
2,3,1,41,038a8d,038a8d,1
2,3,1,42,0f3b76,0f3b76,1
2,3,1,43,5a9614,5a9614,1
2,3,1,44,7cac97,7cac97,1
2,3,1,45,60a816,60a816,1
2,3,1,46,1c5d9a,1c5d9a,1
2,3,1,47,7a58b5,7a58b5,1
2,3,1,48,03d5a7,03d5a7,1
2,3,1,49,119d2b,119d2b,1
2,3,1,50,34e2d1,34e2d1,1
2,3,1,51,4bbab4,4bbab4,1
2,3,1,52,2201a1,2201a1,1
2,3,1,53,778f20,778f20,1
2,3,1,54,1d9eeb,1d9eeb,1
2,3,1,55,42f04f,42f04f,1
2,3,1,56,2eed4f,2eed4f,1
2,3,1,57,3003ca,3003ca,1
2,3,1,58,0906bd,0906bd,1
2,3,1,59,299cd3,299cd3,1
2,3,1,60,41bbc0,41bbc0,1
2,3,1,61,482cb0,482cb0,1
2,3,1,62,183617,183617,1
2,3,1,63,6890a3,6890a3,1
2,3,1,64,2a49af,2a49af,1
2,3,1,65,36de08,36de08,1
2,3,1,66,01bc82,01bc82,1
2,3,1,67,3fbe67,3fbe67,1
2,3,1,68,578594,578594,1
2,3,1,69,1c0026,1c0026,1
2,3,1,70,1d9591,1d9591,1
2,3,1,71,5517c8,5517c8,1
2,3,1,72,636208,636208,1
2,3,1,73,10ef08,10ef08,1
2,3,1,74,25fe70,25fe70,1
2,3,1,75,08f05c,08f05c,1
2,3,1,76,130fbc,130fbc,1
2,3,1,77,7c5510,7c5510,1
2,3,1,78,644d4a,644d4a,1
2,3,1,79,0ab666,0ab666,1
2,3,1,80,7347df,7347df,1
2,3,1,81,140066,140066,1
2,3,1,82,4b64f4,4b64f4,1
2,3,1,83,5e5f11,5e5f11,1
2,3,1,84,336e16,336e16,1
2,3,1,85,5661cc,5661cc,1
2,3,1,86,4ea477,4ea477,1
2,3,1,87,493241,493241,1
2,3,1,88,37e927,37e927,1
2,3,1,89,470154,470154,1
2,3,1,90,267964,267964,1
2,3,1,91,1e3089,1e3089,1
2,3,1,92,64d4a2,64d4a2,1
2,3,1,93,5091ac,5091ac,1
2,3,1,94,5f5f69,5f5f69,1
2,3,1,95,35df2e,35df2e,1
2,3,1,96,31c9c3,31c9c3,1
2,3,1,97,29e06b,29e06b,1
2,3,1,98,6a59e1,6a59e1,1
2,3,1,99,3142d1,3142d1,1
2,3,1,100,440189,440189,1
2,3,1,101,017618,017618,1
2,3,1,102,0693fc,0693fc,1
2,3,1,103,60441e,60441e,1
2,3,1,104,215bc1,215bc1,1
2,3,1,105,608ef2,608ef2,1
2,3,1,106,1d60fa,1d60fa,1
2,3,1,107,4b1061,4b1061,1
2,3,1,108,6c0eb6,6c0eb6,1
2,3,1,109,70b3e5,70b3e5,1
2,3,1,110,4e9808,4e9808,1
2,3,1,111,4465d1,4465d1,1
2,3,1,112,68c17c,68c17c,1
2,3,1,113,671eb8,671eb8,1
2,3,1,114,6dbea6,6dbea6,1
2,3,1,115,618d7c,618d7c,1
2,3,1,116,784f53,784f53,1
2,3,1,117,7c310e,7c310e,1
2,3,1,118,2549f2,2549f2,1
2,3,1,119,102312,102312,1
2,3,1,120,1b6e95,1b6e95,1
2,3,1,121,7ad119,7ad119,1
2,3,1,122,0ad2ce,0ad2ce,1
2,3,1,123,34cdc3,34cdc3,1
2,3,1,124,62e8f8,62e8f8,1
2,3,1,125,6f7269,6f7269,1
2,3,1,126,046f81,046f81,1
2,3,1,127,625e9e,625e9e,1
2,3,1,128,2edc5e,2edc5e,1
2,3,1,129,052966,052966,1
2,3,1,130,31f526,31f526,1
2,3,1,131,71425e,71425e,1
2,3,1,132,151a36,151a36,1
2,3,1,133,70a866,70a866,1
2,3,1,134,10897d,10897d,1
2,3,1,135,4aa4b5,4aa4b5,1
2,3,1,136,462833,462833,1
2,3,1,137,2f4d6c,2f4d6c,1
2,3,1,138,2273f2,2273f2,1
2,3,1,139,03af8f,03af8f,1
2,3,1,140,704839,704839,1
2,3,1,141,23bc20,23bc20,1
2,3,1,142,26998a,26998a,1
2,3,1,143,5d9a55,5d9a55,1
2,3,1,144,5954bd,5954bd,1
2,3,1,145,23c44c,23c44c,1
2,3,1,146,012740,012740,1
2,3,1,147,06f83f,06f83f,1
2,3,1,148,6b8ce9,6b8ce9,1
2,3,1,149,1918b6,1918b6,1
2,3,1,150,2ed540,2ed540,1
2,3,1,151,7b4bed,7b4bed,1
2,3,1,152,70abc7,70abc7,1
2,3,1,153,0f5430,0f5430,1
2,3,1,154,7520fb,7520fb,1
2,3,1,155,430439,430439,1
2,3,1,156,500a01,500a01,1
2,3,1,157,579e6e,579e6e,1
2,3,1,158,7c22ae,7c22ae,1
2,3,1,159,2c70a1,2c70a1,1
2,3,1,160,6f3c1b,6f3c1b,1
2,3,1,161,5fa998,5fa998,1
2,3,1,162,24620c,24620c,1
2,3,1,163,75de93,75de93,1
2,3,1,164,0e0215,0e0215,1
2,3,1,165,3cfd59,3cfd59,1
2,3,1,166,5e7a49,5e7a49,1
2,3,1,167,280fd4,280fd4,1
2,3,1,168,7f5a0a,7f5a0a,1
2,3,1,169,0624d9,0624d9,1
2,3,1,170,734396,734396,1
2,3,1,171,3ee65b,3ee65b,1
2,3,1,172,5f81a7,5f81a7,1
2,3,1,173,2280f5,2280f5,1
2,3,1,174,5ef92f,5ef92f,1
2,3,1,175,1e517f,1e517f,1
2,3,1,176,484183,484183,1
2,3,1,177,2975ab,2975ab,1
2,3,1,178,0d8348,0d8348,1
2,3,1,179,4d58da,4d58da,1
2,3,1,180,1626fd,1626fd,1
2,3,1,181,265d7f,265d7f,1
2,3,1,182,1db258,1db258,1
2,3,1,183,3cf18b,3cf18b,1
2,3,1,184,14443b,14443b,1
2,3,1,185,1ad2ea,1ad2ea,1
2,3,1,186,027433,027433,1
2,3,1,187,403ab3,403ab3,1
2,3,1,188,49fbae,49fbae,1
2,3,1,189,35fc91,35fc91,1
2,3,1,190,3c570c,3c570c,1
2,3,1,191,7eeba5,7eeba5,1
2,3,1,192,19da1a,19da1a,1
2,3,1,193,5eeaba,5eeaba,1
2,3,1,194,632242,632242,1
2,3,1,195,70e192,70e192,1
2,3,1,196,65b376,65b376,1
2,3,1,197,25172b,25172b,1
2,3,1,198,2e1f3b,2e1f3b,1
2,3,1,199,0979ec,0979ec,1
2,3,1,200,3a589d,3a589d,1
2,3,1,201,375833,375833,1
2,3,1,202,167180,167180,1
2,3,1,203,080b69,080b69,1
2,3,1,204,75a90e,75a90e,1
2,3,1,205,0addf6,0addf6,1
2,3,1,206,507084,507084,1
2,3,1,207,25ad10,25ad10,1
2,3,1,208,01afc6,01afc6,1
2,3,1,209,2200c1,2200c1,1
2,3,1,210,5f419a,5f419a,1
2,3,1,211,0f4bb6,0f4bb6,1
2,3,1,212,7b2c38,7b2c38,1
2,3,1,213,33b659,33b659,1
2,3,1,214,15e698,15e698,1
2,3,1,215,6cf083,6cf083,1
2,3,1,216,38d72c,38d72c,1
2,3,1,217,6dc6f5,6dc6f5,1
2,3,1,218,4c3330,4c3330,1
2,3,1,219,6e9abf,6e9abf,1
2,3,1,220,5d690c,5d690c,1
2,3,1,221,0f2a91,0f2a91,1
2,3,1,222,556e60,556e60,1
2,3,1,223,50f6ff,50f6ff,1
2,3,1,224,1d00cd,1d00cd,1
2,3,1,225,3bd9eb,3bd9eb,1
2,3,1,226,34aea9,34aea9,1
2,3,1,227,1de67c,1de67c,1
2,3,1,228,5f73e5,5f73e5,1
2,3,1,229,7a88a2,7a88a2,1
2,3,1,230,022485,022485,1
2,3,1,231,696e58,696e58,1
2,3,1,232,2891fd,2891fd,1
2,3,1,233,13a64d,13a64d,1
2,3,1,234,29d156,29d156,1
2,3,1,235,31d4ca,31d4ca,1
2,3,1,236,547ed2,547ed2,1
2,3,1,237,37a864,37a864,1
2,3,1,238,706602,706602,1
2,3,1,239,1f2b8c,1f2b8c,1
2,3,1,240,215164,215164,1
2,3,1,241,52034f,52034f,1
2,3,1,242,59afc1,59afc1,1
2,3,1,243,0158c3,0158c3,1
2,3,1,244,71128e,71128e,1
2,3,1,245,6d439f,6d439f,1
2,3,1,246,49da5b,49da5b,1
2,3,1,247,53c540,53c540,1
2,3,1,248,7104bd,7104bd,1
2,3,1,249,698a31,698a31,1
2,3,1,250,00f4d1,00f4d1,1
2,3,1,251,536e4b,536e4b,1
2,3,1,252,04b38e,04b38e,1
2,3,1,253,110396,110396,1
2,3,1,254,17d4c6,17d4c6,1
2,3,1,255,549736,549736,1
2,3,2,0,507838,507838,1
2,3,2,1,45f15e,45f15e,1
2,3,2,2,0fa6c3,0fa6c3,1
2,3,2,3,14fa98,14fa98,1
2,3,2,4,258e39,258e39,1
2,3,2,5,366fec,366fec,1
2,3,2,6,4e12d5,4e12d5,1
2,3,2,7,2828bf,2828bf,1
2,3,2,8,521d4f,521d4f,1
2,3,2,9,7598e4,7598e4,1
2,3,2,10,69fbcb,69fbcb,1
2,3,2,11,117ab9,117ab9,1
2,3,2,12,5998ad,5998ad,1
2,3,2,13,0cc1d7,0cc1d7,1
2,3,2,14,6ee390,6ee390,1
2,3,2,15,7b6235,7b6235,1
2,3,2,16,5f3455,5f3455,1
2,3,2,17,2334c2,2334c2,1
2,3,2,18,422d14,422d14,1
2,3,2,19,4189cb,4189cb,1
2,3,2,20,4f5426,4f5426,1
2,3,2,21,21e068,21e068,1
2,3,2,22,7addfd,7addfd,1
2,3,2,23,21f8fa,21f8fa,1
2,3,2,24,61fc8b,61fc8b,1
2,3,2,25,21e87e,21e87e,1
2,3,2,26,5f4acf,5f4acf,1
2,3,2,27,1d0300,1d0300,1
2,3,2,28,395048,395048,1
2,3,2,29,5c32eb,5c32eb,1
2,3,2,30,7e71a7,7e71a7,1
2,3,2,31,11c52a,11c52a,1
2,3,2,32,4c19c5,4c19c5,1
2,3,2,33,5c4d0e,5c4d0e,1
2,3,2,34,3c0477,3c0477,1
2,3,2,35,1b7173,1b7173,1
2,3,2,36,2ab303,2ab303,1
2,3,2,37,1b2de2,1b2de2,1
2,3,2,38,26dc43,26dc43,1
2,3,2,39,2557e8,2557e8,1
2,3,2,40,3d10e1,3d10e1,1
2,3,2,41,10c49e,10c49e,1
2,3,2,42,41d632,41d632,1
2,3,2,43,14348b,14348b,1
2,3,2,44,2721c7,2721c7,1
2,3,2,45,747ead,747ead,1
2,3,2,46,5c44c4,5c44c4,1
2,3,2,47,72eea5,72eea5,1
2,3,2,48,05a714,05a714,1
2,3,2,49,087393,087393,1
2,3,2,50,707138,707138,1
2,3,2,51,2fe8ad,2fe8ad,1
2,3,2,52,6dc99e,6dc99e,1
2,3,2,53,2cf5e4,2cf5e4,1
2,3,2,54,55b4c1,55b4c1,1
2,3,2,55,55bf9f,55bf9f,1
2,3,2,56,1e668b,1e668b,1
2,3,2,57,6e7c33,6e7c33,1
2,3,2,58,0dd641,0dd641,1
2,3,2,59,5b5ef1,5b5ef1,1
2,3,2,60,78a9a0,78a9a0,1
2,3,2,61,595e02,595e02,1
2,3,2,62,5c41eb,5c41eb,1
2,3,2,63,13b4de,13b4de,1
2,3,2,64,1c78aa,1c78aa,1
2,3,2,65,68aa40,68aa40,1
2,3,2,66,1a92d4,1a92d4,1
2,3,2,67,69179b,69179b,1
2,3,2,68,32e7a1,32e7a1,1
2,3,2,69,4d2a72,4d2a72,1
2,3,2,70,0e5bdb,0e5bdb,1
2,3,2,71,66d0bf,66d0bf,1
2,3,2,72,6a35de,6a35de,1
2,3,2,73,76f33c,76f33c,1
2,3,2,74,22ad8d,22ad8d,1
2,3,2,75,41100a,41100a,1
2,3,2,76,0694c6,0694c6,1
2,3,2,77,475804,475804,1
2,3,2,78,38a7f8,38a7f8,1
2,3,2,79,1c0d8c,1c0d8c,1
2,3,2,80,2727bd,2727bd,1
2,3,2,81,1d131e,1d131e,1
2,3,2,82,254e75,254e75,1
2,3,2,83,394f1f,394f1f,1
2,3,2,84,1a07d6,1a07d6,1
2,3,2,85,615844,615844,1
2,3,2,86,4e9c32,4e9c32,1
2,3,2,87,6cbd39,6cbd39,1
2,3,2,88,796072,796072,1
2,3,2,89,5eb68d,5eb68d,1
2,3,2,90,6e8d88,6e8d88,1
2,3,2,91,57909f,57909f,1
2,3,2,92,22af99,22af99,1
2,3,2,93,0234f9,0234f9,1
2,3,2,94,333aa3,333aa3,1
2,3,2,95,2305d1,2305d1,1
2,3,2,96,387f29,387f29,1
2,3,2,97,533b8d,533b8d,1
2,3,2,98,336362,336362,1
2,3,2,99,36ee44,36ee44,1
2,3,2,100,656a65,656a65,1
2,3,2,101,7e610c,7e610c,1
2,3,2,102,5b2c8f,5b2c8f,1
2,3,2,103,00c226,00c226,1
2,3,2,104,2eed53,2eed53,1
2,3,2,105,397da2,397da2,1
2,3,2,106,5a479b,5a479b,1
2,3,2,107,5f04a8,5f04a8,1
2,3,2,108,7b9734,7b9734,1
2,3,2,109,655295,655295,1
2,3,2,110,78232f,78232f,1
2,3,2,111,04d9e1,04d9e1,1
2,3,2,112,56a9c8,56a9c8,1
2,3,2,113,543a83,543a83,1
2,3,2,114,31ceb0,31ceb0,1
2,3,2,115,07b35f,07b35f,1
2,3,2,116,5366e4,5366e4,1
2,3,2,117,54a5bb,54a5bb,1
2,3,2,118,3db4b0,3db4b0,1
2,3,2,119,7e1b3a,7e1b3a,1
2,3,2,120,0fecab,0fecab,1
2,3,2,121,119e71,119e71,1
2,3,2,122,73c0f2,73c0f2,1
2,3,2,123,5801a7,5801a7,1
2,3,2,124,4af068,4af068,1
2,3,2,125,515c96,515c96,1
2,3,2,126,7fd8cf,7fd8cf,1
2,3,2,127,1d1d43,1d1d43,1
2,3,2,128,5da586,5da586,1
2,3,2,129,5a53c8,5a53c8,1
2,3,2,130,09c7df,09c7df,1
2,3,2,131,2bfc6c,2bfc6c,1
2,3,2,132,009bb7,009bb7,1
2,3,2,133,04be23,04be23,1
2,3,2,134,0084e7,0084e7,1
2,3,2,135,6a4d94,6a4d94,1
2,3,2,136,24787b,24787b,1
2,3,2,137,18ec27,18ec27,1
2,3,2,138,74a1e6,74a1e6,1
2,3,2,139,7c8273,7c8273,1
2,3,2,140,2f4c7d,2f4c7d,1
2,3,2,141,0a056b,0a056b,1
2,3,2,142,6936a7,6936a7,1
2,3,2,143,1899c5,1899c5,1
2,3,2,144,621a20,621a20,1
2,3,2,145,4dcc8a,4dcc8a,1
2,3,2,146,197976,197976,1
2,3,2,147,3d586c,3d586c,1
2,3,2,148,6bb533,6bb533,1
2,3,2,149,5a32aa,5a32aa,1
2,3,2,150,33a16c,33a16c,1
2,3,2,151,7987ee,7987ee,1
2,3,2,152,244059,244059,1
2,3,2,153,6adaf8,6adaf8,1
2,3,2,154,69c581,69c581,1
2,3,2,155,037498,037498,1
2,3,2,156,208874,208874,1
2,3,2,157,144738,144738,1
2,3,2,158,29dcd3,29dcd3,1
2,3,2,159,0e3eb8,0e3eb8,1
2,3,2,160,2c9ba6,2c9ba6,1
2,3,2,161,7cae04,7cae04,1
2,3,2,162,56055b,56055b,1
2,3,2,163,6c3ce9,6c3ce9,1
2,3,2,164,6aa2c3,6aa2c3,1
2,3,2,165,47ac4e,47ac4e,1
2,3,2,166,10b298,10b298,1
2,3,2,167,04c753,04c753,1
2,3,2,168,7aee25,7aee25,1
2,3,2,169,40748a,40748a,1
2,3,2,170,34190c,34190c,1
2,3,2,171,188afa,188afa,1
2,3,2,172,7aeee2,7aeee2,1
2,3,2,173,174465,174465,1
2,3,2,174,757c84,757c84,1
2,3,2,175,09a3bc,09a3bc,1
2,3,2,176,21fb15,21fb15,1
2,3,2,177,285185,285185,1
2,3,2,178,1838a3,1838a3,1
2,3,2,179,48d969,48d969,1
2,3,2,180,0cef06,0cef06,1
2,3,2,181,6139e1,6139e1,1
2,3,2,182,0e6450,0e6450,1
2,3,2,183,7eb0a9,7eb0a9,1
2,3,2,184,3049a9,3049a9,1
2,3,2,185,7bac9b,7bac9b,1
2,3,2,186,5b0303,5b0303,1
2,3,2,187,0731d3,0731d3,1
2,3,2,188,0cb867,0cb867,1
2,3,2,189,1f269a,1f269a,1
2,3,2,190,45cc91,45cc91,1
2,3,2,191,279530,279530,1
2,3,2,192,74b2ad,74b2ad,1
2,3,2,193,5ba49c,5ba49c,1
2,3,2,194,79b227,79b227,1
2,3,2,195,78f9c2,78f9c2,1
2,3,2,196,3ffa4c,3ffa4c,1
2,3,2,197,25bc69,25bc69,1
2,3,2,198,7e2beb,7e2beb,1
2,3,2,199,14c9e8,14c9e8,1
2,3,2,200,0f00ad,0f00ad,1
2,3,2,201,3323fa,3323fa,1
2,3,2,202,5d3f38,5d3f38,1
2,3,2,203,2fe8da,2fe8da,1
2,3,2,204,4b1397,4b1397,1
2,3,2,205,7659bc,7659bc,1
2,3,2,206,62192e,62192e,1
2,3,2,207,3a9fff,3a9fff,1
2,3,2,208,74e2bb,74e2bb,1
2,3,2,209,10b8f4,10b8f4,1
2,3,2,210,6bcbba,6bcbba,1
2,3,2,211,555687,555687,1
2,3,2,212,66fac1,66fac1,1
2,3,2,213,472739,472739,1
2,3,2,214,687793,687793,1
2,3,2,215,0b3d53,0b3d53,1
2,3,2,216,392d1f,392d1f,1
2,3,2,217,0ba350,0ba350,1
2,3,2,218,599f90,599f90,1
2,3,2,219,1cb14d,1cb14d,1
2,3,2,220,68e964,68e964,1
2,3,2,221,400c63,400c63,1
2,3,2,222,09e9d4,09e9d4,1
2,3,2,223,6a4cd5,6a4cd5,1
2,3,2,224,3e7fe5,3e7fe5,1
2,3,2,225,211a9f,211a9f,1
2,3,2,226,32b06a,32b06a,1
2,3,2,227,2a5398,2a5398,1
2,3,2,228,2c208c,2c208c,1
2,3,2,229,2ecd79,2ecd79,1
2,3,2,230,203677,203677,1
2,3,2,231,1c56d6,1c56d6,1
2,3,2,232,4ec74e,4ec74e,1
2,3,2,233,6a5f93,6a5f93,1
2,3,2,234,46345f,46345f,1
2,3,2,235,75fce3,75fce3,1
2,3,2,236,6ec863,6ec863,1
2,3,2,237,641b0e,641b0e,1
2,3,2,238,50f890,50f890,1
2,3,2,239,263191,263191,1
2,3,2,240,54662d,54662d,1
2,3,2,241,085cf0,085cf0,1
2,3,2,242,6dab47,6dab47,1
2,3,2,243,6db2a6,6db2a6,1
2,3,2,244,2c7618,2c7618,1
2,3,2,245,6d11a1,6d11a1,1
2,3,2,246,011ec7,011ec7,1
2,3,2,247,24ebc9,24ebc9,1
2,3,2,248,1eedf8,1eedf8,1
2,3,2,249,539b03,539b03,1
2,3,2,250,6c7cca,6c7cca,1
2,3,2,251,0625e7,0625e7,1
2,3,2,252,443db2,443db2,1
2,3,2,253,278949,278949,1
2,3,2,254,5c0faf,5c0faf,1
2,3,2,255,1e87e8,1e87e8,1
2,3,3,0,68daca,68daca,1
2,3,3,1,3e45b6,3e45b6,1
2,3,3,2,4f90b4,4f90b4,1
2,3,3,3,4e2a8d,4e2a8d,1
2,3,3,4,256c6c,256c6c,1
2,3,3,5,78eac9,78eac9,1
2,3,3,6,765e09,765e09,1
2,3,3,7,3e4aa4,3e4aa4,1
2,3,3,8,0a3e2b,0a3e2b,1
2,3,3,9,62dc21,62dc21,1
2,3,3,10,04a2bc,04a2bc,1
2,3,3,11,1100eb,1100eb,1
2,3,3,12,492e08,492e08,1
2,3,3,13,0ec9fd,0ec9fd,1
2,3,3,14,7ef4a2,7ef4a2,1
2,3,3,15,1a76bb,1a76bb,1
2,3,3,16,77f7fd,77f7fd,1
2,3,3,17,1fc604,1fc604,1
2,3,3,18,7918eb,7918eb,1
2,3,3,19,7d99ee,7d99ee,1
2,3,3,20,50c5f3,50c5f3,1
2,3,3,21,0687a5,0687a5,1
2,3,3,22,65833c,65833c,1
2,3,3,23,5662f7,5662f7,1
2,3,3,24,6478e5,6478e5,1
2,3,3,25,16e0d4,16e0d4,1
2,3,3,26,25d1ae,25d1ae,1
2,3,3,27,53561e,53561e,1
2,3,3,28,551f5b,551f5b,1
2,3,3,29,5d01d9,5d01d9,1
2,3,3,30,627867,627867,1
2,3,3,31,201aea,201aea,1
2,3,3,32,55ec4a,55ec4a,1
2,3,3,33,46f9a7,46f9a7,1
2,3,3,34,5e36b2,5e36b2,1
2,3,3,35,2b0547,2b0547,1
2,3,3,36,26b3e2,26b3e2,1
2,3,3,37,3d50c5,3d50c5,1
2,3,3,38,51b211,51b211,1
2,3,3,39,43511b,43511b,1
2,3,3,40,53db1c,53db1c,1
2,3,3,41,71643f,71643f,1
2,3,3,42,2df643,2df643,1
2,3,3,43,5d4c9c,5d4c9c,1
2,3,3,44,30cd57,30cd57,1
2,3,3,45,2aac15,2aac15,1
2,3,3,46,7bbc19,7bbc19,1
2,3,3,47,1364f6,1364f6,1
2,3,3,48,044f7f,044f7f,1
2,3,3,49,52d24b,52d24b,1
2,3,3,50,1e0829,1e0829,1
2,3,3,51,6ffd79,6ffd79,1
2,3,3,52,2d3593,2d3593,1
2,3,3,53,271f69,271f69,1
2,3,3,54,59118d,59118d,1
2,3,3,55,2d25f0,2d25f0,1
2,3,3,56,520050,520050,1
2,3,3,57,52607f,52607f,1
2,3,3,58,221911,221911,1
2,3,3,59,438424,438424,1
2,3,3,60,13febd,13febd,1
2,3,3,61,72d466,72d466,1
2,3,3,62,2cddfe,2cddfe,1
2,3,3,63,5e78e7,5e78e7,1
2,3,3,64,71a8b2,71a8b2,1
2,3,3,65,5c741d,5c741d,1
2,3,3,66,740177,740177,1
2,3,3,67,5ad971,5ad971,1
2,3,3,68,405739,405739,1
2,3,3,69,6a6f9d,6a6f9d,1
2,3,3,70,50df3c,50df3c,1
2,3,3,71,443c5d,443c5d,1
2,3,3,72,57ff87,57ff87,1
2,3,3,73,6943e6,6943e6,1
2,3,3,74,77eb95,77eb95,1
2,3,3,75,02185d,02185d,1
2,3,3,76,0d7f7b,0d7f7b,1
2,3,3,77,1f536e,1f536e,1
2,3,3,78,016c2a,016c2a,1
2,3,3,79,7e6f8a,7e6f8a,1
2,3,3,80,217faa,217faa,1
2,3,3,81,44c4e5,44c4e5,1
2,3,3,82,510f3b,510f3b,1
2,3,3,83,3c8324,3c8324,1
2,3,3,84,2df2f3,2df2f3,1
2,3,3,85,0c11fd,0c11fd,1
2,3,3,86,76940d,76940d,1
2,3,3,87,283373,283373,1
2,3,3,88,67bbed,67bbed,1
2,3,3,89,32ba2b,32ba2b,1
2,3,3,90,548f3f,548f3f,1
2,3,3,91,0f9621,0f9621,1
2,3,3,92,459f05,459f05,1
2,3,3,93,275e5f,275e5f,1
2,3,3,94,593c89,593c89,1
2,3,3,95,4ecfab,4ecfab,1
2,3,3,96,115479,115479,1
2,3,3,97,6168c6,6168c6,1
2,3,3,98,7b8e80,7b8e80,1
2,3,3,99,4e6088,4e6088,1
2,3,3,100,3b5f58,3b5f58,1
2,3,3,101,77ac2f,77ac2f,1
2,3,3,102,20455c,20455c,1
2,3,3,103,0cd236,0cd236,1
2,3,3,104,2e0370,2e0370,1
2,3,3,105,35cbf0,35cbf0,1
2,3,3,106,19d38d,19d38d,1
2,3,3,107,364bce,364bce,1
2,3,3,108,121021,121021,1
2,3,3,109,31ad18,31ad18,1
2,3,3,110,426012,426012,1
2,3,3,111,093efb,093efb,1
2,3,3,112,1826f2,1826f2,1
2,3,3,113,265f26,265f26,1
2,3,3,114,5e954c,5e954c,1
2,3,3,115,0a7291,0a7291,1
2,3,3,116,2df0fb,2df0fb,1
2,3,3,117,3b931e,3b931e,1
2,3,3,118,4a5271,4a5271,1
2,3,3,119,7f6bc8,7f6bc8,1
2,3,3,120,6a2f78,6a2f78,1
2,3,3,121,1b51b2,1b51b2,1
2,3,3,122,28a307,28a307,1
2,3,3,123,4aa78f,4aa78f,1
2,3,3,124,4d8442,4d8442,1
2,3,3,125,10185a,10185a,1
2,3,3,126,405dc1,405dc1,1
2,3,3,127,4c6157,4c6157,1
2,3,3,128,2c96d0,2c96d0,1
2,3,3,129,62d618,62d618,1
2,3,3,130,028f28,028f28,1
2,3,3,131,5c967e,5c967e,1
2,3,3,132,4368ee,4368ee,1
2,3,3,133,59484b,59484b,1
2,3,3,134,4ffad1,4ffad1,1
2,3,3,135,39b817,39b817,1
2,3,3,136,364924,364924,1
2,3,3,137,1bc84b,1bc84b,1
2,3,3,138,1f92a8,1f92a8,1
2,3,3,139,3f3407,3f3407,1
2,3,3,140,36b48c,36b48c,1
2,3,3,141,054e13,054e13,1
2,3,3,142,731592,731592,1
2,3,3,143,39eb02,39eb02,1
2,3,3,144,3de5b1,3de5b1,1
2,3,3,145,430b5a,430b5a,1
2,3,3,146,50293c,50293c,1
2,3,3,147,5129c6,5129c6,1
2,3,3,148,2e0192,2e0192,1
2,3,3,149,1f61e0,1f61e0,1
2,3,3,150,220078,220078,1
2,3,3,151,677349,677349,1
2,3,3,152,51fb96,51fb96,1
2,3,3,153,2812d0,2812d0,1
2,3,3,154,1e779f,1e779f,1
2,3,3,155,19c90d,19c90d,1
2,3,3,156,31a6b3,31a6b3,1
2,3,3,157,4540cd,4540cd,1
2,3,3,158,13a2f9,13a2f9,1
2,3,3,159,017d56,017d56,1
2,3,3,160,08d628,08d628,1
2,3,3,161,6aafcc,6aafcc,1
2,3,3,162,1b12a0,1b12a0,1
2,3,3,163,626637,626637,1
2,3,3,164,227873,227873,1
2,3,3,165,74773d,74773d,1
2,3,3,166,1d7505,1d7505,1
2,3,3,167,383b0e,383b0e,1
2,3,3,168,150360,150360,1
2,3,3,169,25c5fb,25c5fb,1
2,3,3,170,36e2f5,36e2f5,1
2,3,3,171,0f138b,0f138b,1
2,3,3,172,5d3c4f,5d3c4f,1
2,3,3,173,57d358,57d358,1
2,3,3,174,569179,569179,1
2,3,3,175,21931e,21931e,1
2,3,3,176,6f467d,6f467d,1
2,3,3,177,32ce53,32ce53,1
2,3,3,178,205bbd,205bbd,1
2,3,3,179,0aeb55,0aeb55,1
2,3,3,180,071843,071843,1
2,3,3,181,7e6074,7e6074,1
2,3,3,182,4e247e,4e247e,1
2,3,3,183,0b4b11,0b4b11,1
2,3,3,184,5edb86,5edb86,1
2,3,3,185,178e2c,178e2c,1
2,3,3,186,65d1c6,65d1c6,1
2,3,3,187,70d16b,70d16b,1
2,3,3,188,4d053f,4d053f,1
2,3,3,189,06ecc1,06ecc1,1
2,3,3,190,321cc9,321cc9,1
2,3,3,191,34edf6,34edf6,1
2,3,3,192,740a91,740a91,1
2,3,3,193,6e41ad,6e41ad,1
2,3,3,194,50ed4e,50ed4e,1
2,3,3,195,74c236,74c236,1
2,3,3,196,5cecce,5cecce,1
2,3,3,197,2966b6,2966b6,1
2,3,3,198,027aee,027aee,1
2,3,3,199,4c5788,4c5788,1
2,3,3,200,480dc9,480dc9,1
2,3,3,201,208899,208899,1
2,3,3,202,5a489c,5a489c,1
2,3,3,203,557775,557775,1
2,3,3,204,3ab85f,3ab85f,1
2,3,3,205,5ce4cd,5ce4cd,1
2,3,3,206,106fc2,106fc2,1
2,3,3,207,7d4a0d,7d4a0d,1
2,3,3,208,3ec6a9,3ec6a9,1
2,3,3,209,2e47d6,2e47d6,1
2,3,3,210,4270a1,4270a1,1
2,3,3,211,24adf3,24adf3,1
2,3,3,212,7c2bf5,7c2bf5,1
2,3,3,213,791432,791432,1
2,3,3,214,793269,793269,1
2,3,3,215,5696b2,5696b2,1
2,3,3,216,601552,601552,1
2,3,3,217,53a335,53a335,1
2,3,3,218,73a8ac,73a8ac,1
2,3,3,219,19bb73,19bb73,1
2,3,3,220,417114,417114,1
2,3,3,221,57886f,57886f,1
2,3,3,222,21b28a,21b28a,1
2,3,3,223,12e1d7,12e1d7,1
2,3,3,224,3446de,3446de,1
2,3,3,225,6714db,6714db,1
2,3,3,226,2390f9,2390f9,1
2,3,3,227,5f74a1,5f74a1,1
2,3,3,228,72b45a,72b45a,1
2,3,3,229,139855,139855,1
2,3,3,230,7758fd,7758fd,1
2,3,3,231,57425b,57425b,1
2,3,3,232,265f84,265f84,1
2,3,3,233,2b7b10,2b7b10,1
2,3,3,234,792bc8,792bc8,1
2,3,3,235,67beea,67beea,1
2,3,3,236,20cb61,20cb61,1
2,3,3,237,2735e8,2735e8,1
2,3,3,238,4d6082,4d6082,1
2,3,3,239,4fb393,4fb393,1
2,3,3,240,0bd7ad,0bd7ad,1
2,3,3,241,1ddf6d,1ddf6d,1
2,3,3,242,439b75,439b75,1
2,3,3,243,5a4fd9,5a4fd9,1
2,3,3,244,79611b,79611b,1
2,3,3,245,101faa,101faa,1
2,3,3,246,69e8cc,69e8cc,1
2,3,3,247,6bc94e,6bc94e,1
2,3,3,248,3160cf,3160cf,1
2,3,3,249,1bf1f7,1bf1f7,1
2,3,3,250,196a89,196a89,1
2,3,3,251,74395a,74395a,1
2,3,3,252,170f00,170f00,1
2,3,3,253,60f95f,60f95f,1
2,3,3,254,745b7c,745b7c,1
2,3,3,255,168168,168168,1
